"route","type","year","month","day_type","avg_daily_riders","all_three_days","near_campus","period"
"10","Local",2023,"Jan","Saturday",1234.44,1,0,"Other"
"10","Local",2023,"Jan","Sunday",1065.0,1,0,"Other"
"10","Local",2023,"Jan","Weekday",1861.0,1,0,"Other"
"12","Local",2023,"Jan","Saturday",1342.0,1,0,"Other"
"12","Local",2023,"Jan","Sunday",1016.0,1,0,"Other"
"12","Local",2023,"Jan","Weekday",1991.0,1,0,"Other"
"14","Local",2023,"Jan","Saturday",1154.0,1,0,"Other"
"14","Local",2023,"Jan","Sunday",1123.0,1,0,"Other"
"14","Local",2023,"Jan","Weekday",2821.0,1,0,"Other"
"18","Local",2023,"Jan","Saturday",2314.0,1,0,"Other"
"18","Local",2023,"Jan","Sunday",1952.0,1,0,"Other"
"18","Local",2023,"Jan","Weekday",2985.0,1,0,"Other"
"19","Local",2023,"Jan","Saturday",149.470588235294,1,0,"Other"
"19","Local",2023,"Jan","Sunday",149.032258064516,1,0,"Other"
"19","Local",2023,"Jan","Weekday",203.0,1,0,"Other"
"1T","Local",2023,"Jan","Saturday",9800.84507042254,1,0,"Other"
"1T","Local",2023,"Jan","Sunday",8756.80365296804,1,0,"Other"
"1T","Local",2023,"Jan","Weekday",12966.0,1,0,"Other"
"20","Local",2023,"Jan","Saturday",1244.0,1,0,"Other"
"20","Local",2023,"Jan","Sunday",1107.0,1,0,"Other"
"20","Local",2023,"Jan","Weekday",1800.0,1,0,"Other"
"200","Local",2023,"Jan","Saturday",866.0,1,0,"Other"
"200","Local",2023,"Jan","Sunday",818.0,1,0,"Other"
"200","Local",2023,"Jan","Weekday",1230.0,1,0,"Other"
"21","Local",2023,"Jan","Saturday",844.0,1,0,"Other"
"21","Local",2023,"Jan","Sunday",932.0,1,0,"Other"
"21","Local",2023,"Jan","Weekday",1269.0,1,0,"Other"
"210","Local",2023,"Jan","Saturday",495.0,1,0,"Other"
"210","Local",2023,"Jan","Sunday",412.0,1,0,"Other"
"210","Local",2023,"Jan","Weekday",861.0,1,0,"Other"
"212","Local",2023,"Jan","Saturday",327.0,1,0,"Other"
"212","Local",2023,"Jan","Sunday",297.0,1,0,"Other"
"212","Local",2023,"Jan","Weekday",428.0,1,0,"Other"
"215","Local",2023,"Jan","Weekday",175.0,0,0,"Other"
"216","Local",2023,"Jan","Saturday",176.0,1,0,"Other"
"216","Local",2023,"Jan","Sunday",135.0,1,0,"Other"
"216","Local",2023,"Jan","Weekday",239.0,1,0,"Other"
"217","Local",2023,"Jan","Saturday",491.0,1,0,"Other"
"217","Local",2023,"Jan","Sunday",466.0,1,0,"Other"
"217","Local",2023,"Jan","Weekday",603.734693877551,1,0,"Other"
"232","Local",2023,"Jan","Saturday",152.0,1,0,"Other"
"232","Local",2023,"Jan","Sunday",159.0,1,0,"Other"
"232","Local",2023,"Jan","Weekday",210.0,1,0,"Other"
"239","Local",2023,"Jan","Weekday",492.0,0,0,"Other"
"251","Local",2023,"Jan","Saturday",102.0,1,0,"Other"
"251","Local",2023,"Jan","Sunday",108.0,1,0,"Other"
"251","Local",2023,"Jan","Weekday",165.0,1,0,"Other"
"28","Local",2023,"Jan","Saturday",259.0,1,0,"Other"
"28","Local",2023,"Jan","Sunday",270.0,1,0,"Other"
"28","Local",2023,"Jan","Weekday",453.0,1,0,"Other"
"29","Local",2023,"Jan","Saturday",551.353846153846,1,0,"Other"
"29","Local",2023,"Jan","Sunday",497.619047619048,1,0,"Other"
"29","Local",2023,"Jan","Weekday",923.0,1,0,"Other"
"33","Local",2023,"Jan","Saturday",1073.0,1,0,"Other"
"33","Local",2023,"Jan","Sunday",900.0,1,0,"Other"
"33","Local",2023,"Jan","Weekday",2010.0,1,0,"Other"
"34","Local",2023,"Jan","Saturday",406.0,1,0,"Other"
"34","Local",2023,"Jan","Sunday",361.0,1,0,"Other"
"34","Local",2023,"Jan","Weekday",543.0,1,0,"Other"
"35","Local",2023,"Jan","Saturday",403.0,1,0,"Other"
"35","Local",2023,"Jan","Sunday",346.0,1,0,"Other"
"35","Local",2023,"Jan","Weekday",526.0,1,0,"Other"
"36","Local",2023,"Jan","Saturday",1045.0,1,1,"Other"
"36","Local",2023,"Jan","Sunday",922.465753424658,1,1,"Other"
"36","Local",2023,"Jan","Weekday",1498.0,1,1,"Other"
"376","Local",2023,"Jan","Saturday",184.0,1,0,"Other"
"376","Local",2023,"Jan","Sunday",163.0,1,0,"Other"
"376","Local",2023,"Jan","Weekday",138.0,1,0,"Other"
"39","Local",2023,"Jan","Weekday",429.0,0,0,"Other"
"40","Local",2023,"Jan","Saturday",2594.0,1,0,"Other"
"40","Local",2023,"Jan","Sunday",2391.0,1,0,"Other"
"40","Local",2023,"Jan","Weekday",5340.0,1,0,"Other"
"41","Local",2023,"Jan","Saturday",285.0,1,0,"Other"
"41","Local",2023,"Jan","Sunday",284.0,1,0,"Other"
"41","Local",2023,"Jan","Weekday",493.0,1,0,"Other"
"45","Local",2023,"Jan","Saturday",461.0,1,0,"Other"
"45","Local",2023,"Jan","Sunday",429.0,1,0,"Other"
"45","Local",2023,"Jan","Weekday",1111.0,1,0,"Other"
"46L","Local",2023,"Jan","Weekday",133.0,0,0,"Other"
"51A","Local",2023,"Jan","Saturday",3445.0,1,0,"Other"
"51A","Local",2023,"Jan","Sunday",2850.0,1,0,"Other"
"51A","Local",2023,"Jan","Weekday",5254.0,1,0,"Other"
"51B","Local",2023,"Jan","Saturday",5353.0,1,1,"Other"
"51B","Local",2023,"Jan","Sunday",4622.0,1,1,"Other"
"51B","Local",2023,"Jan","Weekday",6758.0,1,1,"Other"
"52","Local",2023,"Jan","Saturday",1092.0,1,1,"Other"
"52","Local",2023,"Jan","Sunday",1192.0,1,1,"Other"
"52","Local",2023,"Jan","Weekday",3056.0,1,1,"Other"
"54","Local",2023,"Jan","Saturday",545.0,1,0,"Other"
"54","Local",2023,"Jan","Sunday",464.0,1,0,"Other"
"54","Local",2023,"Jan","Weekday",1254.0,1,0,"Other"
"56","Local",2023,"Jan","Saturday",257.0,1,0,"Other"
"56","Local",2023,"Jan","Sunday",241.0,1,0,"Other"
"56","Local",2023,"Jan","Weekday",371.0,1,0,"Other"
"57","Local",2023,"Jan","Saturday",2802.3850931677,1,0,"Other"
"57","Local",2023,"Jan","Sunday",2365.0,1,0,"Other"
"57","Local",2023,"Jan","Weekday",4018.0,1,0,"Other"
"6","Local",2023,"Jan","Saturday",2592.56756756757,1,1,"Other"
"6","Local",2023,"Jan","Sunday",2474.4966442953,1,1,"Other"
"6","Local",2023,"Jan","Weekday",4338.0,1,1,"Other"
"60","Local",2023,"Jan","Saturday",555.0,1,0,"Other"
"60","Local",2023,"Jan","Sunday",493.0,1,0,"Other"
"60","Local",2023,"Jan","Weekday",914.0,1,0,"Other"
"604","Supplemental",2023,"Jan","Weekday",125.0,0,0,"Other"
"605","Supplemental",2023,"Jan","Weekday",44.0,0,0,"Other"
"606","Supplemental",2023,"Jan","Weekday",58.0,0,0,"Other"
"607","Supplemental",2023,"Jan","Weekday",12.0,0,0,"Other"
"617","Supplemental",2023,"Jan","Weekday",101.0,0,0,"Other"
"62","Local",2023,"Jan","Saturday",839.0,1,0,"Other"
"62","Local",2023,"Jan","Sunday",817.0,1,0,"Other"
"62","Local",2023,"Jan","Weekday",1805.0,1,0,"Other"
"620","Supplemental",2023,"Jan","Weekday",71.0,0,0,"Other"
"621","Supplemental",2023,"Jan","Weekday",145.0,0,0,"Other"
"623","Supplemental",2023,"Jan","Weekday",930.583333333333,0,0,"Other"
"624","Supplemental",2023,"Jan","Weekday",28.5,0,0,"Other"
"625","Supplemental",2023,"Jan","Weekday",157.0,0,0,"Other"
"626","Supplemental",2023,"Jan","Weekday",12.0,0,0,"Other"
"628","Supplemental",2023,"Jan","Weekday",8.0,0,0,"Other"
"629","Supplemental",2023,"Jan","Weekday",33.0,0,0,"Other"
"631","Supplemental",2023,"Jan","Weekday",173.0,0,0,"Other"
"638","Supplemental",2023,"Jan","Weekday",88.0,0,0,"Other"
"641","Supplemental",2023,"Jan","Weekday",155.0,0,0,"Other"
"642","Supplemental",2023,"Jan","Weekday",62.0,0,0,"Other"
"646","Supplemental",2023,"Jan","Weekday",285.0,0,0,"Other"
"648","Supplemental",2023,"Jan","Weekday",129.0,0,0,"Other"
"649","Supplemental",2023,"Jan","Weekday",77.0,0,0,"Other"
"65","Local",2023,"Jan","Weekday",333.0,0,0,"Other"
"650","Supplemental",2023,"Jan","Weekday",40.0,0,0,"Other"
"652","Supplemental",2023,"Jan","Weekday",85.0,0,0,"Other"
"653","Supplemental",2023,"Jan","Weekday",83.0,0,0,"Other"
"654","Supplemental",2023,"Jan","Weekday",290.0,0,0,"Other"
"655","Supplemental",2023,"Jan","Weekday",103.0,0,0,"Other"
"657","Supplemental",2023,"Jan","Weekday",229.0,0,0,"Other"
"658","Supplemental",2023,"Jan","Weekday",201.0,0,0,"Other"
"660","Supplemental",2023,"Jan","Weekday",58.6666666666667,0,0,"Other"
"662","Supplemental",2023,"Jan","Weekday",89.0,0,0,"Other"
"663","Supplemental",2023,"Jan","Weekday",47.0,0,0,"Other"
"667","Supplemental",2023,"Jan","Weekday",67.6666666666667,0,0,"Other"
"669","Supplemental",2023,"Jan","Weekday",76.25,0,0,"Other"
"67","Local",2023,"Jan","Weekday",329.0,0,0,"Other"
"671","Supplemental",2023,"Jan","Weekday",87.5,0,0,"Other"
"672","Supplemental",2023,"Jan","Weekday",21.0,0,0,"Other"
"675","Supplemental",2023,"Jan","Weekday",246.545454545455,0,0,"Other"
"676","Supplemental",2023,"Jan","Weekday",103.333333333333,0,0,"Other"
"677","Supplemental",2023,"Jan","Weekday",109.0,0,0,"Other"
"680","Supplemental",2023,"Jan","Weekday",52.0,0,0,"Other"
"681","Supplemental",2023,"Jan","Weekday",29.0,0,0,"Other"
"682","Supplemental",2023,"Jan","Weekday",234.0,0,0,"Other"
"684","Supplemental",2023,"Jan","Weekday",128.333333333333,0,0,"Other"
"687","Supplemental",2023,"Jan","Weekday",170.0,0,0,"Other"
"688","Supplemental",2023,"Jan","Weekday",61.0,0,0,"Other"
"696","Supplemental",2023,"Jan","Weekday",33.0,0,0,"Other"
"7","Local",2023,"Jan","Weekday",451.526315789474,0,0,"Other"
"70","Local",2023,"Jan","Saturday",252.0,1,0,"Other"
"70","Local",2023,"Jan","Sunday",241.0,1,0,"Other"
"70","Local",2023,"Jan","Weekday",309.0,1,0,"Other"
"701","M-Transbay",2023,"Jan","Weekday",51.0,0,0,"Other"
"702","M-Transbay",2023,"Jan","Weekday",17.0,0,0,"Other"
"703","M-Transbay",2023,"Jan","Weekday",10.0,0,0,"Other"
"706","M-Transbay",2023,"Jan","Weekday",10.0,0,0,"Other"
"707","M-Transbay",2023,"Jan","Weekday",2.0,0,0,"Other"
"71","Local",2023,"Jan","Saturday",308.0,1,0,"Other"
"71","Local",2023,"Jan","Sunday",291.0,1,0,"Other"
"71","Local",2023,"Jan","Weekday",764.0,1,0,"Other"
"72","Local",2023,"Jan","Saturday",1994.0,1,0,"Other"
"72","Local",2023,"Jan","Sunday",1840.0,1,0,"Other"
"72","Local",2023,"Jan","Weekday",2394.0,1,0,"Other"
"72M","Local",2023,"Jan","Saturday",1791.0,1,0,"Other"
"72M","Local",2023,"Jan","Sunday",1607.0,1,0,"Other"
"72M","Local",2023,"Jan","Weekday",2302.0,1,0,"Other"
"72R","Local",2023,"Jan","Saturday",2278.0,1,0,"Other"
"72R","Local",2023,"Jan","Sunday",1974.0,1,0,"Other"
"72R","Local",2023,"Jan","Weekday",3492.0,1,0,"Other"
"73","Local",2023,"Jan","Saturday",1184.0,1,0,"Other"
"73","Local",2023,"Jan","Sunday",1058.0,1,0,"Other"
"73","Local",2023,"Jan","Weekday",1764.0,1,0,"Other"
"74","Local",2023,"Jan","Saturday",327.0,1,0,"Other"
"74","Local",2023,"Jan","Sunday",319.0,1,0,"Other"
"74","Local",2023,"Jan","Weekday",873.0,1,0,"Other"
"76","Local",2023,"Jan","Saturday",849.0,1,0,"Other"
"76","Local",2023,"Jan","Sunday",819.0,1,0,"Other"
"76","Local",2023,"Jan","Weekday",1603.23529411765,1,0,"Other"
"78","Local",2023,"Jan","Weekday",141.0,0,0,"Other"
"79","Local",2023,"Jan","Saturday",1215.0,1,0,"Other"
"79","Local",2023,"Jan","Sunday",1099.0,1,0,"Other"
"79","Local",2023,"Jan","Weekday",1707.0,1,0,"Other"
"800","All Nighter",2023,"Jan","Saturday",436.066666666667,1,1,"Other"
"800","All Nighter",2023,"Jan","Sunday",293.0,1,1,"Other"
"800","All Nighter",2023,"Jan","Weekday",382.0,1,1,"Other"
"801","All Nighter",2023,"Jan","Saturday",261.0,1,0,"Other"
"801","All Nighter",2023,"Jan","Sunday",322.0,1,0,"Other"
"801","All Nighter",2023,"Jan","Weekday",280.0,1,0,"Other"
"802","All Nighter",2023,"Jan","Saturday",44.0,1,0,"Other"
"802","All Nighter",2023,"Jan","Sunday",62.0,1,0,"Other"
"802","All Nighter",2023,"Jan","Weekday",57.0,1,0,"Other"
"805","All Nighter",2023,"Jan","Saturday",51.0,1,0,"Other"
"805","All Nighter",2023,"Jan","Sunday",69.0,1,0,"Other"
"805","All Nighter",2023,"Jan","Weekday",79.0,1,0,"Other"
"840","All Nighter",2023,"Jan","Saturday",50.0,1,0,"Other"
"840","All Nighter",2023,"Jan","Sunday",52.0,1,0,"Other"
"840","All Nighter",2023,"Jan","Weekday",59.0,1,0,"Other"
"851","All Nighter",2023,"Jan","Saturday",67.0,1,1,"Other"
"851","All Nighter",2023,"Jan","Sunday",55.0,1,1,"Other"
"851","All Nighter",2023,"Jan","Weekday",70.0,1,1,"Other"
"86","Local",2023,"Jan","Saturday",570.0,1,0,"Other"
"86","Local",2023,"Jan","Sunday",557.073529411765,1,0,"Other"
"86","Local",2023,"Jan","Weekday",1045.0,1,0,"Other"
"88","Local",2023,"Jan","Saturday",1078.99065420561,1,0,"Other"
"88","Local",2023,"Jan","Sunday",875.0,1,0,"Other"
"88","Local",2023,"Jan","Weekday",1797.0,1,0,"Other"
"90","Local",2023,"Jan","Saturday",339.28125,1,0,"Other"
"90","Local",2023,"Jan","Sunday",318.830769230769,1,0,"Other"
"90","Local",2023,"Jan","Weekday",688.0,1,0,"Other"
"93","Local",2023,"Jan","Saturday",299.0,1,0,"Other"
"93","Local",2023,"Jan","Sunday",273.0,1,0,"Other"
"93","Local",2023,"Jan","Weekday",598.208333333333,1,0,"Other"
"95","Local",2023,"Jan","Saturday",111.0,1,0,"Other"
"95","Local",2023,"Jan","Sunday",107.0,1,0,"Other"
"95","Local",2023,"Jan","Weekday",202.818181818182,1,0,"Other"
"96","Local",2023,"Jan","Saturday",799.0,1,0,"Other"
"96","Local",2023,"Jan","Sunday",713.0,1,0,"Other"
"96","Local",2023,"Jan","Weekday",1086.0,1,0,"Other"
"97","Local",2023,"Jan","Saturday",1220.0,1,0,"Other"
"97","Local",2023,"Jan","Sunday",1145.0,1,0,"Other"
"97","Local",2023,"Jan","Weekday",2431.0,1,0,"Other"
"98","Local",2023,"Jan","Saturday",435.0,1,0,"Other"
"98","Local",2023,"Jan","Sunday",416.0,1,0,"Other"
"98","Local",2023,"Jan","Weekday",1148.0,1,0,"Other"
"99","Local",2023,"Jan","Saturday",1061.0,1,0,"Other"
"99","Local",2023,"Jan","Sunday",981.0,1,0,"Other"
"99","Local",2023,"Jan","Weekday",1879.0,1,0,"Other"
"E","M-Transbay",2023,"Jan","Weekday",146.25,0,0,"Other"
"F","M-Transbay",2023,"Jan","Saturday",1447.0,1,1,"Other"
"F","M-Transbay",2023,"Jan","Sunday",1170.0,1,1,"Other"
"F","M-Transbay",2023,"Jan","Weekday",1778.0,1,1,"Other"
"FS","M-Transbay",2023,"Jan","Weekday",83.0,0,0,"Other"
"G","M-Transbay",2023,"Jan","Weekday",113.0,0,0,"Other"
"J","M-Transbay",2023,"Jan","Weekday",182.4,0,0,"Other"
"L","M-Transbay",2023,"Jan","Weekday",129.0,0,0,"Other"
"LA","M-Transbay",2023,"Jan","Weekday",63.75,0,0,"Other"
"NL","M-Transbay",2023,"Jan","Saturday",862.0,1,0,"Other"
"NL","M-Transbay",2023,"Jan","Sunday",806.0,1,0,"Other"
"NL","M-Transbay",2023,"Jan","Weekday",1851.0,1,0,"Other"
"NX","M-Transbay",2023,"Jan","Weekday",135.0,0,0,"Other"
"NX3","M-Transbay",2023,"Jan","Weekday",89.0,0,0,"Other"
"O","M-Transbay",2023,"Jan","Saturday",516.0,1,0,"Other"
"O","M-Transbay",2023,"Jan","Sunday",529.0,1,0,"Other"
"O","M-Transbay",2023,"Jan","Weekday",876.0,1,0,"Other"
"OX","M-Transbay",2023,"Jan","Weekday",90.0,0,0,"Other"
"P","M-Transbay",2023,"Jan","Weekday",240.5,0,0,"Other"
"U","M-Transbay",2023,"Jan","Weekday",177.0,0,0,"Other"
"V","M-Transbay",2023,"Jan","Weekday",146.0,0,0,"Other"
"W","M-Transbay",2023,"Jan","Weekday",125.0,0,0,"Other"
"10","Local",2023,"Feb","Saturday",1303.0,1,0,"Semester"
"10","Local",2023,"Feb","Sunday",1153.0,1,0,"Semester"
"10","Local",2023,"Feb","Weekday",1925.0,1,0,"Semester"
"12","Local",2023,"Feb","Saturday",1270.0,1,0,"Semester"
"12","Local",2023,"Feb","Sunday",1096.0,1,0,"Semester"
"12","Local",2023,"Feb","Weekday",2289.0,1,0,"Semester"
"14","Local",2023,"Feb","Saturday",1287.0,1,0,"Semester"
"14","Local",2023,"Feb","Sunday",1348.0,1,0,"Semester"
"14","Local",2023,"Feb","Weekday",2940.0,1,0,"Semester"
"18","Local",2023,"Feb","Saturday",2534.0,1,0,"Semester"
"18","Local",2023,"Feb","Sunday",2162.0,1,0,"Semester"
"18","Local",2023,"Feb","Weekday",3340.0,1,0,"Semester"
"19","Local",2023,"Feb","Saturday",170.322580645161,1,0,"Semester"
"19","Local",2023,"Feb","Sunday",150.096774193548,1,0,"Semester"
"19","Local",2023,"Feb","Weekday",213.0,1,0,"Semester"
"1T","Local",2023,"Feb","Saturday",10437.0,1,0,"Semester"
"1T","Local",2023,"Feb","Sunday",10211.6666666667,1,0,"Semester"
"1T","Local",2023,"Feb","Weekday",14298.0,1,0,"Semester"
"20","Local",2023,"Feb","Saturday",1358.0,1,0,"Semester"
"20","Local",2023,"Feb","Sunday",1262.0,1,0,"Semester"
"20","Local",2023,"Feb","Weekday",1795.0,1,0,"Semester"
"200","Local",2023,"Feb","Saturday",969.0,1,0,"Semester"
"200","Local",2023,"Feb","Sunday",862.0,1,0,"Semester"
"200","Local",2023,"Feb","Weekday",1338.0,1,0,"Semester"
"21","Local",2023,"Feb","Saturday",858.0,1,0,"Semester"
"21","Local",2023,"Feb","Sunday",777.0,1,0,"Semester"
"21","Local",2023,"Feb","Weekday",1343.0,1,0,"Semester"
"210","Local",2023,"Feb","Saturday",533.0,1,0,"Semester"
"210","Local",2023,"Feb","Sunday",444.0,1,0,"Semester"
"210","Local",2023,"Feb","Weekday",956.0,1,0,"Semester"
"212","Local",2023,"Feb","Saturday",369.0,1,0,"Semester"
"212","Local",2023,"Feb","Sunday",313.0,1,0,"Semester"
"212","Local",2023,"Feb","Weekday",412.0,1,0,"Semester"
"215","Local",2023,"Feb","Weekday",175.0,0,0,"Semester"
"216","Local",2023,"Feb","Saturday",216.0,1,0,"Semester"
"216","Local",2023,"Feb","Sunday",168.0,1,0,"Semester"
"216","Local",2023,"Feb","Weekday",244.0,1,0,"Semester"
"217","Local",2023,"Feb","Saturday",518.0,1,0,"Semester"
"217","Local",2023,"Feb","Sunday",490.0,1,0,"Semester"
"217","Local",2023,"Feb","Weekday",697.959183673469,1,0,"Semester"
"232","Local",2023,"Feb","Saturday",153.0,1,0,"Semester"
"232","Local",2023,"Feb","Sunday",178.0,1,0,"Semester"
"232","Local",2023,"Feb","Weekday",236.0,1,0,"Semester"
"239","Local",2023,"Feb","Weekday",542.0,0,0,"Semester"
"251","Local",2023,"Feb","Saturday",133.0,1,0,"Semester"
"251","Local",2023,"Feb","Sunday",103.0,1,0,"Semester"
"251","Local",2023,"Feb","Weekday",167.0,1,0,"Semester"
"28","Local",2023,"Feb","Saturday",293.0,1,0,"Semester"
"28","Local",2023,"Feb","Sunday",289.0,1,0,"Semester"
"28","Local",2023,"Feb","Weekday",469.0,1,0,"Semester"
"29","Local",2023,"Feb","Saturday",591.0,1,0,"Semester"
"29","Local",2023,"Feb","Sunday",510.84,1,0,"Semester"
"29","Local",2023,"Feb","Weekday",989.0,1,0,"Semester"
"33","Local",2023,"Feb","Saturday",1108.0,1,0,"Semester"
"33","Local",2023,"Feb","Sunday",926.0,1,0,"Semester"
"33","Local",2023,"Feb","Weekday",2182.0,1,0,"Semester"
"34","Local",2023,"Feb","Saturday",481.0,1,0,"Semester"
"34","Local",2023,"Feb","Sunday",376.0,1,0,"Semester"
"34","Local",2023,"Feb","Weekday",553.0,1,0,"Semester"
"35","Local",2023,"Feb","Saturday",446.0,1,0,"Semester"
"35","Local",2023,"Feb","Sunday",379.0,1,0,"Semester"
"35","Local",2023,"Feb","Weekday",539.0,1,0,"Semester"
"36","Local",2023,"Feb","Saturday",1506.0,1,1,"Semester"
"36","Local",2023,"Feb","Sunday",1580.0,1,1,"Semester"
"36","Local",2023,"Feb","Weekday",2038.0,1,1,"Semester"
"376","Local",2023,"Feb","Saturday",163.0,1,0,"Semester"
"376","Local",2023,"Feb","Sunday",143.0,1,0,"Semester"
"376","Local",2023,"Feb","Weekday",145.0,1,0,"Semester"
"39","Local",2023,"Feb","Weekday",459.0,0,0,"Semester"
"40","Local",2023,"Feb","Saturday",3150.0,1,0,"Semester"
"40","Local",2023,"Feb","Sunday",2560.0,1,0,"Semester"
"40","Local",2023,"Feb","Weekday",5889.0,1,0,"Semester"
"41","Local",2023,"Feb","Saturday",318.0,1,0,"Semester"
"41","Local",2023,"Feb","Sunday",299.0,1,0,"Semester"
"41","Local",2023,"Feb","Weekday",513.0,1,0,"Semester"
"45","Local",2023,"Feb","Saturday",511.0,1,0,"Semester"
"45","Local",2023,"Feb","Sunday",446.0,1,0,"Semester"
"45","Local",2023,"Feb","Weekday",1269.0,1,0,"Semester"
"46L","Local",2023,"Feb","Weekday",162.0,0,0,"Semester"
"51A","Local",2023,"Feb","Saturday",3104.0,1,0,"Semester"
"51A","Local",2023,"Feb","Sunday",2681.0,1,0,"Semester"
"51A","Local",2023,"Feb","Weekday",5828.0,1,0,"Semester"
"51B","Local",2023,"Feb","Saturday",7010.0,1,1,"Semester"
"51B","Local",2023,"Feb","Sunday",6298.0,1,1,"Semester"
"51B","Local",2023,"Feb","Weekday",8598.0,1,1,"Semester"
"52","Local",2023,"Feb","Saturday",1470.0,1,1,"Semester"
"52","Local",2023,"Feb","Sunday",1290.0,1,1,"Semester"
"52","Local",2023,"Feb","Weekday",3991.0,1,1,"Semester"
"54","Local",2023,"Feb","Saturday",556.0,1,0,"Semester"
"54","Local",2023,"Feb","Sunday",481.0,1,0,"Semester"
"54","Local",2023,"Feb","Weekday",1491.0,1,0,"Semester"
"56","Local",2023,"Feb","Saturday",276.0,1,0,"Semester"
"56","Local",2023,"Feb","Sunday",247.0,1,0,"Semester"
"56","Local",2023,"Feb","Weekday",384.0,1,0,"Semester"
"57","Local",2023,"Feb","Saturday",2844.21186440678,1,0,"Semester"
"57","Local",2023,"Feb","Sunday",2453.25316455696,1,0,"Semester"
"57","Local",2023,"Feb","Weekday",4205.0,1,0,"Semester"
"6","Local",2023,"Feb","Saturday",3646.0,1,1,"Semester"
"6","Local",2023,"Feb","Sunday",3072.48322147651,1,1,"Semester"
"6","Local",2023,"Feb","Weekday",5214.0,1,1,"Semester"
"60","Local",2023,"Feb","Saturday",634.0,1,0,"Semester"
"60","Local",2023,"Feb","Sunday",565.0,1,0,"Semester"
"60","Local",2023,"Feb","Weekday",995.0,1,0,"Semester"
"604","Supplemental",2023,"Feb","Weekday",150.0,0,0,"Semester"
"605","Supplemental",2023,"Feb","Weekday",45.0,0,0,"Semester"
"606","Supplemental",2023,"Feb","Weekday",53.0,0,0,"Semester"
"607","Supplemental",2023,"Feb","Weekday",14.0,0,0,"Semester"
"617","Supplemental",2023,"Feb","Weekday",108.0,0,0,"Semester"
"62","Local",2023,"Feb","Saturday",919.0,1,0,"Semester"
"62","Local",2023,"Feb","Sunday",934.0,1,0,"Semester"
"62","Local",2023,"Feb","Weekday",2058.0,1,0,"Semester"
"620","Supplemental",2023,"Feb","Weekday",59.0,0,0,"Semester"
"621","Supplemental",2023,"Feb","Weekday",161.0,0,0,"Semester"
"623","Supplemental",2023,"Feb","Weekday",930.583333333333,0,0,"Semester"
"624","Supplemental",2023,"Feb","Weekday",27.0,0,0,"Semester"
"625","Supplemental",2023,"Feb","Weekday",173.75,0,0,"Semester"
"626","Supplemental",2023,"Feb","Weekday",12.0,0,0,"Semester"
"628","Supplemental",2023,"Feb","Weekday",9.0,0,0,"Semester"
"629","Supplemental",2023,"Feb","Weekday",32.0,0,0,"Semester"
"631","Supplemental",2023,"Feb","Weekday",173.0,0,0,"Semester"
"638","Supplemental",2023,"Feb","Weekday",85.0,0,0,"Semester"
"641","Supplemental",2023,"Feb","Weekday",153.333333333333,0,0,"Semester"
"642","Supplemental",2023,"Feb","Weekday",51.0,0,0,"Semester"
"646","Supplemental",2023,"Feb","Weekday",319.0,0,0,"Semester"
"648","Supplemental",2023,"Feb","Weekday",118.0,0,0,"Semester"
"649","Supplemental",2023,"Feb","Weekday",83.0,0,0,"Semester"
"65","Local",2023,"Feb","Weekday",333.0,0,0,"Semester"
"650","Supplemental",2023,"Feb","Weekday",40.0,0,0,"Semester"
"652","Supplemental",2023,"Feb","Weekday",105.0,0,0,"Semester"
"653","Supplemental",2023,"Feb","Weekday",82.0,0,0,"Semester"
"654","Supplemental",2023,"Feb","Weekday",315.0,0,0,"Semester"
"655","Supplemental",2023,"Feb","Weekday",111.0,0,0,"Semester"
"657","Supplemental",2023,"Feb","Weekday",301.111111111111,0,0,"Semester"
"658","Supplemental",2023,"Feb","Weekday",194.0,0,0,"Semester"
"660","Supplemental",2023,"Feb","Weekday",103.0,0,0,"Semester"
"662","Supplemental",2023,"Feb","Weekday",92.0,0,0,"Semester"
"663","Supplemental",2023,"Feb","Weekday",58.6666666666667,0,0,"Semester"
"667","Supplemental",2023,"Feb","Weekday",115.5,0,0,"Semester"
"669","Supplemental",2023,"Feb","Weekday",82.5,0,0,"Semester"
"67","Local",2023,"Feb","Weekday",295.422222222222,0,0,"Semester"
"671","Supplemental",2023,"Feb","Weekday",140.0,0,0,"Semester"
"672","Supplemental",2023,"Feb","Weekday",18.0,0,0,"Semester"
"675","Supplemental",2023,"Feb","Weekday",274.8,0,0,"Semester"
"676","Supplemental",2023,"Feb","Weekday",90.0,0,0,"Semester"
"677","Supplemental",2023,"Feb","Weekday",123.0,0,0,"Semester"
"680","Supplemental",2023,"Feb","Weekday",42.0,0,0,"Semester"
"681","Supplemental",2023,"Feb","Weekday",48.0,0,0,"Semester"
"682","Supplemental",2023,"Feb","Weekday",233.0,0,0,"Semester"
"684","Supplemental",2023,"Feb","Weekday",155.75,0,0,"Semester"
"687","Supplemental",2023,"Feb","Weekday",172.0,0,0,"Semester"
"688","Supplemental",2023,"Feb","Weekday",54.0,0,0,"Semester"
"696","Supplemental",2023,"Feb","Weekday",39.0,0,0,"Semester"
"7","Local",2023,"Feb","Weekday",398.666666666667,0,0,"Semester"
"70","Local",2023,"Feb","Saturday",252.0,1,0,"Semester"
"70","Local",2023,"Feb","Sunday",238.0,1,0,"Semester"
"70","Local",2023,"Feb","Weekday",330.0,1,0,"Semester"
"701","M-Transbay",2023,"Feb","Weekday",47.0,0,0,"Semester"
"702","M-Transbay",2023,"Feb","Weekday",17.0,0,0,"Semester"
"703","M-Transbay",2023,"Feb","Weekday",8.0,0,0,"Semester"
"706","M-Transbay",2023,"Feb","Weekday",13.0,0,0,"Semester"
"707","M-Transbay",2023,"Feb","Weekday",2.0,0,0,"Semester"
"71","Local",2023,"Feb","Saturday",335.0,1,0,"Semester"
"71","Local",2023,"Feb","Sunday",308.0,1,0,"Semester"
"71","Local",2023,"Feb","Weekday",793.0,1,0,"Semester"
"72","Local",2023,"Feb","Saturday",2259.0,1,0,"Semester"
"72","Local",2023,"Feb","Sunday",1902.0,1,0,"Semester"
"72","Local",2023,"Feb","Weekday",2485.0,1,0,"Semester"
"72M","Local",2023,"Feb","Saturday",1970.0,1,0,"Semester"
"72M","Local",2023,"Feb","Sunday",1724.0,1,0,"Semester"
"72M","Local",2023,"Feb","Weekday",2486.05555555556,1,0,"Semester"
"72R","Local",2023,"Feb","Saturday",2539.0,1,0,"Semester"
"72R","Local",2023,"Feb","Sunday",2068.0,1,0,"Semester"
"72R","Local",2023,"Feb","Weekday",3840.0,1,0,"Semester"
"73","Local",2023,"Feb","Saturday",1174.0,1,0,"Semester"
"73","Local",2023,"Feb","Sunday",1074.92957746479,1,0,"Semester"
"73","Local",2023,"Feb","Weekday",1855.0,1,0,"Semester"
"74","Local",2023,"Feb","Saturday",349.0,1,0,"Semester"
"74","Local",2023,"Feb","Sunday",352.326530612245,1,0,"Semester"
"74","Local",2023,"Feb","Weekday",889.0,1,0,"Semester"
"76","Local",2023,"Feb","Saturday",916.0,1,0,"Semester"
"76","Local",2023,"Feb","Sunday",868.0,1,0,"Semester"
"76","Local",2023,"Feb","Weekday",1723.98529411765,1,0,"Semester"
"78","Local",2023,"Feb","Weekday",167.0,0,0,"Semester"
"79","Local",2023,"Feb","Saturday",1805.0,1,0,"Semester"
"79","Local",2023,"Feb","Sunday",1441.0,1,0,"Semester"
"79","Local",2023,"Feb","Weekday",2359.0,1,0,"Semester"
"800","All Nighter",2023,"Feb","Saturday",482.566666666667,1,1,"Semester"
"800","All Nighter",2023,"Feb","Sunday",364.51724137931,1,1,"Semester"
"800","All Nighter",2023,"Feb","Weekday",371.0,1,1,"Semester"
"801","All Nighter",2023,"Feb","Saturday",291.0,1,0,"Semester"
"801","All Nighter",2023,"Feb","Sunday",296.0,1,0,"Semester"
"801","All Nighter",2023,"Feb","Weekday",276.0,1,0,"Semester"
"802","All Nighter",2023,"Feb","Saturday",69.0,1,0,"Semester"
"802","All Nighter",2023,"Feb","Sunday",91.0,1,0,"Semester"
"802","All Nighter",2023,"Feb","Weekday",60.0,1,0,"Semester"
"805","All Nighter",2023,"Feb","Saturday",52.0,1,0,"Semester"
"805","All Nighter",2023,"Feb","Sunday",57.0,1,0,"Semester"
"805","All Nighter",2023,"Feb","Weekday",72.0,1,0,"Semester"
"840","All Nighter",2023,"Feb","Saturday",50.0,1,0,"Semester"
"840","All Nighter",2023,"Feb","Sunday",53.0,1,0,"Semester"
"840","All Nighter",2023,"Feb","Weekday",60.0,1,0,"Semester"
"851","All Nighter",2023,"Feb","Saturday",59.0,1,1,"Semester"
"851","All Nighter",2023,"Feb","Sunday",60.0,1,1,"Semester"
"851","All Nighter",2023,"Feb","Weekday",60.0,1,1,"Semester"
"86","Local",2023,"Feb","Saturday",584.0,1,0,"Semester"
"86","Local",2023,"Feb","Sunday",497.0,1,0,"Semester"
"86","Local",2023,"Feb","Weekday",1051.0,1,0,"Semester"
"88","Local",2023,"Feb","Saturday",1168.0,1,0,"Semester"
"88","Local",2023,"Feb","Sunday",967.0,1,0,"Semester"
"88","Local",2023,"Feb","Weekday",2026.0,1,0,"Semester"
"90","Local",2023,"Feb","Saturday",408.184615384615,1,0,"Semester"
"90","Local",2023,"Feb","Sunday",437.0,1,0,"Semester"
"90","Local",2023,"Feb","Weekday",688.0,1,0,"Semester"
"93","Local",2023,"Feb","Saturday",360.0,1,0,"Semester"
"93","Local",2023,"Feb","Sunday",303.0,1,0,"Semester"
"93","Local",2023,"Feb","Weekday",631.895833333333,1,0,"Semester"
"95","Local",2023,"Feb","Saturday",130.2,1,0,"Semester"
"95","Local",2023,"Feb","Sunday",117.0,1,0,"Semester"
"95","Local",2023,"Feb","Weekday",198.636363636364,1,0,"Semester"
"96","Local",2023,"Feb","Saturday",850.0,1,0,"Semester"
"96","Local",2023,"Feb","Sunday",805.0,1,0,"Semester"
"96","Local",2023,"Feb","Weekday",1197.0,1,0,"Semester"
"97","Local",2023,"Feb","Saturday",1246.0,1,0,"Semester"
"97","Local",2023,"Feb","Sunday",1155.0,1,0,"Semester"
"97","Local",2023,"Feb","Weekday",2663.0,1,0,"Semester"
"98","Local",2023,"Feb","Saturday",481.0,1,0,"Semester"
"98","Local",2023,"Feb","Sunday",473.0,1,0,"Semester"
"98","Local",2023,"Feb","Weekday",1165.0,1,0,"Semester"
"99","Local",2023,"Feb","Saturday",1144.0,1,0,"Semester"
"99","Local",2023,"Feb","Sunday",1023.0,1,0,"Semester"
"99","Local",2023,"Feb","Weekday",1960.0,1,0,"Semester"
"E","M-Transbay",2023,"Feb","Weekday",163.125,0,0,"Semester"
"F","M-Transbay",2023,"Feb","Saturday",1785.0,1,1,"Semester"
"F","M-Transbay",2023,"Feb","Sunday",1438.0,1,1,"Semester"
"F","M-Transbay",2023,"Feb","Weekday",2215.0,1,1,"Semester"
"FS","M-Transbay",2023,"Feb","Weekday",79.0,0,0,"Semester"
"G","M-Transbay",2023,"Feb","Weekday",166.6,0,0,"Semester"
"J","M-Transbay",2023,"Feb","Weekday",221.333333333333,0,0,"Semester"
"L","M-Transbay",2023,"Feb","Weekday",136.0,0,0,"Semester"
"LA","M-Transbay",2023,"Feb","Weekday",65.0,0,0,"Semester"
"NL","M-Transbay",2023,"Feb","Saturday",942.0,1,0,"Semester"
"NL","M-Transbay",2023,"Feb","Sunday",848.0,1,0,"Semester"
"NL","M-Transbay",2023,"Feb","Weekday",1995.0,1,0,"Semester"
"NX","M-Transbay",2023,"Feb","Weekday",152.0,0,0,"Semester"
"NX3","M-Transbay",2023,"Feb","Weekday",99.0,0,0,"Semester"
"O","M-Transbay",2023,"Feb","Saturday",652.78125,1,0,"Semester"
"O","M-Transbay",2023,"Feb","Sunday",570.0,1,0,"Semester"
"O","M-Transbay",2023,"Feb","Weekday",973.0,1,0,"Semester"
"OX","M-Transbay",2023,"Feb","Weekday",81.0,0,0,"Semester"
"P","M-Transbay",2023,"Feb","Weekday",280.583333333333,0,0,"Semester"
"U","M-Transbay",2023,"Feb","Weekday",185.0,0,0,"Semester"
"V","M-Transbay",2023,"Feb","Weekday",158.0,0,0,"Semester"
"W","M-Transbay",2023,"Feb","Weekday",134.0,0,0,"Semester"
"10","Local",2023,"Mar","Saturday",1107.0,1,0,"Semester"
"10","Local",2023,"Mar","Sunday",1048.0,1,0,"Semester"
"10","Local",2023,"Mar","Weekday",1888.14551192146,1,0,"Semester"
"12","Local",2023,"Mar","Saturday",1066.16666666667,1,0,"Semester"
"12","Local",2023,"Mar","Sunday",944.0,1,0,"Semester"
"12","Local",2023,"Mar","Weekday",2141.52173913043,1,0,"Semester"
"14","Local",2023,"Mar","Saturday",1046.70833333333,1,0,"Semester"
"14","Local",2023,"Mar","Sunday",1028.0,1,0,"Semester"
"14","Local",2023,"Mar","Weekday",2722.34782608696,1,0,"Semester"
"18","Local",2023,"Mar","Saturday",2156.97941176471,1,0,"Semester"
"18","Local",2023,"Mar","Sunday",2012.0,1,0,"Semester"
"18","Local",2023,"Mar","Weekday",3239.65217391304,1,0,"Semester"
"19","Local",2023,"Mar","Saturday",155.153225806452,1,0,"Semester"
"19","Local",2023,"Mar","Sunday",150.096774193548,1,0,"Semester"
"19","Local",2023,"Mar","Weekday",196.086956521739,1,0,"Semester"
"1T","Local",2023,"Mar","Saturday",9056.69444444445,1,0,"Semester"
"1T","Local",2023,"Mar","Sunday",8963.0,1,0,"Semester"
"1T","Local",2023,"Mar","Weekday",13382.8919254658,1,0,"Semester"
"20","Local",2023,"Mar","Saturday",1152.61016949153,1,0,"Semester"
"20","Local",2023,"Mar","Sunday",1028.0,1,0,"Semester"
"20","Local",2023,"Mar","Weekday",1708.26086956522,1,0,"Semester"
"200","Local",2023,"Mar","Saturday",839.874807470158,1,0,"Semester"
"200","Local",2023,"Mar","Sunday",820.669811320755,1,0,"Semester"
"200","Local",2023,"Mar","Weekday",1223.5652173913,1,0,"Semester"
"21","Local",2023,"Mar","Saturday",692.037037037037,1,0,"Semester"
"21","Local",2023,"Mar","Sunday",633.0,1,0,"Semester"
"21","Local",2023,"Mar","Weekday",1142.26086956522,1,0,"Semester"
"210","Local",2023,"Mar","Saturday",428.144444444444,1,0,"Semester"
"210","Local",2023,"Mar","Sunday",406.0,1,0,"Semester"
"210","Local",2023,"Mar","Weekday",919.391304347826,1,0,"Semester"
"212","Local",2023,"Mar","Saturday",308.984693877551,1,0,"Semester"
"212","Local",2023,"Mar","Sunday",297.0,1,0,"Semester"
"212","Local",2023,"Mar","Weekday",421.913043478261,1,0,"Semester"
"215","Local",2023,"Mar","Weekday",162.652173913043,0,0,"Semester"
"216","Local",2023,"Mar","Saturday",149.940476190476,1,0,"Semester"
"216","Local",2023,"Mar","Sunday",157.0,1,0,"Semester"
"216","Local",2023,"Mar","Weekday",229.130434782609,1,0,"Semester"
"217","Local",2023,"Mar","Saturday",466.125,1,0,"Semester"
"217","Local",2023,"Mar","Sunday",454.0,1,0,"Semester"
"217","Local",2023,"Mar","Weekday",666.060238588189,1,0,"Semester"
"232","Local",2023,"Mar","Saturday",147.375,1,0,"Semester"
"232","Local",2023,"Mar","Sunday",151.0,1,0,"Semester"
"232","Local",2023,"Mar","Weekday",226.434782608696,1,0,"Semester"
"239","Local",2023,"Mar","Weekday",545.95652173913,0,0,"Semester"
"251","Local",2023,"Mar","Saturday",94.7934782608696,1,0,"Semester"
"251","Local",2023,"Mar","Sunday",97.0,1,0,"Semester"
"251","Local",2023,"Mar","Weekday",150.806956521739,1,0,"Semester"
"28","Local",2023,"Mar","Saturday",297.0,1,0,"Semester"
"28","Local",2023,"Mar","Sunday",292.0,1,0,"Semester"
"28","Local",2023,"Mar","Weekday",503.869565217391,1,0,"Semester"
"29","Local",2023,"Mar","Saturday",546.780612244898,1,0,"Semester"
"29","Local",2023,"Mar","Sunday",532.040816326531,1,0,"Semester"
"29","Local",2023,"Mar","Weekday",1047.29739130435,1,0,"Semester"
"33","Local",2023,"Mar","Saturday",885.400485436893,1,0,"Semester"
"33","Local",2023,"Mar","Sunday",820.0,1,0,"Semester"
"33","Local",2023,"Mar","Weekday",2108.30434782609,1,0,"Semester"
"34","Local",2023,"Mar","Saturday",372.25,1,0,"Semester"
"34","Local",2023,"Mar","Sunday",344.0,1,0,"Semester"
"34","Local",2023,"Mar","Weekday",530.826086956522,1,0,"Semester"
"35","Local",2023,"Mar","Saturday",400.25,1,0,"Semester"
"35","Local",2023,"Mar","Sunday",393.0,1,0,"Semester"
"35","Local",2023,"Mar","Weekday",523.826086956522,1,0,"Semester"
"36","Local",2023,"Mar","Saturday",1229.96739130435,1,1,"Semester"
"36","Local",2023,"Mar","Sunday",1093.0,1,1,"Semester"
"36","Local",2023,"Mar","Weekday",1848.90854572714,1,1,"Semester"
"376","Local",2023,"Mar","Saturday",186.866883116883,1,0,"Semester"
"376","Local",2023,"Mar","Sunday",186.428571428571,1,0,"Semester"
"376","Local",2023,"Mar","Weekday",165.860869565217,1,0,"Semester"
"39","Local",2023,"Mar","Weekday",388.996163682864,0,0,"Semester"
"40","Local",2023,"Mar","Saturday",2328.32115384615,1,0,"Semester"
"40","Local",2023,"Mar","Sunday",2175.0,1,0,"Semester"
"40","Local",2023,"Mar","Weekday",5398.55368724478,1,0,"Semester"
"41","Local",2023,"Mar","Saturday",286.25,1,0,"Semester"
"41","Local",2023,"Mar","Sunday",276.0,1,0,"Semester"
"41","Local",2023,"Mar","Weekday",498.130434782609,1,0,"Semester"
"45","Local",2023,"Mar","Saturday",421.1875,1,0,"Semester"
"45","Local",2023,"Mar","Sunday",407.0,1,0,"Semester"
"45","Local",2023,"Mar","Weekday",1195.86956521739,1,0,"Semester"
"46L","Local",2023,"Mar","Weekday",140.913043478261,0,0,"Semester"
"51A","Local",2023,"Mar","Saturday",2399.905,1,0,"Semester"
"51A","Local",2023,"Mar","Sunday",2151.0,1,0,"Semester"
"51A","Local",2023,"Mar","Weekday",5151.00488258545,1,0,"Semester"
"51B","Local",2023,"Mar","Saturday",6089.09375,1,1,"Semester"
"51B","Local",2023,"Mar","Sunday",5671.11111111111,1,1,"Semester"
"51B","Local",2023,"Mar","Weekday",7758.86956521739,1,1,"Semester"
"52","Local",2023,"Mar","Saturday",1262.5,1,1,"Semester"
"52","Local",2023,"Mar","Sunday",1170.0,1,1,"Semester"
"52","Local",2023,"Mar","Weekday",3636.42730120302,1,1,"Semester"
"54","Local",2023,"Mar","Saturday",436.955280312907,1,0,"Semester"
"54","Local",2023,"Mar","Sunday",398.030769230769,1,0,"Semester"
"54","Local",2023,"Mar","Weekday",1364.76543660943,1,0,"Semester"
"56","Local",2023,"Mar","Saturday",240.45,1,0,"Semester"
"56","Local",2023,"Mar","Sunday",222.0,1,0,"Semester"
"56","Local",2023,"Mar","Weekday",395.565217391304,1,0,"Semester"
"57","Local",2023,"Mar","Saturday",2658.46478456439,1,0,"Semester"
"57","Local",2023,"Mar","Sunday",2614.3671875,1,0,"Semester"
"57","Local",2023,"Mar","Weekday",4400.01439482961,1,0,"Semester"
"6","Local",2023,"Mar","Saturday",2800.8277027027,1,1,"Semester"
"6","Local",2023,"Mar","Sunday",2757.77027027027,1,1,"Semester"
"6","Local",2023,"Mar","Weekday",4800.6072382803,1,1,"Semester"
"60","Local",2023,"Mar","Saturday",517.704545454545,1,0,"Semester"
"60","Local",2023,"Mar","Sunday",489.0,1,0,"Semester"
"60","Local",2023,"Mar","Weekday",920.260869565217,1,0,"Semester"
"604","Supplemental",2023,"Mar","Weekday",80.8695652173913,0,0,"Semester"
"605","Supplemental",2023,"Mar","Weekday",41.2608695652174,0,0,"Semester"
"606","Supplemental",2023,"Mar","Weekday",42.5217391304348,0,0,"Semester"
"607","Supplemental",2023,"Mar","Weekday",12.695652173913,0,0,"Semester"
"617","Supplemental",2023,"Mar","Weekday",107.119565217391,0,0,"Semester"
"62","Local",2023,"Mar","Saturday",799.344696969697,1,0,"Semester"
"62","Local",2023,"Mar","Sunday",769.0,1,0,"Semester"
"62","Local",2023,"Mar","Weekday",1958.9396914446,1,0,"Semester"
"620","Supplemental",2023,"Mar","Weekday",66.0434782608696,0,0,"Semester"
"621","Supplemental",2023,"Mar","Weekday",175.978260869565,0,0,"Semester"
"623","Supplemental",2023,"Mar","Weekday",990.83850931677,0,0,"Semester"
"624","Supplemental",2023,"Mar","Weekday",31.1739130434783,0,0,"Semester"
"625","Supplemental",2023,"Mar","Weekday",192.608695652174,0,0,"Semester"
"626","Supplemental",2023,"Mar","Weekday",8.34782608695652,0,0,"Semester"
"628","Supplemental",2023,"Mar","Weekday",8.91304347826087,0,0,"Semester"
"629","Supplemental",2023,"Mar","Weekday",26.5217391304348,0,0,"Semester"
"631","Supplemental",2023,"Mar","Weekday",153.895652173913,0,0,"Semester"
"638","Supplemental",2023,"Mar","Weekday",85.1521739130435,0,0,"Semester"
"641","Supplemental",2023,"Mar","Weekday",159.782608695652,0,0,"Semester"
"642","Supplemental",2023,"Mar","Weekday",57.9565217391304,0,0,"Semester"
"646","Supplemental",2023,"Mar","Weekday",309.652173913043,0,0,"Semester"
"648","Supplemental",2023,"Mar","Weekday",117.282608695652,0,0,"Semester"
"649","Supplemental",2023,"Mar","Weekday",77.695652173913,0,0,"Semester"
"65","Local",2023,"Mar","Weekday",388.158636897767,0,0,"Semester"
"650","Supplemental",2023,"Mar","Weekday",37.0434782608696,0,0,"Semester"
"652","Supplemental",2023,"Mar","Weekday",95.2608695652174,0,0,"Semester"
"653","Supplemental",2023,"Mar","Weekday",77.9347826086957,0,0,"Semester"
"654","Supplemental",2023,"Mar","Weekday",296.608695652174,0,0,"Semester"
"655","Supplemental",2023,"Mar","Weekday",102.434782608696,0,0,"Semester"
"657","Supplemental",2023,"Mar","Weekday",260.993788819876,0,0,"Semester"
"658","Supplemental",2023,"Mar","Weekday",204.869565217391,0,0,"Semester"
"660","Supplemental",2023,"Mar","Weekday",72.5217391304348,0,0,"Semester"
"662","Supplemental",2023,"Mar","Weekday",75.0,0,0,"Semester"
"663","Supplemental",2023,"Mar","Weekday",118.95652173913,0,0,"Semester"
"667","Supplemental",2023,"Mar","Weekday",110.478260869565,0,0,"Semester"
"669","Supplemental",2023,"Mar","Weekday",80.6521739130435,0,0,"Semester"
"67","Local",2023,"Mar","Weekday",341.142028985507,0,0,"Semester"
"671","Supplemental",2023,"Mar","Weekday",107.739130434783,0,0,"Semester"
"672","Supplemental",2023,"Mar","Weekday",21.7173913043478,0,0,"Semester"
"675","Supplemental",2023,"Mar","Weekday",260.645962732919,0,0,"Semester"
"676","Supplemental",2023,"Mar","Weekday",88.9130434782609,0,0,"Semester"
"677","Supplemental",2023,"Mar","Weekday",121.869565217391,0,0,"Semester"
"680","Supplemental",2023,"Mar","Weekday",40.6521739130435,0,0,"Semester"
"681","Supplemental",2023,"Mar","Weekday",29.7391304347826,0,0,"Semester"
"682","Supplemental",2023,"Mar","Weekday",226.782608695652,0,0,"Semester"
"684","Supplemental",2023,"Mar","Weekday",150.753623188406,0,0,"Semester"
"687","Supplemental",2023,"Mar","Weekday",201.195652173913,0,0,"Semester"
"688","Supplemental",2023,"Mar","Weekday",49.9130434782609,0,0,"Semester"
"696","Supplemental",2023,"Mar","Weekday",26.4347826086957,0,0,"Semester"
"7","Local",2023,"Mar","Weekday",442.434782608696,0,0,"Semester"
"70","Local",2023,"Mar","Saturday",232.952380952381,1,0,"Semester"
"70","Local",2023,"Mar","Sunday",219.0,1,0,"Semester"
"70","Local",2023,"Mar","Weekday",343.608695652174,1,0,"Semester"
"701","M-Transbay",2023,"Mar","Weekday",36.0869565217391,0,0,"Semester"
"702","M-Transbay",2023,"Mar","Weekday",11.5217391304348,0,0,"Semester"
"703","M-Transbay",2023,"Mar","Weekday",9.26086956521739,0,0,"Semester"
"706","M-Transbay",2023,"Mar","Weekday",12.7826086956522,0,0,"Semester"
"707","M-Transbay",2023,"Mar","Weekday",2.8695652173913,0,0,"Semester"
"71","Local",2023,"Mar","Saturday",296.576086956522,1,0,"Semester"
"71","Local",2023,"Mar","Sunday",285.0,1,0,"Semester"
"71","Local",2023,"Mar","Weekday",794.04347826087,1,0,"Semester"
"72","Local",2023,"Mar","Saturday",1905.3253968254,1,0,"Semester"
"72","Local",2023,"Mar","Sunday",1802.0,1,0,"Semester"
"72","Local",2023,"Mar","Weekday",2534.0,1,0,"Semester"
"72M","Local",2023,"Mar","Saturday",1636.73076923077,1,0,"Semester"
"72M","Local",2023,"Mar","Sunday",1550.0,1,0,"Semester"
"72M","Local",2023,"Mar","Weekday",2462.7481884058,1,0,"Semester"
"72R","Local",2023,"Mar","Saturday",2076.625,1,0,"Semester"
"72R","Local",2023,"Mar","Sunday",1993.0,1,0,"Semester"
"72R","Local",2023,"Mar","Weekday",3634.0,1,0,"Semester"
"73","Local",2023,"Mar","Saturday",971.051685156948,1,0,"Semester"
"73","Local",2023,"Mar","Sunday",895.216783216783,1,0,"Semester"
"73","Local",2023,"Mar","Weekday",1693.73913043478,1,0,"Semester"
"74","Local",2023,"Mar","Saturday",367.833333333333,1,0,"Semester"
"74","Local",2023,"Mar","Sunday",366.0,1,0,"Semester"
"74","Local",2023,"Mar","Weekday",954.969500324465,1,0,"Semester"
"76","Local",2023,"Mar","Saturday",759.75,1,0,"Semester"
"76","Local",2023,"Mar","Sunday",713.0,1,0,"Semester"
"76","Local",2023,"Mar","Weekday",1760.03612040134,1,0,"Semester"
"78","Local",2023,"Mar","Weekday",183.721739130435,0,0,"Semester"
"79","Local",2023,"Mar","Saturday",1451.75,1,0,"Semester"
"79","Local",2023,"Mar","Sunday",1299.0,1,0,"Semester"
"79","Local",2023,"Mar","Weekday",2072.34782608696,1,0,"Semester"
"800","All Nighter",2023,"Mar","Saturday",386.946428571429,1,1,"Semester"
"800","All Nighter",2023,"Mar","Sunday",338.785714285714,1,1,"Semester"
"800","All Nighter",2023,"Mar","Weekday",379.952173913043,1,1,"Semester"
"801","All Nighter",2023,"Mar","Saturday",286.194444444444,1,0,"Semester"
"801","All Nighter",2023,"Mar","Sunday",293.0,1,0,"Semester"
"801","All Nighter",2023,"Mar","Weekday",281.695652173913,1,0,"Semester"
"802","All Nighter",2023,"Mar","Saturday",63.6166666666667,1,0,"Semester"
"802","All Nighter",2023,"Mar","Sunday",50.6,1,0,"Semester"
"802","All Nighter",2023,"Mar","Weekday",48.4782608695652,1,0,"Semester"
"805","All Nighter",2023,"Mar","Saturday",73.2727272727273,1,0,"Semester"
"805","All Nighter",2023,"Mar","Sunday",76.3636363636364,1,0,"Semester"
"805","All Nighter",2023,"Mar","Weekday",79.5415019762846,1,0,"Semester"
"840","All Nighter",2023,"Mar","Saturday",57.75,1,0,"Semester"
"840","All Nighter",2023,"Mar","Sunday",60.0,1,0,"Semester"
"840","All Nighter",2023,"Mar","Weekday",52.5652173913044,1,0,"Semester"
"851","All Nighter",2023,"Mar","Saturday",64.375,1,1,"Semester"
"851","All Nighter",2023,"Mar","Sunday",65.0,1,1,"Semester"
"851","All Nighter",2023,"Mar","Weekday",74.2173913043478,1,1,"Semester"
"86","Local",2023,"Mar","Saturday",531.027777777778,1,0,"Semester"
"86","Local",2023,"Mar","Sunday",484.0,1,0,"Semester"
"86","Local",2023,"Mar","Weekday",1042.60869565217,1,0,"Semester"
"88","Local",2023,"Mar","Saturday",1010.50588235294,1,0,"Semester"
"88","Local",2023,"Mar","Sunday",956.0,1,0,"Semester"
"88","Local",2023,"Mar","Weekday",1872.17391304348,1,0,"Semester"
"90","Local",2023,"Mar","Saturday",333.715144230769,1,0,"Semester"
"90","Local",2023,"Mar","Sunday",307.3125,1,0,"Semester"
"90","Local",2023,"Mar","Weekday",632.086956521739,1,0,"Semester"
"93","Local",2023,"Mar","Saturday",302.5,1,0,"Semester"
"93","Local",2023,"Mar","Sunday",296.0,1,0,"Semester"
"93","Local",2023,"Mar","Weekday",614.201086956522,1,0,"Semester"
"95","Local",2023,"Mar","Saturday",107.145510835913,1,0,"Semester"
"95","Local",2023,"Mar","Sunday",101.684210526316,1,0,"Semester"
"95","Local",2023,"Mar","Weekday",184.873015873016,1,0,"Semester"
"96","Local",2023,"Mar","Saturday",797.75,1,0,"Semester"
"96","Local",2023,"Mar","Sunday",808.0,1,0,"Semester"
"96","Local",2023,"Mar","Weekday",1120.69565217391,1,0,"Semester"
"97","Local",2023,"Mar","Saturday",1088.59722222222,1,0,"Semester"
"97","Local",2023,"Mar","Sunday",1011.0,1,0,"Semester"
"97","Local",2023,"Mar","Weekday",2561.12312068265,1,0,"Semester"
"98","Local",2023,"Mar","Saturday",393.75,1,0,"Semester"
"98","Local",2023,"Mar","Sunday",356.0,1,0,"Semester"
"98","Local",2023,"Mar","Weekday",1077.86956521739,1,0,"Semester"
"99","Local",2023,"Mar","Saturday",970.857142857143,1,0,"Semester"
"99","Local",2023,"Mar","Sunday",945.0,1,0,"Semester"
"99","Local",2023,"Mar","Weekday",1896.04347826087,1,0,"Semester"
"E","M-Transbay",2023,"Mar","Weekday",131.711956521739,0,0,"Semester"
"F","M-Transbay",2023,"Mar","Saturday",1441.5,1,1,"Semester"
"F","M-Transbay",2023,"Mar","Sunday",1351.0,1,1,"Semester"
"F","M-Transbay",2023,"Mar","Weekday",1998.21739130435,1,1,"Semester"
"FS","M-Transbay",2023,"Mar","Weekday",76.1304347826087,0,0,"Semester"
"G","M-Transbay",2023,"Mar","Weekday",157.576086956522,0,0,"Semester"
"J","M-Transbay",2023,"Mar","Weekday",189.101449275362,0,0,"Semester"
"L","M-Transbay",2023,"Mar","Weekday",117.704347826087,0,0,"Semester"
"LA","M-Transbay",2023,"Mar","Weekday",69.1847826086957,0,0,"Semester"
"NL","M-Transbay",2023,"Mar","Saturday",781.006578947368,1,0,"Semester"
"NL","M-Transbay",2023,"Mar","Sunday",717.0,1,0,"Semester"
"NL","M-Transbay",2023,"Mar","Weekday",1923.82608695652,1,0,"Semester"
"NX","M-Transbay",2023,"Mar","Weekday",139.521739130435,0,0,"Semester"
"NX3","M-Transbay",2023,"Mar","Weekday",91.7304347826087,0,0,"Semester"
"O","M-Transbay",2023,"Mar","Saturday",543.833653846154,1,0,"Semester"
"O","M-Transbay",2023,"Mar","Sunday",518.861538461538,1,0,"Semester"
"O","M-Transbay",2023,"Mar","Weekday",947.414046822742,1,0,"Semester"
"OX","M-Transbay",2023,"Mar","Weekday",89.0,0,0,"Semester"
"P","M-Transbay",2023,"Mar","Weekday",265.95652173913,0,0,"Semester"
"U","M-Transbay",2023,"Mar","Weekday",182.565217391304,0,0,"Semester"
"V","M-Transbay",2023,"Mar","Weekday",150.04347826087,0,0,"Semester"
"W","M-Transbay",2023,"Mar","Weekday",126.921739130435,0,0,"Semester"
"10","Local",2023,"Apr","Saturday",1404.0,1,0,"Semester"
"10","Local",2023,"Apr","Sunday",1168.82242990654,1,0,"Semester"
"10","Local",2023,"Apr","Weekday",2004.0,1,0,"Semester"
"12","Local",2023,"Apr","Saturday",1554.0,1,0,"Semester"
"12","Local",2023,"Apr","Sunday",1203.0,1,0,"Semester"
"12","Local",2023,"Apr","Weekday",2148.0,1,0,"Semester"
"14","Local",2023,"Apr","Saturday",1422.0,1,0,"Semester"
"14","Local",2023,"Apr","Sunday",1148.0,1,0,"Semester"
"14","Local",2023,"Apr","Weekday",2897.0,1,0,"Semester"
"18","Local",2023,"Apr","Saturday",2632.0,1,0,"Semester"
"18","Local",2023,"Apr","Sunday",2209.0,1,0,"Semester"
"18","Local",2023,"Apr","Weekday",3419.0,1,0,"Semester"
"19","Local",2023,"Apr","Saturday",152.225806451613,1,0,"Semester"
"19","Local",2023,"Apr","Sunday",150.096774193548,1,0,"Semester"
"19","Local",2023,"Apr","Weekday",207.0,1,0,"Semester"
"1T","Local",2023,"Apr","Saturday",11310.0,1,0,"Semester"
"1T","Local",2023,"Apr","Sunday",10046.0,1,0,"Semester"
"1T","Local",2023,"Apr","Weekday",13876.0,1,0,"Semester"
"20","Local",2023,"Apr","Saturday",1641.0,1,0,"Semester"
"20","Local",2023,"Apr","Sunday",1167.0,1,0,"Semester"
"20","Local",2023,"Apr","Weekday",1864.0,1,0,"Semester"
"200","Local",2023,"Apr","Saturday",1056.0,1,0,"Semester"
"200","Local",2023,"Apr","Sunday",903.0,1,0,"Semester"
"200","Local",2023,"Apr","Weekday",1330.0,1,0,"Semester"
"21","Local",2023,"Apr","Saturday",898.0,1,0,"Semester"
"21","Local",2023,"Apr","Sunday",712.0,1,0,"Semester"
"21","Local",2023,"Apr","Weekday",1211.0,1,0,"Semester"
"210","Local",2023,"Apr","Saturday",597.0,1,0,"Semester"
"210","Local",2023,"Apr","Sunday",469.0,1,0,"Semester"
"210","Local",2023,"Apr","Weekday",1020.0,1,0,"Semester"
"212","Local",2023,"Apr","Saturday",396.0,1,0,"Semester"
"212","Local",2023,"Apr","Sunday",326.0,1,0,"Semester"
"212","Local",2023,"Apr","Weekday",438.0,1,0,"Semester"
"215","Local",2023,"Apr","Weekday",162.0,0,0,"Semester"
"216","Local",2023,"Apr","Saturday",193.0,1,0,"Semester"
"216","Local",2023,"Apr","Sunday",154.0,1,0,"Semester"
"216","Local",2023,"Apr","Weekday",243.0,1,0,"Semester"
"217","Local",2023,"Apr","Saturday",524.0,1,0,"Semester"
"217","Local",2023,"Apr","Sunday",483.0,1,0,"Semester"
"217","Local",2023,"Apr","Weekday",707.222222222222,1,0,"Semester"
"232","Local",2023,"Apr","Saturday",187.0,1,0,"Semester"
"232","Local",2023,"Apr","Sunday",191.0,1,0,"Semester"
"232","Local",2023,"Apr","Weekday",246.0,1,0,"Semester"
"239","Local",2023,"Apr","Weekday",584.0,0,0,"Semester"
"251","Local",2023,"Apr","Saturday",122.0,1,0,"Semester"
"251","Local",2023,"Apr","Sunday",90.0,1,0,"Semester"
"251","Local",2023,"Apr","Weekday",161.0,1,0,"Semester"
"28","Local",2023,"Apr","Saturday",342.0,1,0,"Semester"
"28","Local",2023,"Apr","Sunday",346.0,1,0,"Semester"
"28","Local",2023,"Apr","Weekday",529.0,1,0,"Semester"
"29","Local",2023,"Apr","Saturday",639.0,1,0,"Semester"
"29","Local",2023,"Apr","Sunday",506.0,1,0,"Semester"
"29","Local",2023,"Apr","Weekday",1019.0,1,0,"Semester"
"33","Local",2023,"Apr","Saturday",1108.0,1,0,"Semester"
"33","Local",2023,"Apr","Sunday",933.0,1,0,"Semester"
"33","Local",2023,"Apr","Weekday",2081.0,1,0,"Semester"
"34","Local",2023,"Apr","Saturday",445.0,1,0,"Semester"
"34","Local",2023,"Apr","Sunday",364.0,1,0,"Semester"
"34","Local",2023,"Apr","Weekday",559.0,1,0,"Semester"
"35","Local",2023,"Apr","Saturday",513.0,1,0,"Semester"
"35","Local",2023,"Apr","Sunday",401.0,1,0,"Semester"
"35","Local",2023,"Apr","Weekday",562.0,1,0,"Semester"
"36","Local",2023,"Apr","Saturday",1676.0,1,1,"Semester"
"36","Local",2023,"Apr","Sunday",1307.0,1,1,"Semester"
"36","Local",2023,"Apr","Weekday",2074.0,1,1,"Semester"
"376","Local",2023,"Apr","Saturday",247.0,1,0,"Semester"
"376","Local",2023,"Apr","Sunday",206.896551724138,1,0,"Semester"
"376","Local",2023,"Apr","Weekday",160.0,1,0,"Semester"
"39","Local",2023,"Apr","Weekday",383.0,0,0,"Semester"
"40","Local",2023,"Apr","Saturday",3021.0,1,0,"Semester"
"40","Local",2023,"Apr","Sunday",2504.0,1,0,"Semester"
"40","Local",2023,"Apr","Weekday",5699.0,1,0,"Semester"
"41","Local",2023,"Apr","Saturday",335.0,1,0,"Semester"
"41","Local",2023,"Apr","Sunday",321.0,1,0,"Semester"
"41","Local",2023,"Apr","Weekday",529.0,1,0,"Semester"
"45","Local",2023,"Apr","Saturday",503.0,1,0,"Semester"
"45","Local",2023,"Apr","Sunday",427.0,1,0,"Semester"
"45","Local",2023,"Apr","Weekday",1172.0,1,0,"Semester"
"46L","Local",2023,"Apr","Weekday",135.0,0,0,"Semester"
"51A","Local",2023,"Apr","Saturday",3322.0,1,0,"Semester"
"51A","Local",2023,"Apr","Sunday",2577.0,1,0,"Semester"
"51A","Local",2023,"Apr","Weekday",5454.0,1,0,"Semester"
"51B","Local",2023,"Apr","Saturday",6996.0,1,1,"Semester"
"51B","Local",2023,"Apr","Sunday",6530.0,1,1,"Semester"
"51B","Local",2023,"Apr","Weekday",9019.0,1,1,"Semester"
"52","Local",2023,"Apr","Saturday",1498.0,1,1,"Semester"
"52","Local",2023,"Apr","Sunday",1307.0,1,1,"Semester"
"52","Local",2023,"Apr","Weekday",3809.0,1,1,"Semester"
"54","Local",2023,"Apr","Saturday",586.0,1,0,"Semester"
"54","Local",2023,"Apr","Sunday",441.0,1,0,"Semester"
"54","Local",2023,"Apr","Weekday",1329.0,1,0,"Semester"
"56","Local",2023,"Apr","Saturday",291.0,1,0,"Semester"
"56","Local",2023,"Apr","Sunday",224.0,1,0,"Semester"
"56","Local",2023,"Apr","Weekday",407.0,1,0,"Semester"
"57","Local",2023,"Apr","Saturday",3394.65217391304,1,0,"Semester"
"57","Local",2023,"Apr","Sunday",2833.38271604938,1,0,"Semester"
"57","Local",2023,"Apr","Weekday",4482.0,1,0,"Semester"
"6","Local",2023,"Apr","Saturday",3801.3422818792,1,1,"Semester"
"6","Local",2023,"Apr","Sunday",3144.0,1,1,"Semester"
"6","Local",2023,"Apr","Weekday",6347.0,1,1,"Semester"
"60","Local",2023,"Apr","Saturday",638.0,1,0,"Semester"
"60","Local",2023,"Apr","Sunday",476.0,1,0,"Semester"
"60","Local",2023,"Apr","Weekday",974.0,1,0,"Semester"
"604","Supplemental",2023,"Apr","Weekday",68.0,0,0,"Semester"
"605","Supplemental",2023,"Apr","Weekday",38.0,0,0,"Semester"
"606","Supplemental",2023,"Apr","Weekday",41.0,0,0,"Semester"
"607","Supplemental",2023,"Apr","Weekday",16.0,0,0,"Semester"
"617","Supplemental",2023,"Apr","Weekday",101.0,0,0,"Semester"
"62","Local",2023,"Apr","Saturday",986.0,1,0,"Semester"
"62","Local",2023,"Apr","Sunday",859.0,1,0,"Semester"
"62","Local",2023,"Apr","Weekday",1897.0,1,0,"Semester"
"620","Supplemental",2023,"Apr","Weekday",57.0,0,0,"Semester"
"621","Supplemental",2023,"Apr","Weekday",143.0,0,0,"Semester"
"623","Supplemental",2023,"Apr","Weekday",990.0,0,0,"Semester"
"624","Supplemental",2023,"Apr","Weekday",34.5,0,0,"Semester"
"625","Supplemental",2023,"Apr","Weekday",200.0,0,0,"Semester"
"626","Supplemental",2023,"Apr","Weekday",9.0,0,0,"Semester"
"628","Supplemental",2023,"Apr","Weekday",11.0,0,0,"Semester"
"629","Supplemental",2023,"Apr","Weekday",41.0,0,0,"Semester"
"631","Supplemental",2023,"Apr","Weekday",186.0,0,0,"Semester"
"638","Supplemental",2023,"Apr","Weekday",87.0,0,0,"Semester"
"641","Supplemental",2023,"Apr","Weekday",111.666666666667,0,0,"Semester"
"642","Supplemental",2023,"Apr","Weekday",56.0,0,0,"Semester"
"646","Supplemental",2023,"Apr","Weekday",306.0,0,0,"Semester"
"648","Supplemental",2023,"Apr","Weekday",118.0,0,0,"Semester"
"649","Supplemental",2023,"Apr","Weekday",80.0,0,0,"Semester"
"65","Local",2023,"Apr","Weekday",305.027027027027,0,0,"Semester"
"650","Supplemental",2023,"Apr","Weekday",40.0,0,0,"Semester"
"652","Supplemental",2023,"Apr","Weekday",90.0,0,0,"Semester"
"653","Supplemental",2023,"Apr","Weekday",77.0,0,0,"Semester"
"654","Supplemental",2023,"Apr","Weekday",314.0,0,0,"Semester"
"655","Supplemental",2023,"Apr","Weekday",113.0,0,0,"Semester"
"657","Supplemental",2023,"Apr","Weekday",255.0,0,0,"Semester"
"658","Supplemental",2023,"Apr","Weekday",185.0,0,0,"Semester"
"660","Supplemental",2023,"Apr","Weekday",72.0,0,0,"Semester"
"662","Supplemental",2023,"Apr","Weekday",72.0,0,0,"Semester"
"663","Supplemental",2023,"Apr","Weekday",41.0,0,0,"Semester"
"667","Supplemental",2023,"Apr","Weekday",127.4,0,0,"Semester"
"669","Supplemental",2023,"Apr","Weekday",71.25,0,0,"Semester"
"67","Local",2023,"Apr","Weekday",354.0,0,0,"Semester"
"671","Supplemental",2023,"Apr","Weekday",102.2,0,0,"Semester"
"672","Supplemental",2023,"Apr","Weekday",18.0,0,0,"Semester"
"675","Supplemental",2023,"Apr","Weekday",314.666666666667,0,0,"Semester"
"676","Supplemental",2023,"Apr","Weekday",83.75,0,0,"Semester"
"677","Supplemental",2023,"Apr","Weekday",103.0,0,0,"Semester"
"680","Supplemental",2023,"Apr","Weekday",57.0,0,0,"Semester"
"681","Supplemental",2023,"Apr","Weekday",33.0,0,0,"Semester"
"682","Supplemental",2023,"Apr","Weekday",179.0,0,0,"Semester"
"684","Supplemental",2023,"Apr","Weekday",131.833333333333,0,0,"Semester"
"687","Supplemental",2023,"Apr","Weekday",205.0,0,0,"Semester"
"688","Supplemental",2023,"Apr","Weekday",48.0,0,0,"Semester"
"696","Supplemental",2023,"Apr","Weekday",29.0,0,0,"Semester"
"7","Local",2023,"Apr","Weekday",430.0,0,0,"Semester"
"70","Local",2023,"Apr","Saturday",320.0,1,0,"Semester"
"70","Local",2023,"Apr","Sunday",255.0,1,0,"Semester"
"70","Local",2023,"Apr","Weekday",378.0,1,0,"Semester"
"701","M-Transbay",2023,"Apr","Weekday",45.0,0,0,"Semester"
"702","M-Transbay",2023,"Apr","Weekday",14.0,0,0,"Semester"
"703","M-Transbay",2023,"Apr","Weekday",10.0,0,0,"Semester"
"706","M-Transbay",2023,"Apr","Weekday",9.0,0,0,"Semester"
"707","M-Transbay",2023,"Apr","Weekday",2.0,0,0,"Semester"
"71","Local",2023,"Apr","Saturday",373.0,1,0,"Semester"
"71","Local",2023,"Apr","Sunday",319.0,1,0,"Semester"
"71","Local",2023,"Apr","Weekday",861.0,1,0,"Semester"
"72","Local",2023,"Apr","Saturday",2339.0,1,0,"Semester"
"72","Local",2023,"Apr","Sunday",1989.0,1,0,"Semester"
"72","Local",2023,"Apr","Weekday",2664.0,1,0,"Semester"
"72M","Local",2023,"Apr","Saturday",2143.0,1,0,"Semester"
"72M","Local",2023,"Apr","Sunday",1806.0,1,0,"Semester"
"72M","Local",2023,"Apr","Weekday",2597.0,1,0,"Semester"
"72R","Local",2023,"Apr","Saturday",2545.0,1,0,"Semester"
"72R","Local",2023,"Apr","Sunday",2207.0,1,0,"Semester"
"72R","Local",2023,"Apr","Weekday",3869.0,1,0,"Semester"
"73","Local",2023,"Apr","Saturday",1240.61538461538,1,0,"Semester"
"73","Local",2023,"Apr","Sunday",1022.0,1,0,"Semester"
"73","Local",2023,"Apr","Weekday",1817.0,1,0,"Semester"
"74","Local",2023,"Apr","Saturday",407.0,1,0,"Semester"
"74","Local",2023,"Apr","Sunday",361.0,1,0,"Semester"
"74","Local",2023,"Apr","Weekday",994.0,1,0,"Semester"
"76","Local",2023,"Apr","Saturday",1001.0,1,0,"Semester"
"76","Local",2023,"Apr","Sunday",875.0,1,0,"Semester"
"76","Local",2023,"Apr","Weekday",1830.0,1,0,"Semester"
"78","Local",2023,"Apr","Weekday",148.0,0,0,"Semester"
"79","Local",2023,"Apr","Saturday",1564.0,1,0,"Semester"
"79","Local",2023,"Apr","Sunday",1471.0,1,0,"Semester"
"79","Local",2023,"Apr","Weekday",2415.0,1,0,"Semester"
"800","All Nighter",2023,"Apr","Saturday",481.034482758621,1,1,"Semester"
"800","All Nighter",2023,"Apr","Sunday",321.758620689655,1,1,"Semester"
"800","All Nighter",2023,"Apr","Weekday",364.766666666667,1,1,"Semester"
"801","All Nighter",2023,"Apr","Saturday",325.52,1,0,"Semester"
"801","All Nighter",2023,"Apr","Sunday",252.416666666667,1,0,"Semester"
"801","All Nighter",2023,"Apr","Weekday",280.0,1,0,"Semester"
"802","All Nighter",2023,"Apr","Saturday",53.0,1,0,"Semester"
"802","All Nighter",2023,"Apr","Sunday",75.0,1,0,"Semester"
"802","All Nighter",2023,"Apr","Weekday",53.0,1,0,"Semester"
"805","All Nighter",2023,"Apr","Saturday",55.6363636363636,1,0,"Semester"
"805","All Nighter",2023,"Apr","Sunday",66.5454545454545,1,0,"Semester"
"805","All Nighter",2023,"Apr","Weekday",82.9090909090909,1,0,"Semester"
"840","All Nighter",2023,"Apr","Saturday",43.0,1,0,"Semester"
"840","All Nighter",2023,"Apr","Sunday",55.6363636363636,1,0,"Semester"
"840","All Nighter",2023,"Apr","Weekday",51.0,1,0,"Semester"
"851","All Nighter",2023,"Apr","Saturday",69.0,1,1,"Semester"
"851","All Nighter",2023,"Apr","Sunday",66.0,1,1,"Semester"
"851","All Nighter",2023,"Apr","Weekday",75.0,1,1,"Semester"
"86","Local",2023,"Apr","Saturday",556.0,1,0,"Semester"
"86","Local",2023,"Apr","Sunday",478.0,1,0,"Semester"
"86","Local",2023,"Apr","Weekday",1070.0,1,0,"Semester"
"88","Local",2023,"Apr","Saturday",1214.0,1,0,"Semester"
"88","Local",2023,"Apr","Sunday",1101.0,1,0,"Semester"
"88","Local",2023,"Apr","Weekday",1943.0,1,0,"Semester"
"90","Local",2023,"Apr","Saturday",389.0,1,0,"Semester"
"90","Local",2023,"Apr","Sunday",326.0,1,0,"Semester"
"90","Local",2023,"Apr","Weekday",655.0,1,0,"Semester"
"93","Local",2023,"Apr","Saturday",373.0,1,0,"Semester"
"93","Local",2023,"Apr","Sunday",329.0,1,0,"Semester"
"93","Local",2023,"Apr","Weekday",673.0,1,0,"Semester"
"95","Local",2023,"Apr","Saturday",132.0,1,0,"Semester"
"95","Local",2023,"Apr","Sunday",115.756097560976,1,0,"Semester"
"95","Local",2023,"Apr","Weekday",211.6,1,0,"Semester"
"96","Local",2023,"Apr","Saturday",845.0,1,0,"Semester"
"96","Local",2023,"Apr","Sunday",803.0,1,0,"Semester"
"96","Local",2023,"Apr","Weekday",1105.0,1,0,"Semester"
"97","Local",2023,"Apr","Saturday",1423.0,1,0,"Semester"
"97","Local",2023,"Apr","Sunday",1236.0,1,0,"Semester"
"97","Local",2023,"Apr","Weekday",2574.0,1,0,"Semester"
"98","Local",2023,"Apr","Saturday",460.0,1,0,"Semester"
"98","Local",2023,"Apr","Sunday",405.0,1,0,"Semester"
"98","Local",2023,"Apr","Weekday",1084.0,1,0,"Semester"
"99","Local",2023,"Apr","Saturday",1230.0,1,0,"Semester"
"99","Local",2023,"Apr","Sunday",1027.0,1,0,"Semester"
"99","Local",2023,"Apr","Weekday",1906.0,1,0,"Semester"
"E","M-Transbay",2023,"Apr","Weekday",124.0,0,0,"Semester"
"F","M-Transbay",2023,"Apr","Saturday",1646.0,1,1,"Semester"
"F","M-Transbay",2023,"Apr","Sunday",1527.0,1,1,"Semester"
"F","M-Transbay",2023,"Apr","Weekday",2225.0,1,1,"Semester"
"FS","M-Transbay",2023,"Apr","Weekday",96.0,0,0,"Semester"
"G","M-Transbay",2023,"Apr","Weekday",193.2,0,0,"Semester"
"J","M-Transbay",2023,"Apr","Weekday",192.0,0,0,"Semester"
"L","M-Transbay",2023,"Apr","Weekday",114.0,0,0,"Semester"
"LA","M-Transbay",2023,"Apr","Weekday",75.0,0,0,"Semester"
"NL","M-Transbay",2023,"Apr","Saturday",903.0,1,0,"Semester"
"NL","M-Transbay",2023,"Apr","Sunday",836.0,1,0,"Semester"
"NL","M-Transbay",2023,"Apr","Weekday",1958.0,1,0,"Semester"
"NX","M-Transbay",2023,"Apr","Weekday",139.0,0,0,"Semester"
"NX3","M-Transbay",2023,"Apr","Weekday",93.0,0,0,"Semester"
"O","M-Transbay",2023,"Apr","Saturday",644.0,1,0,"Semester"
"O","M-Transbay",2023,"Apr","Sunday",598.0,1,0,"Semester"
"O","M-Transbay",2023,"Apr","Weekday",978.0,1,0,"Semester"
"OX","M-Transbay",2023,"Apr","Weekday",89.0,0,0,"Semester"
"P","M-Transbay",2023,"Apr","Weekday",237.6,0,0,"Semester"
"U","M-Transbay",2023,"Apr","Weekday",194.0,0,0,"Semester"
"V","M-Transbay",2023,"Apr","Weekday",148.0,0,0,"Semester"
"W","M-Transbay",2023,"Apr","Weekday",129.0,0,0,"Semester"
"10","Local",2023,"May","Saturday",1290.0,1,0,"Other"
"10","Local",2023,"May","Sunday",1207.0,1,0,"Other"
"10","Local",2023,"May","Weekday",2100.0,1,0,"Other"
"12","Local",2023,"May","Saturday",1391.0,1,0,"Other"
"12","Local",2023,"May","Sunday",1066.0,1,0,"Other"
"12","Local",2023,"May","Weekday",2185.0,1,0,"Other"
"14","Local",2023,"May","Saturday",1451.0,1,0,"Other"
"14","Local",2023,"May","Sunday",1223.0,1,0,"Other"
"14","Local",2023,"May","Weekday",2805.0,1,0,"Other"
"18","Local",2023,"May","Saturday",2292.0,1,0,"Other"
"18","Local",2023,"May","Sunday",1965.0,1,0,"Other"
"18","Local",2023,"May","Weekday",3221.0,1,0,"Other"
"19","Local",2023,"May","Saturday",154.0,1,0,"Other"
"19","Local",2023,"May","Sunday",150.096774193548,1,0,"Other"
"19","Local",2023,"May","Weekday",217.0,1,0,"Other"
"1T","Local",2023,"May","Saturday",11194.0,1,0,"Other"
"1T","Local",2023,"May","Sunday",11003.0,1,0,"Other"
"1T","Local",2023,"May","Weekday",13983.0,1,0,"Other"
"20","Local",2023,"May","Saturday",1537.0,1,0,"Other"
"20","Local",2023,"May","Sunday",1340.0,1,0,"Other"
"20","Local",2023,"May","Weekday",1869.0,1,0,"Other"
"200","Local",2023,"May","Saturday",1044.0,1,0,"Other"
"200","Local",2023,"May","Sunday",916.0,1,0,"Other"
"200","Local",2023,"May","Weekday",1424.0,1,0,"Other"
"21","Local",2023,"May","Saturday",876.0,1,0,"Other"
"21","Local",2023,"May","Sunday",725.0,1,0,"Other"
"21","Local",2023,"May","Weekday",1239.0,1,0,"Other"
"210","Local",2023,"May","Saturday",569.0,1,0,"Other"
"210","Local",2023,"May","Sunday",512.0,1,0,"Other"
"210","Local",2023,"May","Weekday",994.0,1,0,"Other"
"212","Local",2023,"May","Saturday",446.0,1,0,"Other"
"212","Local",2023,"May","Sunday",334.0,1,0,"Other"
"212","Local",2023,"May","Weekday",472.0,1,0,"Other"
"215","Local",2023,"May","Weekday",179.0,0,0,"Other"
"216","Local",2023,"May","Saturday",203.0,1,0,"Other"
"216","Local",2023,"May","Sunday",173.0,1,0,"Other"
"216","Local",2023,"May","Weekday",261.0,1,0,"Other"
"217","Local",2023,"May","Saturday",542.0,1,0,"Other"
"217","Local",2023,"May","Sunday",507.0,1,0,"Other"
"217","Local",2023,"May","Weekday",725.166666666667,1,0,"Other"
"232","Local",2023,"May","Saturday",210.0,1,0,"Other"
"232","Local",2023,"May","Sunday",204.0,1,0,"Other"
"232","Local",2023,"May","Weekday",268.0,1,0,"Other"
"239","Local",2023,"May","Weekday",621.0,0,0,"Other"
"251","Local",2023,"May","Saturday",122.0,1,0,"Other"
"251","Local",2023,"May","Sunday",94.0,1,0,"Other"
"251","Local",2023,"May","Weekday",162.0,1,0,"Other"
"28","Local",2023,"May","Saturday",331.0,1,0,"Other"
"28","Local",2023,"May","Sunday",357.0,1,0,"Other"
"28","Local",2023,"May","Weekday",538.0,1,0,"Other"
"29","Local",2023,"May","Saturday",611.0,1,0,"Other"
"29","Local",2023,"May","Sunday",539.0,1,0,"Other"
"29","Local",2023,"May","Weekday",1043.0,1,0,"Other"
"33","Local",2023,"May","Saturday",1135.0,1,0,"Other"
"33","Local",2023,"May","Sunday",968.0,1,0,"Other"
"33","Local",2023,"May","Weekday",2030.0,1,0,"Other"
"34","Local",2023,"May","Saturday",449.0,1,0,"Other"
"34","Local",2023,"May","Sunday",376.0,1,0,"Other"
"34","Local",2023,"May","Weekday",576.0,1,0,"Other"
"35","Local",2023,"May","Saturday",432.0,1,0,"Other"
"35","Local",2023,"May","Sunday",411.0,1,0,"Other"
"35","Local",2023,"May","Weekday",582.0,1,0,"Other"
"36","Local",2023,"May","Saturday",1314.0,1,1,"Other"
"36","Local",2023,"May","Sunday",954.0,1,1,"Other"
"36","Local",2023,"May","Weekday",1537.0,1,1,"Other"
"376","Local",2023,"May","Saturday",220.0,1,0,"Other"
"376","Local",2023,"May","Sunday",187.0,1,0,"Other"
"376","Local",2023,"May","Weekday",165.0,1,0,"Other"
"39","Local",2023,"May","Weekday",342.0,0,0,"Other"
"40","Local",2023,"May","Saturday",3017.0,1,0,"Other"
"40","Local",2023,"May","Sunday",2645.0,1,0,"Other"
"40","Local",2023,"May","Weekday",5605.0,1,0,"Other"
"41","Local",2023,"May","Saturday",355.0,1,0,"Other"
"41","Local",2023,"May","Sunday",334.0,1,0,"Other"
"41","Local",2023,"May","Weekday",545.0,1,0,"Other"
"45","Local",2023,"May","Saturday",461.0,1,0,"Other"
"45","Local",2023,"May","Sunday",441.0,1,0,"Other"
"45","Local",2023,"May","Weekday",1101.0,1,0,"Other"
"46L","Local",2023,"May","Weekday",131.0,0,0,"Other"
"51A","Local",2023,"May","Saturday",3203.0,1,0,"Other"
"51A","Local",2023,"May","Sunday",3219.0,1,0,"Other"
"51A","Local",2023,"May","Weekday",5502.0,1,0,"Other"
"51B","Local",2023,"May","Saturday",5037.0,1,1,"Other"
"51B","Local",2023,"May","Sunday",3783.0,1,1,"Other"
"51B","Local",2023,"May","Weekday",6523.0,1,1,"Other"
"52","Local",2023,"May","Saturday",957.0,1,1,"Other"
"52","Local",2023,"May","Sunday",758.0,1,1,"Other"
"52","Local",2023,"May","Weekday",2312.0,1,1,"Other"
"54","Local",2023,"May","Saturday",575.0,1,0,"Other"
"54","Local",2023,"May","Sunday",740.0,1,0,"Other"
"54","Local",2023,"May","Weekday",1269.0,1,0,"Other"
"56","Local",2023,"May","Saturday",272.0,1,0,"Other"
"56","Local",2023,"May","Sunday",257.0,1,0,"Other"
"56","Local",2023,"May","Weekday",424.0,1,0,"Other"
"57","Local",2023,"May","Saturday",3543.74074074074,1,0,"Other"
"57","Local",2023,"May","Sunday",2898.0,1,0,"Other"
"57","Local",2023,"May","Weekday",4382.0,1,0,"Other"
"6","Local",2023,"May","Saturday",3433.89261744966,1,1,"Other"
"6","Local",2023,"May","Sunday",2998.98648648649,1,1,"Other"
"6","Local",2023,"May","Weekday",4685.0,1,1,"Other"
"60","Local",2023,"May","Saturday",565.0,1,0,"Other"
"60","Local",2023,"May","Sunday",544.0,1,0,"Other"
"60","Local",2023,"May","Weekday",923.0,1,0,"Other"
"604","Supplemental",2023,"May","Weekday",72.0,0,0,"Other"
"605","Supplemental",2023,"May","Weekday",51.0,0,0,"Other"
"606","Supplemental",2023,"May","Weekday",58.0,0,0,"Other"
"607","Supplemental",2023,"May","Weekday",11.0,0,0,"Other"
"617","Supplemental",2023,"May","Weekday",86.0,0,0,"Other"
"62","Local",2023,"May","Saturday",1017.0,1,0,"Other"
"62","Local",2023,"May","Sunday",967.25,1,0,"Other"
"62","Local",2023,"May","Weekday",2027.0,1,0,"Other"
"620","Supplemental",2023,"May","Weekday",72.0,0,0,"Other"
"621","Supplemental",2023,"May","Weekday",175.0,0,0,"Other"
"623","Supplemental",2023,"May","Weekday",941.416666666667,0,0,"Other"
"624","Supplemental",2023,"May","Weekday",28.5,0,0,"Other"
"625","Supplemental",2023,"May","Weekday",172.0,0,0,"Other"
"626","Supplemental",2023,"May","Weekday",12.0,0,0,"Other"
"628","Supplemental",2023,"May","Weekday",15.0,0,0,"Other"
"629","Supplemental",2023,"May","Weekday",35.0,0,0,"Other"
"631","Supplemental",2023,"May","Weekday",171.0,0,0,"Other"
"638","Supplemental",2023,"May","Weekday",54.0,0,0,"Other"
"641","Supplemental",2023,"May","Weekday",147.5,0,0,"Other"
"642","Supplemental",2023,"May","Weekday",58.0,0,0,"Other"
"646","Supplemental",2023,"May","Weekday",225.0,0,0,"Other"
"648","Supplemental",2023,"May","Weekday",117.0,0,0,"Other"
"649","Supplemental",2023,"May","Weekday",68.0,0,0,"Other"
"65","Local",2023,"May","Weekday",402.0,0,0,"Other"
"650","Supplemental",2023,"May","Weekday",37.0,0,0,"Other"
"652","Supplemental",2023,"May","Weekday",72.0,0,0,"Other"
"653","Supplemental",2023,"May","Weekday",49.0,0,0,"Other"
"654","Supplemental",2023,"May","Weekday",255.0,0,0,"Other"
"655","Supplemental",2023,"May","Weekday",102.0,0,0,"Other"
"657","Supplemental",2023,"May","Weekday",196.666666666667,0,0,"Other"
"658","Supplemental",2023,"May","Weekday",156.0,0,0,"Other"
"660","Supplemental",2023,"May","Weekday",61.3333333333333,0,0,"Other"
"662","Supplemental",2023,"May","Weekday",59.0,0,0,"Other"
"663","Supplemental",2023,"May","Weekday",71.0,0,0,"Other"
"667","Supplemental",2023,"May","Weekday",107.8,0,0,"Other"
"669","Supplemental",2023,"May","Weekday",62.5,0,0,"Other"
"67","Local",2023,"May","Weekday",300.533333333333,0,0,"Other"
"671","Supplemental",2023,"May","Weekday",109.666666666667,0,0,"Other"
"672","Supplemental",2023,"May","Weekday",31.0,0,0,"Other"
"675","Supplemental",2023,"May","Weekday",259.0,0,0,"Other"
"676","Supplemental",2023,"May","Weekday",80.0,0,0,"Other"
"677","Supplemental",2023,"May","Weekday",139.0,0,0,"Other"
"680","Supplemental",2023,"May","Weekday",48.0,0,0,"Other"
"681","Supplemental",2023,"May","Weekday",31.5,0,0,"Other"
"682","Supplemental",2023,"May","Weekday",202.0,0,0,"Other"
"684","Supplemental",2023,"May","Weekday",165.666666666667,0,0,"Other"
"687","Supplemental",2023,"May","Weekday",196.0,0,0,"Other"
"688","Supplemental",2023,"May","Weekday",49.0,0,0,"Other"
"696","Supplemental",2023,"May","Weekday",18.0,0,0,"Other"
"7","Local",2023,"May","Weekday",407.0,0,0,"Other"
"70","Local",2023,"May","Saturday",273.0,1,0,"Other"
"70","Local",2023,"May","Sunday",243.0,1,0,"Other"
"70","Local",2023,"May","Weekday",370.0,1,0,"Other"
"701","M-Transbay",2023,"May","Weekday",55.0,0,0,"Other"
"702","M-Transbay",2023,"May","Weekday",16.0,0,0,"Other"
"703","M-Transbay",2023,"May","Weekday",10.0,0,0,"Other"
"706","M-Transbay",2023,"May","Weekday",12.0,0,0,"Other"
"707","M-Transbay",2023,"May","Weekday",3.0,0,0,"Other"
"71","Local",2023,"May","Saturday",362.0,1,0,"Other"
"71","Local",2023,"May","Sunday",325.0,1,0,"Other"
"71","Local",2023,"May","Weekday",866.0,1,0,"Other"
"72","Local",2023,"May","Saturday",2468.0,1,0,"Other"
"72","Local",2023,"May","Sunday",2111.0,1,0,"Other"
"72","Local",2023,"May","Weekday",2713.0,1,0,"Other"
"72M","Local",2023,"May","Saturday",2187.0,1,0,"Other"
"72M","Local",2023,"May","Sunday",1852.0,1,0,"Other"
"72M","Local",2023,"May","Weekday",2652.0,1,0,"Other"
"72R","Local",2023,"May","Saturday",2528.0,1,0,"Other"
"72R","Local",2023,"May","Sunday",2191.0,1,0,"Other"
"72R","Local",2023,"May","Weekday",3888.0,1,0,"Other"
"73","Local",2023,"May","Saturday",1229.0,1,0,"Other"
"73","Local",2023,"May","Sunday",1451.07692307692,1,0,"Other"
"73","Local",2023,"May","Weekday",1816.0,1,0,"Other"
"74","Local",2023,"May","Saturday",358.0,1,0,"Other"
"74","Local",2023,"May","Sunday",349.0,1,0,"Other"
"74","Local",2023,"May","Weekday",1091.0,1,0,"Other"
"76","Local",2023,"May","Saturday",996.0,1,0,"Other"
"76","Local",2023,"May","Sunday",876.0,1,0,"Other"
"76","Local",2023,"May","Weekday",1951.0,1,0,"Other"
"78","Local",2023,"May","Weekday",168.0,0,0,"Other"
"79","Local",2023,"May","Saturday",1110.0,1,0,"Other"
"79","Local",2023,"May","Sunday",927.0,1,0,"Other"
"79","Local",2023,"May","Weekday",1515.0,1,0,"Other"
"800","All Nighter",2023,"May","Saturday",509.896551724138,1,1,"Other"
"800","All Nighter",2023,"May","Sunday",381.620689655172,1,1,"Other"
"800","All Nighter",2023,"May","Weekday",379.48275862069,1,1,"Other"
"801","All Nighter",2023,"May","Saturday",267.28,1,0,"Other"
"801","All Nighter",2023,"May","Sunday",298.0,1,0,"Other"
"801","All Nighter",2023,"May","Weekday",302.0,1,0,"Other"
"802","All Nighter",2023,"May","Saturday",63.0,1,0,"Other"
"802","All Nighter",2023,"May","Sunday",52.0,1,0,"Other"
"802","All Nighter",2023,"May","Weekday",69.0,1,0,"Other"
"805","All Nighter",2023,"May","Saturday",50.1818181818182,1,0,"Other"
"805","All Nighter",2023,"May","Sunday",74.1818181818182,1,0,"Other"
"805","All Nighter",2023,"May","Weekday",90.5454545454545,1,0,"Other"
"840","All Nighter",2023,"May","Saturday",51.6,1,0,"Other"
"840","All Nighter",2023,"May","Sunday",59.0,1,0,"Other"
"840","All Nighter",2023,"May","Weekday",58.0,1,0,"Other"
"851","All Nighter",2023,"May","Saturday",70.0,1,1,"Other"
"851","All Nighter",2023,"May","Sunday",57.0,1,1,"Other"
"851","All Nighter",2023,"May","Weekday",65.0,1,1,"Other"
"86","Local",2023,"May","Saturday",614.0,1,0,"Other"
"86","Local",2023,"May","Sunday",527.0,1,0,"Other"
"86","Local",2023,"May","Weekday",1122.0,1,0,"Other"
"88","Local",2023,"May","Saturday",1122.0,1,0,"Other"
"88","Local",2023,"May","Sunday",1011.0,1,0,"Other"
"88","Local",2023,"May","Weekday",1778.0,1,0,"Other"
"90","Local",2023,"May","Saturday",405.0,1,0,"Other"
"90","Local",2023,"May","Sunday",372.646153846154,1,0,"Other"
"90","Local",2023,"May","Weekday",691.0,1,0,"Other"
"93","Local",2023,"May","Saturday",387.0,1,0,"Other"
"93","Local",2023,"May","Sunday",323.0,1,0,"Other"
"93","Local",2023,"May","Weekday",714.0,1,0,"Other"
"95","Local",2023,"May","Saturday",141.365853658537,1,0,"Other"
"95","Local",2023,"May","Sunday",115.0,1,0,"Other"
"95","Local",2023,"May","Weekday",231.022222222222,1,0,"Other"
"96","Local",2023,"May","Saturday",807.0,1,0,"Other"
"96","Local",2023,"May","Sunday",885.0,1,0,"Other"
"96","Local",2023,"May","Weekday",1261.0,1,0,"Other"
"97","Local",2023,"May","Saturday",1447.0,1,0,"Other"
"97","Local",2023,"May","Sunday",1293.0,1,0,"Other"
"97","Local",2023,"May","Weekday",2777.0,1,0,"Other"
"98","Local",2023,"May","Saturday",450.0,1,0,"Other"
"98","Local",2023,"May","Sunday",460.0,1,0,"Other"
"98","Local",2023,"May","Weekday",1078.0,1,0,"Other"
"99","Local",2023,"May","Saturday",1202.0,1,0,"Other"
"99","Local",2023,"May","Sunday",1062.0,1,0,"Other"
"99","Local",2023,"May","Weekday",2062.0,1,0,"Other"
"E","M-Transbay",2023,"May","Weekday",133.0,0,0,"Other"
"F","M-Transbay",2023,"May","Saturday",1326.0,1,1,"Other"
"F","M-Transbay",2023,"May","Sunday",1134.0,1,1,"Other"
"F","M-Transbay",2023,"May","Weekday",1758.0,1,1,"Other"
"FS","M-Transbay",2023,"May","Weekday",97.0,0,0,"Other"
"G","M-Transbay",2023,"May","Weekday",178.5,0,0,"Other"
"J","M-Transbay",2023,"May","Weekday",230.857142857143,0,0,"Other"
"L","M-Transbay",2023,"May","Weekday",123.0,0,0,"Other"
"LA","M-Transbay",2023,"May","Weekday",76.25,0,0,"Other"
"NL","M-Transbay",2023,"May","Saturday",873.0,1,0,"Other"
"NL","M-Transbay",2023,"May","Sunday",807.0,1,0,"Other"
"NL","M-Transbay",2023,"May","Weekday",1935.0,1,0,"Other"
"NX","M-Transbay",2023,"May","Weekday",131.0,0,0,"Other"
"NX3","M-Transbay",2023,"May","Weekday",95.0,0,0,"Other"
"O","M-Transbay",2023,"May","Saturday",590.0,1,0,"Other"
"O","M-Transbay",2023,"May","Sunday",536.380952380952,1,0,"Other"
"O","M-Transbay",2023,"May","Weekday",964.0,1,0,"Other"
"OX","M-Transbay",2023,"May","Weekday",95.0,0,0,"Other"
"P","M-Transbay",2023,"May","Weekday",288.0,0,0,"Other"
"U","M-Transbay",2023,"May","Weekday",203.0,0,0,"Other"
"V","M-Transbay",2023,"May","Weekday",158.0,0,0,"Other"
"W","M-Transbay",2023,"May","Weekday",139.0,0,0,"Other"
"10","Local",2023,"Jun","Saturday",1477.6884097035,1,0,"Summer"
"10","Local",2023,"Jun","Sunday",1239.46666666667,1,0,"Summer"
"10","Local",2023,"Jun","Weekday",2143.0,1,0,"Summer"
"12","Local",2023,"Jun","Saturday",1384.0,1,0,"Summer"
"12","Local",2023,"Jun","Sunday",1208.33529411765,1,0,"Summer"
"12","Local",2023,"Jun","Weekday",2061.66666666667,1,0,"Summer"
"14","Local",2023,"Jun","Saturday",1437.0,1,0,"Summer"
"14","Local",2023,"Jun","Sunday",1326.34237288136,1,0,"Summer"
"14","Local",2023,"Jun","Weekday",2710.33333333333,1,0,"Summer"
"18","Local",2023,"Jun","Saturday",2345.0,1,0,"Summer"
"18","Local",2023,"Jun","Sunday",2215.14432989691,1,0,"Summer"
"18","Local",2023,"Jun","Weekday",3036.66666666667,1,0,"Summer"
"19","Local",2023,"Jun","Saturday",165.973958333333,1,0,"Summer"
"19","Local",2023,"Jun","Sunday",162.9375,1,0,"Summer"
"19","Local",2023,"Jun","Weekday",205.333333333333,1,0,"Summer"
"1T","Local",2023,"Jun","Saturday",11287.3059360731,1,0,"Summer"
"1T","Local",2023,"Jun","Sunday",10308.1458333333,1,0,"Summer"
"1T","Local",2023,"Jun","Weekday",14084.6666666667,1,0,"Summer"
"20","Local",2023,"Jun","Saturday",1659.5,1,0,"Summer"
"20","Local",2023,"Jun","Sunday",1411.70169491525,1,0,"Summer"
"20","Local",2023,"Jun","Weekday",1917.33333333333,1,0,"Summer"
"200","Local",2023,"Jun","Saturday",1049.51886792453,1,0,"Summer"
"200","Local",2023,"Jun","Sunday",977.248351648352,1,0,"Summer"
"200","Local",2023,"Jun","Weekday",1425.33333333333,1,0,"Summer"
"21","Local",2023,"Jun","Saturday",957.450819672131,1,0,"Summer"
"21","Local",2023,"Jun","Sunday",858.213333333333,1,0,"Summer"
"21","Local",2023,"Jun","Weekday",1259.66666666667,1,0,"Summer"
"210","Local",2023,"Jun","Saturday",622.5,1,0,"Summer"
"210","Local",2023,"Jun","Sunday",558.093617021277,1,0,"Summer"
"210","Local",2023,"Jun","Weekday",912.333333333333,1,0,"Summer"
"212","Local",2023,"Jun","Saturday",410.653846153846,1,0,"Summer"
"212","Local",2023,"Jun","Sunday",394.24,1,0,"Summer"
"212","Local",2023,"Jun","Weekday",497.333333333333,1,0,"Summer"
"215","Local",2023,"Jun","Weekday",186.333333333333,0,0,"Summer"
"216","Local",2023,"Jun","Saturday",212.5,1,0,"Summer"
"216","Local",2023,"Jun","Sunday",213.328,1,0,"Summer"
"216","Local",2023,"Jun","Weekday",268.0,1,0,"Summer"
"217","Local",2023,"Jun","Saturday",560.948275862069,1,0,"Summer"
"217","Local",2023,"Jun","Sunday",567.12,1,0,"Summer"
"217","Local",2023,"Jun","Weekday",657.632653061224,1,0,"Summer"
"232","Local",2023,"Jun","Saturday",209.166666666667,1,0,"Summer"
"232","Local",2023,"Jun","Sunday",210.330434782609,1,0,"Summer"
"232","Local",2023,"Jun","Weekday",265.333333333333,1,0,"Summer"
"239","Local",2023,"Jun","Weekday",587.0,0,0,"Summer"
"251","Local",2023,"Jun","Saturday",110.333333333333,1,0,"Summer"
"251","Local",2023,"Jun","Sunday",100.654545454545,1,0,"Summer"
"251","Local",2023,"Jun","Weekday",162.333333333333,1,0,"Summer"
"28","Local",2023,"Jun","Saturday",378.5,1,0,"Summer"
"28","Local",2023,"Jun","Sunday",379.306666666667,1,0,"Summer"
"28","Local",2023,"Jun","Weekday",565.333333333333,1,0,"Summer"
"29","Local",2023,"Jun","Saturday",613.26,1,0,"Summer"
"29","Local",2023,"Jun","Sunday",592.2,1,0,"Summer"
"29","Local",2023,"Jun","Weekday",1041.0,1,0,"Summer"
"33","Local",2023,"Jun","Saturday",1229.57352941176,1,0,"Summer"
"33","Local",2023,"Jun","Sunday",1095.1,1,0,"Summer"
"33","Local",2023,"Jun","Weekday",1850.4738292011,1,0,"Summer"
"34","Local",2023,"Jun","Saturday",506.5,1,0,"Summer"
"34","Local",2023,"Jun","Sunday",410.817391304348,1,0,"Summer"
"34","Local",2023,"Jun","Weekday",595.333333333333,1,0,"Summer"
"35","Local",2023,"Jun","Saturday",491.0,1,0,"Summer"
"35","Local",2023,"Jun","Sunday",428.069565217391,1,0,"Summer"
"35","Local",2023,"Jun","Weekday",550.0,1,0,"Summer"
"36","Local",2023,"Jun","Saturday",1067.32857142857,1,1,"Summer"
"36","Local",2023,"Jun","Sunday",963.238356164384,1,1,"Summer"
"36","Local",2023,"Jun","Weekday",1299.66666666667,1,1,"Summer"
"376","Local",2023,"Jun","Saturday",222.857142857143,1,0,"Summer"
"376","Local",2023,"Jun","Sunday",207.285714285714,1,0,"Summer"
"376","Local",2023,"Jun","Weekday",160.666666666667,1,0,"Summer"
"39","Local",2023,"Jun","Weekday",227.645833333333,0,0,"Summer"
"40","Local",2023,"Jun","Saturday",3046.14566929134,1,0,"Summer"
"40","Local",2023,"Jun","Sunday",2752.61196581197,1,0,"Summer"
"40","Local",2023,"Jun","Weekday",5166.33333333333,1,0,"Summer"
"41","Local",2023,"Jun","Saturday",337.0,1,0,"Summer"
"41","Local",2023,"Jun","Sunday",345.6375,1,0,"Summer"
"41","Local",2023,"Jun","Weekday",526.333333333333,1,0,"Summer"
"45","Local",2023,"Jun","Saturday",517.0,1,0,"Summer"
"45","Local",2023,"Jun","Sunday",464.0,1,0,"Summer"
"45","Local",2023,"Jun","Weekday",1029.0,1,0,"Summer"
"46L","Local",2023,"Jun","Weekday",129.333333333333,0,0,"Summer"
"51A","Local",2023,"Jun","Saturday",3382.43913043478,1,0,"Summer"
"51A","Local",2023,"Jun","Sunday",2851.59775280899,1,0,"Summer"
"51A","Local",2023,"Jun","Weekday",5373.69841269841,1,0,"Summer"
"51B","Local",2023,"Jun","Saturday",4101.47916666667,1,1,"Summer"
"51B","Local",2023,"Jun","Sunday",3631.13684210526,1,1,"Summer"
"51B","Local",2023,"Jun","Weekday",4996.66666666667,1,1,"Summer"
"52","Local",2023,"Jun","Saturday",749.0,1,1,"Summer"
"52","Local",2023,"Jun","Sunday",736.492753623188,1,1,"Summer"
"52","Local",2023,"Jun","Weekday",1739.33333333333,1,1,"Summer"
"54","Local",2023,"Jun","Saturday",563.5,1,0,"Summer"
"54","Local",2023,"Jun","Sunday",570.621538461538,1,0,"Summer"
"54","Local",2023,"Jun","Weekday",1223.33333333333,1,0,"Summer"
"56","Local",2023,"Jun","Saturday",285.0,1,0,"Summer"
"56","Local",2023,"Jun","Sunday",274.323076923077,1,0,"Summer"
"56","Local",2023,"Jun","Weekday",426.333333333333,1,0,"Summer"
"57","Local",2023,"Jun","Saturday",3463.45260093168,1,0,"Summer"
"57","Local",2023,"Jun","Sunday",3116.07637362637,1,0,"Summer"
"57","Local",2023,"Jun","Weekday",4391.62139917695,1,0,"Summer"
"6","Local",2023,"Jun","Saturday",2776.39932885906,1,1,"Summer"
"6","Local",2023,"Jun","Sunday",2566.63043478261,1,1,"Summer"
"6","Local",2023,"Jun","Weekday",4137.0,1,1,"Summer"
"60","Local",2023,"Jun","Saturday",642.5,1,0,"Summer"
"60","Local",2023,"Jun","Sunday",567.575510204082,1,0,"Summer"
"60","Local",2023,"Jun","Weekday",902.0,1,0,"Summer"
"604","Supplemental",2023,"Jun","Weekday",0.0,0,0,"Summer"
"605","Supplemental",2023,"Jun","Weekday",0.0,0,0,"Summer"
"606","Supplemental",2023,"Jun","Weekday",0.0,0,0,"Summer"
"607","Supplemental",2023,"Jun","Weekday",0.0,0,0,"Summer"
"617","Supplemental",2023,"Jun","Weekday",0.0,0,0,"Summer"
"62","Local",2023,"Jun","Saturday",1023.0,1,0,"Summer"
"62","Local",2023,"Jun","Sunday",1031.49705882353,1,0,"Summer"
"62","Local",2023,"Jun","Weekday",1905.0,1,0,"Summer"
"620","Supplemental",2023,"Jun","Weekday",0.0,0,0,"Summer"
"621","Supplemental",2023,"Jun","Weekday",0.0,0,0,"Summer"
"623","Supplemental",2023,"Jun","Weekday",0.0,0,0,"Summer"
"624","Supplemental",2023,"Jun","Weekday",0.0,0,0,"Summer"
"625","Supplemental",2023,"Jun","Weekday",0.0,0,0,"Summer"
"626","Supplemental",2023,"Jun","Weekday",0.0,0,0,"Summer"
"628","Supplemental",2023,"Jun","Weekday",0.0,0,0,"Summer"
"629","Supplemental",2023,"Jun","Weekday",0.0,0,0,"Summer"
"631","Supplemental",2023,"Jun","Weekday",0.0,0,0,"Summer"
"638","Supplemental",2023,"Jun","Weekday",0.0,0,0,"Summer"
"641","Supplemental",2023,"Jun","Weekday",0.0,0,0,"Summer"
"642","Supplemental",2023,"Jun","Weekday",0.0,0,0,"Summer"
"646","Supplemental",2023,"Jun","Weekday",0.0,0,0,"Summer"
"648","Supplemental",2023,"Jun","Weekday",0.0,0,0,"Summer"
"649","Supplemental",2023,"Jun","Weekday",0.0,0,0,"Summer"
"65","Local",2023,"Jun","Weekday",224.918918918919,0,0,"Summer"
"650","Supplemental",2023,"Jun","Weekday",0.0,0,0,"Summer"
"652","Supplemental",2023,"Jun","Weekday",0.0,0,0,"Summer"
"653","Supplemental",2023,"Jun","Weekday",0.0,0,0,"Summer"
"654","Supplemental",2023,"Jun","Weekday",0.0,0,0,"Summer"
"655","Supplemental",2023,"Jun","Weekday",0.0,0,0,"Summer"
"657","Supplemental",2023,"Jun","Weekday",0.0,0,0,"Summer"
"658","Supplemental",2023,"Jun","Weekday",0.0,0,0,"Summer"
"660","Supplemental",2023,"Jun","Weekday",0.0,0,0,"Summer"
"662","Supplemental",2023,"Jun","Weekday",0.0,0,0,"Summer"
"663","Supplemental",2023,"Jun","Weekday",0.0,0,0,"Summer"
"667","Supplemental",2023,"Jun","Weekday",0.0,0,0,"Summer"
"669","Supplemental",2023,"Jun","Weekday",0.0,0,0,"Summer"
"67","Local",2023,"Jun","Weekday",288.19696969697,0,0,"Summer"
"671","Supplemental",2023,"Jun","Weekday",0.0,0,0,"Summer"
"672","Supplemental",2023,"Jun","Weekday",0.0,0,0,"Summer"
"675","Supplemental",2023,"Jun","Weekday",0.0,0,0,"Summer"
"676","Supplemental",2023,"Jun","Weekday",0.0,0,0,"Summer"
"677","Supplemental",2023,"Jun","Weekday",0.0,0,0,"Summer"
"680","Supplemental",2023,"Jun","Weekday",0.0,0,0,"Summer"
"681","Supplemental",2023,"Jun","Weekday",0.0,0,0,"Summer"
"682","Supplemental",2023,"Jun","Weekday",0.0,0,0,"Summer"
"684","Supplemental",2023,"Jun","Weekday",0.0,0,0,"Summer"
"687","Supplemental",2023,"Jun","Weekday",0.0,0,0,"Summer"
"688","Supplemental",2023,"Jun","Weekday",0.0,0,0,"Summer"
"696","Supplemental",2023,"Jun","Weekday",0.0,0,0,"Summer"
"7","Local",2023,"Jun","Weekday",428.334610472542,0,0,"Summer"
"70","Local",2023,"Jun","Saturday",301.472527472527,1,0,"Summer"
"70","Local",2023,"Jun","Sunday",278.657142857143,1,0,"Summer"
"70","Local",2023,"Jun","Weekday",381.333333333333,1,0,"Summer"
"701","M-Transbay",2023,"Jun","Weekday",48.5,0,0,"Summer"
"702","M-Transbay",2023,"Jun","Weekday",14.6666666666667,0,0,"Summer"
"703","M-Transbay",2023,"Jun","Weekday",10.0,0,0,"Summer"
"706","M-Transbay",2023,"Jun","Weekday",11.3333333333333,0,0,"Summer"
"707","M-Transbay",2023,"Jun","Weekday",2.0,0,0,"Summer"
"71","Local",2023,"Jun","Saturday",304.106280193237,1,0,"Summer"
"71","Local",2023,"Jun","Sunday",317.269565217391,1,0,"Summer"
"71","Local",2023,"Jun","Weekday",798.0,1,0,"Summer"
"72","Local",2023,"Jun","Saturday",2331.93709150327,1,0,"Summer"
"72","Local",2023,"Jun","Sunday",2073.99420289855,1,0,"Summer"
"72","Local",2023,"Jun","Weekday",2790.66666666667,1,0,"Summer"
"72M","Local",2023,"Jun","Saturday",2123.29545454545,1,0,"Summer"
"72M","Local",2023,"Jun","Sunday",1862.11304347826,1,0,"Summer"
"72M","Local",2023,"Jun","Weekday",2661.31481481481,1,0,"Summer"
"72R","Local",2023,"Jun","Saturday",2500.5,1,0,"Summer"
"72R","Local",2023,"Jun","Sunday",2305.5323943662,1,0,"Summer"
"72R","Local",2023,"Jun","Weekday",3822.66666666667,1,0,"Summer"
"73","Local",2023,"Jun","Saturday",1263.41489361702,1,0,"Summer"
"73","Local",2023,"Jun","Sunday",1229.19183673469,1,0,"Summer"
"73","Local",2023,"Jun","Weekday",1742.33333333333,1,0,"Summer"
"74","Local",2023,"Jun","Saturday",411.978723404255,1,0,"Summer"
"74","Local",2023,"Jun","Sunday",404.225,1,0,"Summer"
"74","Local",2023,"Jun","Weekday",955.333333333333,1,0,"Summer"
"76","Local",2023,"Jun","Saturday",1013.0,1,0,"Summer"
"76","Local",2023,"Jun","Sunday",956.2,1,0,"Summer"
"76","Local",2023,"Jun","Weekday",1787.45771144279,1,0,"Summer"
"78","Local",2023,"Jun","Weekday",153.0,0,0,"Summer"
"79","Local",2023,"Jun","Saturday",761.0,1,0,"Summer"
"79","Local",2023,"Jun","Sunday",680.185365853659,1,0,"Summer"
"79","Local",2023,"Jun","Weekday",1042.33333333333,1,0,"Summer"
"800","All Nighter",2023,"Jun","Saturday",474.459742351047,1,1,"Summer"
"800","All Nighter",2023,"Jun","Sunday",359.077777777778,1,1,"Summer"
"800","All Nighter",2023,"Jun","Weekday",370.942528735632,1,1,"Summer"
"801","All Nighter",2023,"Jun","Saturday",302.388888888889,1,0,"Summer"
"801","All Nighter",2023,"Jun","Sunday",321.129411764706,1,0,"Summer"
"801","All Nighter",2023,"Jun","Weekday",316.053333333333,1,0,"Summer"
"802","All Nighter",2023,"Jun","Saturday",51.0,1,0,"Summer"
"802","All Nighter",2023,"Jun","Sunday",60.4,1,0,"Summer"
"802","All Nighter",2023,"Jun","Weekday",70.3333333333333,1,0,"Summer"
"805","All Nighter",2023,"Jun","Saturday",57.0,1,0,"Summer"
"805","All Nighter",2023,"Jun","Sunday",77.0,1,0,"Summer"
"805","All Nighter",2023,"Jun","Weekday",93.2121212121212,1,0,"Summer"
"840","All Nighter",2023,"Jun","Saturday",41.7575757575758,1,0,"Summer"
"840","All Nighter",2023,"Jun","Sunday",45.3545454545455,1,0,"Summer"
"840","All Nighter",2023,"Jun","Weekday",53.0,1,0,"Summer"
"851","All Nighter",2023,"Jun","Saturday",65.5,1,1,"Summer"
"851","All Nighter",2023,"Jun","Sunday",55.45,1,1,"Summer"
"851","All Nighter",2023,"Jun","Weekday",65.0,1,1,"Summer"
"86","Local",2023,"Jun","Saturday",550.0,1,0,"Summer"
"86","Local",2023,"Jun","Sunday",605.220895522388,1,0,"Summer"
"86","Local",2023,"Jun","Weekday",1125.33333333333,1,0,"Summer"
"88","Local",2023,"Jun","Saturday",1163.32242990654,1,0,"Summer"
"88","Local",2023,"Jun","Sunday",1072.94545454545,1,0,"Summer"
"88","Local",2023,"Jun","Weekday",1653.66666666667,1,0,"Summer"
"90","Local",2023,"Jun","Saturday",405.421875,1,0,"Summer"
"90","Local",2023,"Jun","Sunday",404.525,1,0,"Summer"
"90","Local",2023,"Jun","Weekday",661.333333333333,1,0,"Summer"
"93","Local",2023,"Jun","Saturday",378.0,1,0,"Summer"
"93","Local",2023,"Jun","Sunday",340.872727272727,1,0,"Summer"
"93","Local",2023,"Jun","Weekday",633.666666666667,1,0,"Summer"
"95","Local",2023,"Jun","Saturday",153.268292682927,1,0,"Summer"
"95","Local",2023,"Jun","Sunday",135.310344827586,1,0,"Summer"
"95","Local",2023,"Jun","Weekday",214.787878787879,1,0,"Summer"
"96","Local",2023,"Jun","Saturday",917.0,1,0,"Summer"
"96","Local",2023,"Jun","Sunday",854.07619047619,1,0,"Summer"
"96","Local",2023,"Jun","Weekday",1176.33333333333,1,0,"Summer"
"97","Local",2023,"Jun","Saturday",1445.5,1,0,"Summer"
"97","Local",2023,"Jun","Sunday",1344.26829268293,1,0,"Summer"
"97","Local",2023,"Jun","Weekday",2431.20325203252,1,0,"Summer"
"98","Local",2023,"Jun","Saturday",505.0,1,0,"Summer"
"98","Local",2023,"Jun","Sunday",505.686153846154,1,0,"Summer"
"98","Local",2023,"Jun","Weekday",1005.43365695793,1,0,"Summer"
"99","Local",2023,"Jun","Saturday",1257.5,1,0,"Summer"
"99","Local",2023,"Jun","Sunday",1156.56949152542,1,0,"Summer"
"99","Local",2023,"Jun","Weekday",2000.33333333333,1,0,"Summer"
"E","M-Transbay",2023,"Jun","Weekday",116.095238095238,0,0,"Summer"
"F","M-Transbay",2023,"Jun","Saturday",1298.97368421053,1,1,"Summer"
"F","M-Transbay",2023,"Jun","Sunday",1288.27082184225,1,1,"Summer"
"F","M-Transbay",2023,"Jun","Weekday",1554.0,1,1,"Summer"
"FS","M-Transbay",2023,"Jun","Weekday",98.0,0,0,"Summer"
"G","M-Transbay",2023,"Jun","Weekday",161.6,0,0,"Summer"
"J","M-Transbay",2023,"Jun","Weekday",215.047619047619,0,0,"Summer"
"L","M-Transbay",2023,"Jun","Weekday",119.0,0,0,"Summer"
"LA","M-Transbay",2023,"Jun","Weekday",63.75,0,0,"Summer"
"NL","M-Transbay",2023,"Jun","Saturday",1040.0,1,0,"Summer"
"NL","M-Transbay",2023,"Jun","Sunday",907.4,1,0,"Summer"
"NL","M-Transbay",2023,"Jun","Weekday",1900.0,1,0,"Summer"
"NX","M-Transbay",2023,"Jun","Weekday",122.333333333333,0,0,"Summer"
"NX3","M-Transbay",2023,"Jun","Weekday",98.3333333333333,0,0,"Summer"
"O","M-Transbay",2023,"Jun","Saturday",656.779326923077,1,0,"Summer"
"O","M-Transbay",2023,"Jun","Sunday",675.675,1,0,"Summer"
"O","M-Transbay",2023,"Jun","Weekday",951.0,1,0,"Summer"
"OX","M-Transbay",2023,"Jun","Weekday",89.6666666666667,0,0,"Summer"
"P","M-Transbay",2023,"Jun","Weekday",239.666666666667,0,0,"Summer"
"U","M-Transbay",2023,"Jun","Weekday",194.0,0,0,"Summer"
"V","M-Transbay",2023,"Jun","Weekday",139.333333333333,0,0,"Summer"
"W","M-Transbay",2023,"Jun","Weekday",120.0,0,0,"Summer"
"10","Local",2023,"Jul","Saturday",1436.0,1,0,"Summer"
"10","Local",2023,"Jul","Sunday",1275.81308411215,1,0,"Summer"
"10","Local",2023,"Jul","Weekday",1957.0,1,0,"Summer"
"12","Local",2023,"Jul","Saturday",1609.0,1,0,"Summer"
"12","Local",2023,"Jul","Sunday",1209.0,1,0,"Summer"
"12","Local",2023,"Jul","Weekday",2099.0,1,0,"Summer"
"14","Local",2023,"Jul","Saturday",1460.0,1,0,"Summer"
"14","Local",2023,"Jul","Sunday",1182.0,1,0,"Summer"
"14","Local",2023,"Jul","Weekday",2486.0,1,0,"Summer"
"18","Local",2023,"Jul","Saturday",2437.0,1,0,"Summer"
"18","Local",2023,"Jul","Sunday",1975.0,1,0,"Summer"
"18","Local",2023,"Jul","Weekday",3083.0,1,0,"Summer"
"19","Local",2023,"Jul","Saturday",167.0625,1,0,"Summer"
"19","Local",2023,"Jul","Sunday",156.75,1,0,"Summer"
"19","Local",2023,"Jul","Weekday",230.0,1,0,"Summer"
"1T","Local",2023,"Jul","Saturday",11116.0,1,0,"Summer"
"1T","Local",2023,"Jul","Sunday",10141.0,1,0,"Summer"
"1T","Local",2023,"Jul","Weekday",13575.0,1,0,"Summer"
"20","Local",2023,"Jul","Saturday",1686.0,1,0,"Summer"
"20","Local",2023,"Jul","Sunday",1341.0,1,0,"Summer"
"20","Local",2023,"Jul","Weekday",1868.0,1,0,"Summer"
"200","Local",2023,"Jul","Saturday",1029.0,1,0,"Summer"
"200","Local",2023,"Jul","Sunday",951.0,1,0,"Summer"
"200","Local",2023,"Jul","Weekday",1357.0,1,0,"Summer"
"21","Local",2023,"Jul","Saturday",951.344262295082,1,0,"Summer"
"21","Local",2023,"Jul","Sunday",777.540983606557,1,0,"Summer"
"21","Local",2023,"Jul","Weekday",1244.0,1,0,"Summer"
"210","Local",2023,"Jul","Saturday",568.0,1,0,"Summer"
"210","Local",2023,"Jul","Sunday",498.0,1,0,"Summer"
"210","Local",2023,"Jul","Weekday",930.0,1,0,"Summer"
"212","Local",2023,"Jul","Saturday",426.0,1,0,"Summer"
"212","Local",2023,"Jul","Sunday",349.0,1,0,"Summer"
"212","Local",2023,"Jul","Weekday",508.0,1,0,"Summer"
"215","Local",2023,"Jul","Weekday",187.0,0,0,"Summer"
"216","Local",2023,"Jul","Saturday",200.0,1,0,"Summer"
"216","Local",2023,"Jul","Sunday",193.0,1,0,"Summer"
"216","Local",2023,"Jul","Weekday",264.0,1,0,"Summer"
"217","Local",2023,"Jul","Saturday",551.0,1,0,"Summer"
"217","Local",2023,"Jul","Sunday",491.0,1,0,"Summer"
"217","Local",2023,"Jul","Weekday",671.333333333333,1,0,"Summer"
"232","Local",2023,"Jul","Saturday",205.0,1,0,"Summer"
"232","Local",2023,"Jul","Sunday",195.0,1,0,"Summer"
"232","Local",2023,"Jul","Weekday",272.0,1,0,"Summer"
"239","Local",2023,"Jul","Weekday",535.0,0,0,"Summer"
"251","Local",2023,"Jul","Saturday",103.0,1,0,"Summer"
"251","Local",2023,"Jul","Sunday",92.0,1,0,"Summer"
"251","Local",2023,"Jul","Weekday",160.0,1,0,"Summer"
"28","Local",2023,"Jul","Saturday",385.0,1,0,"Summer"
"28","Local",2023,"Jul","Sunday",363.0,1,0,"Summer"
"28","Local",2023,"Jul","Weekday",532.0,1,0,"Summer"
"29","Local",2023,"Jul","Saturday",673.0,1,0,"Summer"
"29","Local",2023,"Jul","Sunday",550.0,1,0,"Summer"
"29","Local",2023,"Jul","Weekday",1008.0,1,0,"Summer"
"33","Local",2023,"Jul","Saturday",1237.0,1,0,"Summer"
"33","Local",2023,"Jul","Sunday",1137.0,1,0,"Summer"
"33","Local",2023,"Jul","Weekday",1754.0,1,0,"Summer"
"34","Local",2023,"Jul","Saturday",458.0,1,0,"Summer"
"34","Local",2023,"Jul","Sunday",391.0,1,0,"Summer"
"34","Local",2023,"Jul","Weekday",594.0,1,0,"Summer"
"35","Local",2023,"Jul","Saturday",504.0,1,0,"Summer"
"35","Local",2023,"Jul","Sunday",438.0,1,0,"Summer"
"35","Local",2023,"Jul","Weekday",562.0,1,0,"Summer"
"36","Local",2023,"Jul","Saturday",1190.0,1,1,"Summer"
"36","Local",2023,"Jul","Sunday",1051.0,1,1,"Summer"
"36","Local",2023,"Jul","Weekday",1421.0,1,1,"Summer"
"376","Local",2023,"Jul","Saturday",187.0,1,0,"Summer"
"376","Local",2023,"Jul","Sunday",185.0,1,0,"Summer"
"376","Local",2023,"Jul","Weekday",159.0,1,0,"Summer"
"39","Local",2023,"Jul","Weekday",224.0,0,0,"Summer"
"40","Local",2023,"Jul","Saturday",3076.0,1,0,"Summer"
"40","Local",2023,"Jul","Sunday",2564.0,1,0,"Summer"
"40","Local",2023,"Jul","Weekday",4805.0,1,0,"Summer"
"41","Local",2023,"Jul","Saturday",351.0,1,0,"Summer"
"41","Local",2023,"Jul","Sunday",301.0,1,0,"Summer"
"41","Local",2023,"Jul","Weekday",498.0,1,0,"Summer"
"45","Local",2023,"Jul","Saturday",534.0,1,0,"Summer"
"45","Local",2023,"Jul","Sunday",479.0,1,0,"Summer"
"45","Local",2023,"Jul","Weekday",1051.0,1,0,"Summer"
"46L","Local",2023,"Jul","Weekday",108.0,0,0,"Summer"
"51A","Local",2023,"Jul","Saturday",3411.0,1,0,"Summer"
"51A","Local",2023,"Jul","Sunday",2811.0,1,0,"Summer"
"51A","Local",2023,"Jul","Weekday",5173.0,1,0,"Summer"
"51B","Local",2023,"Jul","Saturday",4341.0,1,1,"Summer"
"51B","Local",2023,"Jul","Sunday",3906.0,1,1,"Summer"
"51B","Local",2023,"Jul","Weekday",5771.0,1,1,"Summer"
"52","Local",2023,"Jul","Saturday",928.0,1,1,"Summer"
"52","Local",2023,"Jul","Sunday",767.0,1,1,"Summer"
"52","Local",2023,"Jul","Weekday",2032.0,1,1,"Summer"
"54","Local",2023,"Jul","Saturday",611.0,1,0,"Summer"
"54","Local",2023,"Jul","Sunday",509.0,1,0,"Summer"
"54","Local",2023,"Jul","Weekday",1245.0,1,0,"Summer"
"56","Local",2023,"Jul","Saturday",289.0,1,0,"Summer"
"56","Local",2023,"Jul","Sunday",245.0,1,0,"Summer"
"56","Local",2023,"Jul","Weekday",388.0,1,0,"Summer"
"57","Local",2023,"Jul","Saturday",3730.88888888889,1,0,"Summer"
"57","Local",2023,"Jul","Sunday",3084.92592592593,1,0,"Summer"
"57","Local",2023,"Jul","Weekday",4028.0,1,0,"Summer"
"6","Local",2023,"Jul","Saturday",2854.0,1,1,"Summer"
"6","Local",2023,"Jul","Sunday",2492.0,1,1,"Summer"
"6","Local",2023,"Jul","Weekday",4577.0,1,1,"Summer"
"60","Local",2023,"Jul","Saturday",611.0,1,0,"Summer"
"60","Local",2023,"Jul","Sunday",527.0,1,0,"Summer"
"60","Local",2023,"Jul","Weekday",861.0,1,0,"Summer"
"62","Local",2023,"Jul","Saturday",1033.0,1,0,"Summer"
"62","Local",2023,"Jul","Sunday",899.0,1,0,"Summer"
"62","Local",2023,"Jul","Weekday",1809.0,1,0,"Summer"
"65","Local",2023,"Jul","Weekday",236.444444444444,0,0,"Summer"
"67","Local",2023,"Jul","Weekday",237.155555555556,0,0,"Summer"
"7","Local",2023,"Jul","Weekday",407.866666666667,0,0,"Summer"
"70","Local",2023,"Jul","Saturday",297.0,1,0,"Summer"
"70","Local",2023,"Jul","Sunday",266.0,1,0,"Summer"
"70","Local",2023,"Jul","Weekday",373.0,1,0,"Summer"
"701","M-Transbay",2023,"Jul","Weekday",42.0,0,0,"Summer"
"702","M-Transbay",2023,"Jul","Weekday",13.0,0,0,"Summer"
"703","M-Transbay",2023,"Jul","Weekday",10.0,0,0,"Summer"
"706","M-Transbay",2023,"Jul","Weekday",11.0,0,0,"Summer"
"707","M-Transbay",2023,"Jul","Weekday",2.0,0,0,"Summer"
"71","Local",2023,"Jul","Saturday",381.0,1,0,"Summer"
"71","Local",2023,"Jul","Sunday",300.0,1,0,"Summer"
"71","Local",2023,"Jul","Weekday",745.0,1,0,"Summer"
"72","Local",2023,"Jul","Saturday",2476.0,1,0,"Summer"
"72","Local",2023,"Jul","Sunday",1991.0,1,0,"Summer"
"72","Local",2023,"Jul","Weekday",2568.0,1,0,"Summer"
"72M","Local",2023,"Jul","Saturday",2194.0,1,0,"Summer"
"72M","Local",2023,"Jul","Sunday",1750.0,1,0,"Summer"
"72M","Local",2023,"Jul","Weekday",2540.0,1,0,"Summer"
"72R","Local",2023,"Jul","Saturday",2575.0,1,0,"Summer"
"72R","Local",2023,"Jul","Sunday",2172.0,1,0,"Summer"
"72R","Local",2023,"Jul","Weekday",3703.0,1,0,"Summer"
"73","Local",2023,"Jul","Saturday",1232.55944055944,1,0,"Summer"
"73","Local",2023,"Jul","Sunday",1105.67832167832,1,0,"Summer"
"73","Local",2023,"Jul","Weekday",1810.57342657343,1,0,"Summer"
"74","Local",2023,"Jul","Saturday",428.0,1,0,"Summer"
"74","Local",2023,"Jul","Sunday",371.0,1,0,"Summer"
"74","Local",2023,"Jul","Weekday",760.0,1,0,"Summer"
"76","Local",2023,"Jul","Saturday",989.0,1,0,"Summer"
"76","Local",2023,"Jul","Sunday",845.0,1,0,"Summer"
"76","Local",2023,"Jul","Weekday",1424.0,1,0,"Summer"
"78","Local",2023,"Jul","Weekday",126.0,0,0,"Summer"
"79","Local",2023,"Jul","Saturday",897.0,1,0,"Summer"
"79","Local",2023,"Jul","Sunday",784.0,1,0,"Summer"
"79","Local",2023,"Jul","Weekday",1195.0,1,0,"Summer"
"800","All Nighter",2023,"Jul","Saturday",455.0,1,1,"Summer"
"800","All Nighter",2023,"Jul","Sunday",374.0,1,1,"Summer"
"800","All Nighter",2023,"Jul","Weekday",347.0,1,1,"Summer"
"801","All Nighter",2023,"Jul","Saturday",278.909090909091,1,0,"Summer"
"801","All Nighter",2023,"Jul","Sunday",261.0,1,0,"Summer"
"801","All Nighter",2023,"Jul","Weekday",305.0,1,0,"Summer"
"802","All Nighter",2023,"Jul","Saturday",59.0,1,0,"Summer"
"802","All Nighter",2023,"Jul","Sunday",62.0,1,0,"Summer"
"802","All Nighter",2023,"Jul","Weekday",65.0,1,0,"Summer"
"805","All Nighter",2023,"Jul","Saturday",80.0,1,0,"Summer"
"805","All Nighter",2023,"Jul","Sunday",88.0,1,0,"Summer"
"805","All Nighter",2023,"Jul","Weekday",89.0,1,0,"Summer"
"840","All Nighter",2023,"Jul","Saturday",46.6666666666667,1,0,"Summer"
"840","All Nighter",2023,"Jul","Sunday",46.6666666666667,1,0,"Summer"
"840","All Nighter",2023,"Jul","Weekday",48.0,1,0,"Summer"
"851","All Nighter",2023,"Jul","Saturday",59.0,1,1,"Summer"
"851","All Nighter",2023,"Jul","Sunday",85.0,1,1,"Summer"
"851","All Nighter",2023,"Jul","Weekday",73.0,1,1,"Summer"
"86","Local",2023,"Jul","Saturday",594.0,1,0,"Summer"
"86","Local",2023,"Jul","Sunday",480.0,1,0,"Summer"
"86","Local",2023,"Jul","Weekday",1073.0,1,0,"Summer"
"88","Local",2023,"Jul","Saturday",1173.8691588785,1,0,"Summer"
"88","Local",2023,"Jul","Sunday",1101.0,1,0,"Summer"
"88","Local",2023,"Jul","Weekday",1578.0,1,0,"Summer"
"90","Local",2023,"Jul","Saturday",407.0,1,0,"Summer"
"90","Local",2023,"Jul","Sunday",329.0,1,0,"Summer"
"90","Local",2023,"Jul","Weekday",625.0,1,0,"Summer"
"93","Local",2023,"Jul","Saturday",384.0,1,0,"Summer"
"93","Local",2023,"Jul","Sunday",330.0,1,0,"Summer"
"93","Local",2023,"Jul","Weekday",604.0,1,0,"Summer"
"95","Local",2023,"Jul","Saturday",151.0,1,0,"Summer"
"95","Local",2023,"Jul","Sunday",137.0,1,0,"Summer"
"95","Local",2023,"Jul","Weekday",190.0,1,0,"Summer"
"96","Local",2023,"Jul","Saturday",1228.0,1,0,"Summer"
"96","Local",2023,"Jul","Sunday",872.0,1,0,"Summer"
"96","Local",2023,"Jul","Weekday",1234.0,1,0,"Summer"
"97","Local",2023,"Jul","Saturday",1444.0,1,0,"Summer"
"97","Local",2023,"Jul","Sunday",1291.0,1,0,"Summer"
"97","Local",2023,"Jul","Weekday",2297.0,1,0,"Summer"
"98","Local",2023,"Jul","Saturday",449.0,1,0,"Summer"
"98","Local",2023,"Jul","Sunday",415.0,1,0,"Summer"
"98","Local",2023,"Jul","Weekday",908.0,1,0,"Summer"
"99","Local",2023,"Jul","Saturday",1267.0,1,0,"Summer"
"99","Local",2023,"Jul","Sunday",1061.0,1,0,"Summer"
"99","Local",2023,"Jul","Weekday",1832.0,1,0,"Summer"
"E","M-Transbay",2023,"Jul","Weekday",124.0,0,0,"Summer"
"F","M-Transbay",2023,"Jul","Saturday",1510.0,1,1,"Summer"
"F","M-Transbay",2023,"Jul","Sunday",1451.0,1,1,"Summer"
"F","M-Transbay",2023,"Jul","Weekday",1796.0,1,1,"Summer"
"FS","M-Transbay",2023,"Jul","Weekday",89.0,0,0,"Summer"
"G","M-Transbay",2023,"Jul","Weekday",154.0,0,0,"Summer"
"J","M-Transbay",2023,"Jul","Weekday",208.0,0,0,"Summer"
"L","M-Transbay",2023,"Jul","Weekday",122.0,0,0,"Summer"
"LA","M-Transbay",2023,"Jul","Weekday",67.5,0,0,"Summer"
"NL","M-Transbay",2023,"Jul","Saturday",1002.0,1,0,"Summer"
"NL","M-Transbay",2023,"Jul","Sunday",892.0,1,0,"Summer"
"NL","M-Transbay",2023,"Jul","Weekday",1801.0,1,0,"Summer"
"NX","M-Transbay",2023,"Jul","Weekday",104.0,0,0,"Summer"
"NX3","M-Transbay",2023,"Jul","Weekday",91.0,0,0,"Summer"
"O","M-Transbay",2023,"Jul","Saturday",642.0,1,0,"Summer"
"O","M-Transbay",2023,"Jul","Sunday",629.0,1,0,"Summer"
"O","M-Transbay",2023,"Jul","Weekday",940.0,1,0,"Summer"
"OX","M-Transbay",2023,"Jul","Weekday",87.0,0,0,"Summer"
"P","M-Transbay",2023,"Jul","Weekday",257.0,0,0,"Summer"
"U","M-Transbay",2023,"Jul","Weekday",202.0,0,0,"Summer"
"V","M-Transbay",2023,"Jul","Weekday",151.0,0,0,"Summer"
"W","M-Transbay",2023,"Jul","Weekday",111.0,0,0,"Summer"
"10","Local",2023,"Aug","Saturday",1487.97580645161,1,0,"Summer"
"10","Local",2023,"Aug","Sunday",1231.0,1,0,"Summer"
"10","Local",2023,"Aug","Weekday",2097.09408967391,1,0,"Summer"
"12","Local",2023,"Aug","Saturday",1735.85576923077,1,0,"Summer"
"12","Local",2023,"Aug","Sunday",1434.0,1,0,"Summer"
"12","Local",2023,"Aug","Weekday",2288.73646850044,1,0,"Summer"
"14","Local",2023,"Aug","Saturday",1522.5078125,1,0,"Summer"
"14","Local",2023,"Aug","Sunday",1236.0,1,0,"Summer"
"14","Local",2023,"Aug","Weekday",2956.36231884058,1,0,"Summer"
"18","Local",2023,"Aug","Saturday",2510.76013513513,1,0,"Summer"
"18","Local",2023,"Aug","Sunday",3365.0,1,0,"Summer"
"18","Local",2023,"Aug","Weekday",3668.46376811594,1,0,"Summer"
"19","Local",2023,"Aug","Saturday",189.515625,1,0,"Summer"
"19","Local",2023,"Aug","Sunday",192.84375,1,0,"Summer"
"19","Local",2023,"Aug","Weekday",212.554722638681,1,0,"Summer"
"1T","Local",2023,"Aug","Saturday",12064.9133932963,1,0,"Summer"
"1T","Local",2023,"Aug","Sunday",10761.8446601942,1,0,"Summer"
"1T","Local",2023,"Aug","Weekday",14932.4477498093,1,0,"Summer"
"20","Local",2023,"Aug","Saturday",1770.83898305085,1,0,"Summer"
"20","Local",2023,"Aug","Sunday",1429.0,1,0,"Summer"
"20","Local",2023,"Aug","Weekday",1918.10144927536,1,0,"Summer"
"200","Local",2023,"Aug","Saturday",1089.1125,1,0,"Summer"
"200","Local",2023,"Aug","Sunday",913.0,1,0,"Summer"
"200","Local",2023,"Aug","Weekday",1370.31884057971,1,0,"Summer"
"21","Local",2023,"Aug","Saturday",967.181034482759,1,0,"Summer"
"21","Local",2023,"Aug","Sunday",783.509433962264,1,0,"Summer"
"21","Local",2023,"Aug","Weekday",1251.7977703456,1,0,"Summer"
"210","Local",2023,"Aug","Saturday",668.607142857143,1,0,"Summer"
"210","Local",2023,"Aug","Sunday",548.0,1,0,"Summer"
"210","Local",2023,"Aug","Weekday",1004.21479558728,1,0,"Summer"
"212","Local",2023,"Aug","Saturday",430.846153846154,1,0,"Summer"
"212","Local",2023,"Aug","Sunday",401.0,1,0,"Summer"
"212","Local",2023,"Aug","Weekday",497.192113245703,1,0,"Summer"
"215","Local",2023,"Aug","Weekday",185.347826086957,0,0,"Summer"
"216","Local",2023,"Aug","Saturday",208.118421052632,1,0,"Summer"
"216","Local",2023,"Aug","Sunday",210.0,1,0,"Summer"
"216","Local",2023,"Aug","Weekday",283.782608695652,1,0,"Summer"
"217","Local",2023,"Aug","Saturday",550.5,1,0,"Summer"
"217","Local",2023,"Aug","Sunday",499.0,1,0,"Summer"
"217","Local",2023,"Aug","Weekday",750.92863002461,1,0,"Summer"
"232","Local",2023,"Aug","Saturday",208.227272727273,1,0,"Summer"
"232","Local",2023,"Aug","Sunday",233.0,1,0,"Summer"
"232","Local",2023,"Aug","Weekday",279.391304347826,1,0,"Summer"
"239","Local",2023,"Aug","Weekday",588.098652428172,0,0,"Summer"
"251","Local",2023,"Aug","Saturday",105.67,1,0,"Summer"
"251","Local",2023,"Aug","Sunday",93.0,1,0,"Summer"
"251","Local",2023,"Aug","Weekday",172.226086956522,1,0,"Summer"
"28","Local",2023,"Aug","Saturday",426.25,1,0,"Summer"
"28","Local",2023,"Aug","Sunday",386.0,1,0,"Summer"
"28","Local",2023,"Aug","Weekday",595.405797101449,1,0,"Summer"
"29","Local",2023,"Aug","Saturday",799.04,1,0,"Summer"
"29","Local",2023,"Aug","Sunday",568.0,1,0,"Summer"
"29","Local",2023,"Aug","Weekday",1152.94202898551,1,0,"Summer"
"33","Local",2023,"Aug","Saturday",1203.39393939394,1,0,"Summer"
"33","Local",2023,"Aug","Sunday",1019.0,1,0,"Summer"
"33","Local",2023,"Aug","Weekday",2549.34782608696,1,0,"Summer"
"34","Local",2023,"Aug","Saturday",511.870689655172,1,0,"Summer"
"34","Local",2023,"Aug","Sunday",414.0,1,0,"Summer"
"34","Local",2023,"Aug","Weekday",613.420289855072,1,0,"Summer"
"35","Local",2023,"Aug","Saturday",489.5,1,0,"Summer"
"35","Local",2023,"Aug","Sunday",450.0,1,0,"Summer"
"35","Local",2023,"Aug","Weekday",592.797101449275,1,0,"Summer"
"36","Local",2023,"Aug","Saturday",1750.55612244898,1,1,"Summer"
"36","Local",2023,"Aug","Sunday",1555.0,1,1,"Summer"
"36","Local",2023,"Aug","Weekday",1894.05717689101,1,1,"Summer"
"376","Local",2023,"Aug","Saturday",167.142857142857,1,0,"Summer"
"376","Local",2023,"Aug","Sunday",128.0,1,0,"Summer"
"376","Local",2023,"Aug","Weekday",133.946859903382,1,0,"Summer"
"39","Local",2023,"Aug","Weekday",459.753623188406,0,0,"Summer"
"40","Local",2023,"Aug","Saturday",3183.70634920635,1,0,"Summer"
"40","Local",2023,"Aug","Sunday",2750.0,1,0,"Summer"
"40","Local",2023,"Aug","Weekday",5847.5872553414,1,0,"Summer"
"41","Local",2023,"Aug","Saturday",368.566666666667,1,0,"Summer"
"41","Local",2023,"Aug","Sunday",329.0,1,0,"Summer"
"41","Local",2023,"Aug","Weekday",532.869565217391,1,0,"Summer"
"45","Local",2023,"Aug","Saturday",599.916666666667,1,0,"Summer"
"45","Local",2023,"Aug","Sunday",430.0,1,0,"Summer"
"45","Local",2023,"Aug","Weekday",1196.28933747412,1,0,"Summer"
"46L","Local",2023,"Aug","Weekday",166.492753623188,0,0,"Summer"
"51A","Local",2023,"Aug","Saturday",3651.65503875969,1,0,"Summer"
"51A","Local",2023,"Aug","Sunday",2911.0,1,0,"Summer"
"51A","Local",2023,"Aug","Weekday",5731.72463768116,1,0,"Summer"
"51B","Local",2023,"Aug","Saturday",6895.1204379562,1,1,"Summer"
"51B","Local",2023,"Aug","Sunday",6739.0,1,1,"Summer"
"51B","Local",2023,"Aug","Weekday",8246.01892109501,1,1,"Summer"
"52","Local",2023,"Aug","Saturday",1409.89130434783,1,1,"Summer"
"52","Local",2023,"Aug","Sunday",1430.15384615385,1,1,"Summer"
"52","Local",2023,"Aug","Weekday",2857.30900621118,1,1,"Summer"
"54","Local",2023,"Aug","Saturday",625.5,1,0,"Summer"
"54","Local",2023,"Aug","Sunday",497.0,1,0,"Summer"
"54","Local",2023,"Aug","Weekday",1355.14492753623,1,0,"Summer"
"56","Local",2023,"Aug","Saturday",305.838709677419,1,0,"Summer"
"56","Local",2023,"Aug","Sunday",265.0,1,0,"Summer"
"56","Local",2023,"Aug","Weekday",409.347826086957,1,0,"Summer"
"57","Local",2023,"Aug","Saturday",4573.45982142857,1,0,"Summer"
"57","Local",2023,"Aug","Sunday",3543.16025641026,1,0,"Summer"
"57","Local",2023,"Aug","Weekday",4847.22312351287,1,0,"Summer"
"6","Local",2023,"Aug","Saturday",3822.99856184084,1,1,"Summer"
"6","Local",2023,"Aug","Sunday",3146.97986577181,1,1,"Summer"
"6","Local",2023,"Aug","Weekday",5589.79426767063,1,1,"Summer"
"60","Local",2023,"Aug","Saturday",661.840909090909,1,0,"Summer"
"60","Local",2023,"Aug","Sunday",557.0,1,0,"Summer"
"60","Local",2023,"Aug","Weekday",1074.65217391304,1,0,"Summer"
"604","Supplemental",2023,"Aug","Weekday",65.2608695652174,0,0,"Summer"
"605","Supplemental",2023,"Aug","Weekday",40.4782608695652,0,0,"Summer"
"606","Supplemental",2023,"Aug","Weekday",35.5217391304348,0,0,"Summer"
"607","Supplemental",2023,"Aug","Weekday",9.91304347826087,0,0,"Summer"
"617","Supplemental",2023,"Aug","Weekday",105.739130434783,0,0,"Summer"
"62","Local",2023,"Aug","Saturday",1045.91666666667,1,0,"Summer"
"62","Local",2023,"Aug","Sunday",942.0,1,0,"Summer"
"62","Local",2023,"Aug","Weekday",2014.66525586764,1,0,"Summer"
"620","Supplemental",2023,"Aug","Weekday",30.5652173913043,0,0,"Summer"
"621","Supplemental",2023,"Aug","Weekday",190.826086956522,0,0,"Summer"
"623","Supplemental",2023,"Aug","Weekday",955.782608695652,0,0,"Summer"
"624","Supplemental",2023,"Aug","Weekday",19.8260869565217,0,0,"Summer"
"625","Supplemental",2023,"Aug","Weekday",170.173913043478,0,0,"Summer"
"626","Supplemental",2023,"Aug","Weekday",8.26086956521739,0,0,"Summer"
"628","Supplemental",2023,"Aug","Weekday",12.3913043478261,0,0,"Summer"
"629","Supplemental",2023,"Aug","Weekday",31.3913043478261,0,0,"Summer"
"631","Supplemental",2023,"Aug","Weekday",218.086956521739,0,0,"Summer"
"638","Supplemental",2023,"Aug","Weekday",66.0869565217391,0,0,"Summer"
"641","Supplemental",2023,"Aug","Weekday",159.021739130435,0,0,"Summer"
"642","Supplemental",2023,"Aug","Weekday",49.5652173913044,0,0,"Summer"
"646","Supplemental",2023,"Aug","Weekday",313.913043478261,0,0,"Summer"
"648","Supplemental",2023,"Aug","Weekday",133.826086956522,0,0,"Summer"
"649","Supplemental",2023,"Aug","Weekday",71.8695652173913,0,0,"Summer"
"65","Local",2023,"Aug","Weekday",418.357226792009,0,0,"Summer"
"650","Supplemental",2023,"Aug","Weekday",46.2608695652174,0,0,"Summer"
"651","Supplemental",2023,"Aug","Weekday",80.5434782608696,0,0,"Summer"
"652","Supplemental",2023,"Aug","Weekday",67.7391304347826,0,0,"Summer"
"653","Supplemental",2023,"Aug","Weekday",66.9130434782609,0,0,"Summer"
"654","Supplemental",2023,"Aug","Weekday",225.521739130435,0,0,"Summer"
"655","Supplemental",2023,"Aug","Weekday",123.086956521739,0,0,"Summer"
"657","Supplemental",2023,"Aug","Weekday",192.478260869565,0,0,"Summer"
"658","Supplemental",2023,"Aug","Weekday",210.652173913043,0,0,"Summer"
"660","Supplemental",2023,"Aug","Weekday",53.695652173913,0,0,"Summer"
"662","Supplemental",2023,"Aug","Weekday",93.3478260869565,0,0,"Summer"
"663","Supplemental",2023,"Aug","Weekday",55.0724637681159,0,0,"Summer"
"667","Supplemental",2023,"Aug","Weekday",94.4492753623188,0,0,"Summer"
"669","Supplemental",2023,"Aug","Weekday",47.9130434782609,0,0,"Summer"
"67","Local",2023,"Aug","Weekday",335.982608695652,0,0,"Summer"
"671","Supplemental",2023,"Aug","Weekday",83.8478260869565,0,0,"Summer"
"672","Supplemental",2023,"Aug","Weekday",12.3913043478261,0,0,"Summer"
"675","Supplemental",2023,"Aug","Weekday",199.162055335968,0,0,"Summer"
"676","Supplemental",2023,"Aug","Weekday",67.7391304347826,0,0,"Summer"
"677","Supplemental",2023,"Aug","Weekday",81.7826086956522,0,0,"Summer"
"680","Supplemental",2023,"Aug","Weekday",60.304347826087,0,0,"Summer"
"681","Supplemental",2023,"Aug","Weekday",13.2173913043478,0,0,"Summer"
"682","Supplemental",2023,"Aug","Weekday",208.173913043478,0,0,"Summer"
"683","Supplemental",2023,"Aug","Weekday",38.0,0,0,"Summer"
"684","Supplemental",2023,"Aug","Weekday",165.768115942029,0,0,"Summer"
"687","Supplemental",2023,"Aug","Weekday",138.782608695652,0,0,"Summer"
"688","Supplemental",2023,"Aug","Weekday",35.5217391304348,0,0,"Summer"
"696","Supplemental",2023,"Aug","Weekday",33.0434782608696,0,0,"Summer"
"7","Local",2023,"Aug","Saturday",0.0,1,0,"Summer"
"7","Local",2023,"Aug","Sunday",1420.8,1,0,"Summer"
"7","Local",2023,"Aug","Weekday",1679.19420289855,1,0,"Summer"
"70","Local",2023,"Aug","Saturday",333.65625,1,0,"Summer"
"70","Local",2023,"Aug","Sunday",272.0,1,0,"Summer"
"70","Local",2023,"Aug","Weekday",388.392914653784,1,0,"Summer"
"701","M-Transbay",2023,"Aug","Weekday",49.8840579710145,0,0,"Summer"
"702","M-Transbay",2023,"Aug","Weekday",13.304347826087,0,0,"Summer"
"703","M-Transbay",2023,"Aug","Weekday",12.1304347826087,0,0,"Summer"
"706","M-Transbay",2023,"Aug","Weekday",10.0579710144928,0,0,"Summer"
"707","M-Transbay",2023,"Aug","Weekday",8.60869565217391,0,0,"Summer"
"71","Local",2023,"Aug","Saturday",350.0625,1,0,"Summer"
"71","Local",2023,"Aug","Sunday",326.0,1,0,"Summer"
"71","Local",2023,"Aug","Weekday",845.798951588036,1,0,"Summer"
"72","Local",2023,"Aug","Saturday",2595.55311223264,1,0,"Summer"
"72","Local",2023,"Aug","Sunday",2148.0,1,0,"Summer"
"72","Local",2023,"Aug","Weekday",2866.66564605021,1,0,"Summer"
"72M","Local",2023,"Aug","Saturday",2319.9375,1,0,"Summer"
"72M","Local",2023,"Aug","Sunday",1961.0,1,0,"Summer"
"72M","Local",2023,"Aug","Weekday",2732.12339544513,1,0,"Summer"
"72R","Local",2023,"Aug","Saturday",2772.36842105263,1,0,"Summer"
"72R","Local",2023,"Aug","Sunday",2362.0,1,0,"Summer"
"72R","Local",2023,"Aug","Weekday",3835.42586064064,1,0,"Summer"
"73","Local",2023,"Aug","Saturday",1332.12875673944,1,0,"Summer"
"73","Local",2023,"Aug","Sunday",1131.0,1,0,"Summer"
"73","Local",2023,"Aug","Weekday",1920.6124491711,1,0,"Summer"
"74","Local",2023,"Aug","Saturday",428.83064516129,1,0,"Summer"
"74","Local",2023,"Aug","Sunday",372.0,1,0,"Summer"
"74","Local",2023,"Aug","Weekday",951.422101449275,1,0,"Summer"
"76","Local",2023,"Aug","Saturday",1061.78571428571,1,0,"Summer"
"76","Local",2023,"Aug","Sunday",889.0,1,0,"Summer"
"76","Local",2023,"Aug","Weekday",1810.42724637681,1,0,"Summer"
"78","Local",2023,"Aug","Weekday",23.2028985507246,0,0,"Summer"
"79","Local",2023,"Aug","Saturday",1545.27631578947,1,0,"Summer"
"79","Local",2023,"Aug","Sunday",1141.0,1,0,"Summer"
"79","Local",2023,"Aug","Weekday",2237.31884057971,1,0,"Summer"
"800","All Nighter",2023,"Aug","Saturday",472.068181818182,1,1,"Summer"
"800","All Nighter",2023,"Aug","Sunday",348.0,1,1,"Summer"
"800","All Nighter",2023,"Aug","Weekday",365.469461697723,1,1,"Summer"
"801","All Nighter",2023,"Aug","Saturday",287.114285714286,1,0,"Summer"
"801","All Nighter",2023,"Aug","Sunday",307.0,1,0,"Summer"
"801","All Nighter",2023,"Aug","Weekday",323.869565217391,1,0,"Summer"
"802","All Nighter",2023,"Aug","Saturday",71.05,1,0,"Summer"
"802","All Nighter",2023,"Aug","Sunday",49.0,1,0,"Summer"
"802","All Nighter",2023,"Aug","Weekday",59.1014492753623,1,0,"Summer"
"805","All Nighter",2023,"Aug","Saturday",67.75,1,0,"Summer"
"805","All Nighter",2023,"Aug","Sunday",89.0,1,0,"Summer"
"805","All Nighter",2023,"Aug","Weekday",94.6231884057971,1,0,"Summer"
"840","All Nighter",2023,"Aug","Saturday",39.0,1,0,"Summer"
"840","All Nighter",2023,"Aug","Sunday",56.0,1,0,"Summer"
"840","All Nighter",2023,"Aug","Weekday",53.8405797101449,1,0,"Summer"
"851","All Nighter",2023,"Aug","Saturday",80.25,1,1,"Summer"
"851","All Nighter",2023,"Aug","Sunday",76.0,1,1,"Summer"
"851","All Nighter",2023,"Aug","Weekday",94.0434782608696,1,1,"Summer"
"86","Local",2023,"Aug","Saturday",679.13671875,1,0,"Summer"
"86","Local",2023,"Aug","Sunday",524.0,1,0,"Summer"
"86","Local",2023,"Aug","Weekday",1128.47826086957,1,0,"Summer"
"88","Local",2023,"Aug","Saturday",1358.01428571429,1,0,"Summer"
"88","Local",2023,"Aug","Sunday",1140.0,1,0,"Summer"
"88","Local",2023,"Aug","Weekday",1944.68115942029,1,0,"Summer"
"90","Local",2023,"Aug","Saturday",420.025862068966,1,0,"Summer"
"90","Local",2023,"Aug","Sunday",333.0,1,0,"Summer"
"90","Local",2023,"Aug","Weekday",687.289855072464,1,0,"Summer"
"93","Local",2023,"Aug","Saturday",400.78125,1,0,"Summer"
"93","Local",2023,"Aug","Sunday",340.0,1,0,"Summer"
"93","Local",2023,"Aug","Weekday",716.72463768116,1,0,"Summer"
"95","Local",2023,"Aug","Saturday",126.158177905308,1,0,"Summer"
"95","Local",2023,"Aug","Sunday",127.0,1,0,"Summer"
"95","Local",2023,"Aug","Weekday",223.801296099918,1,0,"Summer"
"96","Local",2023,"Aug","Saturday",969.0,1,0,"Summer"
"96","Local",2023,"Aug","Sunday",997.0,1,0,"Summer"
"96","Local",2023,"Aug","Weekday",1348.57971014493,1,0,"Summer"
"97","Local",2023,"Aug","Saturday",1544.78985507246,1,0,"Summer"
"97","Local",2023,"Aug","Sunday",1353.0,1,0,"Summer"
"97","Local",2023,"Aug","Weekday",2723.5652173913,1,0,"Summer"
"98","Local",2023,"Aug","Saturday",491.48275862069,1,0,"Summer"
"98","Local",2023,"Aug","Sunday",416.0,1,0,"Summer"
"98","Local",2023,"Aug","Weekday",1164.69565217391,1,0,"Summer"
"99","Local",2023,"Aug","Saturday",1308.9897260274,1,0,"Summer"
"99","Local",2023,"Aug","Sunday",1131.0,1,0,"Summer"
"99","Local",2023,"Aug","Weekday",2030.75362318841,1,0,"Summer"
"E","M-Transbay",2023,"Aug","Weekday",128.623188405797,0,0,"Summer"
"F","M-Transbay",2023,"Aug","Saturday",1969.75,1,1,"Summer"
"F","M-Transbay",2023,"Aug","Sunday",1787.0,1,1,"Summer"
"F","M-Transbay",2023,"Aug","Weekday",2160.47000805153,1,1,"Summer"
"FS","M-Transbay",2023,"Aug","Weekday",94.2608695652174,0,0,"Summer"
"G","M-Transbay",2023,"Aug","Weekday",188.666666666667,0,0,"Summer"
"J","M-Transbay",2023,"Aug","Weekday",217.178053830228,0,0,"Summer"
"L","M-Transbay",2023,"Aug","Weekday",133.521739130435,0,0,"Summer"
"LA","M-Transbay",2023,"Aug","Weekday",76.4057971014493,0,0,"Summer"
"NL","M-Transbay",2023,"Aug","Saturday",1068.91071428571,1,0,"Summer"
"NL","M-Transbay",2023,"Aug","Sunday",956.0,1,0,"Summer"
"NL","M-Transbay",2023,"Aug","Weekday",2043.91304347826,1,0,"Summer"
"NX","M-Transbay",2023,"Aug","Weekday",125.768115942029,0,0,"Summer"
"NX3","M-Transbay",2023,"Aug","Weekday",94.5739130434783,0,0,"Summer"
"O","M-Transbay",2023,"Aug","Saturday",718.675,1,0,"Summer"
"O","M-Transbay",2023,"Aug","Sunday",592.0,1,0,"Summer"
"O","M-Transbay",2023,"Aug","Weekday",1038.14492753623,1,0,"Summer"
"OX","M-Transbay",2023,"Aug","Weekday",86.4223602484472,0,0,"Summer"
"P","M-Transbay",2023,"Aug","Weekday",289.608695652174,0,0,"Summer"
"U","M-Transbay",2023,"Aug","Weekday",204.68115942029,0,0,"Summer"
"V","M-Transbay",2023,"Aug","Weekday",150.768115942029,0,0,"Summer"
"W","M-Transbay",2023,"Aug","Weekday",122.686956521739,0,0,"Summer"
"10","Local",2023,"Sep","Saturday",1448.0,1,0,"Semester"
"10","Local",2023,"Sep","Sunday",1298.0,1,0,"Semester"
"10","Local",2023,"Sep","Weekday",2256.0,1,0,"Semester"
"12","Local",2023,"Sep","Saturday",1958.0,1,0,"Semester"
"12","Local",2023,"Sep","Sunday",1308.0,1,0,"Semester"
"12","Local",2023,"Sep","Weekday",2559.0,1,0,"Semester"
"14","Local",2023,"Sep","Saturday",1481.0,1,0,"Semester"
"14","Local",2023,"Sep","Sunday",1274.0,1,0,"Semester"
"14","Local",2023,"Sep","Weekday",3154.0,1,0,"Semester"
"18","Local",2023,"Sep","Saturday",2695.0,1,0,"Semester"
"18","Local",2023,"Sep","Sunday",2425.0,1,0,"Semester"
"18","Local",2023,"Sep","Weekday",3734.0,1,0,"Semester"
"19","Local",2023,"Sep","Saturday",206.0,1,0,"Semester"
"19","Local",2023,"Sep","Sunday",176.0,1,0,"Semester"
"19","Local",2023,"Sep","Weekday",231.0,1,0,"Semester"
"1T","Local",2023,"Sep","Saturday",12119.2233009709,1,0,"Semester"
"1T","Local",2023,"Sep","Sunday",11250.0,1,0,"Semester"
"1T","Local",2023,"Sep","Weekday",15825.0,1,0,"Semester"
"20","Local",2023,"Sep","Saturday",1721.0,1,0,"Semester"
"20","Local",2023,"Sep","Sunday",1412.0,1,0,"Semester"
"20","Local",2023,"Sep","Weekday",2024.0,1,0,"Semester"
"200","Local",2023,"Sep","Saturday",1091.0,1,0,"Semester"
"200","Local",2023,"Sep","Sunday",914.0,1,0,"Semester"
"200","Local",2023,"Sep","Weekday",1411.0,1,0,"Semester"
"21","Local",2023,"Sep","Saturday",956.0,1,0,"Semester"
"21","Local",2023,"Sep","Sunday",804.0,1,0,"Semester"
"21","Local",2023,"Sep","Weekday",1277.0,1,0,"Semester"
"210","Local",2023,"Sep","Saturday",625.0,1,0,"Semester"
"210","Local",2023,"Sep","Sunday",572.0,1,0,"Semester"
"210","Local",2023,"Sep","Weekday",1289.0,1,0,"Semester"
"212","Local",2023,"Sep","Saturday",440.0,1,0,"Semester"
"212","Local",2023,"Sep","Sunday",367.0,1,0,"Semester"
"212","Local",2023,"Sep","Weekday",537.0,1,0,"Semester"
"215","Local",2023,"Sep","Weekday",182.0,0,0,"Semester"
"216","Local",2023,"Sep","Saturday",210.0,1,0,"Semester"
"216","Local",2023,"Sep","Sunday",247.0,1,0,"Semester"
"216","Local",2023,"Sep","Weekday",298.0,1,0,"Semester"
"217","Local",2023,"Sep","Saturday",557.0,1,0,"Semester"
"217","Local",2023,"Sep","Sunday",506.0,1,0,"Semester"
"217","Local",2023,"Sep","Weekday",906.722222222222,1,0,"Semester"
"232","Local",2023,"Sep","Saturday",215.0,1,0,"Semester"
"232","Local",2023,"Sep","Sunday",197.0,1,0,"Semester"
"232","Local",2023,"Sep","Weekday",299.0,1,0,"Semester"
"239","Local",2023,"Sep","Weekday",645.0,0,0,"Semester"
"251","Local",2023,"Sep","Saturday",117.0,1,0,"Semester"
"251","Local",2023,"Sep","Sunday",105.0,1,0,"Semester"
"251","Local",2023,"Sep","Weekday",188.0,1,0,"Semester"
"28","Local",2023,"Sep","Saturday",437.0,1,0,"Semester"
"28","Local",2023,"Sep","Sunday",379.0,1,0,"Semester"
"28","Local",2023,"Sep","Weekday",661.0,1,0,"Semester"
"29","Local",2023,"Sep","Saturday",725.0,1,0,"Semester"
"29","Local",2023,"Sep","Sunday",615.323076923077,1,0,"Semester"
"29","Local",2023,"Sep","Weekday",1179.0,1,0,"Semester"
"33","Local",2023,"Sep","Saturday",1257.0,1,0,"Semester"
"33","Local",2023,"Sep","Sunday",1023.0,1,0,"Semester"
"33","Local",2023,"Sep","Weekday",2295.0,1,0,"Semester"
"34","Local",2023,"Sep","Saturday",525.0,1,0,"Semester"
"34","Local",2023,"Sep","Sunday",421.0,1,0,"Semester"
"34","Local",2023,"Sep","Weekday",635.0,1,0,"Semester"
"35","Local",2023,"Sep","Saturday",516.0,1,0,"Semester"
"35","Local",2023,"Sep","Sunday",419.0,1,0,"Semester"
"35","Local",2023,"Sep","Weekday",618.0,1,0,"Semester"
"36","Local",2023,"Sep","Saturday",2304.0,1,1,"Semester"
"36","Local",2023,"Sep","Sunday",1548.0,1,1,"Semester"
"36","Local",2023,"Sep","Weekday",2417.0,1,1,"Semester"
"376","Local",2023,"Sep","Saturday",136.0,1,0,"Semester"
"376","Local",2023,"Sep","Sunday",133.0,1,0,"Semester"
"376","Local",2023,"Sep","Weekday",119.0,1,0,"Semester"
"39","Local",2023,"Sep","Weekday",522.0,0,0,"Semester"
"40","Local",2023,"Sep","Saturday",3210.0,1,0,"Semester"
"40","Local",2023,"Sep","Sunday",2765.0,1,0,"Semester"
"40","Local",2023,"Sep","Weekday",6380.0,1,0,"Semester"
"41","Local",2023,"Sep","Saturday",389.0,1,0,"Semester"
"41","Local",2023,"Sep","Sunday",344.0,1,0,"Semester"
"41","Local",2023,"Sep","Weekday",587.0,1,0,"Semester"
"45","Local",2023,"Sep","Saturday",561.0,1,0,"Semester"
"45","Local",2023,"Sep","Sunday",450.0,1,0,"Semester"
"45","Local",2023,"Sep","Weekday",1257.0,1,0,"Semester"
"46L","Local",2023,"Sep","Weekday",190.0,0,0,"Semester"
"51A","Local",2023,"Sep","Saturday",3623.0,1,0,"Semester"
"51A","Local",2023,"Sep","Sunday",2891.0,1,0,"Semester"
"51A","Local",2023,"Sep","Weekday",6029.0,1,0,"Semester"
"51B","Local",2023,"Sep","Saturday",8637.0,1,1,"Semester"
"51B","Local",2023,"Sep","Sunday",7143.0,1,1,"Semester"
"51B","Local",2023,"Sep","Weekday",10769.0,1,1,"Semester"
"52","Local",2023,"Sep","Saturday",1722.0,1,1,"Semester"
"52","Local",2023,"Sep","Sunday",1458.0,1,1,"Semester"
"52","Local",2023,"Sep","Weekday",4470.0,1,1,"Semester"
"54","Local",2023,"Sep","Saturday",598.0,1,0,"Semester"
"54","Local",2023,"Sep","Sunday",522.0,1,0,"Semester"
"54","Local",2023,"Sep","Weekday",1419.0,1,0,"Semester"
"56","Local",2023,"Sep","Saturday",313.0,1,0,"Semester"
"56","Local",2023,"Sep","Sunday",306.0,1,0,"Semester"
"56","Local",2023,"Sep","Weekday",449.0,1,0,"Semester"
"57","Local",2023,"Sep","Saturday",3876.0,1,0,"Semester"
"57","Local",2023,"Sep","Sunday",3683.5987654321,1,0,"Semester"
"57","Local",2023,"Sep","Weekday",5156.0,1,0,"Semester"
"6","Local",2023,"Sep","Saturday",4154.69798657718,1,1,"Semester"
"6","Local",2023,"Sep","Sunday",3344.0,1,1,"Semester"
"6","Local",2023,"Sep","Weekday",6124.0,1,1,"Semester"
"60","Local",2023,"Sep","Saturday",659.0,1,0,"Semester"
"60","Local",2023,"Sep","Sunday",581.0,1,0,"Semester"
"60","Local",2023,"Sep","Weekday",1203.0,1,0,"Semester"
"604","Supplemental",2023,"Sep","Weekday",89.0,0,0,"Semester"
"605","Supplemental",2023,"Sep","Weekday",59.0,0,0,"Semester"
"606","Supplemental",2023,"Sep","Weekday",56.0,0,0,"Semester"
"607","Supplemental",2023,"Sep","Weekday",10.0,0,0,"Semester"
"617","Supplemental",2023,"Sep","Weekday",122.0,0,0,"Semester"
"62","Local",2023,"Sep","Saturday",1047.0,1,0,"Semester"
"62","Local",2023,"Sep","Sunday",970.0,1,0,"Semester"
"62","Local",2023,"Sep","Weekday",2096.0,1,0,"Semester"
"620","Supplemental",2023,"Sep","Weekday",43.0,0,0,"Semester"
"621","Supplemental",2023,"Sep","Weekday",289.0,0,0,"Semester"
"623","Supplemental",2023,"Sep","Weekday",1167.0,0,0,"Semester"
"624","Supplemental",2023,"Sep","Weekday",42.0,0,0,"Semester"
"625","Supplemental",2023,"Sep","Weekday",240.0,0,0,"Semester"
"626","Supplemental",2023,"Sep","Weekday",12.0,0,0,"Semester"
"628","Supplemental",2023,"Sep","Weekday",16.0,0,0,"Semester"
"629","Supplemental",2023,"Sep","Weekday",18.0,0,0,"Semester"
"631","Supplemental",2023,"Sep","Weekday",235.0,0,0,"Semester"
"638","Supplemental",2023,"Sep","Weekday",79.0,0,0,"Semester"
"641","Supplemental",2023,"Sep","Weekday",212.5,0,0,"Semester"
"642","Supplemental",2023,"Sep","Weekday",73.0,0,0,"Semester"
"646","Supplemental",2023,"Sep","Weekday",398.0,0,0,"Semester"
"648","Supplemental",2023,"Sep","Weekday",155.0,0,0,"Semester"
"649","Supplemental",2023,"Sep","Weekday",94.0,0,0,"Semester"
"65","Local",2023,"Sep","Weekday",490.0,0,0,"Semester"
"650","Supplemental",2023,"Sep","Weekday",59.0,0,0,"Semester"
"651","Supplemental",2023,"Sep","Weekday",97.0,0,0,"Semester"
"652","Supplemental",2023,"Sep","Weekday",86.0,0,0,"Semester"
"653","Supplemental",2023,"Sep","Weekday",89.0,0,0,"Semester"
"654","Supplemental",2023,"Sep","Weekday",316.0,0,0,"Semester"
"655","Supplemental",2023,"Sep","Weekday",129.0,0,0,"Semester"
"657","Supplemental",2023,"Sep","Weekday",238.0,0,0,"Semester"
"658","Supplemental",2023,"Sep","Weekday",214.0,0,0,"Semester"
"660","Supplemental",2023,"Sep","Weekday",81.0,0,0,"Semester"
"662","Supplemental",2023,"Sep","Weekday",99.0,0,0,"Semester"
"663","Supplemental",2023,"Sep","Weekday",62.0,0,0,"Semester"
"667","Supplemental",2023,"Sep","Weekday",133.0,0,0,"Semester"
"669","Supplemental",2023,"Sep","Weekday",61.0,0,0,"Semester"
"67","Local",2023,"Sep","Weekday",368.0,0,0,"Semester"
"671","Supplemental",2023,"Sep","Weekday",119.0,0,0,"Semester"
"672","Supplemental",2023,"Sep","Weekday",19.0,0,0,"Semester"
"675","Supplemental",2023,"Sep","Weekday",276.0,0,0,"Semester"
"676","Supplemental",2023,"Sep","Weekday",77.0,0,0,"Semester"
"677","Supplemental",2023,"Sep","Weekday",96.0,0,0,"Semester"
"680","Supplemental",2023,"Sep","Weekday",72.0,0,0,"Semester"
"681","Supplemental",2023,"Sep","Weekday",18.0,0,0,"Semester"
"682","Supplemental",2023,"Sep","Weekday",239.0,0,0,"Semester"
"683","Supplemental",2023,"Sep","Weekday",42.0,0,0,"Semester"
"684","Supplemental",2023,"Sep","Weekday",211.0,0,0,"Semester"
"687","Supplemental",2023,"Sep","Weekday",176.0,0,0,"Semester"
"688","Supplemental",2023,"Sep","Weekday",84.0,0,0,"Semester"
"696","Supplemental",2023,"Sep","Weekday",43.0,0,0,"Semester"
"7","Local",2023,"Sep","Saturday",2191.0,1,0,"Semester"
"7","Local",2023,"Sep","Sunday",2797.88235294118,1,0,"Semester"
"7","Local",2023,"Sep","Weekday",3018.0,1,0,"Semester"
"70","Local",2023,"Sep","Saturday",326.0,1,0,"Semester"
"70","Local",2023,"Sep","Sunday",277.0,1,0,"Semester"
"70","Local",2023,"Sep","Weekday",425.0,1,0,"Semester"
"701","M-Transbay",2023,"Sep","Weekday",50.0,0,0,"Semester"
"702","M-Transbay",2023,"Sep","Weekday",14.0,0,0,"Semester"
"703","M-Transbay",2023,"Sep","Weekday",9.0,0,0,"Semester"
"706","M-Transbay",2023,"Sep","Weekday",11.0,0,0,"Semester"
"707","M-Transbay",2023,"Sep","Weekday",5.0,0,0,"Semester"
"71","Local",2023,"Sep","Saturday",393.0,1,0,"Semester"
"71","Local",2023,"Sep","Sunday",342.0,1,0,"Semester"
"71","Local",2023,"Sep","Weekday",957.0,1,0,"Semester"
"72","Local",2023,"Sep","Saturday",2574.0,1,0,"Semester"
"72","Local",2023,"Sep","Sunday",2178.0,1,0,"Semester"
"72","Local",2023,"Sep","Weekday",3068.0,1,0,"Semester"
"72M","Local",2023,"Sep","Saturday",2278.0,1,0,"Semester"
"72M","Local",2023,"Sep","Sunday",1894.0,1,0,"Semester"
"72M","Local",2023,"Sep","Weekday",2840.91666666667,1,0,"Semester"
"72R","Local",2023,"Sep","Saturday",2761.17525773196,1,0,"Semester"
"72R","Local",2023,"Sep","Sunday",2418.0,1,0,"Semester"
"72R","Local",2023,"Sep","Weekday",4100.50819672131,1,0,"Semester"
"73","Local",2023,"Sep","Saturday",1347.0,1,0,"Semester"
"73","Local",2023,"Sep","Sunday",1196.0,1,0,"Semester"
"73","Local",2023,"Sep","Weekday",2039.0,1,0,"Semester"
"74","Local",2023,"Sep","Saturday",416.0,1,0,"Semester"
"74","Local",2023,"Sep","Sunday",360.0,1,0,"Semester"
"74","Local",2023,"Sep","Weekday",1213.0,1,0,"Semester"
"76","Local",2023,"Sep","Saturday",1061.0,1,0,"Semester"
"76","Local",2023,"Sep","Sunday",953.0,1,0,"Semester"
"76","Local",2023,"Sep","Weekday",2044.05970149254,1,0,"Semester"
"79","Local",2023,"Sep","Saturday",1473.0,1,0,"Semester"
"79","Local",2023,"Sep","Sunday",1402.0,1,0,"Semester"
"79","Local",2023,"Sep","Weekday",2951.0,1,0,"Semester"
"800","All Nighter",2023,"Sep","Saturday",538.0,1,1,"Semester"
"800","All Nighter",2023,"Sep","Sunday",370.0,1,1,"Semester"
"800","All Nighter",2023,"Sep","Weekday",413.0,1,1,"Semester"
"801","All Nighter",2023,"Sep","Saturday",243.0,1,0,"Semester"
"801","All Nighter",2023,"Sep","Sunday",324.0,1,0,"Semester"
"801","All Nighter",2023,"Sep","Weekday",307.0,1,0,"Semester"
"802","All Nighter",2023,"Sep","Saturday",65.0,1,0,"Semester"
"802","All Nighter",2023,"Sep","Sunday",56.0,1,0,"Semester"
"802","All Nighter",2023,"Sep","Weekday",55.0,1,0,"Semester"
"805","All Nighter",2023,"Sep","Saturday",62.0,1,0,"Semester"
"805","All Nighter",2023,"Sep","Sunday",84.0,1,0,"Semester"
"805","All Nighter",2023,"Sep","Weekday",103.0,1,0,"Semester"
"840","All Nighter",2023,"Sep","Saturday",50.0,1,0,"Semester"
"840","All Nighter",2023,"Sep","Sunday",55.0,1,0,"Semester"
"840","All Nighter",2023,"Sep","Weekday",59.0,1,0,"Semester"
"851","All Nighter",2023,"Sep","Saturday",93.0,1,1,"Semester"
"851","All Nighter",2023,"Sep","Sunday",72.0,1,1,"Semester"
"851","All Nighter",2023,"Sep","Weekday",95.0,1,1,"Semester"
"86","Local",2023,"Sep","Saturday",629.0,1,0,"Semester"
"86","Local",2023,"Sep","Sunday",550.0,1,0,"Semester"
"86","Local",2023,"Sep","Weekday",1177.0,1,0,"Semester"
"88","Local",2023,"Sep","Saturday",1235.0,1,0,"Semester"
"88","Local",2023,"Sep","Sunday",1132.0,1,0,"Semester"
"88","Local",2023,"Sep","Weekday",2229.0,1,0,"Semester"
"90","Local",2023,"Sep","Saturday",411.0,1,0,"Semester"
"90","Local",2023,"Sep","Sunday",360.0,1,0,"Semester"
"90","Local",2023,"Sep","Weekday",715.0,1,0,"Semester"
"93","Local",2023,"Sep","Saturday",431.0,1,0,"Semester"
"93","Local",2023,"Sep","Sunday",362.0,1,0,"Semester"
"93","Local",2023,"Sep","Weekday",794.0,1,0,"Semester"
"95","Local",2023,"Sep","Saturday",157.0,1,0,"Semester"
"95","Local",2023,"Sep","Sunday",146.0,1,0,"Semester"
"95","Local",2023,"Sep","Weekday",286.222222222222,1,0,"Semester"
"96","Local",2023,"Sep","Saturday",996.0,1,0,"Semester"
"96","Local",2023,"Sep","Sunday",917.0,1,0,"Semester"
"96","Local",2023,"Sep","Weekday",1553.0,1,0,"Semester"
"97","Local",2023,"Sep","Saturday",1478.0,1,0,"Semester"
"97","Local",2023,"Sep","Sunday",1319.0,1,0,"Semester"
"97","Local",2023,"Sep","Weekday",3082.0,1,0,"Semester"
"98","Local",2023,"Sep","Saturday",463.0,1,0,"Semester"
"98","Local",2023,"Sep","Sunday",427.0,1,0,"Semester"
"98","Local",2023,"Sep","Weekday",1235.0,1,0,"Semester"
"99","Local",2023,"Sep","Saturday",1271.0,1,0,"Semester"
"99","Local",2023,"Sep","Sunday",1171.0,1,0,"Semester"
"99","Local",2023,"Sep","Weekday",2205.0,1,0,"Semester"
"E","M-Transbay",2023,"Sep","Weekday",139.0,0,0,"Semester"
"F","M-Transbay",2023,"Sep","Saturday",1871.0,1,1,"Semester"
"F","M-Transbay",2023,"Sep","Sunday",1724.0,1,1,"Semester"
"F","M-Transbay",2023,"Sep","Weekday",2600.0,1,1,"Semester"
"FS","M-Transbay",2023,"Sep","Weekday",88.0,0,0,"Semester"
"G","M-Transbay",2023,"Sep","Weekday",200.0,0,0,"Semester"
"J","M-Transbay",2023,"Sep","Weekday",213.0,0,0,"Semester"
"L","M-Transbay",2023,"Sep","Weekday",126.0,0,0,"Semester"
"LA","M-Transbay",2023,"Sep","Weekday",79.0,0,0,"Semester"
"NL","M-Transbay",2023,"Sep","Saturday",1183.0,1,0,"Semester"
"NL","M-Transbay",2023,"Sep","Sunday",983.0,1,0,"Semester"
"NL","M-Transbay",2023,"Sep","Weekday",2188.0,1,0,"Semester"
"NX","M-Transbay",2023,"Sep","Weekday",146.0,0,0,"Semester"
"NX3","M-Transbay",2023,"Sep","Weekday",109.0,0,0,"Semester"
"O","M-Transbay",2023,"Sep","Saturday",700.0,1,0,"Semester"
"O","M-Transbay",2023,"Sep","Sunday",614.0,1,0,"Semester"
"O","M-Transbay",2023,"Sep","Weekday",1075.0,1,0,"Semester"
"OX","M-Transbay",2023,"Sep","Weekday",93.0,0,0,"Semester"
"P","M-Transbay",2023,"Sep","Weekday",288.0,0,0,"Semester"
"U","M-Transbay",2023,"Sep","Weekday",215.0,0,0,"Semester"
"V","M-Transbay",2023,"Sep","Weekday",148.0,0,0,"Semester"
"W","M-Transbay",2023,"Sep","Weekday",118.0,0,0,"Semester"
"10","Local",2023,"Oct","Saturday",1446.0,1,0,"Semester"
"10","Local",2023,"Oct","Sunday",1263.0,1,0,"Semester"
"10","Local",2023,"Oct","Weekday",2276.0,1,0,"Semester"
"12","Local",2023,"Oct","Saturday",1673.0,1,0,"Semester"
"12","Local",2023,"Oct","Sunday",1278.0,1,0,"Semester"
"12","Local",2023,"Oct","Weekday",2437.0,1,0,"Semester"
"14","Local",2023,"Oct","Saturday",1469.0,1,0,"Semester"
"14","Local",2023,"Oct","Sunday",1257.0,1,0,"Semester"
"14","Local",2023,"Oct","Weekday",3225.0,1,0,"Semester"
"18","Local",2023,"Oct","Saturday",3916.0,1,0,"Semester"
"18","Local",2023,"Oct","Sunday",2479.0,1,0,"Semester"
"18","Local",2023,"Oct","Weekday",4170.0,1,0,"Semester"
"19","Local",2023,"Oct","Saturday",176.0,1,0,"Semester"
"19","Local",2023,"Oct","Sunday",200.0,1,0,"Semester"
"19","Local",2023,"Oct","Weekday",233.0,1,0,"Semester"
"1T","Local",2023,"Oct","Saturday",12340.6572769953,1,0,"Semester"
"1T","Local",2023,"Oct","Sunday",11252.0,1,0,"Semester"
"1T","Local",2023,"Oct","Weekday",15885.0,1,0,"Semester"
"20","Local",2023,"Oct","Saturday",1632.0,1,0,"Semester"
"20","Local",2023,"Oct","Sunday",1371.0,1,0,"Semester"
"20","Local",2023,"Oct","Weekday",1942.0,1,0,"Semester"
"200","Local",2023,"Oct","Saturday",973.0,1,0,"Semester"
"200","Local",2023,"Oct","Sunday",843.0,1,0,"Semester"
"200","Local",2023,"Oct","Weekday",1391.0,1,0,"Semester"
"21","Local",2023,"Oct","Saturday",943.0,1,0,"Semester"
"21","Local",2023,"Oct","Sunday",824.264150943396,1,0,"Semester"
"21","Local",2023,"Oct","Weekday",1286.0,1,0,"Semester"
"210","Local",2023,"Oct","Saturday",645.0,1,0,"Semester"
"210","Local",2023,"Oct","Sunday",561.0,1,0,"Semester"
"210","Local",2023,"Oct","Weekday",1235.0,1,0,"Semester"
"212","Local",2023,"Oct","Saturday",429.0,1,0,"Semester"
"212","Local",2023,"Oct","Sunday",387.0,1,0,"Semester"
"212","Local",2023,"Oct","Weekday",559.0,1,0,"Semester"
"215","Local",2023,"Oct","Weekday",194.0,0,0,"Semester"
"216","Local",2023,"Oct","Saturday",221.0,1,0,"Semester"
"216","Local",2023,"Oct","Sunday",191.0,1,0,"Semester"
"216","Local",2023,"Oct","Weekday",321.0,1,0,"Semester"
"217","Local",2023,"Oct","Saturday",589.0,1,0,"Semester"
"217","Local",2023,"Oct","Sunday",547.0,1,0,"Semester"
"217","Local",2023,"Oct","Weekday",913.14,1,0,"Semester"
"232","Local",2023,"Oct","Saturday",190.0,1,0,"Semester"
"232","Local",2023,"Oct","Sunday",200.0,1,0,"Semester"
"232","Local",2023,"Oct","Weekday",292.0,1,0,"Semester"
"239","Local",2023,"Oct","Weekday",634.0,0,0,"Semester"
"251","Local",2023,"Oct","Saturday",104.0,1,0,"Semester"
"251","Local",2023,"Oct","Sunday",88.0,1,0,"Semester"
"251","Local",2023,"Oct","Weekday",188.0,1,0,"Semester"
"28","Local",2023,"Oct","Saturday",433.0,1,0,"Semester"
"28","Local",2023,"Oct","Sunday",356.0,1,0,"Semester"
"28","Local",2023,"Oct","Weekday",680.0,1,0,"Semester"
"29","Local",2023,"Oct","Saturday",718.235294117647,1,0,"Semester"
"29","Local",2023,"Oct","Sunday",710.470588235294,1,0,"Semester"
"29","Local",2023,"Oct","Weekday",1249.0,1,0,"Semester"
"33","Local",2023,"Oct","Saturday",1461.0,1,0,"Semester"
"33","Local",2023,"Oct","Sunday",1104.0,1,0,"Semester"
"33","Local",2023,"Oct","Weekday",2360.0,1,0,"Semester"
"34","Local",2023,"Oct","Saturday",549.0,1,0,"Semester"
"34","Local",2023,"Oct","Sunday",415.0,1,0,"Semester"
"34","Local",2023,"Oct","Weekday",680.0,1,0,"Semester"
"35","Local",2023,"Oct","Saturday",552.0,1,0,"Semester"
"35","Local",2023,"Oct","Sunday",440.0,1,0,"Semester"
"35","Local",2023,"Oct","Weekday",657.0,1,0,"Semester"
"36","Local",2023,"Oct","Saturday",1986.0,1,1,"Semester"
"36","Local",2023,"Oct","Sunday",1602.0,1,1,"Semester"
"36","Local",2023,"Oct","Weekday",2579.0,1,1,"Semester"
"376","Local",2023,"Oct","Saturday",129.0,1,0,"Semester"
"376","Local",2023,"Oct","Sunday",124.0,1,0,"Semester"
"376","Local",2023,"Oct","Weekday",132.0,1,0,"Semester"
"39","Local",2023,"Oct","Weekday",541.0,0,0,"Semester"
"40","Local",2023,"Oct","Saturday",3231.0,1,0,"Semester"
"40","Local",2023,"Oct","Sunday",2651.0,1,0,"Semester"
"40","Local",2023,"Oct","Weekday",6251.0,1,0,"Semester"
"41","Local",2023,"Oct","Saturday",406.0,1,0,"Semester"
"41","Local",2023,"Oct","Sunday",336.0,1,0,"Semester"
"41","Local",2023,"Oct","Weekday",596.0,1,0,"Semester"
"45","Local",2023,"Oct","Saturday",558.0,1,0,"Semester"
"45","Local",2023,"Oct","Sunday",461.0,1,0,"Semester"
"45","Local",2023,"Oct","Weekday",1261.0,1,0,"Semester"
"46L","Local",2023,"Oct","Weekday",172.0,0,0,"Semester"
"51A","Local",2023,"Oct","Saturday",3834.92125984252,1,0,"Semester"
"51A","Local",2023,"Oct","Sunday",2882.0,1,0,"Semester"
"51A","Local",2023,"Oct","Weekday",6061.0,1,0,"Semester"
"51B","Local",2023,"Oct","Saturday",8270.29411764706,1,1,"Semester"
"51B","Local",2023,"Oct","Sunday",6768.0,1,1,"Semester"
"51B","Local",2023,"Oct","Weekday",10063.0,1,1,"Semester"
"52","Local",2023,"Oct","Saturday",1522.0,1,1,"Semester"
"52","Local",2023,"Oct","Sunday",1478.0,1,1,"Semester"
"52","Local",2023,"Oct","Weekday",4099.0,1,1,"Semester"
"54","Local",2023,"Oct","Saturday",596.0,1,0,"Semester"
"54","Local",2023,"Oct","Sunday",471.0,1,0,"Semester"
"54","Local",2023,"Oct","Weekday",1416.0,1,0,"Semester"
"56","Local",2023,"Oct","Saturday",318.0,1,0,"Semester"
"56","Local",2023,"Oct","Sunday",285.0,1,0,"Semester"
"56","Local",2023,"Oct","Weekday",442.0,1,0,"Semester"
"57","Local",2023,"Oct","Saturday",4681.72222222222,1,0,"Semester"
"57","Local",2023,"Oct","Sunday",3130.2037037037,1,0,"Semester"
"57","Local",2023,"Oct","Weekday",5278.0,1,0,"Semester"
"6","Local",2023,"Oct","Saturday",4175.8389261745,1,1,"Semester"
"6","Local",2023,"Oct","Sunday",3414.0,1,1,"Semester"
"6","Local",2023,"Oct","Weekday",5803.0,1,1,"Semester"
"60","Local",2023,"Oct","Saturday",669.0,1,0,"Semester"
"60","Local",2023,"Oct","Sunday",575.0,1,0,"Semester"
"60","Local",2023,"Oct","Weekday",1205.0,1,0,"Semester"
"604","Supplemental",2023,"Oct","Weekday",85.0,0,0,"Semester"
"605","Supplemental",2023,"Oct","Weekday",64.0,0,0,"Semester"
"606","Supplemental",2023,"Oct","Weekday",59.0,0,0,"Semester"
"607","Supplemental",2023,"Oct","Weekday",12.0,0,0,"Semester"
"617","Supplemental",2023,"Oct","Weekday",115.0,0,0,"Semester"
"62","Local",2023,"Oct","Saturday",1031.0,1,0,"Semester"
"62","Local",2023,"Oct","Sunday",867.0,1,0,"Semester"
"62","Local",2023,"Oct","Weekday",2028.0,1,0,"Semester"
"620","Supplemental",2023,"Oct","Weekday",45.0,0,0,"Semester"
"621","Supplemental",2023,"Oct","Weekday",223.0,0,0,"Semester"
"623","Supplemental",2023,"Oct","Weekday",1043.0,0,0,"Semester"
"624","Supplemental",2023,"Oct","Weekday",42.0,0,0,"Semester"
"625","Supplemental",2023,"Oct","Weekday",201.25,0,0,"Semester"
"626","Supplemental",2023,"Oct","Weekday",11.0,0,0,"Semester"
"628","Supplemental",2023,"Oct","Weekday",17.0,0,0,"Semester"
"629","Supplemental",2023,"Oct","Weekday",24.0,0,0,"Semester"
"631","Supplemental",2023,"Oct","Weekday",247.0,0,0,"Semester"
"638","Supplemental",2023,"Oct","Weekday",75.0,0,0,"Semester"
"641","Supplemental",2023,"Oct","Weekday",251.25,0,0,"Semester"
"642","Supplemental",2023,"Oct","Weekday",68.0,0,0,"Semester"
"646","Supplemental",2023,"Oct","Weekday",421.0,0,0,"Semester"
"648","Supplemental",2023,"Oct","Weekday",155.0,0,0,"Semester"
"649","Supplemental",2023,"Oct","Weekday",95.0,0,0,"Semester"
"65","Local",2023,"Oct","Weekday",1444.0,0,0,"Semester"
"650","Supplemental",2023,"Oct","Weekday",62.0,0,0,"Semester"
"651","Supplemental",2023,"Oct","Weekday",98.75,0,0,"Semester"
"652","Supplemental",2023,"Oct","Weekday",87.0,0,0,"Semester"
"653","Supplemental",2023,"Oct","Weekday",96.0,0,0,"Semester"
"654","Supplemental",2023,"Oct","Weekday",302.0,0,0,"Semester"
"655","Supplemental",2023,"Oct","Weekday",138.0,0,0,"Semester"
"657","Supplemental",2023,"Oct","Weekday",240.0,0,0,"Semester"
"658","Supplemental",2023,"Oct","Weekday",210.0,0,0,"Semester"
"660","Supplemental",2023,"Oct","Weekday",83.0,0,0,"Semester"
"662","Supplemental",2023,"Oct","Weekday",103.0,0,0,"Semester"
"663","Supplemental",2023,"Oct","Weekday",93.0,0,0,"Semester"
"667","Supplemental",2023,"Oct","Weekday",125.0,0,0,"Semester"
"669","Supplemental",2023,"Oct","Weekday",68.75,0,0,"Semester"
"67","Local",2023,"Oct","Weekday",368.0,0,0,"Semester"
"671","Supplemental",2023,"Oct","Weekday",101.5,0,0,"Semester"
"672","Supplemental",2023,"Oct","Weekday",15.0,0,0,"Semester"
"675","Supplemental",2023,"Oct","Weekday",310.0,0,0,"Semester"
"676","Supplemental",2023,"Oct","Weekday",89.0,0,0,"Semester"
"677","Supplemental",2023,"Oct","Weekday",118.0,0,0,"Semester"
"680","Supplemental",2023,"Oct","Weekday",71.0,0,0,"Semester"
"681","Supplemental",2023,"Oct","Weekday",21.0,0,0,"Semester"
"682","Supplemental",2023,"Oct","Weekday",251.0,0,0,"Semester"
"683","Supplemental",2023,"Oct","Weekday",30.0,0,0,"Semester"
"684","Supplemental",2023,"Oct","Weekday",204.166666666667,0,0,"Semester"
"687","Supplemental",2023,"Oct","Weekday",182.0,0,0,"Semester"
"688","Supplemental",2023,"Oct","Weekday",84.0,0,0,"Semester"
"696","Supplemental",2023,"Oct","Weekday",65.0,0,0,"Semester"
"7","Local",2023,"Oct","Saturday",2433.0,1,0,"Semester"
"7","Local",2023,"Oct","Sunday",2509.0,1,0,"Semester"
"7","Local",2023,"Oct","Weekday",3072.0,1,0,"Semester"
"70","Local",2023,"Oct","Saturday",347.0,1,0,"Semester"
"70","Local",2023,"Oct","Sunday",283.0,1,0,"Semester"
"70","Local",2023,"Oct","Weekday",429.0,1,0,"Semester"
"701","M-Transbay",2023,"Oct","Weekday",58.0,0,0,"Semester"
"702","M-Transbay",2023,"Oct","Weekday",14.0,0,0,"Semester"
"703","M-Transbay",2023,"Oct","Weekday",9.0,0,0,"Semester"
"706","M-Transbay",2023,"Oct","Weekday",11.0,0,0,"Semester"
"707","M-Transbay",2023,"Oct","Weekday",2.0,0,0,"Semester"
"71","Local",2023,"Oct","Saturday",397.0,1,0,"Semester"
"71","Local",2023,"Oct","Sunday",345.0,1,0,"Semester"
"71","Local",2023,"Oct","Weekday",960.0,1,0,"Semester"
"72","Local",2023,"Oct","Saturday",2512.0,1,0,"Semester"
"72","Local",2023,"Oct","Sunday",2017.2602739726,1,0,"Semester"
"72","Local",2023,"Oct","Weekday",2871.0,1,0,"Semester"
"72M","Local",2023,"Oct","Saturday",2114.0,1,0,"Semester"
"72M","Local",2023,"Oct","Sunday",1807.09459459459,1,0,"Semester"
"72M","Local",2023,"Oct","Weekday",2664.0,1,0,"Semester"
"72R","Local",2023,"Oct","Saturday",2613.0,1,0,"Semester"
"72R","Local",2023,"Oct","Sunday",2399.0,1,0,"Semester"
"72R","Local",2023,"Oct","Weekday",3904.89344262295,1,0,"Semester"
"73","Local",2023,"Oct","Saturday",1292.0,1,0,"Semester"
"73","Local",2023,"Oct","Sunday",1119.0,1,0,"Semester"
"73","Local",2023,"Oct","Weekday",1970.0,1,0,"Semester"
"74","Local",2023,"Oct","Saturday",453.0,1,0,"Semester"
"74","Local",2023,"Oct","Sunday",364.0,1,0,"Semester"
"74","Local",2023,"Oct","Weekday",1113.0,1,0,"Semester"
"76","Local",2023,"Oct","Saturday",1058.0,1,0,"Semester"
"76","Local",2023,"Oct","Sunday",940.415094339623,1,0,"Semester"
"76","Local",2023,"Oct","Weekday",2020.0,1,0,"Semester"
"79","Local",2023,"Oct","Saturday",1512.0,1,0,"Semester"
"79","Local",2023,"Oct","Sunday",1724.0,1,0,"Semester"
"79","Local",2023,"Oct","Weekday",2758.0,1,0,"Semester"
"800","All Nighter",2023,"Oct","Saturday",612.692307692308,1,1,"Semester"
"800","All Nighter",2023,"Oct","Sunday",336.461538461539,1,1,"Semester"
"800","All Nighter",2023,"Oct","Weekday",413.0,1,1,"Semester"
"801","All Nighter",2023,"Oct","Saturday",281.0,1,0,"Semester"
"801","All Nighter",2023,"Oct","Sunday",280.0,1,0,"Semester"
"801","All Nighter",2023,"Oct","Weekday",306.0,1,0,"Semester"
"802","All Nighter",2023,"Oct","Saturday",46.0,1,0,"Semester"
"802","All Nighter",2023,"Oct","Sunday",61.0,1,0,"Semester"
"802","All Nighter",2023,"Oct","Weekday",61.0,1,0,"Semester"
"805","All Nighter",2023,"Oct","Saturday",73.0,1,0,"Semester"
"805","All Nighter",2023,"Oct","Sunday",94.0,1,0,"Semester"
"805","All Nighter",2023,"Oct","Weekday",111.0,1,0,"Semester"
"840","All Nighter",2023,"Oct","Saturday",49.0,1,0,"Semester"
"840","All Nighter",2023,"Oct","Sunday",64.0,1,0,"Semester"
"840","All Nighter",2023,"Oct","Weekday",60.0,1,0,"Semester"
"851","All Nighter",2023,"Oct","Saturday",116.0,1,1,"Semester"
"851","All Nighter",2023,"Oct","Sunday",74.0,1,1,"Semester"
"851","All Nighter",2023,"Oct","Weekday",95.0,1,1,"Semester"
"86","Local",2023,"Oct","Saturday",639.0,1,0,"Semester"
"86","Local",2023,"Oct","Sunday",502.0,1,0,"Semester"
"86","Local",2023,"Oct","Weekday",1171.0,1,0,"Semester"
"88","Local",2023,"Oct","Saturday",1117.0,1,0,"Semester"
"88","Local",2023,"Oct","Sunday",1419.0,1,0,"Semester"
"88","Local",2023,"Oct","Weekday",2064.0,1,0,"Semester"
"90","Local",2023,"Oct","Saturday",402.0,1,0,"Semester"
"90","Local",2023,"Oct","Sunday",340.0,1,0,"Semester"
"90","Local",2023,"Oct","Weekday",720.0,1,0,"Semester"
"93","Local",2023,"Oct","Saturday",397.0,1,0,"Semester"
"93","Local",2023,"Oct","Sunday",339.0,1,0,"Semester"
"93","Local",2023,"Oct","Weekday",795.0,1,0,"Semester"
"95","Local",2023,"Oct","Saturday",161.0,1,0,"Semester"
"95","Local",2023,"Oct","Sunday",140.0,1,0,"Semester"
"95","Local",2023,"Oct","Weekday",271.911111111111,1,0,"Semester"
"96","Local",2023,"Oct","Saturday",1028.0,1,0,"Semester"
"96","Local",2023,"Oct","Sunday",829.0,1,0,"Semester"
"96","Local",2023,"Oct","Weekday",1297.0,1,0,"Semester"
"97","Local",2023,"Oct","Saturday",1477.0,1,0,"Semester"
"97","Local",2023,"Oct","Sunday",1217.0,1,0,"Semester"
"97","Local",2023,"Oct","Weekday",3077.0,1,0,"Semester"
"98","Local",2023,"Oct","Saturday",501.0,1,0,"Semester"
"98","Local",2023,"Oct","Sunday",439.0,1,0,"Semester"
"98","Local",2023,"Oct","Weekday",1289.0,1,0,"Semester"
"99","Local",2023,"Oct","Saturday",1313.0,1,0,"Semester"
"99","Local",2023,"Oct","Sunday",1158.0,1,0,"Semester"
"99","Local",2023,"Oct","Weekday",2214.0,1,0,"Semester"
"E","M-Transbay",2023,"Oct","Weekday",138.0,0,0,"Semester"
"F","M-Transbay",2023,"Oct","Saturday",2001.0,1,1,"Semester"
"F","M-Transbay",2023,"Oct","Sunday",1592.0,1,1,"Semester"
"F","M-Transbay",2023,"Oct","Weekday",2518.0,1,1,"Semester"
"FS","M-Transbay",2023,"Oct","Weekday",98.0,0,0,"Semester"
"G","M-Transbay",2023,"Oct","Weekday",201.0,0,0,"Semester"
"J","M-Transbay",2023,"Oct","Weekday",220.0,0,0,"Semester"
"L","M-Transbay",2023,"Oct","Weekday",135.0,0,0,"Semester"
"LA","M-Transbay",2023,"Oct","Weekday",77.0,0,0,"Semester"
"NL","M-Transbay",2023,"Oct","Saturday",1131.0,1,0,"Semester"
"NL","M-Transbay",2023,"Oct","Sunday",957.0,1,0,"Semester"
"NL","M-Transbay",2023,"Oct","Weekday",2195.0,1,0,"Semester"
"NX","M-Transbay",2023,"Oct","Weekday",131.0,0,0,"Semester"
"NX3","M-Transbay",2023,"Oct","Weekday",115.0,0,0,"Semester"
"O","M-Transbay",2023,"Oct","Saturday",698.0,1,0,"Semester"
"O","M-Transbay",2023,"Oct","Sunday",599.0,1,0,"Semester"
"O","M-Transbay",2023,"Oct","Weekday",1055.0,1,0,"Semester"
"OX","M-Transbay",2023,"Oct","Weekday",94.0,0,0,"Semester"
"P","M-Transbay",2023,"Oct","Weekday",310.0,0,0,"Semester"
"U","M-Transbay",2023,"Oct","Weekday",232.1,0,0,"Semester"
"V","M-Transbay",2023,"Oct","Weekday",149.0,0,0,"Semester"
"W","M-Transbay",2023,"Oct","Weekday",138.0,0,0,"Semester"
"10","Local",2023,"Nov","Saturday",1430.0,1,0,"Semester"
"10","Local",2023,"Nov","Sunday",1216.26168224299,1,0,"Semester"
"10","Local",2023,"Nov","Weekday",2191.0,1,0,"Semester"
"12","Local",2023,"Nov","Saturday",1550.0,1,0,"Semester"
"12","Local",2023,"Nov","Sunday",1211.0,1,0,"Semester"
"12","Local",2023,"Nov","Weekday",2330.0,1,0,"Semester"
"14","Local",2023,"Nov","Saturday",1376.0,1,0,"Semester"
"14","Local",2023,"Nov","Sunday",1142.0,1,0,"Semester"
"14","Local",2023,"Nov","Weekday",2992.0,1,0,"Semester"
"18","Local",2023,"Nov","Saturday",2389.0,1,0,"Semester"
"18","Local",2023,"Nov","Sunday",2273.0,1,0,"Semester"
"18","Local",2023,"Nov","Weekday",3545.0,1,0,"Semester"
"19","Local",2023,"Nov","Saturday",176.0,1,0,"Semester"
"19","Local",2023,"Nov","Sunday",160.0,1,0,"Semester"
"19","Local",2023,"Nov","Weekday",217.0,1,0,"Semester"
"1T","Local",2023,"Nov","Saturday",11180.8219178082,1,0,"Semester"
"1T","Local",2023,"Nov","Sunday",10671.0,1,0,"Semester"
"1T","Local",2023,"Nov","Weekday",15347.0,1,0,"Semester"
"20","Local",2023,"Nov","Saturday",1529.49253731343,1,0,"Semester"
"20","Local",2023,"Nov","Sunday",1225.77049180328,1,0,"Semester"
"20","Local",2023,"Nov","Weekday",1887.0,1,0,"Semester"
"200","Local",2023,"Nov","Saturday",904.0,1,0,"Semester"
"200","Local",2023,"Nov","Sunday",824.0,1,0,"Semester"
"200","Local",2023,"Nov","Weekday",1315.0,1,0,"Semester"
"21","Local",2023,"Nov","Saturday",896.0,1,0,"Semester"
"21","Local",2023,"Nov","Sunday",742.754716981132,1,0,"Semester"
"21","Local",2023,"Nov","Weekday",1231.0,1,0,"Semester"
"210","Local",2023,"Nov","Saturday",614.0,1,0,"Semester"
"210","Local",2023,"Nov","Sunday",504.0,1,0,"Semester"
"210","Local",2023,"Nov","Weekday",1112.0,1,0,"Semester"
"212","Local",2023,"Nov","Saturday",409.0,1,0,"Semester"
"212","Local",2023,"Nov","Sunday",370.0,1,0,"Semester"
"212","Local",2023,"Nov","Weekday",531.0,1,0,"Semester"
"215","Local",2023,"Nov","Weekday",170.0,0,0,"Semester"
"216","Local",2023,"Nov","Saturday",194.0,1,0,"Semester"
"216","Local",2023,"Nov","Sunday",175.0,1,0,"Semester"
"216","Local",2023,"Nov","Weekday",276.0,1,0,"Semester"
"217","Local",2023,"Nov","Saturday",555.0,1,0,"Semester"
"217","Local",2023,"Nov","Sunday",468.0,1,0,"Semester"
"217","Local",2023,"Nov","Weekday",868.981132075472,1,0,"Semester"
"232","Local",2023,"Nov","Saturday",176.0,1,0,"Semester"
"232","Local",2023,"Nov","Sunday",186.0,1,0,"Semester"
"232","Local",2023,"Nov","Weekday",281.0,1,0,"Semester"
"239","Local",2023,"Nov","Weekday",570.0,0,0,"Semester"
"251","Local",2023,"Nov","Saturday",103.0,1,0,"Semester"
"251","Local",2023,"Nov","Sunday",88.0,1,0,"Semester"
"251","Local",2023,"Nov","Weekday",177.0,1,0,"Semester"
"28","Local",2023,"Nov","Saturday",409.0,1,0,"Semester"
"28","Local",2023,"Nov","Sunday",372.0,1,0,"Semester"
"28","Local",2023,"Nov","Weekday",610.0,1,0,"Semester"
"29","Local",2023,"Nov","Saturday",671.0,1,0,"Semester"
"29","Local",2023,"Nov","Sunday",676.0,1,0,"Semester"
"29","Local",2023,"Nov","Weekday",1229.0,1,0,"Semester"
"33","Local",2023,"Nov","Saturday",1183.0,1,0,"Semester"
"33","Local",2023,"Nov","Sunday",1058.0,1,0,"Semester"
"33","Local",2023,"Nov","Weekday",2217.0,1,0,"Semester"
"34","Local",2023,"Nov","Saturday",519.0,1,0,"Semester"
"34","Local",2023,"Nov","Sunday",366.0,1,0,"Semester"
"34","Local",2023,"Nov","Weekday",639.0,1,0,"Semester"
"35","Local",2023,"Nov","Saturday",490.0,1,0,"Semester"
"35","Local",2023,"Nov","Sunday",393.0,1,0,"Semester"
"35","Local",2023,"Nov","Weekday",619.0,1,0,"Semester"
"36","Local",2023,"Nov","Saturday",1480.0,1,1,"Semester"
"36","Local",2023,"Nov","Sunday",1176.0,1,1,"Semester"
"36","Local",2023,"Nov","Weekday",2225.0,1,1,"Semester"
"376","Local",2023,"Nov","Saturday",157.0,1,0,"Semester"
"376","Local",2023,"Nov","Sunday",137.0,1,0,"Semester"
"376","Local",2023,"Nov","Weekday",131.0,1,0,"Semester"
"39","Local",2023,"Nov","Weekday",448.0,0,0,"Semester"
"40","Local",2023,"Nov","Saturday",2899.0,1,0,"Semester"
"40","Local",2023,"Nov","Sunday",2577.0,1,0,"Semester"
"40","Local",2023,"Nov","Weekday",5682.0,1,0,"Semester"
"41","Local",2023,"Nov","Saturday",377.0,1,0,"Semester"
"41","Local",2023,"Nov","Sunday",339.0,1,0,"Semester"
"41","Local",2023,"Nov","Weekday",563.0,1,0,"Semester"
"45","Local",2023,"Nov","Saturday",517.0,1,0,"Semester"
"45","Local",2023,"Nov","Sunday",438.0,1,0,"Semester"
"45","Local",2023,"Nov","Weekday",1182.0,1,0,"Semester"
"46L","Local",2023,"Nov","Weekday",172.0,0,0,"Semester"
"51A","Local",2023,"Nov","Saturday",3363.0,1,0,"Semester"
"51A","Local",2023,"Nov","Sunday",2588.0,1,0,"Semester"
"51A","Local",2023,"Nov","Weekday",5658.0,1,0,"Semester"
"51B","Local",2023,"Nov","Saturday",6095.0,1,1,"Semester"
"51B","Local",2023,"Nov","Sunday",4689.0,1,1,"Semester"
"51B","Local",2023,"Nov","Weekday",9317.0,1,1,"Semester"
"52","Local",2023,"Nov","Saturday",1278.0,1,1,"Semester"
"52","Local",2023,"Nov","Sunday",1098.0,1,1,"Semester"
"52","Local",2023,"Nov","Weekday",3511.0,1,1,"Semester"
"54","Local",2023,"Nov","Saturday",571.0,1,0,"Semester"
"54","Local",2023,"Nov","Sunday",459.0,1,0,"Semester"
"54","Local",2023,"Nov","Weekday",1306.0,1,0,"Semester"
"56","Local",2023,"Nov","Saturday",290.0,1,0,"Semester"
"56","Local",2023,"Nov","Sunday",249.0,1,0,"Semester"
"56","Local",2023,"Nov","Weekday",429.0,1,0,"Semester"
"57","Local",2023,"Nov","Saturday",3644.0,1,0,"Semester"
"57","Local",2023,"Nov","Sunday",2922.0,1,0,"Semester"
"57","Local",2023,"Nov","Weekday",5112.0,1,0,"Semester"
"6","Local",2023,"Nov","Saturday",3645.0,1,1,"Semester"
"6","Local",2023,"Nov","Sunday",3868.0,1,1,"Semester"
"6","Local",2023,"Nov","Weekday",5411.0,1,1,"Semester"
"60","Local",2023,"Nov","Saturday",674.0,1,0,"Semester"
"60","Local",2023,"Nov","Sunday",552.0,1,0,"Semester"
"60","Local",2023,"Nov","Weekday",1104.0,1,0,"Semester"
"604","Supplemental",2023,"Nov","Weekday",84.0,0,0,"Semester"
"605","Supplemental",2023,"Nov","Weekday",59.0,0,0,"Semester"
"606","Supplemental",2023,"Nov","Weekday",58.0,0,0,"Semester"
"607","Supplemental",2023,"Nov","Weekday",21.0,0,0,"Semester"
"617","Supplemental",2023,"Nov","Weekday",129.0,0,0,"Semester"
"62","Local",2023,"Nov","Saturday",986.0,1,0,"Semester"
"62","Local",2023,"Nov","Sunday",842.0,1,0,"Semester"
"62","Local",2023,"Nov","Weekday",1934.0,1,0,"Semester"
"620","Supplemental",2023,"Nov","Weekday",48.0,0,0,"Semester"
"621","Supplemental",2023,"Nov","Weekday",222.0,0,0,"Semester"
"623","Supplemental",2023,"Nov","Weekday",979.0,0,0,"Semester"
"624","Supplemental",2023,"Nov","Weekday",16.5,0,0,"Semester"
"625","Supplemental",2023,"Nov","Weekday",238.0,0,0,"Semester"
"626","Supplemental",2023,"Nov","Weekday",11.0,0,0,"Semester"
"628","Supplemental",2023,"Nov","Weekday",16.0,0,0,"Semester"
"629","Supplemental",2023,"Nov","Weekday",26.0,0,0,"Semester"
"631","Supplemental",2023,"Nov","Weekday",241.0,0,0,"Semester"
"638","Supplemental",2023,"Nov","Weekday",80.0,0,0,"Semester"
"641","Supplemental",2023,"Nov","Weekday",117.5,0,0,"Semester"
"642","Supplemental",2023,"Nov","Weekday",68.0,0,0,"Semester"
"646","Supplemental",2023,"Nov","Weekday",401.0,0,0,"Semester"
"648","Supplemental",2023,"Nov","Weekday",152.0,0,0,"Semester"
"649","Supplemental",2023,"Nov","Weekday",99.0,0,0,"Semester"
"65","Local",2023,"Nov","Weekday",1444.0,0,0,"Semester"
"650","Supplemental",2023,"Nov","Weekday",66.0,0,0,"Semester"
"651","Supplemental",2023,"Nov","Weekday",107.0,0,0,"Semester"
"652","Supplemental",2023,"Nov","Weekday",87.0,0,0,"Semester"
"653","Supplemental",2023,"Nov","Weekday",89.0,0,0,"Semester"
"654","Supplemental",2023,"Nov","Weekday",288.0,0,0,"Semester"
"655","Supplemental",2023,"Nov","Weekday",144.0,0,0,"Semester"
"657","Supplemental",2023,"Nov","Weekday",307.0,0,0,"Semester"
"658","Supplemental",2023,"Nov","Weekday",201.0,0,0,"Semester"
"660","Supplemental",2023,"Nov","Weekday",89.0,0,0,"Semester"
"662","Supplemental",2023,"Nov","Weekday",91.0,0,0,"Semester"
"663","Supplemental",2023,"Nov","Weekday",103.0,0,0,"Semester"
"667","Supplemental",2023,"Nov","Weekday",128.0,0,0,"Semester"
"669","Supplemental",2023,"Nov","Weekday",63.75,0,0,"Semester"
"67","Local",2023,"Nov","Weekday",368.0,0,0,"Semester"
"671","Supplemental",2023,"Nov","Weekday",107.333333333333,0,0,"Semester"
"672","Supplemental",2023,"Nov","Weekday",12.0,0,0,"Semester"
"675","Supplemental",2023,"Nov","Weekday",315.6,0,0,"Semester"
"676","Supplemental",2023,"Nov","Weekday",93.0,0,0,"Semester"
"677","Supplemental",2023,"Nov","Weekday",99.0,0,0,"Semester"
"680","Supplemental",2023,"Nov","Weekday",69.0,0,0,"Semester"
"681","Supplemental",2023,"Nov","Weekday",19.5,0,0,"Semester"
"682","Supplemental",2023,"Nov","Weekday",249.0,0,0,"Semester"
"683","Supplemental",2023,"Nov","Weekday",28.0,0,0,"Semester"
"684","Supplemental",2023,"Nov","Weekday",196.0,0,0,"Semester"
"687","Supplemental",2023,"Nov","Weekday",180.0,0,0,"Semester"
"688","Supplemental",2023,"Nov","Weekday",87.0,0,0,"Semester"
"696","Supplemental",2023,"Nov","Weekday",45.0,0,0,"Semester"
"7","Local",2023,"Nov","Saturday",2000.30769230769,1,0,"Semester"
"7","Local",2023,"Nov","Sunday",1599.88888888889,1,0,"Semester"
"7","Local",2023,"Nov","Weekday",2367.0,1,0,"Semester"
"70","Local",2023,"Nov","Saturday",318.0,1,0,"Semester"
"70","Local",2023,"Nov","Sunday",274.0,1,0,"Semester"
"70","Local",2023,"Nov","Weekday",408.0,1,0,"Semester"
"701","M-Transbay",2023,"Nov","Weekday",44.0,0,0,"Semester"
"702","M-Transbay",2023,"Nov","Weekday",20.0,0,0,"Semester"
"703","M-Transbay",2023,"Nov","Weekday",8.0,0,0,"Semester"
"706","M-Transbay",2023,"Nov","Weekday",13.0,0,0,"Semester"
"707","M-Transbay",2023,"Nov","Weekday",5.0,0,0,"Semester"
"71","Local",2023,"Nov","Saturday",370.0,1,0,"Semester"
"71","Local",2023,"Nov","Sunday",315.0,1,0,"Semester"
"71","Local",2023,"Nov","Weekday",879.0,1,0,"Semester"
"72","Local",2023,"Nov","Saturday",2306.0,1,0,"Semester"
"72","Local",2023,"Nov","Sunday",1815.0,1,0,"Semester"
"72","Local",2023,"Nov","Weekday",2821.0,1,0,"Semester"
"72M","Local",2023,"Nov","Saturday",2065.0,1,0,"Semester"
"72M","Local",2023,"Nov","Sunday",1607.0,1,0,"Semester"
"72M","Local",2023,"Nov","Weekday",2578.31944444444,1,0,"Semester"
"72R","Local",2023,"Nov","Saturday",2453.0,1,0,"Semester"
"72R","Local",2023,"Nov","Sunday",2090.0,1,0,"Semester"
"72R","Local",2023,"Nov","Weekday",3773.77868852459,1,0,"Semester"
"73","Local",2023,"Nov","Saturday",1219.0,1,0,"Semester"
"73","Local",2023,"Nov","Sunday",1107.69230769231,1,0,"Semester"
"73","Local",2023,"Nov","Weekday",1908.0,1,0,"Semester"
"74","Local",2023,"Nov","Saturday",396.0,1,0,"Semester"
"74","Local",2023,"Nov","Sunday",363.0,1,0,"Semester"
"74","Local",2023,"Nov","Weekday",992.0,1,0,"Semester"
"76","Local",2023,"Nov","Saturday",975.0,1,0,"Semester"
"76","Local",2023,"Nov","Sunday",876.0,1,0,"Semester"
"76","Local",2023,"Nov","Weekday",1888.77611940299,1,0,"Semester"
"79","Local",2023,"Nov","Saturday",1117.0,1,0,"Semester"
"79","Local",2023,"Nov","Sunday",999.0,1,0,"Semester"
"79","Local",2023,"Nov","Weekday",2373.0,1,0,"Semester"
"800","All Nighter",2023,"Nov","Saturday",459.0,1,1,"Semester"
"800","All Nighter",2023,"Nov","Sunday",325.0,1,1,"Semester"
"800","All Nighter",2023,"Nov","Weekday",376.0,1,1,"Semester"
"801","All Nighter",2023,"Nov","Saturday",284.0,1,0,"Semester"
"801","All Nighter",2023,"Nov","Sunday",283.0,1,0,"Semester"
"801","All Nighter",2023,"Nov","Weekday",291.0,1,0,"Semester"
"802","All Nighter",2023,"Nov","Saturday",49.0,1,0,"Semester"
"802","All Nighter",2023,"Nov","Sunday",81.0,1,0,"Semester"
"802","All Nighter",2023,"Nov","Weekday",68.0,1,0,"Semester"
"805","All Nighter",2023,"Nov","Saturday",61.0,1,0,"Semester"
"805","All Nighter",2023,"Nov","Sunday",93.0,1,0,"Semester"
"805","All Nighter",2023,"Nov","Weekday",105.0,1,0,"Semester"
"840","All Nighter",2023,"Nov","Saturday",52.0,1,0,"Semester"
"840","All Nighter",2023,"Nov","Sunday",61.0,1,0,"Semester"
"840","All Nighter",2023,"Nov","Weekday",59.0,1,0,"Semester"
"851","All Nighter",2023,"Nov","Saturday",122.0,1,1,"Semester"
"851","All Nighter",2023,"Nov","Sunday",65.0,1,1,"Semester"
"851","All Nighter",2023,"Nov","Weekday",87.0,1,1,"Semester"
"86","Local",2023,"Nov","Saturday",624.0,1,0,"Semester"
"86","Local",2023,"Nov","Sunday",499.0,1,0,"Semester"
"86","Local",2023,"Nov","Weekday",1124.0,1,0,"Semester"
"88","Local",2023,"Nov","Saturday",1025.0,1,0,"Semester"
"88","Local",2023,"Nov","Sunday",928.0,1,0,"Semester"
"88","Local",2023,"Nov","Weekday",1997.0,1,0,"Semester"
"90","Local",2023,"Nov","Saturday",349.0,1,0,"Semester"
"90","Local",2023,"Nov","Sunday",321.0,1,0,"Semester"
"90","Local",2023,"Nov","Weekday",666.0,1,0,"Semester"
"93","Local",2023,"Nov","Saturday",401.0,1,0,"Semester"
"93","Local",2023,"Nov","Sunday",345.0,1,0,"Semester"
"93","Local",2023,"Nov","Weekday",730.0,1,0,"Semester"
"95","Local",2023,"Nov","Saturday",135.0,1,0,"Semester"
"95","Local",2023,"Nov","Sunday",114.0,1,0,"Semester"
"95","Local",2023,"Nov","Weekday",244.636363636364,1,0,"Semester"
"96","Local",2023,"Nov","Saturday",1017.0,1,0,"Semester"
"96","Local",2023,"Nov","Sunday",855.0,1,0,"Semester"
"96","Local",2023,"Nov","Weekday",1300.0,1,0,"Semester"
"97","Local",2023,"Nov","Saturday",1360.0,1,0,"Semester"
"97","Local",2023,"Nov","Sunday",1146.0,1,0,"Semester"
"97","Local",2023,"Nov","Weekday",2823.0,1,0,"Semester"
"98","Local",2023,"Nov","Saturday",451.0,1,0,"Semester"
"98","Local",2023,"Nov","Sunday",380.0,1,0,"Semester"
"98","Local",2023,"Nov","Weekday",1111.0,1,0,"Semester"
"99","Local",2023,"Nov","Saturday",1294.0,1,0,"Semester"
"99","Local",2023,"Nov","Sunday",1088.27160493827,1,0,"Semester"
"99","Local",2023,"Nov","Weekday",2094.0,1,0,"Semester"
"E","M-Transbay",2023,"Nov","Weekday",115.0,0,0,"Semester"
"F","M-Transbay",2023,"Nov","Saturday",1569.0,1,1,"Semester"
"F","M-Transbay",2023,"Nov","Sunday",1295.0,1,1,"Semester"
"F","M-Transbay",2023,"Nov","Weekday",2205.0,1,1,"Semester"
"FS","M-Transbay",2023,"Nov","Weekday",88.0,0,0,"Semester"
"G","M-Transbay",2023,"Nov","Weekday",156.0,0,0,"Semester"
"J","M-Transbay",2023,"Nov","Weekday",177.0,0,0,"Semester"
"L","M-Transbay",2023,"Nov","Weekday",128.0,0,0,"Semester"
"LA","M-Transbay",2023,"Nov","Weekday",60.0,0,0,"Semester"
"NL","M-Transbay",2023,"Nov","Saturday",1038.0,1,0,"Semester"
"NL","M-Transbay",2023,"Nov","Sunday",891.0,1,0,"Semester"
"NL","M-Transbay",2023,"Nov","Weekday",2034.0,1,0,"Semester"
"NX","M-Transbay",2023,"Nov","Weekday",125.0,0,0,"Semester"
"NX3","M-Transbay",2023,"Nov","Weekday",86.0,0,0,"Semester"
"O","M-Transbay",2023,"Nov","Saturday",638.0,1,0,"Semester"
"O","M-Transbay",2023,"Nov","Sunday",551.0,1,0,"Semester"
"O","M-Transbay",2023,"Nov","Weekday",967.0,1,0,"Semester"
"OX","M-Transbay",2023,"Nov","Weekday",83.0,0,0,"Semester"
"P","M-Transbay",2023,"Nov","Weekday",242.0,0,0,"Semester"
"U","M-Transbay",2023,"Nov","Weekday",217.0,0,0,"Semester"
"V","M-Transbay",2023,"Nov","Weekday",131.0,0,0,"Semester"
"W","M-Transbay",2023,"Nov","Weekday",115.0,0,0,"Semester"
"10","Local",2023,"Dec","Saturday",1461.33636363636,1,0,"Other"
"10","Local",2023,"Dec","Sunday",1134.0,1,0,"Other"
"10","Local",2023,"Dec","Weekday",2146.96590909091,1,0,"Other"
"12","Local",2023,"Dec","Saturday",1412.14482758621,1,0,"Other"
"12","Local",2023,"Dec","Sunday",956.0,1,0,"Other"
"12","Local",2023,"Dec","Weekday",2034.57528409091,1,0,"Other"
"14","Local",2023,"Dec","Saturday",1423.9,1,0,"Other"
"14","Local",2023,"Dec","Sunday",1063.0,1,0,"Other"
"14","Local",2023,"Dec","Weekday",2905.20731707317,1,0,"Other"
"18","Local",2023,"Dec","Saturday",2480.26086956522,1,0,"Other"
"18","Local",2023,"Dec","Sunday",1723.0,1,0,"Other"
"18","Local",2023,"Dec","Weekday",3342.04545454545,1,0,"Other"
"19","Local",2023,"Dec","Saturday",187.709677419355,1,0,"Other"
"19","Local",2023,"Dec","Sunday",152.0,1,0,"Other"
"19","Local",2023,"Dec","Weekday",208.603896103896,1,0,"Other"
"1T","Local",2023,"Dec","Saturday",11867.5734434125,1,0,"Other"
"1T","Local",2023,"Dec","Sunday",9540.0,1,0,"Other"
"1T","Local",2023,"Dec","Weekday",14796.5757575758,1,0,"Other"
"20","Local",2023,"Dec","Saturday",1535.5619047619,1,0,"Other"
"20","Local",2023,"Dec","Sunday",1163.0,1,0,"Other"
"20","Local",2023,"Dec","Weekday",1806.05865102639,1,0,"Other"
"200","Local",2023,"Dec","Saturday",884.096385542169,1,0,"Other"
"200","Local",2023,"Dec","Sunday",720.0,1,0,"Other"
"200","Local",2023,"Dec","Weekday",1219.44444444444,1,0,"Other"
"21","Local",2023,"Dec","Saturday",929.192452830189,1,0,"Other"
"21","Local",2023,"Dec","Sunday",710.0,1,0,"Other"
"21","Local",2023,"Dec","Weekday",1181.6652892562,1,0,"Other"
"210","Local",2023,"Dec","Saturday",608.888888888889,1,0,"Other"
"210","Local",2023,"Dec","Sunday",465.0,1,0,"Other"
"210","Local",2023,"Dec","Weekday",985.164335664336,1,0,"Other"
"212","Local",2023,"Dec","Saturday",423.104347826087,1,0,"Other"
"212","Local",2023,"Dec","Sunday",350.0,1,0,"Other"
"212","Local",2023,"Dec","Weekday",564.590909090909,1,0,"Other"
"215","Local",2023,"Dec","Weekday",168.996865203762,0,0,"Other"
"216","Local",2023,"Dec","Saturday",195.2,1,0,"Other"
"216","Local",2023,"Dec","Sunday",144.0,1,0,"Other"
"216","Local",2023,"Dec","Weekday",253.227272727273,1,0,"Other"
"217","Local",2023,"Dec","Saturday",544.926315789474,1,0,"Other"
"217","Local",2023,"Dec","Sunday",504.0,1,0,"Other"
"217","Local",2023,"Dec","Weekday",715.982727272727,1,0,"Other"
"232","Local",2023,"Dec","Saturday",193.072727272727,1,0,"Other"
"232","Local",2023,"Dec","Sunday",190.0,1,0,"Other"
"232","Local",2023,"Dec","Weekday",256.090909090909,1,0,"Other"
"239","Local",2023,"Dec","Weekday",609.614393939394,0,0,"Other"
"251","Local",2023,"Dec","Saturday",107.163636363636,1,0,"Other"
"251","Local",2023,"Dec","Sunday",89.0,1,0,"Other"
"251","Local",2023,"Dec","Weekday",163.92,1,0,"Other"
"28","Local",2023,"Dec","Saturday",422.533333333333,1,0,"Other"
"28","Local",2023,"Dec","Sunday",352.0,1,0,"Other"
"28","Local",2023,"Dec","Weekday",611.52479338843,1,0,"Other"
"29","Local",2023,"Dec","Saturday",708.125,1,0,"Other"
"29","Local",2023,"Dec","Sunday",516.0,1,0,"Other"
"29","Local",2023,"Dec","Weekday",1181.77272727273,1,0,"Other"
"33","Local",2023,"Dec","Saturday",1151.64466019417,1,0,"Other"
"33","Local",2023,"Dec","Sunday",944.0,1,0,"Other"
"33","Local",2023,"Dec","Weekday",2422.75974025974,1,0,"Other"
"34","Local",2023,"Dec","Saturday",539.6,1,0,"Other"
"34","Local",2023,"Dec","Sunday",388.0,1,0,"Other"
"34","Local",2023,"Dec","Weekday",604.227272727273,1,0,"Other"
"35","Local",2023,"Dec","Saturday",509.260606060606,1,0,"Other"
"35","Local",2023,"Dec","Sunday",384.0,1,0,"Other"
"35","Local",2023,"Dec","Weekday",606.229946524064,1,0,"Other"
"36","Local",2023,"Dec","Saturday",1335.39428571429,1,1,"Other"
"36","Local",2023,"Dec","Sunday",949.0,1,1,"Other"
"36","Local",2023,"Dec","Weekday",1603.28873239437,1,1,"Other"
"376","Local",2023,"Dec","Saturday",112.631578947368,1,0,"Other"
"376","Local",2023,"Dec","Sunday",99.0,1,0,"Other"
"376","Local",2023,"Dec","Weekday",113.136363636364,1,0,"Other"
"39","Local",2023,"Dec","Weekday",456.463636363636,0,0,"Other"
"40","Local",2023,"Dec","Saturday",3106.48679245283,1,0,"Other"
"40","Local",2023,"Dec","Sunday",2334.0,1,0,"Other"
"40","Local",2023,"Dec","Weekday",5467.45165289256,1,0,"Other"
"41","Local",2023,"Dec","Saturday",413.4,1,0,"Other"
"41","Local",2023,"Dec","Sunday",307.0,1,0,"Other"
"41","Local",2023,"Dec","Weekday",534.496363636364,1,0,"Other"
"45","Local",2023,"Dec","Saturday",529.387755102041,1,0,"Other"
"45","Local",2023,"Dec","Sunday",369.0,1,0,"Other"
"45","Local",2023,"Dec","Weekday",1093.56904487917,1,0,"Other"
"46L","Local",2023,"Dec","Weekday",146.716783216783,0,0,"Other"
"51A","Local",2023,"Dec","Saturday",3325.26557377049,1,0,"Other"
"51A","Local",2023,"Dec","Sunday",2399.0,1,0,"Other"
"51A","Local",2023,"Dec","Weekday",5544.02194357367,1,0,"Other"
"51B","Local",2023,"Dec","Saturday",5190.3937007874,1,1,"Other"
"51B","Local",2023,"Dec","Sunday",4704.0,1,1,"Other"
"51B","Local",2023,"Dec","Weekday",6520.12669245648,1,1,"Other"
"52","Local",2023,"Dec","Saturday",1133.45,1,1,"Other"
"52","Local",2023,"Dec","Sunday",749.0,1,1,"Other"
"52","Local",2023,"Dec","Weekday",1884.62577833126,1,1,"Other"
"54","Local",2023,"Dec","Saturday",592.8,1,0,"Other"
"54","Local",2023,"Dec","Sunday",448.0,1,0,"Other"
"54","Local",2023,"Dec","Weekday",1198.47846889952,1,0,"Other"
"56","Local",2023,"Dec","Saturday",310.537931034483,1,0,"Other"
"56","Local",2023,"Dec","Sunday",228.0,1,0,"Other"
"56","Local",2023,"Dec","Weekday",395.893939393939,1,0,"Other"
"57","Local",2023,"Dec","Saturday",4387.98777603895,1,0,"Other"
"57","Local",2023,"Dec","Sunday",3330.0,1,0,"Other"
"57","Local",2023,"Dec","Weekday",4837.67112299465,1,0,"Other"
"6","Local",2023,"Dec","Saturday",2958.77419354839,1,1,"Other"
"6","Local",2023,"Dec","Sunday",2147.31543624161,1,1,"Other"
"6","Local",2023,"Dec","Weekday",4318.50974025974,1,1,"Other"
"60","Local",2023,"Dec","Saturday",763.005714285714,1,0,"Other"
"60","Local",2023,"Dec","Sunday",523.0,1,0,"Other"
"60","Local",2023,"Dec","Weekday",921.015734265734,1,0,"Other"
"604","Supplemental",2023,"Dec","Weekday",123.204545454545,0,0,"Other"
"605","Supplemental",2023,"Dec","Weekday",54.7727272727273,0,0,"Other"
"606","Supplemental",2023,"Dec","Weekday",60.6818181818182,0,0,"Other"
"607","Supplemental",2023,"Dec","Weekday",10.5,0,0,"Other"
"617","Supplemental",2023,"Dec","Weekday",96.1363636363636,0,0,"Other"
"62","Local",2023,"Dec","Saturday",984.6,1,0,"Other"
"62","Local",2023,"Dec","Sunday",751.0,1,0,"Other"
"62","Local",2023,"Dec","Weekday",1900.54033290653,1,0,"Other"
"620","Supplemental",2023,"Dec","Weekday",43.3636363636364,0,0,"Other"
"621","Supplemental",2023,"Dec","Weekday",143.931818181818,0,0,"Other"
"623","Supplemental",2023,"Dec","Weekday",908.113636363636,0,0,"Other"
"624","Supplemental",2023,"Dec","Weekday",46.5681818181818,0,0,"Other"
"625","Supplemental",2023,"Dec","Weekday",204.590909090909,0,0,"Other"
"626","Supplemental",2023,"Dec","Weekday",10.0454545454545,0,0,"Other"
"628","Supplemental",2023,"Dec","Weekday",16.3636363636364,0,0,"Other"
"629","Supplemental",2023,"Dec","Weekday",26.0,0,0,"Other"
"631","Supplemental",2023,"Dec","Weekday",163.909090909091,0,0,"Other"
"638","Supplemental",2023,"Dec","Weekday",83.8181818181818,0,0,"Other"
"641","Supplemental",2023,"Dec","Weekday",129.318181818182,0,0,"Other"
"642","Supplemental",2023,"Dec","Weekday",61.8181818181818,0,0,"Other"
"646","Supplemental",2023,"Dec","Weekday",371.227272727273,0,0,"Other"
"648","Supplemental",2023,"Dec","Weekday",153.272727272727,0,0,"Other"
"649","Supplemental",2023,"Dec","Weekday",92.1136363636364,0,0,"Other"
"65","Local",2023,"Dec","Weekday",475.971590909091,0,0,"Other"
"650","Supplemental",2023,"Dec","Weekday",67.8409090909091,0,0,"Other"
"651","Supplemental",2023,"Dec","Weekday",107.272727272727,0,0,"Other"
"652","Supplemental",2023,"Dec","Weekday",86.5909090909091,0,0,"Other"
"653","Supplemental",2023,"Dec","Weekday",77.5454545454545,0,0,"Other"
"654","Supplemental",2023,"Dec","Weekday",272.181818181818,0,0,"Other"
"655","Supplemental",2023,"Dec","Weekday",134.727272727273,0,0,"Other"
"657","Supplemental",2023,"Dec","Weekday",243.636363636364,0,0,"Other"
"658","Supplemental",2023,"Dec","Weekday",211.136363636364,0,0,"Other"
"660","Supplemental",2023,"Dec","Weekday",78.0,0,0,"Other"
"662","Supplemental",2023,"Dec","Weekday",96.75,0,0,"Other"
"663","Supplemental",2023,"Dec","Weekday",68.4090909090909,0,0,"Other"
"667","Supplemental",2023,"Dec","Weekday",120.909090909091,0,0,"Other"
"669","Supplemental",2023,"Dec","Weekday",75.8181818181818,0,0,"Other"
"67","Local",2023,"Dec","Weekday",368.0,0,0,"Other"
"671","Supplemental",2023,"Dec","Weekday",102.878787878788,0,0,"Other"
"672","Supplemental",2023,"Dec","Weekday",16.7727272727273,0,0,"Other"
"675","Supplemental",2023,"Dec","Weekday",292.492561983471,0,0,"Other"
"676","Supplemental",2023,"Dec","Weekday",122.590909090909,0,0,"Other"
"677","Supplemental",2023,"Dec","Weekday",89.9318181818182,0,0,"Other"
"680","Supplemental",2023,"Dec","Weekday",49.9090909090909,0,0,"Other"
"681","Supplemental",2023,"Dec","Weekday",20.9318181818182,0,0,"Other"
"682","Supplemental",2023,"Dec","Weekday",201.272727272727,0,0,"Other"
"683","Supplemental",2023,"Dec","Weekday",18.4545454545455,0,0,"Other"
"684","Supplemental",2023,"Dec","Weekday",175.106060606061,0,0,"Other"
"687","Supplemental",2023,"Dec","Weekday",193.636363636364,0,0,"Other"
"688","Supplemental",2023,"Dec","Weekday",74.5909090909091,0,0,"Other"
"696","Supplemental",2023,"Dec","Weekday",27.8181818181818,0,0,"Other"
"7","Local",2023,"Dec","Saturday",1712.92857142857,1,0,"Other"
"7","Local",2023,"Dec","Sunday",1579.0,1,0,"Other"
"7","Local",2023,"Dec","Weekday",2037.72727272727,1,0,"Other"
"70","Local",2023,"Dec","Saturday",328.88,1,0,"Other"
"70","Local",2023,"Dec","Sunday",253.0,1,0,"Other"
"70","Local",2023,"Dec","Weekday",385.409090909091,1,0,"Other"
"701","M-Transbay",2023,"Dec","Weekday",42.9545454545455,0,0,"Other"
"702","M-Transbay",2023,"Dec","Weekday",14.7727272727273,0,0,"Other"
"703","M-Transbay",2023,"Dec","Weekday",4.18181818181818,0,0,"Other"
"706","M-Transbay",2023,"Dec","Weekday",11.6363636363636,0,0,"Other"
"707","M-Transbay",2023,"Dec","Weekday",2.13636363636364,0,0,"Other"
"71","Local",2023,"Dec","Saturday",391.529411764706,1,0,"Other"
"71","Local",2023,"Dec","Sunday",295.0,1,0,"Other"
"71","Local",2023,"Dec","Weekday",814.520833333333,1,0,"Other"
"72","Local",2023,"Dec","Saturday",2447.79016393443,1,0,"Other"
"72","Local",2023,"Dec","Sunday",1899.0,1,0,"Other"
"72","Local",2023,"Dec","Weekday",2765.342138035,1,0,"Other"
"72M","Local",2023,"Dec","Saturday",2067.83076923077,1,0,"Other"
"72M","Local",2023,"Dec","Sunday",1714.0,1,0,"Other"
"72M","Local",2023,"Dec","Weekday",2483.93801652893,1,0,"Other"
"72R","Local",2023,"Dec","Saturday",2596.52903225806,1,0,"Other"
"72R","Local",2023,"Dec","Sunday",2058.0,1,0,"Other"
"72R","Local",2023,"Dec","Weekday",3750.65056818182,1,0,"Other"
"73","Local",2023,"Dec","Saturday",1283.8273381295,1,0,"Other"
"73","Local",2023,"Dec","Sunday",1098.0,1,0,"Other"
"73","Local",2023,"Dec","Weekday",1875.1185770751,1,0,"Other"
"74","Local",2023,"Dec","Saturday",401.328,1,0,"Other"
"74","Local",2023,"Dec","Sunday",362.0,1,0,"Other"
"74","Local",2023,"Dec","Weekday",883.712121212121,1,0,"Other"
"76","Local",2023,"Dec","Saturday",979.1,1,0,"Other"
"76","Local",2023,"Dec","Sunday",752.0,1,0,"Other"
"76","Local",2023,"Dec","Weekday",1734.93325791855,1,0,"Other"
"79","Local",2023,"Dec","Saturday",965.721212121212,1,0,"Other"
"79","Local",2023,"Dec","Sunday",731.0,1,0,"Other"
"79","Local",2023,"Dec","Weekday",1415.5,1,0,"Other"
"800","All Nighter",2023,"Dec","Saturday",461.353846153846,1,1,"Other"
"800","All Nighter",2023,"Dec","Sunday",325.0,1,1,"Other"
"800","All Nighter",2023,"Dec","Weekday",344.650568181818,1,1,"Other"
"801","All Nighter",2023,"Dec","Saturday",262.9,1,0,"Other"
"801","All Nighter",2023,"Dec","Sunday",246.0,1,0,"Other"
"801","All Nighter",2023,"Dec","Weekday",269.441818181818,1,0,"Other"
"802","All Nighter",2023,"Dec","Saturday",45.0333333333333,1,0,"Other"
"802","All Nighter",2023,"Dec","Sunday",61.0,1,0,"Other"
"802","All Nighter",2023,"Dec","Weekday",64.2020202020202,1,0,"Other"
"805","All Nighter",2023,"Dec","Saturday",85.76,1,0,"Other"
"805","All Nighter",2023,"Dec","Sunday",80.0,1,0,"Other"
"805","All Nighter",2023,"Dec","Weekday",103.909090909091,1,0,"Other"
"840","All Nighter",2023,"Dec","Saturday",53.76,1,0,"Other"
"840","All Nighter",2023,"Dec","Sunday",52.0,1,0,"Other"
"840","All Nighter",2023,"Dec","Weekday",60.0,1,0,"Other"
"851","All Nighter",2023,"Dec","Saturday",69.8666666666667,1,1,"Other"
"851","All Nighter",2023,"Dec","Sunday",82.0,1,1,"Other"
"851","All Nighter",2023,"Dec","Weekday",86.0,1,1,"Other"
"86","Local",2023,"Dec","Saturday",675.390769230769,1,0,"Other"
"86","Local",2023,"Dec","Sunday",517.0,1,0,"Other"
"86","Local",2023,"Dec","Weekday",1143.28202479339,1,0,"Other"
"88","Local",2023,"Dec","Saturday",1102.90754716981,1,0,"Other"
"88","Local",2023,"Dec","Sunday",900.0,1,0,"Other"
"88","Local",2023,"Dec","Weekday",1573.13933729822,1,0,"Other"
"90","Local",2023,"Dec","Saturday",389.558620689655,1,0,"Other"
"90","Local",2023,"Dec","Sunday",310.0,1,0,"Other"
"90","Local",2023,"Dec","Weekday",623.009090909091,1,0,"Other"
"93","Local",2023,"Dec","Saturday",388.2,1,0,"Other"
"93","Local",2023,"Dec","Sunday",303.0,1,0,"Other"
"93","Local",2023,"Dec","Weekday",723.5,1,0,"Other"
"95","Local",2023,"Dec","Saturday",144.190243902439,1,0,"Other"
"95","Local",2023,"Dec","Sunday",116.0,1,0,"Other"
"95","Local",2023,"Dec","Weekday",232.69696969697,1,0,"Other"
"96","Local",2023,"Dec","Saturday",916.669565217391,1,0,"Other"
"96","Local",2023,"Dec","Sunday",785.0,1,0,"Other"
"96","Local",2023,"Dec","Weekday",1259.8,1,0,"Other"
"97","Local",2023,"Dec","Saturday",1472.4,1,0,"Other"
"97","Local",2023,"Dec","Sunday",1089.0,1,0,"Other"
"97","Local",2023,"Dec","Weekday",2647.65606060606,1,0,"Other"
"98","Local",2023,"Dec","Saturday",471.323076923077,1,0,"Other"
"98","Local",2023,"Dec","Sunday",399.0,1,0,"Other"
"98","Local",2023,"Dec","Weekday",1094.16042780749,1,0,"Other"
"99","Local",2023,"Dec","Saturday",1360.77611940298,1,0,"Other"
"99","Local",2023,"Dec","Sunday",1038.0,1,0,"Other"
"99","Local",2023,"Dec","Weekday",2014.23140495868,1,0,"Other"
"E","M-Transbay",2023,"Dec","Weekday",105.287878787879,0,0,"Other"
"F","M-Transbay",2023,"Dec","Saturday",1271.69473684211,1,1,"Other"
"F","M-Transbay",2023,"Dec","Sunday",1208.0,1,1,"Other"
"F","M-Transbay",2023,"Dec","Weekday",1565.46478873239,1,1,"Other"
"FS","M-Transbay",2023,"Dec","Weekday",70.1363636363636,0,0,"Other"
"G","M-Transbay",2023,"Dec","Weekday",142.636363636364,0,0,"Other"
"J","M-Transbay",2023,"Dec","Weekday",202.753246753247,0,0,"Other"
"L","M-Transbay",2023,"Dec","Weekday",106.909090909091,0,0,"Other"
"LA","M-Transbay",2023,"Dec","Weekday",58.9583333333333,0,0,"Other"
"NL","M-Transbay",2023,"Dec","Saturday",976.2,1,0,"Other"
"NL","M-Transbay",2023,"Dec","Sunday",861.0,1,0,"Other"
"NL","M-Transbay",2023,"Dec","Weekday",1942.3803030303,1,0,"Other"
"NX","M-Transbay",2023,"Dec","Weekday",120.352272727273,0,0,"Other"
"NX3","M-Transbay",2023,"Dec","Weekday",77.7,0,0,"Other"
"O","M-Transbay",2023,"Dec","Saturday",620.075,1,0,"Other"
"O","M-Transbay",2023,"Dec","Sunday",585.0,1,0,"Other"
"O","M-Transbay",2023,"Dec","Weekday",946.172147001934,1,0,"Other"
"OX","M-Transbay",2023,"Dec","Weekday",80.3030303030303,0,0,"Other"
"P","M-Transbay",2023,"Dec","Weekday",228.709090909091,0,0,"Other"
"U","M-Transbay",2023,"Dec","Weekday",205.060606060606,0,0,"Other"
"V","M-Transbay",2023,"Dec","Weekday",137.772727272727,0,0,"Other"
"W","M-Transbay",2023,"Dec","Weekday",99.9727272727273,0,0,"Other"
"10","Local",2024,"Jan","Saturday",1282.0,1,0,"Other"
"10","Local",2024,"Jan","Sunday",1299.0,1,0,"Other"
"10","Local",2024,"Jan","Weekday",2166.0,1,0,"Other"
"12","Local",2024,"Jan","Saturday",1477.10144927536,1,0,"Other"
"12","Local",2024,"Jan","Sunday",1427.0,1,0,"Other"
"12","Local",2024,"Jan","Weekday",2407.0,1,0,"Other"
"14","Local",2024,"Jan","Saturday",1309.0,1,0,"Other"
"14","Local",2024,"Jan","Sunday",1217.0,1,0,"Other"
"14","Local",2024,"Jan","Weekday",2998.0,1,0,"Other"
"18","Local",2024,"Jan","Saturday",2549.0,1,0,"Other"
"18","Local",2024,"Jan","Sunday",2388.0,1,0,"Other"
"18","Local",2024,"Jan","Weekday",3800.0,1,0,"Other"
"19","Local",2024,"Jan","Saturday",171.0,1,0,"Other"
"19","Local",2024,"Jan","Sunday",175.0,1,0,"Other"
"19","Local",2024,"Jan","Weekday",219.0,1,0,"Other"
"1T","Local",2024,"Jan","Saturday",10374.0845070423,1,0,"Other"
"1T","Local",2024,"Jan","Sunday",11013.3644859813,1,0,"Other"
"1T","Local",2024,"Jan","Weekday",15185.0,1,0,"Other"
"20","Local",2024,"Jan","Saturday",1328.0,1,0,"Other"
"20","Local",2024,"Jan","Sunday",1346.0,1,0,"Other"
"20","Local",2024,"Jan","Weekday",1795.0,1,0,"Other"
"200","Local",2024,"Jan","Saturday",775.0,1,0,"Other"
"200","Local",2024,"Jan","Sunday",819.0,1,0,"Other"
"200","Local",2024,"Jan","Weekday",1219.0,1,0,"Other"
"21","Local",2024,"Jan","Saturday",844.0,1,0,"Other"
"21","Local",2024,"Jan","Sunday",795.735849056604,1,0,"Other"
"21","Local",2024,"Jan","Weekday",1159.0,1,0,"Other"
"210","Local",2024,"Jan","Saturday",560.0,1,0,"Other"
"210","Local",2024,"Jan","Sunday",555.0,1,0,"Other"
"210","Local",2024,"Jan","Weekday",1044.0,1,0,"Other"
"212","Local",2024,"Jan","Saturday",377.0,1,0,"Other"
"212","Local",2024,"Jan","Sunday",365.0,1,0,"Other"
"212","Local",2024,"Jan","Weekday",548.0,1,0,"Other"
"215","Local",2024,"Jan","Weekday",180.0,0,0,"Other"
"216","Local",2024,"Jan","Saturday",178.0,1,0,"Other"
"216","Local",2024,"Jan","Sunday",170.0,1,0,"Other"
"216","Local",2024,"Jan","Weekday",258.0,1,0,"Other"
"217","Local",2024,"Jan","Saturday",497.0,1,0,"Other"
"217","Local",2024,"Jan","Sunday",524.0,1,0,"Other"
"217","Local",2024,"Jan","Weekday",789.0,1,0,"Other"
"232","Local",2024,"Jan","Saturday",166.0,1,0,"Other"
"232","Local",2024,"Jan","Sunday",193.0,1,0,"Other"
"232","Local",2024,"Jan","Weekday",265.0,1,0,"Other"
"239","Local",2024,"Jan","Weekday",632.0,0,0,"Other"
"251","Local",2024,"Jan","Saturday",101.0,1,0,"Other"
"251","Local",2024,"Jan","Sunday",89.0,1,0,"Other"
"251","Local",2024,"Jan","Weekday",162.0,1,0,"Other"
"28","Local",2024,"Jan","Saturday",383.0,1,0,"Other"
"28","Local",2024,"Jan","Sunday",338.0,1,0,"Other"
"28","Local",2024,"Jan","Weekday",576.0,1,0,"Other"
"29","Local",2024,"Jan","Saturday",699.0,1,0,"Other"
"29","Local",2024,"Jan","Sunday",601.0,1,0,"Other"
"29","Local",2024,"Jan","Weekday",1334.0,1,0,"Other"
"33","Local",2024,"Jan","Saturday",1563.0,1,0,"Other"
"33","Local",2024,"Jan","Sunday",945.0,1,0,"Other"
"33","Local",2024,"Jan","Weekday",2455.0,1,0,"Other"
"34","Local",2024,"Jan","Saturday",437.0,1,0,"Other"
"34","Local",2024,"Jan","Sunday",412.0,1,0,"Other"
"34","Local",2024,"Jan","Weekday",627.0,1,0,"Other"
"35","Local",2024,"Jan","Saturday",398.0,1,0,"Other"
"35","Local",2024,"Jan","Sunday",441.0,1,0,"Other"
"35","Local",2024,"Jan","Weekday",578.0,1,0,"Other"
"36","Local",2024,"Jan","Saturday",1291.0,1,1,"Other"
"36","Local",2024,"Jan","Sunday",1159.0,1,1,"Other"
"36","Local",2024,"Jan","Weekday",1653.0,1,1,"Other"
"376","Local",2024,"Jan","Saturday",110.0,1,0,"Other"
"376","Local",2024,"Jan","Sunday",102.0,1,0,"Other"
"376","Local",2024,"Jan","Weekday",118.0,1,0,"Other"
"39","Local",2024,"Jan","Weekday",455.0,0,0,"Other"
"40","Local",2024,"Jan","Saturday",2588.0,1,0,"Other"
"40","Local",2024,"Jan","Sunday",2540.0,1,0,"Other"
"40","Local",2024,"Jan","Weekday",5499.0,1,0,"Other"
"41","Local",2024,"Jan","Saturday",345.0,1,0,"Other"
"41","Local",2024,"Jan","Sunday",331.0,1,0,"Other"
"41","Local",2024,"Jan","Weekday",547.0,1,0,"Other"
"45","Local",2024,"Jan","Saturday",454.0,1,0,"Other"
"45","Local",2024,"Jan","Sunday",424.0,1,0,"Other"
"45","Local",2024,"Jan","Weekday",1115.0,1,0,"Other"
"46L","Local",2024,"Jan","Weekday",157.0,0,0,"Other"
"51A","Local",2024,"Jan","Saturday",3315.0,1,0,"Other"
"51A","Local",2024,"Jan","Sunday",2765.0,1,0,"Other"
"51A","Local",2024,"Jan","Weekday",5465.0,1,0,"Other"
"51B","Local",2024,"Jan","Saturday",6763.30935251799,1,1,"Other"
"51B","Local",2024,"Jan","Sunday",5073.0,1,1,"Other"
"51B","Local",2024,"Jan","Weekday",7096.0,1,1,"Other"
"52","Local",2024,"Jan","Saturday",991.159420289855,1,1,"Other"
"52","Local",2024,"Jan","Sunday",1047.0,1,1,"Other"
"52","Local",2024,"Jan","Weekday",2534.0,1,1,"Other"
"54","Local",2024,"Jan","Saturday",553.0,1,0,"Other"
"54","Local",2024,"Jan","Sunday",500.0,1,0,"Other"
"54","Local",2024,"Jan","Weekday",1222.0,1,0,"Other"
"56","Local",2024,"Jan","Saturday",271.0,1,0,"Other"
"56","Local",2024,"Jan","Sunday",257.0,1,0,"Other"
"56","Local",2024,"Jan","Weekday",411.0,1,0,"Other"
"57","Local",2024,"Jan","Saturday",3707.0,1,0,"Other"
"57","Local",2024,"Jan","Sunday",3360.0,1,0,"Other"
"57","Local",2024,"Jan","Weekday",4651.0,1,0,"Other"
"6","Local",2024,"Jan","Saturday",3277.85234899329,1,1,"Other"
"6","Local",2024,"Jan","Sunday",2952.0,1,1,"Other"
"6","Local",2024,"Jan","Weekday",4726.0,1,1,"Other"
"60","Local",2024,"Jan","Saturday",590.0,1,0,"Other"
"60","Local",2024,"Jan","Sunday",558.0,1,0,"Other"
"60","Local",2024,"Jan","Weekday",963.0,1,0,"Other"
"604","Supplemental",2024,"Jan","Weekday",109.0,0,0,"Other"
"605","Supplemental",2024,"Jan","Weekday",52.0,0,0,"Other"
"606","Supplemental",2024,"Jan","Weekday",50.0,0,0,"Other"
"607","Supplemental",2024,"Jan","Weekday",7.0,0,0,"Other"
"617","Supplemental",2024,"Jan","Weekday",105.0,0,0,"Other"
"62","Local",2024,"Jan","Saturday",903.0,1,0,"Other"
"62","Local",2024,"Jan","Sunday",880.0,1,0,"Other"
"62","Local",2024,"Jan","Weekday",1897.0,1,0,"Other"
"620","Supplemental",2024,"Jan","Weekday",56.0,0,0,"Other"
"621","Supplemental",2024,"Jan","Weekday",162.0,0,0,"Other"
"623","Supplemental",2024,"Jan","Weekday",1039.0,0,0,"Other"
"624","Supplemental",2024,"Jan","Weekday",43.5,0,0,"Other"
"625","Supplemental",2024,"Jan","Weekday",158.0,0,0,"Other"
"626","Supplemental",2024,"Jan","Weekday",8.0,0,0,"Other"
"628","Supplemental",2024,"Jan","Weekday",15.0,0,0,"Other"
"629","Supplemental",2024,"Jan","Weekday",34.0,0,0,"Other"
"631","Supplemental",2024,"Jan","Weekday",228.0,0,0,"Other"
"638","Supplemental",2024,"Jan","Weekday",77.0,0,0,"Other"
"641","Supplemental",2024,"Jan","Weekday",238.333333333333,0,0,"Other"
"642","Supplemental",2024,"Jan","Weekday",57.0,0,0,"Other"
"646","Supplemental",2024,"Jan","Weekday",403.0,0,0,"Other"
"648","Supplemental",2024,"Jan","Weekday",153.0,0,0,"Other"
"649","Supplemental",2024,"Jan","Weekday",89.0,0,0,"Other"
"65","Local",2024,"Jan","Weekday",1064.0,0,0,"Other"
"650","Supplemental",2024,"Jan","Weekday",69.0,0,0,"Other"
"651","Supplemental",2024,"Jan","Weekday",95.0,0,0,"Other"
"652","Supplemental",2024,"Jan","Weekday",78.0,0,0,"Other"
"653","Supplemental",2024,"Jan","Weekday",94.0,0,0,"Other"
"654","Supplemental",2024,"Jan","Weekday",376.0,0,0,"Other"
"655","Supplemental",2024,"Jan","Weekday",134.0,0,0,"Other"
"657","Supplemental",2024,"Jan","Weekday",257.0,0,0,"Other"
"658","Supplemental",2024,"Jan","Weekday",197.0,0,0,"Other"
"660","Supplemental",2024,"Jan","Weekday",64.0,0,0,"Other"
"662","Supplemental",2024,"Jan","Weekday",79.0,0,0,"Other"
"663","Supplemental",2024,"Jan","Weekday",71.0,0,0,"Other"
"667","Supplemental",2024,"Jan","Weekday",140.0,0,0,"Other"
"669","Supplemental",2024,"Jan","Weekday",61.0,0,0,"Other"
"67","Local",2024,"Jan","Weekday",368.0,0,0,"Other"
"671","Supplemental",2024,"Jan","Weekday",112.0,0,0,"Other"
"672","Supplemental",2024,"Jan","Weekday",16.0,0,0,"Other"
"675","Supplemental",2024,"Jan","Weekday",319.0,0,0,"Other"
"676","Supplemental",2024,"Jan","Weekday",104.0,0,0,"Other"
"677","Supplemental",2024,"Jan","Weekday",109.0,0,0,"Other"
"680","Supplemental",2024,"Jan","Weekday",66.0,0,0,"Other"
"681","Supplemental",2024,"Jan","Weekday",27.0,0,0,"Other"
"682","Supplemental",2024,"Jan","Weekday",217.0,0,0,"Other"
"683","Supplemental",2024,"Jan","Weekday",28.0,0,0,"Other"
"684","Supplemental",2024,"Jan","Weekday",210.0,0,0,"Other"
"687","Supplemental",2024,"Jan","Weekday",205.0,0,0,"Other"
"688","Supplemental",2024,"Jan","Weekday",71.0,0,0,"Other"
"696","Supplemental",2024,"Jan","Weekday",39.0,0,0,"Other"
"7","Local",2024,"Jan","Saturday",2305.0,1,0,"Other"
"7","Local",2024,"Jan","Sunday",2124.0,1,0,"Other"
"7","Local",2024,"Jan","Weekday",2682.0,1,0,"Other"
"70","Local",2024,"Jan","Saturday",285.0,1,0,"Other"
"70","Local",2024,"Jan","Sunday",278.0,1,0,"Other"
"70","Local",2024,"Jan","Weekday",362.0,1,0,"Other"
"701","M-Transbay",2024,"Jan","Weekday",56.0,0,0,"Other"
"702","M-Transbay",2024,"Jan","Weekday",18.0,0,0,"Other"
"703","M-Transbay",2024,"Jan","Weekday",6.0,0,0,"Other"
"706","M-Transbay",2024,"Jan","Weekday",12.0,0,0,"Other"
"707","M-Transbay",2024,"Jan","Weekday",2.0,0,0,"Other"
"71","Local",2024,"Jan","Saturday",363.0,1,0,"Other"
"71","Local",2024,"Jan","Sunday",336.0,1,0,"Other"
"71","Local",2024,"Jan","Weekday",904.0,1,0,"Other"
"72","Local",2024,"Jan","Saturday",2183.50684931507,1,0,"Other"
"72","Local",2024,"Jan","Sunday",1991.0,1,0,"Other"
"72","Local",2024,"Jan","Weekday",2801.71232876712,1,0,"Other"
"72M","Local",2024,"Jan","Saturday",1948.98648648649,1,0,"Other"
"72M","Local",2024,"Jan","Sunday",1852.0,1,0,"Other"
"72M","Local",2024,"Jan","Weekday",2573.0,1,0,"Other"
"72R","Local",2024,"Jan","Saturday",2354.0,1,0,"Other"
"72R","Local",2024,"Jan","Sunday",2239.0,1,0,"Other"
"72R","Local",2024,"Jan","Weekday",3924.0,1,0,"Other"
"73","Local",2024,"Jan","Saturday",1084.0,1,0,"Other"
"73","Local",2024,"Jan","Sunday",1101.65034965035,1,0,"Other"
"73","Local",2024,"Jan","Weekday",1807.0,1,0,"Other"
"74","Local",2024,"Jan","Saturday",357.0,1,0,"Other"
"74","Local",2024,"Jan","Sunday",371.0,1,0,"Other"
"74","Local",2024,"Jan","Weekday",1046.0,1,0,"Other"
"76","Local",2024,"Jan","Saturday",848.0,1,0,"Other"
"76","Local",2024,"Jan","Sunday",797.0,1,0,"Other"
"76","Local",2024,"Jan","Weekday",1843.0,1,0,"Other"
"79","Local",2024,"Jan","Saturday",1756.0,1,0,"Other"
"79","Local",2024,"Jan","Sunday",1093.0,1,0,"Other"
"79","Local",2024,"Jan","Weekday",1797.0,1,0,"Other"
"800","All Nighter",2024,"Jan","Saturday",420.576923076923,1,1,"Other"
"800","All Nighter",2024,"Jan","Sunday",319.0,1,1,"Other"
"800","All Nighter",2024,"Jan","Weekday",361.0,1,1,"Other"
"801","All Nighter",2024,"Jan","Saturday",242.0,1,0,"Other"
"801","All Nighter",2024,"Jan","Sunday",265.0,1,0,"Other"
"801","All Nighter",2024,"Jan","Weekday",278.0,1,0,"Other"
"802","All Nighter",2024,"Jan","Saturday",52.0,1,0,"Other"
"802","All Nighter",2024,"Jan","Sunday",52.0,1,0,"Other"
"802","All Nighter",2024,"Jan","Weekday",86.0,1,0,"Other"
"805","All Nighter",2024,"Jan","Saturday",69.0,1,0,"Other"
"805","All Nighter",2024,"Jan","Sunday",80.0,1,0,"Other"
"805","All Nighter",2024,"Jan","Weekday",90.0,1,0,"Other"
"840","All Nighter",2024,"Jan","Saturday",47.0,1,0,"Other"
"840","All Nighter",2024,"Jan","Sunday",67.0,1,0,"Other"
"840","All Nighter",2024,"Jan","Weekday",57.0,1,0,"Other"
"851","All Nighter",2024,"Jan","Saturday",63.0,1,1,"Other"
"851","All Nighter",2024,"Jan","Sunday",71.0,1,1,"Other"
"851","All Nighter",2024,"Jan","Weekday",81.0,1,1,"Other"
"86","Local",2024,"Jan","Saturday",609.0,1,0,"Other"
"86","Local",2024,"Jan","Sunday",546.0,1,0,"Other"
"86","Local",2024,"Jan","Weekday",1195.0,1,0,"Other"
"88","Local",2024,"Jan","Saturday",1284.0,1,0,"Other"
"88","Local",2024,"Jan","Sunday",1202.0,1,0,"Other"
"88","Local",2024,"Jan","Weekday",2014.0,1,0,"Other"
"90","Local",2024,"Jan","Saturday",323.0,1,0,"Other"
"90","Local",2024,"Jan","Sunday",311.0,1,0,"Other"
"90","Local",2024,"Jan","Weekday",618.0,1,0,"Other"
"93","Local",2024,"Jan","Saturday",358.0,1,0,"Other"
"93","Local",2024,"Jan","Sunday",330.0,1,0,"Other"
"93","Local",2024,"Jan","Weekday",756.0,1,0,"Other"
"95","Local",2024,"Jan","Saturday",106.702702702703,1,0,"Other"
"95","Local",2024,"Jan","Sunday",132.0,1,0,"Other"
"95","Local",2024,"Jan","Weekday",235.227272727273,1,0,"Other"
"96","Local",2024,"Jan","Saturday",834.0,1,0,"Other"
"96","Local",2024,"Jan","Sunday",813.0,1,0,"Other"
"96","Local",2024,"Jan","Weekday",1373.0,1,0,"Other"
"97","Local",2024,"Jan","Saturday",1239.0,1,0,"Other"
"97","Local",2024,"Jan","Sunday",1230.0,1,0,"Other"
"97","Local",2024,"Jan","Weekday",2723.0,1,0,"Other"
"98","Local",2024,"Jan","Saturday",401.0,1,0,"Other"
"98","Local",2024,"Jan","Sunday",427.0,1,0,"Other"
"98","Local",2024,"Jan","Weekday",1139.0,1,0,"Other"
"99","Local",2024,"Jan","Saturday",1110.0,1,0,"Other"
"99","Local",2024,"Jan","Sunday",1091.0,1,0,"Other"
"99","Local",2024,"Jan","Weekday",2064.0,1,0,"Other"
"E","M-Transbay",2024,"Jan","Weekday",138.0,0,0,"Other"
"F","M-Transbay",2024,"Jan","Saturday",1466.0,1,1,"Other"
"F","M-Transbay",2024,"Jan","Sunday",1352.0,1,1,"Other"
"F","M-Transbay",2024,"Jan","Weekday",1924.0,1,1,"Other"
"FS","M-Transbay",2024,"Jan","Weekday",93.0,0,0,"Other"
"G","M-Transbay",2024,"Jan","Weekday",217.0,0,0,"Other"
"J","M-Transbay",2024,"Jan","Weekday",225.0,0,0,"Other"
"L","M-Transbay",2024,"Jan","Weekday",150.0,0,0,"Other"
"LA","M-Transbay",2024,"Jan","Weekday",72.5,0,0,"Other"
"NL","M-Transbay",2024,"Jan","Saturday",1066.0,1,0,"Other"
"NL","M-Transbay",2024,"Jan","Sunday",906.0,1,0,"Other"
"NL","M-Transbay",2024,"Jan","Weekday",2067.0,1,0,"Other"
"NX","M-Transbay",2024,"Jan","Weekday",164.0,0,0,"Other"
"NX3","M-Transbay",2024,"Jan","Weekday",102.0,0,0,"Other"
"O","M-Transbay",2024,"Jan","Saturday",537.0,1,0,"Other"
"O","M-Transbay",2024,"Jan","Sunday",595.0,1,0,"Other"
"O","M-Transbay",2024,"Jan","Weekday",1025.0,1,0,"Other"
"OX","M-Transbay",2024,"Jan","Weekday",92.0,0,0,"Other"
"P","M-Transbay",2024,"Jan","Weekday",319.0,0,0,"Other"
"U","M-Transbay",2024,"Jan","Weekday",181.0,0,0,"Other"
"V","M-Transbay",2024,"Jan","Weekday",163.0,0,0,"Other"
"W","M-Transbay",2024,"Jan","Weekday",126.0,0,0,"Other"
"10","Local",2024,"Feb","Saturday",1450.0,1,0,"Semester"
"10","Local",2024,"Feb","Sunday",1249.0,1,0,"Semester"
"10","Local",2024,"Feb","Weekday",2164.0,1,0,"Semester"
"12","Local",2024,"Feb","Saturday",1614.0,1,0,"Semester"
"12","Local",2024,"Feb","Sunday",1414.0,1,0,"Semester"
"12","Local",2024,"Feb","Weekday",2639.0,1,0,"Semester"
"14","Local",2024,"Feb","Saturday",1550.0,1,0,"Semester"
"14","Local",2024,"Feb","Sunday",1248.0,1,0,"Semester"
"14","Local",2024,"Feb","Weekday",3262.0,1,0,"Semester"
"18","Local",2024,"Feb","Saturday",3174.0,1,0,"Semester"
"18","Local",2024,"Feb","Sunday",2690.0,1,0,"Semester"
"18","Local",2024,"Feb","Weekday",4041.0,1,0,"Semester"
"19","Local",2024,"Feb","Saturday",186.0,1,0,"Semester"
"19","Local",2024,"Feb","Sunday",164.0,1,0,"Semester"
"19","Local",2024,"Feb","Weekday",235.0,1,0,"Semester"
"1T","Local",2024,"Feb","Saturday",12257.2946859903,1,0,"Semester"
"1T","Local",2024,"Feb","Sunday",10970.0,1,0,"Semester"
"1T","Local",2024,"Feb","Weekday",16196.0,1,0,"Semester"
"20","Local",2024,"Feb","Saturday",1533.0,1,0,"Semester"
"20","Local",2024,"Feb","Sunday",1256.0,1,0,"Semester"
"20","Local",2024,"Feb","Weekday",1914.0,1,0,"Semester"
"200","Local",2024,"Feb","Saturday",865.0,1,0,"Semester"
"200","Local",2024,"Feb","Sunday",784.0,1,0,"Semester"
"200","Local",2024,"Feb","Weekday",1283.0,1,0,"Semester"
"21","Local",2024,"Feb","Saturday",882.0,1,0,"Semester"
"21","Local",2024,"Feb","Sunday",752.0,1,0,"Semester"
"21","Local",2024,"Feb","Weekday",1204.0,1,0,"Semester"
"210","Local",2024,"Feb","Saturday",659.0,1,0,"Semester"
"210","Local",2024,"Feb","Sunday",509.0,1,0,"Semester"
"210","Local",2024,"Feb","Weekday",1184.0,1,0,"Semester"
"212","Local",2024,"Feb","Saturday",442.0,1,0,"Semester"
"212","Local",2024,"Feb","Sunday",373.0,1,0,"Semester"
"212","Local",2024,"Feb","Weekday",576.0,1,0,"Semester"
"215","Local",2024,"Feb","Weekday",183.0,0,0,"Semester"
"216","Local",2024,"Feb","Saturday",180.0,1,0,"Semester"
"216","Local",2024,"Feb","Sunday",156.0,1,0,"Semester"
"216","Local",2024,"Feb","Weekday",279.0,1,0,"Semester"
"217","Local",2024,"Feb","Saturday",580.0,1,0,"Semester"
"217","Local",2024,"Feb","Sunday",506.0,1,0,"Semester"
"217","Local",2024,"Feb","Weekday",930.0,1,0,"Semester"
"232","Local",2024,"Feb","Saturday",216.0,1,0,"Semester"
"232","Local",2024,"Feb","Sunday",197.0,1,0,"Semester"
"232","Local",2024,"Feb","Weekday",313.0,1,0,"Semester"
"239","Local",2024,"Feb","Weekday",691.0,0,0,"Semester"
"251","Local",2024,"Feb","Saturday",116.0,1,0,"Semester"
"251","Local",2024,"Feb","Sunday",94.0,1,0,"Semester"
"251","Local",2024,"Feb","Weekday",166.0,1,0,"Semester"
"28","Local",2024,"Feb","Saturday",400.0,1,0,"Semester"
"28","Local",2024,"Feb","Sunday",338.0,1,0,"Semester"
"28","Local",2024,"Feb","Weekday",595.0,1,0,"Semester"
"29","Local",2024,"Feb","Saturday",1680.89361702128,1,0,"Semester"
"29","Local",2024,"Feb","Sunday",925.03125,1,0,"Semester"
"29","Local",2024,"Feb","Weekday",1406.0,1,0,"Semester"
"33","Local",2024,"Feb","Saturday",1162.0,1,0,"Semester"
"33","Local",2024,"Feb","Sunday",964.0,1,0,"Semester"
"33","Local",2024,"Feb","Weekday",2704.0,1,0,"Semester"
"34","Local",2024,"Feb","Saturday",503.0,1,0,"Semester"
"34","Local",2024,"Feb","Sunday",421.0,1,0,"Semester"
"34","Local",2024,"Feb","Weekday",623.0,1,0,"Semester"
"35","Local",2024,"Feb","Saturday",481.0,1,0,"Semester"
"35","Local",2024,"Feb","Sunday",400.0,1,0,"Semester"
"35","Local",2024,"Feb","Weekday",605.0,1,0,"Semester"
"36","Local",2024,"Feb","Saturday",1486.0,1,1,"Semester"
"36","Local",2024,"Feb","Sunday",1240.0,1,1,"Semester"
"36","Local",2024,"Feb","Weekday",2287.0,1,1,"Semester"
"376","Local",2024,"Feb","Saturday",114.444444444444,1,0,"Semester"
"376","Local",2024,"Feb","Sunday",102.0,1,0,"Semester"
"376","Local",2024,"Feb","Weekday",118.0,1,0,"Semester"
"39","Local",2024,"Feb","Weekday",479.0,0,0,"Semester"
"40","Local",2024,"Feb","Saturday",2967.0,1,0,"Semester"
"40","Local",2024,"Feb","Sunday",2495.0,1,0,"Semester"
"40","Local",2024,"Feb","Weekday",5878.0,1,0,"Semester"
"41","Local",2024,"Feb","Saturday",386.0,1,0,"Semester"
"41","Local",2024,"Feb","Sunday",316.0,1,0,"Semester"
"41","Local",2024,"Feb","Weekday",550.0,1,0,"Semester"
"45","Local",2024,"Feb","Saturday",532.0,1,0,"Semester"
"45","Local",2024,"Feb","Sunday",405.0,1,0,"Semester"
"45","Local",2024,"Feb","Weekday",1254.0,1,0,"Semester"
"46L","Local",2024,"Feb","Weekday",186.0,0,0,"Semester"
"51A","Local",2024,"Feb","Saturday",3438.0,1,0,"Semester"
"51A","Local",2024,"Feb","Sunday",2683.0,1,0,"Semester"
"51A","Local",2024,"Feb","Weekday",5850.0,1,0,"Semester"
"51B","Local",2024,"Feb","Saturday",6931.01449275362,1,1,"Semester"
"51B","Local",2024,"Feb","Sunday",5785.0,1,1,"Semester"
"51B","Local",2024,"Feb","Weekday",9114.0,1,1,"Semester"
"52","Local",2024,"Feb","Saturday",1500.75757575758,1,1,"Semester"
"52","Local",2024,"Feb","Sunday",1266.0,1,1,"Semester"
"52","Local",2024,"Feb","Weekday",3633.0,1,1,"Semester"
"54","Local",2024,"Feb","Saturday",620.0,1,0,"Semester"
"54","Local",2024,"Feb","Sunday",502.0,1,0,"Semester"
"54","Local",2024,"Feb","Weekday",1374.0,1,0,"Semester"
"56","Local",2024,"Feb","Saturday",271.0,1,0,"Semester"
"56","Local",2024,"Feb","Sunday",258.0,1,0,"Semester"
"56","Local",2024,"Feb","Weekday",403.0,1,0,"Semester"
"57","Local",2024,"Feb","Saturday",3820.43827160494,1,0,"Semester"
"57","Local",2024,"Feb","Sunday",2965.0,1,0,"Semester"
"57","Local",2024,"Feb","Weekday",4892.0,1,0,"Semester"
"6","Local",2024,"Feb","Saturday",4294.63087248322,1,1,"Semester"
"6","Local",2024,"Feb","Sunday",3103.84615384615,1,1,"Semester"
"6","Local",2024,"Feb","Weekday",5655.0,1,1,"Semester"
"60","Local",2024,"Feb","Saturday",741.0,1,0,"Semester"
"60","Local",2024,"Feb","Sunday",565.0,1,0,"Semester"
"60","Local",2024,"Feb","Weekday",1030.0,1,0,"Semester"
"604","Supplemental",2024,"Feb","Weekday",117.0,0,0,"Semester"
"605","Supplemental",2024,"Feb","Weekday",60.0,0,0,"Semester"
"606","Supplemental",2024,"Feb","Weekday",56.0,0,0,"Semester"
"607","Supplemental",2024,"Feb","Weekday",10.0,0,0,"Semester"
"617","Supplemental",2024,"Feb","Weekday",101.0,0,0,"Semester"
"62","Local",2024,"Feb","Saturday",1054.0,1,0,"Semester"
"62","Local",2024,"Feb","Sunday",898.0,1,0,"Semester"
"62","Local",2024,"Feb","Weekday",2087.0,1,0,"Semester"
"620","Supplemental",2024,"Feb","Weekday",50.0,0,0,"Semester"
"621","Supplemental",2024,"Feb","Weekday",141.0,0,0,"Semester"
"623","Supplemental",2024,"Feb","Weekday",1005.0,0,0,"Semester"
"624","Supplemental",2024,"Feb","Weekday",136.0,0,0,"Semester"
"625","Supplemental",2024,"Feb","Weekday",141.0,0,0,"Semester"
"626","Supplemental",2024,"Feb","Weekday",11.0,0,0,"Semester"
"628","Supplemental",2024,"Feb","Weekday",13.0,0,0,"Semester"
"629","Supplemental",2024,"Feb","Weekday",35.0,0,0,"Semester"
"631","Supplemental",2024,"Feb","Weekday",207.0,0,0,"Semester"
"638","Supplemental",2024,"Feb","Weekday",76.0,0,0,"Semester"
"641","Supplemental",2024,"Feb","Weekday",246.666666666667,0,0,"Semester"
"642","Supplemental",2024,"Feb","Weekday",48.0,0,0,"Semester"
"646","Supplemental",2024,"Feb","Weekday",409.0,0,0,"Semester"
"648","Supplemental",2024,"Feb","Weekday",148.0,0,0,"Semester"
"649","Supplemental",2024,"Feb","Weekday",88.0,0,0,"Semester"
"65","Local",2024,"Feb","Weekday",1064.0,0,0,"Semester"
"650","Supplemental",2024,"Feb","Weekday",67.0,0,0,"Semester"
"651","Supplemental",2024,"Feb","Weekday",111.25,0,0,"Semester"
"652","Supplemental",2024,"Feb","Weekday",79.0,0,0,"Semester"
"653","Supplemental",2024,"Feb","Weekday",98.0,0,0,"Semester"
"654","Supplemental",2024,"Feb","Weekday",279.0,0,0,"Semester"
"655","Supplemental",2024,"Feb","Weekday",131.0,0,0,"Semester"
"657","Supplemental",2024,"Feb","Weekday",238.0,0,0,"Semester"
"658","Supplemental",2024,"Feb","Weekday",188.0,0,0,"Semester"
"660","Supplemental",2024,"Feb","Weekday",70.6666666666667,0,0,"Semester"
"662","Supplemental",2024,"Feb","Weekday",80.0,0,0,"Semester"
"663","Supplemental",2024,"Feb","Weekday",78.0,0,0,"Semester"
"667","Supplemental",2024,"Feb","Weekday",148.0,0,0,"Semester"
"669","Supplemental",2024,"Feb","Weekday",76.25,0,0,"Semester"
"67","Local",2024,"Feb","Weekday",368.0,0,0,"Semester"
"671","Supplemental",2024,"Feb","Weekday",117.6,0,0,"Semester"
"672","Supplemental",2024,"Feb","Weekday",13.0,0,0,"Semester"
"675","Supplemental",2024,"Feb","Weekday",336.0,0,0,"Semester"
"676","Supplemental",2024,"Feb","Weekday",205.0,0,0,"Semester"
"677","Supplemental",2024,"Feb","Weekday",107.0,0,0,"Semester"
"680","Supplemental",2024,"Feb","Weekday",58.0,0,0,"Semester"
"681","Supplemental",2024,"Feb","Weekday",28.0,0,0,"Semester"
"682","Supplemental",2024,"Feb","Weekday",213.0,0,0,"Semester"
"683","Supplemental",2024,"Feb","Weekday",28.0,0,0,"Semester"
"684","Supplemental",2024,"Feb","Weekday",213.0,0,0,"Semester"
"687","Supplemental",2024,"Feb","Weekday",224.0,0,0,"Semester"
"688","Supplemental",2024,"Feb","Weekday",69.0,0,0,"Semester"
"696","Supplemental",2024,"Feb","Weekday",32.0,0,0,"Semester"
"7","Local",2024,"Feb","Saturday",3758.0,1,0,"Semester"
"7","Local",2024,"Feb","Sunday",1850.0,1,0,"Semester"
"7","Local",2024,"Feb","Weekday",3206.0,1,0,"Semester"
"70","Local",2024,"Feb","Saturday",329.0,1,0,"Semester"
"70","Local",2024,"Feb","Sunday",266.0,1,0,"Semester"
"70","Local",2024,"Feb","Weekday",384.0,1,0,"Semester"
"701","M-Transbay",2024,"Feb","Weekday",58.0,0,0,"Semester"
"702","M-Transbay",2024,"Feb","Weekday",16.0,0,0,"Semester"
"703","M-Transbay",2024,"Feb","Weekday",7.0,0,0,"Semester"
"706","M-Transbay",2024,"Feb","Weekday",10.0,0,0,"Semester"
"707","M-Transbay",2024,"Feb","Weekday",2.0,0,0,"Semester"
"71","Local",2024,"Feb","Saturday",354.0,1,0,"Semester"
"71","Local",2024,"Feb","Sunday",313.0,1,0,"Semester"
"71","Local",2024,"Feb","Weekday",906.0,1,0,"Semester"
"72","Local",2024,"Feb","Saturday",2351.0,1,0,"Semester"
"72","Local",2024,"Feb","Sunday",1894.0,1,0,"Semester"
"72","Local",2024,"Feb","Weekday",2923.97260273973,1,0,"Semester"
"72M","Local",2024,"Feb","Saturday",1985.0,1,0,"Semester"
"72M","Local",2024,"Feb","Sunday",1942.0,1,0,"Semester"
"72M","Local",2024,"Feb","Weekday",2639.0,1,0,"Semester"
"72R","Local",2024,"Feb","Saturday",2745.0,1,0,"Semester"
"72R","Local",2024,"Feb","Sunday",2178.0,1,0,"Semester"
"72R","Local",2024,"Feb","Weekday",4065.0,1,0,"Semester"
"73","Local",2024,"Feb","Saturday",1267.0,1,0,"Semester"
"73","Local",2024,"Feb","Sunday",1083.52447552448,1,0,"Semester"
"73","Local",2024,"Feb","Weekday",1883.0,1,0,"Semester"
"74","Local",2024,"Feb","Saturday",444.0,1,0,"Semester"
"74","Local",2024,"Feb","Sunday",365.0,1,0,"Semester"
"74","Local",2024,"Feb","Weekday",1064.0,1,0,"Semester"
"76","Local",2024,"Feb","Saturday",947.0,1,0,"Semester"
"76","Local",2024,"Feb","Sunday",810.0,1,0,"Semester"
"76","Local",2024,"Feb","Weekday",1920.0,1,0,"Semester"
"79","Local",2024,"Feb","Saturday",1414.0,1,0,"Semester"
"79","Local",2024,"Feb","Sunday",1408.0,1,0,"Semester"
"79","Local",2024,"Feb","Weekday",2313.0,1,0,"Semester"
"800","All Nighter",2024,"Feb","Saturday",461.0,1,1,"Semester"
"800","All Nighter",2024,"Feb","Sunday",335.0,1,1,"Semester"
"800","All Nighter",2024,"Feb","Weekday",368.0,1,1,"Semester"
"801","All Nighter",2024,"Feb","Saturday",277.0,1,0,"Semester"
"801","All Nighter",2024,"Feb","Sunday",283.0,1,0,"Semester"
"801","All Nighter",2024,"Feb","Weekday",293.0,1,0,"Semester"
"802","All Nighter",2024,"Feb","Saturday",62.3333333333333,1,0,"Semester"
"802","All Nighter",2024,"Feb","Sunday",60.0,1,0,"Semester"
"802","All Nighter",2024,"Feb","Weekday",74.0,1,0,"Semester"
"805","All Nighter",2024,"Feb","Saturday",74.0,1,0,"Semester"
"805","All Nighter",2024,"Feb","Sunday",71.0,1,0,"Semester"
"805","All Nighter",2024,"Feb","Weekday",95.0,1,0,"Semester"
"840","All Nighter",2024,"Feb","Saturday",56.0,1,0,"Semester"
"840","All Nighter",2024,"Feb","Sunday",53.0,1,0,"Semester"
"840","All Nighter",2024,"Feb","Weekday",62.0,1,0,"Semester"
"851","All Nighter",2024,"Feb","Saturday",81.0,1,1,"Semester"
"851","All Nighter",2024,"Feb","Sunday",80.0,1,1,"Semester"
"851","All Nighter",2024,"Feb","Weekday",85.0,1,1,"Semester"
"86","Local",2024,"Feb","Saturday",641.294117647059,1,0,"Semester"
"86","Local",2024,"Feb","Sunday",511.411764705882,1,0,"Semester"
"86","Local",2024,"Feb","Weekday",1212.0,1,0,"Semester"
"88","Local",2024,"Feb","Saturday",1273.0,1,0,"Semester"
"88","Local",2024,"Feb","Sunday",1043.75471698113,1,0,"Semester"
"88","Local",2024,"Feb","Weekday",2375.0,1,0,"Semester"
"90","Local",2024,"Feb","Saturday",333.969230769231,1,0,"Semester"
"90","Local",2024,"Feb","Sunday",346.166666666667,1,0,"Semester"
"90","Local",2024,"Feb","Weekday",671.0,1,0,"Semester"
"93","Local",2024,"Feb","Saturday",381.0,1,0,"Semester"
"93","Local",2024,"Feb","Sunday",292.0,1,0,"Semester"
"93","Local",2024,"Feb","Weekday",773.0,1,0,"Semester"
"95","Local",2024,"Feb","Saturday",143.0,1,0,"Semester"
"95","Local",2024,"Feb","Sunday",128.048780487805,1,0,"Semester"
"95","Local",2024,"Feb","Weekday",236.133333333333,1,0,"Semester"
"96","Local",2024,"Feb","Saturday",994.0,1,0,"Semester"
"96","Local",2024,"Feb","Sunday",985.0,1,0,"Semester"
"96","Local",2024,"Feb","Weekday",1481.0,1,0,"Semester"
"97","Local",2024,"Feb","Saturday",1381.0,1,0,"Semester"
"97","Local",2024,"Feb","Sunday",1158.0,1,0,"Semester"
"97","Local",2024,"Feb","Weekday",2835.0,1,0,"Semester"
"98","Local",2024,"Feb","Saturday",450.47619047619,1,0,"Semester"
"98","Local",2024,"Feb","Sunday",419.0,1,0,"Semester"
"98","Local",2024,"Feb","Weekday",1244.0,1,0,"Semester"
"99","Local",2024,"Feb","Saturday",1268.0,1,0,"Semester"
"99","Local",2024,"Feb","Sunday",1099.0,1,0,"Semester"
"99","Local",2024,"Feb","Weekday",2193.0,1,0,"Semester"
"E","M-Transbay",2024,"Feb","Weekday",145.0,0,0,"Semester"
"F","M-Transbay",2024,"Feb","Saturday",1780.0,1,1,"Semester"
"F","M-Transbay",2024,"Feb","Sunday",1429.34782608696,1,1,"Semester"
"F","M-Transbay",2024,"Feb","Weekday",2259.0,1,1,"Semester"
"FS","M-Transbay",2024,"Feb","Weekday",95.0,0,0,"Semester"
"G","M-Transbay",2024,"Feb","Weekday",199.0,0,0,"Semester"
"J","M-Transbay",2024,"Feb","Weekday",217.0,0,0,"Semester"
"L","M-Transbay",2024,"Feb","Weekday",144.0,0,0,"Semester"
"LA","M-Transbay",2024,"Feb","Weekday",71.25,0,0,"Semester"
"NL","M-Transbay",2024,"Feb","Saturday",1141.0,1,0,"Semester"
"NL","M-Transbay",2024,"Feb","Sunday",917.0,1,0,"Semester"
"NL","M-Transbay",2024,"Feb","Weekday",2175.0,1,0,"Semester"
"NX","M-Transbay",2024,"Feb","Weekday",167.0,0,0,"Semester"
"NX3","M-Transbay",2024,"Feb","Weekday",103.0,0,0,"Semester"
"O","M-Transbay",2024,"Feb","Saturday",653.0,1,0,"Semester"
"O","M-Transbay",2024,"Feb","Sunday",575.0,1,0,"Semester"
"O","M-Transbay",2024,"Feb","Weekday",1044.0,1,0,"Semester"
"OX","M-Transbay",2024,"Feb","Weekday",92.0,0,0,"Semester"
"P","M-Transbay",2024,"Feb","Weekday",279.0,0,0,"Semester"
"U","M-Transbay",2024,"Feb","Weekday",235.0,0,0,"Semester"
"V","M-Transbay",2024,"Feb","Weekday",188.0,0,0,"Semester"
"W","M-Transbay",2024,"Feb","Weekday",127.0,0,0,"Semester"
"10","Local",2024,"Mar","Saturday",1466.16470588235,1,0,"Semester"
"10","Local",2024,"Mar","Sunday",1327.28971962617,1,0,"Semester"
"10","Local",2024,"Mar","Weekday",2309.81583476764,1,0,"Semester"
"12","Local",2024,"Mar","Saturday",1579.84615384615,1,0,"Semester"
"12","Local",2024,"Mar","Sunday",1153.0,1,0,"Semester"
"12","Local",2024,"Mar","Weekday",2400.06968641115,1,0,"Semester"
"14","Local",2024,"Mar","Saturday",1478.0,1,0,"Semester"
"14","Local",2024,"Mar","Sunday",1277.0,1,0,"Semester"
"14","Local",2024,"Mar","Weekday",3281.71209633279,1,0,"Semester"
"18","Local",2024,"Mar","Saturday",2496.52,1,0,"Semester"
"18","Local",2024,"Mar","Sunday",2089.0,1,0,"Semester"
"18","Local",2024,"Mar","Weekday",3448.06349206349,1,0,"Semester"
"19","Local",2024,"Mar","Saturday",191.6,1,0,"Semester"
"19","Local",2024,"Mar","Sunday",158.0,1,0,"Semester"
"19","Local",2024,"Mar","Weekday",239.314285714286,1,0,"Semester"
"1T","Local",2024,"Mar","Saturday",12432.5565217391,1,0,"Semester"
"1T","Local",2024,"Mar","Sunday",11323.0,1,0,"Semester"
"1T","Local",2024,"Mar","Weekday",16476.1273666093,1,0,"Semester"
"20","Local",2024,"Mar","Saturday",1699.6,1,0,"Semester"
"20","Local",2024,"Mar","Sunday",1432.0,1,0,"Semester"
"20","Local",2024,"Mar","Weekday",1989.71428571429,1,0,"Semester"
"200","Local",2024,"Mar","Saturday",906.6,1,0,"Semester"
"200","Local",2024,"Mar","Sunday",840.0,1,0,"Semester"
"200","Local",2024,"Mar","Weekday",1318.7671957672,1,0,"Semester"
"21","Local",2024,"Mar","Saturday",958.257142857143,1,0,"Semester"
"21","Local",2024,"Mar","Sunday",768.0,1,0,"Semester"
"21","Local",2024,"Mar","Weekday",1305.6162464986,1,0,"Semester"
"210","Local",2024,"Mar","Saturday",635.333333333333,1,0,"Semester"
"210","Local",2024,"Mar","Sunday",569.0,1,0,"Semester"
"210","Local",2024,"Mar","Weekday",1160.90043290043,1,0,"Semester"
"212","Local",2024,"Mar","Saturday",384.4,1,0,"Semester"
"212","Local",2024,"Mar","Sunday",352.0,1,0,"Semester"
"212","Local",2024,"Mar","Weekday",564.636591478697,1,0,"Semester"
"215","Local",2024,"Mar","Weekday",187.777777777778,0,0,"Semester"
"216","Local",2024,"Mar","Saturday",177.4,1,0,"Semester"
"216","Local",2024,"Mar","Sunday",159.0,1,0,"Semester"
"216","Local",2024,"Mar","Weekday",284.714285714286,1,0,"Semester"
"217","Local",2024,"Mar","Saturday",634.4,1,0,"Semester"
"217","Local",2024,"Mar","Sunday",538.0,1,0,"Semester"
"217","Local",2024,"Mar","Weekday",871.288888888889,1,0,"Semester"
"232","Local",2024,"Mar","Saturday",214.0,1,0,"Semester"
"232","Local",2024,"Mar","Sunday",238.0,1,0,"Semester"
"232","Local",2024,"Mar","Weekday",317.163265306122,1,0,"Semester"
"239","Local",2024,"Mar","Weekday",705.82905982906,0,0,"Semester"
"251","Local",2024,"Mar","Saturday",88.6666666666667,1,0,"Semester"
"251","Local",2024,"Mar","Sunday",87.0,1,0,"Semester"
"251","Local",2024,"Mar","Weekday",168.690476190476,1,0,"Semester"
"28","Local",2024,"Mar","Saturday",409.6,1,0,"Semester"
"28","Local",2024,"Mar","Sunday",351.0,1,0,"Semester"
"28","Local",2024,"Mar","Weekday",643.424430641822,1,0,"Semester"
"29","Local",2024,"Mar","Saturday",916.978723404255,1,0,"Semester"
"29","Local",2024,"Mar","Sunday",602.8,1,0,"Semester"
"29","Local",2024,"Mar","Weekday",1189.03663003663,1,0,"Semester"
"33","Local",2024,"Mar","Saturday",1224.13076923077,1,0,"Semester"
"33","Local",2024,"Mar","Sunday",958.0,1,0,"Semester"
"33","Local",2024,"Mar","Weekday",2251.33221288515,1,0,"Semester"
"34","Local",2024,"Mar","Saturday",536.6,1,0,"Semester"
"34","Local",2024,"Mar","Sunday",425.0,1,0,"Semester"
"34","Local",2024,"Mar","Weekday",669.555555555556,1,0,"Semester"
"35","Local",2024,"Mar","Saturday",520.2,1,0,"Semester"
"35","Local",2024,"Mar","Sunday",439.0,1,0,"Semester"
"35","Local",2024,"Mar","Weekday",659.70695970696,1,0,"Semester"
"36","Local",2024,"Mar","Saturday",1437.15789473684,1,1,"Semester"
"36","Local",2024,"Mar","Sunday",1554.0,1,1,"Semester"
"36","Local",2024,"Mar","Weekday",1840.12698412698,1,1,"Semester"
"376","Local",2024,"Mar","Saturday",130.678362573099,1,0,"Semester"
"376","Local",2024,"Mar","Sunday",113.0,1,0,"Semester"
"376","Local",2024,"Mar","Weekday",120.571428571429,1,0,"Semester"
"39","Local",2024,"Mar","Weekday",489.749373433584,0,0,"Semester"
"40","Local",2024,"Mar","Saturday",3111.0,1,0,"Semester"
"40","Local",2024,"Mar","Sunday",2623.04651162791,1,0,"Semester"
"40","Local",2024,"Mar","Weekday",6179.85984848485,1,0,"Semester"
"41","Local",2024,"Mar","Saturday",397.2,1,0,"Semester"
"41","Local",2024,"Mar","Sunday",346.0,1,0,"Semester"
"41","Local",2024,"Mar","Weekday",604.285714285714,1,0,"Semester"
"45","Local",2024,"Mar","Saturday",532.8,1,0,"Semester"
"45","Local",2024,"Mar","Sunday",434.0,1,0,"Semester"
"45","Local",2024,"Mar","Weekday",1283.14285714286,1,0,"Semester"
"46L","Local",2024,"Mar","Weekday",185.811594202899,0,0,"Semester"
"51A","Local",2024,"Mar","Saturday",3562.8,1,0,"Semester"
"51A","Local",2024,"Mar","Sunday",2882.0,1,0,"Semester"
"51A","Local",2024,"Mar","Weekday",6080.4380952381,1,0,"Semester"
"51B","Local",2024,"Mar","Saturday",6121.77777777778,1,1,"Semester"
"51B","Local",2024,"Mar","Sunday",4916.0,1,1,"Semester"
"51B","Local",2024,"Mar","Weekday",7916.20879120879,1,1,"Semester"
"52","Local",2024,"Mar","Saturday",1260.95151515152,1,1,"Semester"
"52","Local",2024,"Mar","Sunday",1026.0,1,1,"Semester"
"52","Local",2024,"Mar","Weekday",2986.9293078056,1,1,"Semester"
"54","Local",2024,"Mar","Saturday",633.6,1,0,"Semester"
"54","Local",2024,"Mar","Sunday",487.0,1,0,"Semester"
"54","Local",2024,"Mar","Weekday",1309.06864564007,1,0,"Semester"
"56","Local",2024,"Mar","Saturday",312.5,1,0,"Semester"
"56","Local",2024,"Mar","Sunday",263.0,1,0,"Semester"
"56","Local",2024,"Mar","Weekday",442.037267080745,1,0,"Semester"
"57","Local",2024,"Mar","Saturday",3704.21142251174,1,0,"Semester"
"57","Local",2024,"Mar","Sunday",3018.51851851852,1,0,"Semester"
"57","Local",2024,"Mar","Weekday",4911.99470899471,1,0,"Semester"
"6","Local",2024,"Mar","Saturday",3515.18796992481,1,1,"Semester"
"6","Local",2024,"Mar","Sunday",3105.22388059701,1,1,"Semester"
"6","Local",2024,"Mar","Weekday",5146.23015873016,1,1,"Semester"
"60","Local",2024,"Mar","Saturday",753.0,1,0,"Semester"
"60","Local",2024,"Mar","Sunday",585.0,1,0,"Semester"
"60","Local",2024,"Mar","Weekday",1071.90476190476,1,0,"Semester"
"604","Supplemental",2024,"Mar","Weekday",138.857142857143,0,0,"Semester"
"605","Supplemental",2024,"Mar","Weekday",50.1428571428571,0,0,"Semester"
"606","Supplemental",2024,"Mar","Weekday",49.3333333333333,0,0,"Semester"
"607","Supplemental",2024,"Mar","Weekday",8.95238095238095,0,0,"Semester"
"617","Supplemental",2024,"Mar","Weekday",96.6666666666667,0,0,"Semester"
"62","Local",2024,"Mar","Saturday",1014.8,1,0,"Semester"
"62","Local",2024,"Mar","Sunday",873.0,1,0,"Semester"
"62","Local",2024,"Mar","Weekday",2093.03865546219,1,0,"Semester"
"620","Supplemental",2024,"Mar","Weekday",46.5714285714286,0,0,"Semester"
"621","Supplemental",2024,"Mar","Weekday",263.714285714286,0,0,"Semester"
"623","Supplemental",2024,"Mar","Weekday",1029.04761904762,0,0,"Semester"
"624","Supplemental",2024,"Mar","Weekday",52.1904761904762,0,0,"Semester"
"625","Supplemental",2024,"Mar","Weekday",253.275132275132,0,0,"Semester"
"626","Supplemental",2024,"Mar","Weekday",9.80952380952381,0,0,"Semester"
"628","Supplemental",2024,"Mar","Weekday",10.952380952381,0,0,"Semester"
"629","Supplemental",2024,"Mar","Weekday",39.9047619047619,0,0,"Semester"
"631","Supplemental",2024,"Mar","Weekday",216.095238095238,0,0,"Semester"
"638","Supplemental",2024,"Mar","Weekday",85.3333333333333,0,0,"Semester"
"641","Supplemental",2024,"Mar","Weekday",203.650793650794,0,0,"Semester"
"642","Supplemental",2024,"Mar","Weekday",66.1904761904762,0,0,"Semester"
"646","Supplemental",2024,"Mar","Weekday",433.619047619048,0,0,"Semester"
"648","Supplemental",2024,"Mar","Weekday",145.904761904762,0,0,"Semester"
"649","Supplemental",2024,"Mar","Weekday",89.1904761904762,0,0,"Semester"
"65","Local",2024,"Mar","Weekday",1064.0,0,0,"Semester"
"650","Supplemental",2024,"Mar","Weekday",70.1666666666667,0,0,"Semester"
"651","Supplemental",2024,"Mar","Weekday",86.9047619047619,0,0,"Semester"
"652","Supplemental",2024,"Mar","Weekday",74.1428571428571,0,0,"Semester"
"653","Supplemental",2024,"Mar","Weekday",96.952380952381,0,0,"Semester"
"654","Supplemental",2024,"Mar","Weekday",269.285714285714,0,0,"Semester"
"655","Supplemental",2024,"Mar","Weekday",133.666666666667,0,0,"Semester"
"657","Supplemental",2024,"Mar","Weekday",227.142857142857,0,0,"Semester"
"658","Supplemental",2024,"Mar","Weekday",205.809523809524,0,0,"Semester"
"660","Supplemental",2024,"Mar","Weekday",70.0952380952381,0,0,"Semester"
"662","Supplemental",2024,"Mar","Weekday",75.952380952381,0,0,"Semester"
"663","Supplemental",2024,"Mar","Weekday",60.8571428571429,0,0,"Semester"
"667","Supplemental",2024,"Mar","Weekday",160.84126984127,0,0,"Semester"
"669","Supplemental",2024,"Mar","Weekday",73.2142857142857,0,0,"Semester"
"67","Local",2024,"Mar","Weekday",368.0,0,0,"Semester"
"671","Supplemental",2024,"Mar","Weekday",100.333333333333,0,0,"Semester"
"672","Supplemental",2024,"Mar","Weekday",11.1904761904762,0,0,"Semester"
"675","Supplemental",2024,"Mar","Weekday",322.147186147186,0,0,"Semester"
"676","Supplemental",2024,"Mar","Weekday",105.15873015873,0,0,"Semester"
"677","Supplemental",2024,"Mar","Weekday",82.2619047619048,0,0,"Semester"
"680","Supplemental",2024,"Mar","Weekday",49.8571428571429,0,0,"Semester"
"681","Supplemental",2024,"Mar","Weekday",24.4285714285714,0,0,"Semester"
"682","Supplemental",2024,"Mar","Weekday",203.154761904762,0,0,"Semester"
"683","Supplemental",2024,"Mar","Weekday",20.8095238095238,0,0,"Semester"
"684","Supplemental",2024,"Mar","Weekday",163.444444444444,0,0,"Semester"
"687","Supplemental",2024,"Mar","Weekday",240.47619047619,0,0,"Semester"
"688","Supplemental",2024,"Mar","Weekday",58.5238095238095,0,0,"Semester"
"696","Supplemental",2024,"Mar","Weekday",28.1904761904762,0,0,"Semester"
"7","Local",2024,"Mar","Saturday",2089.6,1,0,"Semester"
"7","Local",2024,"Mar","Sunday",1762.0,1,0,"Semester"
"7","Local",2024,"Mar","Weekday",2369.2380952381,1,0,"Semester"
"70","Local",2024,"Mar","Saturday",308.0,1,0,"Semester"
"70","Local",2024,"Mar","Sunday",302.0,1,0,"Semester"
"70","Local",2024,"Mar","Weekday",396.985347985348,1,0,"Semester"
"701","M-Transbay",2024,"Mar","Weekday",42.7619047619048,0,0,"Semester"
"702","M-Transbay",2024,"Mar","Weekday",10.2857142857143,0,0,"Semester"
"703","M-Transbay",2024,"Mar","Weekday",7.0,0,0,"Semester"
"706","M-Transbay",2024,"Mar","Weekday",10.952380952381,0,0,"Semester"
"707","M-Transbay",2024,"Mar","Weekday",2.0,0,0,"Semester"
"71","Local",2024,"Mar","Saturday",397.0,1,0,"Semester"
"71","Local",2024,"Mar","Sunday",355.0,1,0,"Semester"
"71","Local",2024,"Mar","Weekday",949.619047619048,1,0,"Semester"
"72","Local",2024,"Mar","Saturday",2500.72,1,0,"Semester"
"72","Local",2024,"Mar","Sunday",1934.0,1,0,"Semester"
"72","Local",2024,"Mar","Weekday",2830.76076320939,1,0,"Semester"
"72M","Local",2024,"Mar","Saturday",2225.6,1,0,"Semester"
"72M","Local",2024,"Mar","Sunday",1821.0,1,0,"Semester"
"72M","Local",2024,"Mar","Weekday",2615.08963585434,1,0,"Semester"
"72R","Local",2024,"Mar","Saturday",2614.8,1,0,"Semester"
"72R","Local",2024,"Mar","Sunday",2255.0,1,0,"Semester"
"72R","Local",2024,"Mar","Weekday",4010.5850340136,1,0,"Semester"
"73","Local",2024,"Mar","Saturday",1249.4,1,0,"Semester"
"73","Local",2024,"Mar","Sunday",1080.5034965035,1,0,"Semester"
"73","Local",2024,"Mar","Weekday",1945.24444444444,1,0,"Semester"
"74","Local",2024,"Mar","Saturday",392.0,1,0,"Semester"
"74","Local",2024,"Mar","Sunday",339.0,1,0,"Semester"
"74","Local",2024,"Mar","Weekday",1070.71861471861,1,0,"Semester"
"76","Local",2024,"Mar","Saturday",998.2,1,0,"Semester"
"76","Local",2024,"Mar","Sunday",838.0,1,0,"Semester"
"76","Local",2024,"Mar","Weekday",1936.12380952381,1,0,"Semester"
"79","Local",2024,"Mar","Saturday",1140.4,1,0,"Semester"
"79","Local",2024,"Mar","Sunday",1031.0,1,0,"Semester"
"79","Local",2024,"Mar","Weekday",1895.45112781955,1,0,"Semester"
"800","All Nighter",2024,"Mar","Saturday",465.8,1,1,"Semester"
"800","All Nighter",2024,"Mar","Sunday",342.0,1,1,"Semester"
"800","All Nighter",2024,"Mar","Weekday",408.619047619048,1,1,"Semester"
"801","All Nighter",2024,"Mar","Saturday",277.8,1,0,"Semester"
"801","All Nighter",2024,"Mar","Sunday",263.12,1,0,"Semester"
"801","All Nighter",2024,"Mar","Weekday",279.666666666667,1,0,"Semester"
"802","All Nighter",2024,"Mar","Saturday",52.8,1,0,"Semester"
"802","All Nighter",2024,"Mar","Sunday",46.2,1,0,"Semester"
"802","All Nighter",2024,"Mar","Weekday",67.3333333333333,1,0,"Semester"
"805","All Nighter",2024,"Mar","Saturday",74.0,1,0,"Semester"
"805","All Nighter",2024,"Mar","Sunday",67.0,1,0,"Semester"
"805","All Nighter",2024,"Mar","Weekday",91.4285714285714,1,0,"Semester"
"840","All Nighter",2024,"Mar","Saturday",56.8,1,0,"Semester"
"840","All Nighter",2024,"Mar","Sunday",52.0,1,0,"Semester"
"840","All Nighter",2024,"Mar","Weekday",58.4761904761905,1,0,"Semester"
"851","All Nighter",2024,"Mar","Saturday",71.8666666666667,1,1,"Semester"
"851","All Nighter",2024,"Mar","Sunday",55.0,1,1,"Semester"
"851","All Nighter",2024,"Mar","Weekday",81.1904761904762,1,1,"Semester"
"86","Local",2024,"Mar","Saturday",614.658823529412,1,0,"Semester"
"86","Local",2024,"Mar","Sunday",510.0,1,0,"Semester"
"86","Local",2024,"Mar","Weekday",1277.72380952381,1,0,"Semester"
"88","Local",2024,"Mar","Saturday",1416.975,1,0,"Semester"
"88","Local",2024,"Mar","Sunday",978.141509433962,1,0,"Semester"
"88","Local",2024,"Mar","Weekday",1835.20995670996,1,0,"Semester"
"90","Local",2024,"Mar","Saturday",352.393846153846,1,0,"Semester"
"90","Local",2024,"Mar","Sunday",322.0,1,0,"Semester"
"90","Local",2024,"Mar","Weekday",679.126805778491,1,0,"Semester"
"93","Local",2024,"Mar","Saturday",394.6,1,0,"Semester"
"93","Local",2024,"Mar","Sunday",329.0,1,0,"Semester"
"93","Local",2024,"Mar","Weekday",792.52380952381,1,0,"Semester"
"95","Local",2024,"Mar","Saturday",139.234146341463,1,0,"Semester"
"95","Local",2024,"Mar","Sunday",137.846153846154,1,0,"Semester"
"95","Local",2024,"Mar","Weekday",286.757671957672,1,0,"Semester"
"96","Local",2024,"Mar","Saturday",920.8,1,0,"Semester"
"96","Local",2024,"Mar","Sunday",818.0,1,0,"Semester"
"96","Local",2024,"Mar","Weekday",1312.38095238095,1,0,"Semester"
"97","Local",2024,"Mar","Saturday",1412.2,1,0,"Semester"
"97","Local",2024,"Mar","Sunday",1201.0,1,0,"Semester"
"97","Local",2024,"Mar","Weekday",2915.30357142857,1,0,"Semester"
"98","Local",2024,"Mar","Saturday",475.695238095238,1,0,"Semester"
"98","Local",2024,"Mar","Sunday",404.0,1,0,"Semester"
"98","Local",2024,"Mar","Weekday",1246.54545454545,1,0,"Semester"
"99","Local",2024,"Mar","Saturday",1255.86666666667,1,0,"Semester"
"99","Local",2024,"Mar","Sunday",1186.0,1,0,"Semester"
"99","Local",2024,"Mar","Weekday",2238.97802197802,1,0,"Semester"
"E","M-Transbay",2024,"Mar","Weekday",126.666666666667,0,0,"Semester"
"F","M-Transbay",2024,"Mar","Saturday",1614.33636363636,1,1,"Semester"
"F","M-Transbay",2024,"Mar","Sunday",1292.0,1,1,"Semester"
"F","M-Transbay",2024,"Mar","Weekday",1987.16715257532,1,1,"Semester"
"FS","M-Transbay",2024,"Mar","Weekday",80.7142857142857,0,0,"Semester"
"G","M-Transbay",2024,"Mar","Weekday",195.678571428571,0,0,"Semester"
"J","M-Transbay",2024,"Mar","Weekday",214.380952380952,0,0,"Semester"
"L","M-Transbay",2024,"Mar","Weekday",148.0,0,0,"Semester"
"LA","M-Transbay",2024,"Mar","Weekday",71.547619047619,0,0,"Semester"
"NL","M-Transbay",2024,"Mar","Saturday",1095.46666666667,1,0,"Semester"
"NL","M-Transbay",2024,"Mar","Sunday",920.0,1,0,"Semester"
"NL","M-Transbay",2024,"Mar","Weekday",2214.33082706767,1,0,"Semester"
"NX","M-Transbay",2024,"Mar","Weekday",153.714285714286,0,0,"Semester"
"NX3","M-Transbay",2024,"Mar","Weekday",91.015873015873,0,0,"Semester"
"O","M-Transbay",2024,"Mar","Saturday",614.24,1,0,"Semester"
"O","M-Transbay",2024,"Mar","Sunday",646.0,1,0,"Semester"
"O","M-Transbay",2024,"Mar","Weekday",1041.18452380952,1,0,"Semester"
"OX","M-Transbay",2024,"Mar","Weekday",95.1428571428571,0,0,"Semester"
"P","M-Transbay",2024,"Mar","Weekday",308.0,0,0,"Semester"
"U","M-Transbay",2024,"Mar","Weekday",229.730158730159,0,0,"Semester"
"V","M-Transbay",2024,"Mar","Weekday",169.84126984127,0,0,"Semester"
"W","M-Transbay",2024,"Mar","Weekday",117.485714285714,0,0,"Semester"
"10","Local",2024,"Apr","Saturday",1604.0,1,0,"Semester"
"10","Local",2024,"Apr","Sunday",1327.0,1,0,"Semester"
"10","Local",2024,"Apr","Weekday",2372.0,1,0,"Semester"
"12","Local",2024,"Apr","Saturday",1653.0,1,0,"Semester"
"12","Local",2024,"Apr","Sunday",1385.0,1,0,"Semester"
"12","Local",2024,"Apr","Weekday",2413.0,1,0,"Semester"
"14","Local",2024,"Apr","Saturday",1594.0,1,0,"Semester"
"14","Local",2024,"Apr","Sunday",1372.0,1,0,"Semester"
"14","Local",2024,"Apr","Weekday",3258.0,1,0,"Semester"
"18","Local",2024,"Apr","Saturday",2889.0,1,0,"Semester"
"18","Local",2024,"Apr","Sunday",2315.0,1,0,"Semester"
"18","Local",2024,"Apr","Weekday",3733.0,1,0,"Semester"
"19","Local",2024,"Apr","Saturday",201.0,1,0,"Semester"
"19","Local",2024,"Apr","Sunday",164.0,1,0,"Semester"
"19","Local",2024,"Apr","Weekday",246.0,1,0,"Semester"
"1T","Local",2024,"Apr","Saturday",13125.6481481481,1,0,"Semester"
"1T","Local",2024,"Apr","Sunday",13501.6831683168,1,0,"Semester"
"1T","Local",2024,"Apr","Weekday",17486.0,1,0,"Semester"
"20","Local",2024,"Apr","Saturday",1695.0,1,0,"Semester"
"20","Local",2024,"Apr","Sunday",1479.0,1,0,"Semester"
"20","Local",2024,"Apr","Weekday",2118.0,1,0,"Semester"
"200","Local",2024,"Apr","Saturday",942.0,1,0,"Semester"
"200","Local",2024,"Apr","Sunday",949.0,1,0,"Semester"
"200","Local",2024,"Apr","Weekday",1352.0,1,0,"Semester"
"21","Local",2024,"Apr","Saturday",954.0,1,0,"Semester"
"21","Local",2024,"Apr","Sunday",828.339622641509,1,0,"Semester"
"21","Local",2024,"Apr","Weekday",1281.0,1,0,"Semester"
"210","Local",2024,"Apr","Saturday",619.0,1,0,"Semester"
"210","Local",2024,"Apr","Sunday",642.0,1,0,"Semester"
"210","Local",2024,"Apr","Weekday",1210.0,1,0,"Semester"
"212","Local",2024,"Apr","Saturday",461.0,1,0,"Semester"
"212","Local",2024,"Apr","Sunday",385.0,1,0,"Semester"
"212","Local",2024,"Apr","Weekday",611.0,1,0,"Semester"
"215","Local",2024,"Apr","Weekday",184.0,0,0,"Semester"
"216","Local",2024,"Apr","Saturday",193.0,1,0,"Semester"
"216","Local",2024,"Apr","Sunday",189.0,1,0,"Semester"
"216","Local",2024,"Apr","Weekday",292.0,1,0,"Semester"
"217","Local",2024,"Apr","Saturday",637.0,1,0,"Semester"
"217","Local",2024,"Apr","Sunday",584.0,1,0,"Semester"
"217","Local",2024,"Apr","Weekday",896.166666666667,1,0,"Semester"
"232","Local",2024,"Apr","Saturday",204.0,1,0,"Semester"
"232","Local",2024,"Apr","Sunday",228.0,1,0,"Semester"
"232","Local",2024,"Apr","Weekday",312.0,1,0,"Semester"
"239","Local",2024,"Apr","Weekday",701.0,0,0,"Semester"
"251","Local",2024,"Apr","Saturday",124.0,1,0,"Semester"
"251","Local",2024,"Apr","Sunday",98.0,1,0,"Semester"
"251","Local",2024,"Apr","Weekday",179.0,1,0,"Semester"
"28","Local",2024,"Apr","Saturday",416.0,1,0,"Semester"
"28","Local",2024,"Apr","Sunday",379.0,1,0,"Semester"
"28","Local",2024,"Apr","Weekday",669.0,1,0,"Semester"
"29","Local",2024,"Apr","Saturday",726.0,1,0,"Semester"
"29","Local",2024,"Apr","Sunday",647.625,1,0,"Semester"
"29","Local",2024,"Apr","Weekday",1306.48275862069,1,0,"Semester"
"33","Local",2024,"Apr","Saturday",1226.68269230769,1,0,"Semester"
"33","Local",2024,"Apr","Sunday",1081.0,1,0,"Semester"
"33","Local",2024,"Apr","Weekday",2371.0,1,0,"Semester"
"34","Local",2024,"Apr","Saturday",518.0,1,0,"Semester"
"34","Local",2024,"Apr","Sunday",466.0,1,0,"Semester"
"34","Local",2024,"Apr","Weekday",703.0,1,0,"Semester"
"35","Local",2024,"Apr","Saturday",535.0,1,0,"Semester"
"35","Local",2024,"Apr","Sunday",488.0,1,0,"Semester"
"35","Local",2024,"Apr","Weekday",675.0,1,0,"Semester"
"36","Local",2024,"Apr","Saturday",1745.0,1,1,"Semester"
"36","Local",2024,"Apr","Sunday",1508.0,1,1,"Semester"
"36","Local",2024,"Apr","Weekday",2097.0,1,1,"Semester"
"376","Local",2024,"Apr","Saturday",125.0,1,0,"Semester"
"376","Local",2024,"Apr","Sunday",106.315789473684,1,0,"Semester"
"376","Local",2024,"Apr","Weekday",122.0,1,0,"Semester"
"39","Local",2024,"Apr","Weekday",480.0,0,0,"Semester"
"40","Local",2024,"Apr","Saturday",3130.0,1,0,"Semester"
"40","Local",2024,"Apr","Sunday",2819.07874015748,1,0,"Semester"
"40","Local",2024,"Apr","Weekday",6126.0,1,0,"Semester"
"41","Local",2024,"Apr","Saturday",400.0,1,0,"Semester"
"41","Local",2024,"Apr","Sunday",321.0,1,0,"Semester"
"41","Local",2024,"Apr","Weekday",596.0,1,0,"Semester"
"45","Local",2024,"Apr","Saturday",543.0,1,0,"Semester"
"45","Local",2024,"Apr","Sunday",480.0,1,0,"Semester"
"45","Local",2024,"Apr","Weekday",1338.0,1,0,"Semester"
"46L","Local",2024,"Apr","Weekday",178.0,0,0,"Semester"
"51A","Local",2024,"Apr","Saturday",3574.0,1,0,"Semester"
"51A","Local",2024,"Apr","Sunday",3087.0,1,0,"Semester"
"51A","Local",2024,"Apr","Weekday",6103.0,1,0,"Semester"
"51B","Local",2024,"Apr","Saturday",7842.27642276423,1,1,"Semester"
"51B","Local",2024,"Apr","Sunday",6971.0,1,1,"Semester"
"51B","Local",2024,"Apr","Weekday",8535.0,1,1,"Semester"
"52","Local",2024,"Apr","Saturday",1507.0,1,1,"Semester"
"52","Local",2024,"Apr","Sunday",1322.0,1,1,"Semester"
"52","Local",2024,"Apr","Weekday",3581.0,1,1,"Semester"
"54","Local",2024,"Apr","Saturday",660.0,1,0,"Semester"
"54","Local",2024,"Apr","Sunday",506.0,1,0,"Semester"
"54","Local",2024,"Apr","Weekday",1377.0,1,0,"Semester"
"56","Local",2024,"Apr","Saturday",327.0,1,0,"Semester"
"56","Local",2024,"Apr","Sunday",281.0,1,0,"Semester"
"56","Local",2024,"Apr","Weekday",469.0,1,0,"Semester"
"57","Local",2024,"Apr","Saturday",3743.96913580247,1,0,"Semester"
"57","Local",2024,"Apr","Sunday",3238.0,1,0,"Semester"
"57","Local",2024,"Apr","Weekday",4963.0,1,0,"Semester"
"6","Local",2024,"Apr","Saturday",6022.0,1,1,"Semester"
"6","Local",2024,"Apr","Sunday",3243.62416107383,1,1,"Semester"
"6","Local",2024,"Apr","Weekday",5520.0,1,1,"Semester"
"60","Local",2024,"Apr","Saturday",759.0,1,0,"Semester"
"60","Local",2024,"Apr","Sunday",580.0,1,0,"Semester"
"60","Local",2024,"Apr","Weekday",1030.0,1,0,"Semester"
"604","Supplemental",2024,"Apr","Weekday",119.0,0,0,"Semester"
"605","Supplemental",2024,"Apr","Weekday",61.0,0,0,"Semester"
"606","Supplemental",2024,"Apr","Weekday",47.0,0,0,"Semester"
"607","Supplemental",2024,"Apr","Weekday",9.0,0,0,"Semester"
"617","Supplemental",2024,"Apr","Weekday",102.0,0,0,"Semester"
"62","Local",2024,"Apr","Saturday",1056.0,1,0,"Semester"
"62","Local",2024,"Apr","Sunday",973.0,1,0,"Semester"
"62","Local",2024,"Apr","Weekday",2124.0,1,0,"Semester"
"620","Supplemental",2024,"Apr","Weekday",66.0,0,0,"Semester"
"621","Supplemental",2024,"Apr","Weekday",288.0,0,0,"Semester"
"623","Supplemental",2024,"Apr","Weekday",1030.61538461538,0,0,"Semester"
"624","Supplemental",2024,"Apr","Weekday",57.0,0,0,"Semester"
"625","Supplemental",2024,"Apr","Weekday",324.0,0,0,"Semester"
"626","Supplemental",2024,"Apr","Weekday",15.0,0,0,"Semester"
"628","Supplemental",2024,"Apr","Weekday",17.0,0,0,"Semester"
"629","Supplemental",2024,"Apr","Weekday",32.0,0,0,"Semester"
"631","Supplemental",2024,"Apr","Weekday",215.0,0,0,"Semester"
"638","Supplemental",2024,"Apr","Weekday",81.0,0,0,"Semester"
"641","Supplemental",2024,"Apr","Weekday",158.333333333333,0,0,"Semester"
"642","Supplemental",2024,"Apr","Weekday",65.0,0,0,"Semester"
"646","Supplemental",2024,"Apr","Weekday",406.0,0,0,"Semester"
"648","Supplemental",2024,"Apr","Weekday",157.0,0,0,"Semester"
"649","Supplemental",2024,"Apr","Weekday",101.0,0,0,"Semester"
"65","Local",2024,"Apr","Weekday",1064.0,0,0,"Semester"
"650","Supplemental",2024,"Apr","Weekday",80.0,0,0,"Semester"
"651","Supplemental",2024,"Apr","Weekday",109.0,0,0,"Semester"
"652","Supplemental",2024,"Apr","Weekday",77.0,0,0,"Semester"
"653","Supplemental",2024,"Apr","Weekday",104.0,0,0,"Semester"
"654","Supplemental",2024,"Apr","Weekday",270.0,0,0,"Semester"
"655","Supplemental",2024,"Apr","Weekday",124.0,0,0,"Semester"
"657","Supplemental",2024,"Apr","Weekday",324.0,0,0,"Semester"
"658","Supplemental",2024,"Apr","Weekday",186.0,0,0,"Semester"
"660","Supplemental",2024,"Apr","Weekday",75.0,0,0,"Semester"
"662","Supplemental",2024,"Apr","Weekday",75.0,0,0,"Semester"
"663","Supplemental",2024,"Apr","Weekday",54.0,0,0,"Semester"
"667","Supplemental",2024,"Apr","Weekday",170.0,0,0,"Semester"
"669","Supplemental",2024,"Apr","Weekday",81.0,0,0,"Semester"
"67","Local",2024,"Apr","Weekday",368.0,0,0,"Semester"
"671","Supplemental",2024,"Apr","Weekday",119.0,0,0,"Semester"
"672","Supplemental",2024,"Apr","Weekday",16.0,0,0,"Semester"
"675","Supplemental",2024,"Apr","Weekday",370.8,0,0,"Semester"
"676","Supplemental",2024,"Apr","Weekday",103.0,0,0,"Semester"
"677","Supplemental",2024,"Apr","Weekday",86.0,0,0,"Semester"
"680","Supplemental",2024,"Apr","Weekday",48.0,0,0,"Semester"
"681","Supplemental",2024,"Apr","Weekday",19.0,0,0,"Semester"
"682","Supplemental",2024,"Apr","Weekday",208.0,0,0,"Semester"
"683","Supplemental",2024,"Apr","Weekday",25.0,0,0,"Semester"
"684","Supplemental",2024,"Apr","Weekday",169.0,0,0,"Semester"
"687","Supplemental",2024,"Apr","Weekday",199.0,0,0,"Semester"
"688","Supplemental",2024,"Apr","Weekday",61.0,0,0,"Semester"
"696","Supplemental",2024,"Apr","Weekday",35.0,0,0,"Semester"
"7","Local",2024,"Apr","Saturday",2508.0,1,0,"Semester"
"7","Local",2024,"Apr","Sunday",2129.0,1,0,"Semester"
"7","Local",2024,"Apr","Weekday",2759.0,1,0,"Semester"
"70","Local",2024,"Apr","Saturday",311.0,1,0,"Semester"
"70","Local",2024,"Apr","Sunday",305.0,1,0,"Semester"
"70","Local",2024,"Apr","Weekday",434.0,1,0,"Semester"
"701","M-Transbay",2024,"Apr","Weekday",49.0,0,0,"Semester"
"702","M-Transbay",2024,"Apr","Weekday",13.0,0,0,"Semester"
"703","M-Transbay",2024,"Apr","Weekday",5.0,0,0,"Semester"
"706","M-Transbay",2024,"Apr","Weekday",11.0,0,0,"Semester"
"707","M-Transbay",2024,"Apr","Weekday",2.0,0,0,"Semester"
"71","Local",2024,"Apr","Saturday",369.0,1,0,"Semester"
"71","Local",2024,"Apr","Sunday",361.0,1,0,"Semester"
"71","Local",2024,"Apr","Weekday",966.0,1,0,"Semester"
"72","Local",2024,"Apr","Saturday",2368.0,1,0,"Semester"
"72","Local",2024,"Apr","Sunday",2001.0,1,0,"Semester"
"72","Local",2024,"Apr","Weekday",2877.7397260274,1,0,"Semester"
"72M","Local",2024,"Apr","Saturday",2061.0,1,0,"Semester"
"72M","Local",2024,"Apr","Sunday",1926.0,1,0,"Semester"
"72M","Local",2024,"Apr","Weekday",2601.94117647059,1,0,"Semester"
"72R","Local",2024,"Apr","Saturday",2644.0,1,0,"Semester"
"72R","Local",2024,"Apr","Sunday",2273.0,1,0,"Semester"
"72R","Local",2024,"Apr","Weekday",4108.0,1,0,"Semester"
"73","Local",2024,"Apr","Saturday",1304.0,1,0,"Semester"
"73","Local",2024,"Apr","Sunday",1139.0,1,0,"Semester"
"73","Local",2024,"Apr","Weekday",1977.0,1,0,"Semester"
"74","Local",2024,"Apr","Saturday",405.0,1,0,"Semester"
"74","Local",2024,"Apr","Sunday",354.0,1,0,"Semester"
"74","Local",2024,"Apr","Weekday",1045.0,1,0,"Semester"
"76","Local",2024,"Apr","Saturday",974.0,1,0,"Semester"
"76","Local",2024,"Apr","Sunday",918.0,1,0,"Semester"
"76","Local",2024,"Apr","Weekday",1905.0,1,0,"Semester"
"79","Local",2024,"Apr","Saturday",1415.0,1,0,"Semester"
"79","Local",2024,"Apr","Sunday",1361.0,1,0,"Semester"
"79","Local",2024,"Apr","Weekday",2156.0,1,0,"Semester"
"800","All Nighter",2024,"Apr","Saturday",515.0,1,1,"Semester"
"800","All Nighter",2024,"Apr","Sunday",403.961538461539,1,1,"Semester"
"800","All Nighter",2024,"Apr","Weekday",410.0,1,1,"Semester"
"801","All Nighter",2024,"Apr","Saturday",295.904761904762,1,0,"Semester"
"801","All Nighter",2024,"Apr","Sunday",314.08,1,0,"Semester"
"801","All Nighter",2024,"Apr","Weekday",296.0,1,0,"Semester"
"802","All Nighter",2024,"Apr","Saturday",191.0,1,0,"Semester"
"802","All Nighter",2024,"Apr","Sunday",58.0,1,0,"Semester"
"802","All Nighter",2024,"Apr","Weekday",63.0,1,0,"Semester"
"805","All Nighter",2024,"Apr","Saturday",63.0,1,0,"Semester"
"805","All Nighter",2024,"Apr","Sunday",70.0,1,0,"Semester"
"805","All Nighter",2024,"Apr","Weekday",89.0,1,0,"Semester"
"840","All Nighter",2024,"Apr","Saturday",50.0,1,0,"Semester"
"840","All Nighter",2024,"Apr","Sunday",60.0,1,0,"Semester"
"840","All Nighter",2024,"Apr","Weekday",61.0,1,0,"Semester"
"851","All Nighter",2024,"Apr","Saturday",75.0,1,1,"Semester"
"851","All Nighter",2024,"Apr","Sunday",71.0,1,1,"Semester"
"851","All Nighter",2024,"Apr","Weekday",87.0,1,1,"Semester"
"86","Local",2024,"Apr","Saturday",692.0,1,0,"Semester"
"86","Local",2024,"Apr","Sunday",538.808823529412,1,0,"Semester"
"86","Local",2024,"Apr","Weekday",1317.0,1,0,"Semester"
"88","Local",2024,"Apr","Saturday",1223.0,1,0,"Semester"
"88","Local",2024,"Apr","Sunday",1052.0,1,0,"Semester"
"88","Local",2024,"Apr","Weekday",1934.0,1,0,"Semester"
"90","Local",2024,"Apr","Saturday",366.469696969697,1,0,"Semester"
"90","Local",2024,"Apr","Sunday",317.0,1,0,"Semester"
"90","Local",2024,"Apr","Weekday",711.0,1,0,"Semester"
"93","Local",2024,"Apr","Saturday",393.0,1,0,"Semester"
"93","Local",2024,"Apr","Sunday",336.0,1,0,"Semester"
"93","Local",2024,"Apr","Weekday",797.0,1,0,"Semester"
"95","Local",2024,"Apr","Saturday",142.0,1,0,"Semester"
"95","Local",2024,"Apr","Sunday",134.4,1,0,"Semester"
"95","Local",2024,"Apr","Weekday",286.0,1,0,"Semester"
"96","Local",2024,"Apr","Saturday",1070.81355932203,1,0,"Semester"
"96","Local",2024,"Apr","Sunday",961.0,1,0,"Semester"
"96","Local",2024,"Apr","Weekday",1308.0,1,0,"Semester"
"97","Local",2024,"Apr","Saturday",1557.0,1,0,"Semester"
"97","Local",2024,"Apr","Sunday",1321.61428571429,1,0,"Semester"
"97","Local",2024,"Apr","Weekday",2927.0,1,0,"Semester"
"98","Local",2024,"Apr","Saturday",509.0,1,0,"Semester"
"98","Local",2024,"Apr","Sunday",407.0,1,0,"Semester"
"98","Local",2024,"Apr","Weekday",1242.0,1,0,"Semester"
"99","Local",2024,"Apr","Saturday",1354.0,1,0,"Semester"
"99","Local",2024,"Apr","Sunday",1192.0,1,0,"Semester"
"99","Local",2024,"Apr","Weekday",2273.0,1,0,"Semester"
"E","M-Transbay",2024,"Apr","Weekday",147.0,0,0,"Semester"
"F","M-Transbay",2024,"Apr","Saturday",1790.0,1,1,"Semester"
"F","M-Transbay",2024,"Apr","Sunday",1658.0,1,1,"Semester"
"F","M-Transbay",2024,"Apr","Weekday",2210.0,1,1,"Semester"
"FS","M-Transbay",2024,"Apr","Weekday",93.0,0,0,"Semester"
"G","M-Transbay",2024,"Apr","Weekday",198.0,0,0,"Semester"
"J","M-Transbay",2024,"Apr","Weekday",220.0,0,0,"Semester"
"L","M-Transbay",2024,"Apr","Weekday",154.0,0,0,"Semester"
"LA","M-Transbay",2024,"Apr","Weekday",71.25,0,0,"Semester"
"NL","M-Transbay",2024,"Apr","Saturday",1133.0,1,0,"Semester"
"NL","M-Transbay",2024,"Apr","Sunday",987.0,1,0,"Semester"
"NL","M-Transbay",2024,"Apr","Weekday",2177.0,1,0,"Semester"
"NX","M-Transbay",2024,"Apr","Weekday",169.0,0,0,"Semester"
"NX3","M-Transbay",2024,"Apr","Weekday",103.0,0,0,"Semester"
"O","M-Transbay",2024,"Apr","Saturday",677.0,1,0,"Semester"
"O","M-Transbay",2024,"Apr","Sunday",669.0,1,0,"Semester"
"O","M-Transbay",2024,"Apr","Weekday",1356.0,1,0,"Semester"
"OX","M-Transbay",2024,"Apr","Weekday",95.0,0,0,"Semester"
"P","M-Transbay",2024,"Apr","Weekday",297.0,0,0,"Semester"
"U","M-Transbay",2024,"Apr","Weekday",211.0,0,0,"Semester"
"V","M-Transbay",2024,"Apr","Weekday",157.0,0,0,"Semester"
"W","M-Transbay",2024,"Apr","Weekday",110.0,0,0,"Semester"
"10","Local",2024,"May","Saturday",1438.0,1,0,"Other"
"10","Local",2024,"May","Sunday",1451.0,1,0,"Other"
"10","Local",2024,"May","Weekday",2485.0,1,0,"Other"
"12","Local",2024,"May","Saturday",1630.0,1,0,"Other"
"12","Local",2024,"May","Sunday",1314.0,1,0,"Other"
"12","Local",2024,"May","Weekday",2545.0,1,0,"Other"
"14","Local",2024,"May","Saturday",1522.0,1,0,"Other"
"14","Local",2024,"May","Sunday",1320.0,1,0,"Other"
"14","Local",2024,"May","Weekday",3501.0,1,0,"Other"
"18","Local",2024,"May","Saturday",2400.0,1,0,"Other"
"18","Local",2024,"May","Sunday",2122.0,1,0,"Other"
"18","Local",2024,"May","Weekday",3580.0,1,0,"Other"
"19","Local",2024,"May","Saturday",221.0,1,0,"Other"
"19","Local",2024,"May","Sunday",168.0,1,0,"Other"
"19","Local",2024,"May","Weekday",237.0,1,0,"Other"
"1T","Local",2024,"May","Saturday",12822.0,1,0,"Other"
"1T","Local",2024,"May","Sunday",12287.0,1,0,"Other"
"1T","Local",2024,"May","Weekday",18094.0,1,0,"Other"
"20","Local",2024,"May","Saturday",1725.0,1,0,"Other"
"20","Local",2024,"May","Sunday",1591.0,1,0,"Other"
"20","Local",2024,"May","Weekday",2249.0,1,0,"Other"
"200","Local",2024,"May","Saturday",992.0,1,0,"Other"
"200","Local",2024,"May","Sunday",944.0,1,0,"Other"
"200","Local",2024,"May","Weekday",1403.0,1,0,"Other"
"21","Local",2024,"May","Saturday",935.0,1,0,"Other"
"21","Local",2024,"May","Sunday",884.0,1,0,"Other"
"21","Local",2024,"May","Weekday",1394.0,1,0,"Other"
"210","Local",2024,"May","Saturday",621.0,1,0,"Other"
"210","Local",2024,"May","Sunday",611.0,1,0,"Other"
"210","Local",2024,"May","Weekday",1194.0,1,0,"Other"
"212","Local",2024,"May","Saturday",450.0,1,0,"Other"
"212","Local",2024,"May","Sunday",383.0,1,0,"Other"
"212","Local",2024,"May","Weekday",614.0,1,0,"Other"
"215","Local",2024,"May","Weekday",201.0,0,0,"Other"
"216","Local",2024,"May","Saturday",238.0,1,0,"Other"
"216","Local",2024,"May","Sunday",183.0,1,0,"Other"
"216","Local",2024,"May","Weekday",293.0,1,0,"Other"
"217","Local",2024,"May","Saturday",620.0,1,0,"Other"
"217","Local",2024,"May","Sunday",579.0,1,0,"Other"
"217","Local",2024,"May","Weekday",853.944444444444,1,0,"Other"
"232","Local",2024,"May","Saturday",238.0,1,0,"Other"
"232","Local",2024,"May","Sunday",243.0,1,0,"Other"
"232","Local",2024,"May","Weekday",337.0,1,0,"Other"
"239","Local",2024,"May","Weekday",732.0,0,0,"Other"
"251","Local",2024,"May","Saturday",97.0,1,0,"Other"
"251","Local",2024,"May","Sunday",103.0,1,0,"Other"
"251","Local",2024,"May","Weekday",180.0,1,0,"Other"
"28","Local",2024,"May","Saturday",397.0,1,0,"Other"
"28","Local",2024,"May","Sunday",410.0,1,0,"Other"
"28","Local",2024,"May","Weekday",694.0,1,0,"Other"
"29","Local",2024,"May","Saturday",806.0,1,0,"Other"
"29","Local",2024,"May","Sunday",654.84375,1,0,"Other"
"29","Local",2024,"May","Weekday",1258.0,1,0,"Other"
"33","Local",2024,"May","Saturday",1173.17307692308,1,0,"Other"
"33","Local",2024,"May","Sunday",1029.0,1,0,"Other"
"33","Local",2024,"May","Weekday",2654.0,1,0,"Other"
"34","Local",2024,"May","Saturday",544.0,1,0,"Other"
"34","Local",2024,"May","Sunday",480.0,1,0,"Other"
"34","Local",2024,"May","Weekday",710.0,1,0,"Other"
"35","Local",2024,"May","Saturday",554.0,1,0,"Other"
"35","Local",2024,"May","Sunday",493.0,1,0,"Other"
"35","Local",2024,"May","Weekday",727.0,1,0,"Other"
"36","Local",2024,"May","Saturday",1462.13793103448,1,1,"Other"
"36","Local",2024,"May","Sunday",1099.0,1,1,"Other"
"36","Local",2024,"May","Weekday",1594.0,1,1,"Other"
"376","Local",2024,"May","Saturday",123.157894736842,1,0,"Other"
"376","Local",2024,"May","Sunday",112.0,1,0,"Other"
"376","Local",2024,"May","Weekday",124.0,1,0,"Other"
"39","Local",2024,"May","Weekday",553.0,0,0,"Other"
"40","Local",2024,"May","Saturday",3167.0,1,0,"Other"
"40","Local",2024,"May","Sunday",2922.0,1,0,"Other"
"40","Local",2024,"May","Weekday",6574.0,1,0,"Other"
"41","Local",2024,"May","Saturday",400.0,1,0,"Other"
"41","Local",2024,"May","Sunday",393.0,1,0,"Other"
"41","Local",2024,"May","Weekday",626.0,1,0,"Other"
"45","Local",2024,"May","Saturday",561.0,1,0,"Other"
"45","Local",2024,"May","Sunday",485.0,1,0,"Other"
"45","Local",2024,"May","Weekday",1408.0,1,0,"Other"
"46L","Local",2024,"May","Weekday",187.0,0,0,"Other"
"51A","Local",2024,"May","Saturday",3770.0,1,0,"Other"
"51A","Local",2024,"May","Sunday",3016.0,1,0,"Other"
"51A","Local",2024,"May","Weekday",6496.0,1,0,"Other"
"51B","Local",2024,"May","Saturday",6967.0,1,1,"Other"
"51B","Local",2024,"May","Sunday",8020.32432432432,1,1,"Other"
"51B","Local",2024,"May","Weekday",6362.0,1,1,"Other"
"52","Local",2024,"May","Saturday",1003.0,1,1,"Other"
"52","Local",2024,"May","Sunday",880.0,1,1,"Other"
"52","Local",2024,"May","Weekday",2170.0,1,1,"Other"
"54","Local",2024,"May","Saturday",615.0,1,0,"Other"
"54","Local",2024,"May","Sunday",573.0,1,0,"Other"
"54","Local",2024,"May","Weekday",1411.0,1,0,"Other"
"56","Local",2024,"May","Saturday",312.0,1,0,"Other"
"56","Local",2024,"May","Sunday",299.0,1,0,"Other"
"56","Local",2024,"May","Weekday",458.0,1,0,"Other"
"57","Local",2024,"May","Saturday",3662.46913580247,1,0,"Other"
"57","Local",2024,"May","Sunday",3494.0,1,0,"Other"
"57","Local",2024,"May","Weekday",5408.0,1,0,"Other"
"6","Local",2024,"May","Saturday",3213.22314049587,1,1,"Other"
"6","Local",2024,"May","Sunday",3065.43624161074,1,1,"Other"
"6","Local",2024,"May","Weekday",5041.0,1,1,"Other"
"60","Local",2024,"May","Saturday",725.0,1,0,"Other"
"60","Local",2024,"May","Sunday",635.0,1,0,"Other"
"60","Local",2024,"May","Weekday",1063.0,1,0,"Other"
"604","Supplemental",2024,"May","Weekday",131.0,0,0,"Other"
"605","Supplemental",2024,"May","Weekday",52.0,0,0,"Other"
"606","Supplemental",2024,"May","Weekday",54.0,0,0,"Other"
"607","Supplemental",2024,"May","Weekday",10.0,0,0,"Other"
"617","Supplemental",2024,"May","Weekday",98.0,0,0,"Other"
"62","Local",2024,"May","Saturday",1100.0,1,0,"Other"
"62","Local",2024,"May","Sunday",1008.0,1,0,"Other"
"62","Local",2024,"May","Weekday",2212.0,1,0,"Other"
"620","Supplemental",2024,"May","Weekday",52.0,0,0,"Other"
"621","Supplemental",2024,"May","Weekday",301.0,0,0,"Other"
"623","Supplemental",2024,"May","Weekday",1038.0,0,0,"Other"
"624","Supplemental",2024,"May","Weekday",40.5,0,0,"Other"
"625","Supplemental",2024,"May","Weekday",292.0,0,0,"Other"
"626","Supplemental",2024,"May","Weekday",13.0,0,0,"Other"
"628","Supplemental",2024,"May","Weekday",13.0,0,0,"Other"
"629","Supplemental",2024,"May","Weekday",39.0,0,0,"Other"
"631","Supplemental",2024,"May","Weekday",219.0,0,0,"Other"
"638","Supplemental",2024,"May","Weekday",72.0,0,0,"Other"
"641","Supplemental",2024,"May","Weekday",193.333333333333,0,0,"Other"
"642","Supplemental",2024,"May","Weekday",61.0,0,0,"Other"
"646","Supplemental",2024,"May","Weekday",386.0,0,0,"Other"
"648","Supplemental",2024,"May","Weekday",141.0,0,0,"Other"
"649","Supplemental",2024,"May","Weekday",87.0,0,0,"Other"
"65","Local",2024,"May","Weekday",1064.0,0,0,"Other"
"650","Supplemental",2024,"May","Weekday",75.0,0,0,"Other"
"651","Supplemental",2024,"May","Weekday",97.0,0,0,"Other"
"652","Supplemental",2024,"May","Weekday",83.0,0,0,"Other"
"653","Supplemental",2024,"May","Weekday",98.0,0,0,"Other"
"654","Supplemental",2024,"May","Weekday",279.0,0,0,"Other"
"655","Supplemental",2024,"May","Weekday",129.0,0,0,"Other"
"657","Supplemental",2024,"May","Weekday",247.0,0,0,"Other"
"658","Supplemental",2024,"May","Weekday",201.0,0,0,"Other"
"660","Supplemental",2024,"May","Weekday",80.0,0,0,"Other"
"662","Supplemental",2024,"May","Weekday",79.0,0,0,"Other"
"663","Supplemental",2024,"May","Weekday",68.0,0,0,"Other"
"667","Supplemental",2024,"May","Weekday",157.0,0,0,"Other"
"669","Supplemental",2024,"May","Weekday",87.0,0,0,"Other"
"67","Local",2024,"May","Weekday",368.0,0,0,"Other"
"671","Supplemental",2024,"May","Weekday",110.6,0,0,"Other"
"672","Supplemental",2024,"May","Weekday",21.0,0,0,"Other"
"675","Supplemental",2024,"May","Weekday",341.454545454545,0,0,"Other"
"676","Supplemental",2024,"May","Weekday",102.0,0,0,"Other"
"677","Supplemental",2024,"May","Weekday",81.0,0,0,"Other"
"680","Supplemental",2024,"May","Weekday",45.0,0,0,"Other"
"681","Supplemental",2024,"May","Weekday",27.0,0,0,"Other"
"682","Supplemental",2024,"May","Weekday",185.0,0,0,"Other"
"683","Supplemental",2024,"May","Weekday",30.0,0,0,"Other"
"684","Supplemental",2024,"May","Weekday",191.0,0,0,"Other"
"687","Supplemental",2024,"May","Weekday",212.0,0,0,"Other"
"688","Supplemental",2024,"May","Weekday",63.0,0,0,"Other"
"696","Supplemental",2024,"May","Weekday",29.0,0,0,"Other"
"7","Local",2024,"May","Saturday",1946.0,1,0,"Other"
"7","Local",2024,"May","Sunday",1441.0,1,0,"Other"
"7","Local",2024,"May","Weekday",2131.0,1,0,"Other"
"70","Local",2024,"May","Saturday",326.0,1,0,"Other"
"70","Local",2024,"May","Sunday",322.0,1,0,"Other"
"70","Local",2024,"May","Weekday",438.0,1,0,"Other"
"701","M-Transbay",2024,"May","Weekday",48.0,0,0,"Other"
"702","M-Transbay",2024,"May","Weekday",14.0,0,0,"Other"
"703","M-Transbay",2024,"May","Weekday",6.0,0,0,"Other"
"706","M-Transbay",2024,"May","Weekday",11.0,0,0,"Other"
"707","M-Transbay",2024,"May","Weekday",2.0,0,0,"Other"
"71","Local",2024,"May","Saturday",385.0,1,0,"Other"
"71","Local",2024,"May","Sunday",377.0,1,0,"Other"
"71","Local",2024,"May","Weekday",1062.0,1,0,"Other"
"72","Local",2024,"May","Saturday",2453.15068493151,1,0,"Other"
"72","Local",2024,"May","Sunday",2066.0,1,0,"Other"
"72","Local",2024,"May","Weekday",3294.0,1,0,"Other"
"72M","Local",2024,"May","Saturday",2188.0,1,0,"Other"
"72M","Local",2024,"May","Sunday",2006.0,1,0,"Other"
"72M","Local",2024,"May","Weekday",2836.91304347826,1,0,"Other"
"72R","Local",2024,"May","Saturday",2570.0,1,0,"Other"
"72R","Local",2024,"May","Sunday",2425.0,1,0,"Other"
"72R","Local",2024,"May","Weekday",4443.0,1,0,"Other"
"73","Local",2024,"May","Saturday",1390.0,1,0,"Other"
"73","Local",2024,"May","Sunday",1228.0,1,0,"Other"
"73","Local",2024,"May","Weekday",2140.0,1,0,"Other"
"74","Local",2024,"May","Saturday",428.0,1,0,"Other"
"74","Local",2024,"May","Sunday",412.0,1,0,"Other"
"74","Local",2024,"May","Weekday",1186.0,1,0,"Other"
"76","Local",2024,"May","Saturday",937.0,1,0,"Other"
"76","Local",2024,"May","Sunday",906.0,1,0,"Other"
"76","Local",2024,"May","Weekday",2138.0,1,0,"Other"
"79","Local",2024,"May","Saturday",1062.0,1,0,"Other"
"79","Local",2024,"May","Sunday",669.0,1,0,"Other"
"79","Local",2024,"May","Weekday",1464.0,1,0,"Other"
"800","All Nighter",2024,"May","Saturday",530.0,1,1,"Other"
"800","All Nighter",2024,"May","Sunday",347.0,1,1,"Other"
"800","All Nighter",2024,"May","Weekday",426.0,1,1,"Other"
"801","All Nighter",2024,"May","Saturday",304.0,1,0,"Other"
"801","All Nighter",2024,"May","Sunday",294.32,1,0,"Other"
"801","All Nighter",2024,"May","Weekday",308.0,1,0,"Other"
"802","All Nighter",2024,"May","Saturday",58.0,1,0,"Other"
"802","All Nighter",2024,"May","Sunday",41.0,1,0,"Other"
"802","All Nighter",2024,"May","Weekday",70.0,1,0,"Other"
"805","All Nighter",2024,"May","Saturday",59.0,1,0,"Other"
"805","All Nighter",2024,"May","Sunday",78.0,1,0,"Other"
"805","All Nighter",2024,"May","Weekday",99.0,1,0,"Other"
"840","All Nighter",2024,"May","Saturday",64.0,1,0,"Other"
"840","All Nighter",2024,"May","Sunday",62.0,1,0,"Other"
"840","All Nighter",2024,"May","Weekday",68.0,1,0,"Other"
"851","All Nighter",2024,"May","Saturday",63.0,1,1,"Other"
"851","All Nighter",2024,"May","Sunday",62.0,1,1,"Other"
"851","All Nighter",2024,"May","Weekday",79.0,1,1,"Other"
"86","Local",2024,"May","Saturday",666.0,1,0,"Other"
"86","Local",2024,"May","Sunday",597.0,1,0,"Other"
"86","Local",2024,"May","Weekday",1362.0,1,0,"Other"
"88","Local",2024,"May","Saturday",1047.0,1,0,"Other"
"88","Local",2024,"May","Sunday",1035.0,1,0,"Other"
"88","Local",2024,"May","Weekday",1977.0,1,0,"Other"
"90","Local",2024,"May","Saturday",369.0,1,0,"Other"
"90","Local",2024,"May","Sunday",349.212121212121,1,0,"Other"
"90","Local",2024,"May","Weekday",761.0,1,0,"Other"
"93","Local",2024,"May","Saturday",383.0,1,0,"Other"
"93","Local",2024,"May","Sunday",357.0,1,0,"Other"
"93","Local",2024,"May","Weekday",846.0,1,0,"Other"
"95","Local",2024,"May","Saturday",125.0,1,0,"Other"
"95","Local",2024,"May","Sunday",142.8,1,0,"Other"
"95","Local",2024,"May","Weekday",276.0,1,0,"Other"
"96","Local",2024,"May","Saturday",1044.0,1,0,"Other"
"96","Local",2024,"May","Sunday",929.0,1,0,"Other"
"96","Local",2024,"May","Weekday",1385.0,1,0,"Other"
"97","Local",2024,"May","Saturday",1386.0,1,0,"Other"
"97","Local",2024,"May","Sunday",1421.0,1,0,"Other"
"97","Local",2024,"May","Weekday",3049.0,1,0,"Other"
"98","Local",2024,"May","Saturday",489.0,1,0,"Other"
"98","Local",2024,"May","Sunday",409.0,1,0,"Other"
"98","Local",2024,"May","Weekday",1332.0,1,0,"Other"
"99","Local",2024,"May","Saturday",1429.0,1,0,"Other"
"99","Local",2024,"May","Sunday",1231.0,1,0,"Other"
"99","Local",2024,"May","Weekday",2455.0,1,0,"Other"
"E","M-Transbay",2024,"May","Weekday",153.0,0,0,"Other"
"F","M-Transbay",2024,"May","Saturday",1211.0,1,1,"Other"
"F","M-Transbay",2024,"May","Sunday",1269.0,1,1,"Other"
"F","M-Transbay",2024,"May","Weekday",1819.0,1,1,"Other"
"FS","M-Transbay",2024,"May","Weekday",108.0,0,0,"Other"
"G","M-Transbay",2024,"May","Weekday",220.0,0,0,"Other"
"J","M-Transbay",2024,"May","Weekday",227.0,0,0,"Other"
"L","M-Transbay",2024,"May","Weekday",180.0,0,0,"Other"
"LA","M-Transbay",2024,"May","Weekday",79.0,0,0,"Other"
"NL","M-Transbay",2024,"May","Saturday",1070.0,1,0,"Other"
"NL","M-Transbay",2024,"May","Sunday",1039.0,1,0,"Other"
"NL","M-Transbay",2024,"May","Weekday",2310.0,1,0,"Other"
"NX","M-Transbay",2024,"May","Weekday",164.0,0,0,"Other"
"NX3","M-Transbay",2024,"May","Weekday",98.0,0,0,"Other"
"O","M-Transbay",2024,"May","Saturday",649.0,1,0,"Other"
"O","M-Transbay",2024,"May","Sunday",674.0,1,0,"Other"
"O","M-Transbay",2024,"May","Weekday",1131.0,1,0,"Other"
"OX","M-Transbay",2024,"May","Weekday",99.0,0,0,"Other"
"P","M-Transbay",2024,"May","Weekday",334.0,0,0,"Other"
"U","M-Transbay",2024,"May","Weekday",233.0,0,0,"Other"
"V","M-Transbay",2024,"May","Weekday",171.0,0,0,"Other"
"W","M-Transbay",2024,"May","Weekday",111.0,0,0,"Other"
"10","Local",2024,"Jun","Saturday",1658.0,1,0,"Summer"
"10","Local",2024,"Jun","Sunday",1482.62264150943,1,0,"Summer"
"10","Local",2024,"Jun","Weekday",2344.0,1,0,"Summer"
"12","Local",2024,"Jun","Saturday",1799.2,1,0,"Summer"
"12","Local",2024,"Jun","Sunday",1487.2,1,0,"Summer"
"12","Local",2024,"Jun","Weekday",2377.5,1,0,"Summer"
"14","Local",2024,"Jun","Saturday",1626.8,1,0,"Summer"
"14","Local",2024,"Jun","Sunday",1528.14426229508,1,0,"Summer"
"14","Local",2024,"Jun","Weekday",3285.5,1,0,"Summer"
"18","Local",2024,"Jun","Saturday",2575.0,1,0,"Summer"
"18","Local",2024,"Jun","Sunday",2452.47524752475,1,0,"Summer"
"18","Local",2024,"Jun","Weekday",3318.0,1,0,"Summer"
"19","Local",2024,"Jun","Saturday",204.2,1,0,"Summer"
"19","Local",2024,"Jun","Sunday",174.8,1,0,"Summer"
"19","Local",2024,"Jun","Weekday",244.0,1,0,"Summer"
"1T","Local",2024,"Jun","Saturday",12463.2854271357,1,0,"Summer"
"1T","Local",2024,"Jun","Sunday",12878.0921601534,1,0,"Summer"
"1T","Local",2024,"Jun","Weekday",15986.2110091743,1,0,"Summer"
"20","Local",2024,"Jun","Saturday",1866.2328358209,1,0,"Summer"
"20","Local",2024,"Jun","Sunday",1583.79310344828,1,0,"Summer"
"20","Local",2024,"Jun","Weekday",2103.5,1,0,"Summer"
"200","Local",2024,"Jun","Saturday",991.2,1,0,"Summer"
"200","Local",2024,"Jun","Sunday",957.47191011236,1,0,"Summer"
"200","Local",2024,"Jun","Weekday",1361.5,1,0,"Summer"
"21","Local",2024,"Jun","Saturday",1066.99512195122,1,0,"Summer"
"21","Local",2024,"Jun","Sunday",906.792452830189,1,0,"Summer"
"21","Local",2024,"Jun","Weekday",1332.5,1,0,"Summer"
"210","Local",2024,"Jun","Saturday",676.152,1,0,"Summer"
"210","Local",2024,"Jun","Sunday",668.0,1,0,"Summer"
"210","Local",2024,"Jun","Weekday",1121.0,1,0,"Summer"
"212","Local",2024,"Jun","Saturday",458.2,1,0,"Summer"
"212","Local",2024,"Jun","Sunday",464.8,1,0,"Summer"
"212","Local",2024,"Jun","Weekday",596.0,1,0,"Summer"
"215","Local",2024,"Jun","Weekday",212.0,0,0,"Summer"
"216","Local",2024,"Jun","Saturday",231.4,1,0,"Summer"
"216","Local",2024,"Jun","Sunday",208.4,1,0,"Summer"
"216","Local",2024,"Jun","Weekday",289.5,1,0,"Summer"
"217","Local",2024,"Jun","Saturday",646.0,1,0,"Summer"
"217","Local",2024,"Jun","Sunday",600.4,1,0,"Summer"
"217","Local",2024,"Jun","Weekday",828.888888888889,1,0,"Summer"
"232","Local",2024,"Jun","Saturday",225.4,1,0,"Summer"
"232","Local",2024,"Jun","Sunday",233.6,1,0,"Summer"
"232","Local",2024,"Jun","Weekday",319.0,1,0,"Summer"
"239","Local",2024,"Jun","Weekday",653.5,0,0,"Summer"
"251","Local",2024,"Jun","Saturday",115.8,1,0,"Summer"
"251","Local",2024,"Jun","Sunday",95.8,1,0,"Summer"
"251","Local",2024,"Jun","Weekday",182.5,1,0,"Summer"
"28","Local",2024,"Jun","Saturday",430.4,1,0,"Summer"
"28","Local",2024,"Jun","Sunday",414.4,1,0,"Summer"
"28","Local",2024,"Jun","Weekday",625.0,1,0,"Summer"
"29","Local",2024,"Jun","Saturday",896.2,1,0,"Summer"
"29","Local",2024,"Jun","Sunday",783.2,1,0,"Summer"
"29","Local",2024,"Jun","Weekday",1267.0,1,0,"Summer"
"33","Local",2024,"Jun","Saturday",1320.4,1,0,"Summer"
"33","Local",2024,"Jun","Sunday",1150.60975609756,1,0,"Summer"
"33","Local",2024,"Jun","Weekday",2096.5,1,0,"Summer"
"34","Local",2024,"Jun","Saturday",583.4,1,0,"Summer"
"34","Local",2024,"Jun","Sunday",491.2,1,0,"Summer"
"34","Local",2024,"Jun","Weekday",686.5,1,0,"Summer"
"35","Local",2024,"Jun","Saturday",556.4,1,0,"Summer"
"35","Local",2024,"Jun","Sunday",504.4,1,0,"Summer"
"35","Local",2024,"Jun","Weekday",671.5,1,0,"Summer"
"36","Local",2024,"Jun","Saturday",1153.99754651401,1,1,"Summer"
"36","Local",2024,"Jun","Sunday",1046.4,1,1,"Summer"
"36","Local",2024,"Jun","Weekday",1382.5,1,1,"Summer"
"376","Local",2024,"Jun","Saturday",153.263157894737,1,0,"Summer"
"376","Local",2024,"Jun","Sunday",126.084210526316,1,0,"Summer"
"376","Local",2024,"Jun","Weekday",132.5,1,0,"Summer"
"39","Local",2024,"Jun","Weekday",331.225,0,0,"Summer"
"40","Local",2024,"Jun","Saturday",3356.4,1,0,"Summer"
"40","Local",2024,"Jun","Sunday",3284.38064516129,1,0,"Summer"
"40","Local",2024,"Jun","Weekday",5565.5,1,0,"Summer"
"41","Local",2024,"Jun","Saturday",448.333333333333,1,0,"Summer"
"41","Local",2024,"Jun","Sunday",369.0,1,0,"Summer"
"41","Local",2024,"Jun","Weekday",607.0,1,0,"Summer"
"45","Local",2024,"Jun","Saturday",585.8,1,0,"Summer"
"45","Local",2024,"Jun","Sunday",522.780952380952,1,0,"Summer"
"45","Local",2024,"Jun","Weekday",1137.0,1,0,"Summer"
"46L","Local",2024,"Jun","Weekday",182.0,0,0,"Summer"
"51A","Local",2024,"Jun","Saturday",4011.88854961832,1,0,"Summer"
"51A","Local",2024,"Jun","Sunday",3259.64427480916,1,0,"Summer"
"51A","Local",2024,"Jun","Weekday",5784.0,1,0,"Summer"
"51B","Local",2024,"Jun","Saturday",3601.78048780488,1,1,"Summer"
"51B","Local",2024,"Jun","Sunday",3404.0,1,1,"Summer"
"51B","Local",2024,"Jun","Weekday",5127.5,1,1,"Summer"
"52","Local",2024,"Jun","Saturday",816.335294117647,1,1,"Summer"
"52","Local",2024,"Jun","Sunday",731.0,1,1,"Summer"
"52","Local",2024,"Jun","Weekday",1840.5,1,1,"Summer"
"54","Local",2024,"Jun","Saturday",653.113846153846,1,0,"Summer"
"54","Local",2024,"Jun","Sunday",597.351724137931,1,0,"Summer"
"54","Local",2024,"Jun","Weekday",1283.0,1,0,"Summer"
"56","Local",2024,"Jun","Saturday",334.4,1,0,"Summer"
"56","Local",2024,"Jun","Sunday",298.2,1,0,"Summer"
"56","Local",2024,"Jun","Weekday",443.0,1,0,"Summer"
"57","Local",2024,"Jun","Saturday",4012.65035833732,1,0,"Summer"
"57","Local",2024,"Jun","Sunday",3494.36058394161,1,0,"Summer"
"57","Local",2024,"Jun","Weekday",4920.58333333333,1,0,"Summer"
"6","Local",2024,"Jun","Saturday",3181.77980429325,1,1,"Summer"
"6","Local",2024,"Jun","Sunday",2622.17837837838,1,1,"Summer"
"6","Local",2024,"Jun","Weekday",4382.5,1,1,"Summer"
"60","Local",2024,"Jun","Saturday",765.2,1,0,"Summer"
"60","Local",2024,"Jun","Sunday",650.730612244898,1,0,"Summer"
"60","Local",2024,"Jun","Weekday",948.0,1,0,"Summer"
"604","Supplemental",2024,"Jun","Weekday",110.666666666667,0,0,"Summer"
"605","Supplemental",2024,"Jun","Weekday",29.0,0,0,"Summer"
"606","Supplemental",2024,"Jun","Weekday",39.0,0,0,"Summer"
"607","Supplemental",2024,"Jun","Weekday",21.0,0,0,"Summer"
"62","Local",2024,"Jun","Saturday",1094.4,1,0,"Summer"
"62","Local",2024,"Jun","Sunday",1091.70588235294,1,0,"Summer"
"62","Local",2024,"Jun","Weekday",2045.0,1,0,"Summer"
"631","Supplemental",2024,"Jun","Weekday",108.0,0,0,"Summer"
"642","Supplemental",2024,"Jun","Weekday",0.0,0,0,"Summer"
"646","Supplemental",2024,"Jun","Weekday",276.0,0,0,"Summer"
"65","Local",2024,"Jun","Weekday",1064.0,0,0,"Summer"
"651","Supplemental",2024,"Jun","Weekday",63.3333333333333,0,0,"Summer"
"657","Supplemental",2024,"Jun","Weekday",226.666666666667,0,0,"Summer"
"660","Supplemental",2024,"Jun","Weekday",104.0,0,0,"Summer"
"662","Supplemental",2024,"Jun","Weekday",18.0,0,0,"Summer"
"663","Supplemental",2024,"Jun","Weekday",42.0,0,0,"Summer"
"667","Supplemental",2024,"Jun","Weekday",125.0,0,0,"Summer"
"669","Supplemental",2024,"Jun","Weekday",102.0,0,0,"Summer"
"67","Local",2024,"Jun","Weekday",368.0,0,0,"Summer"
"671","Supplemental",2024,"Jun","Weekday",109.2,0,0,"Summer"
"672","Supplemental",2024,"Jun","Weekday",9.0,0,0,"Summer"
"675","Supplemental",2024,"Jun","Weekday",276.0,0,0,"Summer"
"676","Supplemental",2024,"Jun","Weekday",88.0,0,0,"Summer"
"681","Supplemental",2024,"Jun","Weekday",18.0,0,0,"Summer"
"683","Supplemental",2024,"Jun","Weekday",38.0,0,0,"Summer"
"684","Supplemental",2024,"Jun","Weekday",207.2,0,0,"Summer"
"687","Supplemental",2024,"Jun","Weekday",88.75,0,0,"Summer"
"688","Supplemental",2024,"Jun","Weekday",34.0,0,0,"Summer"
"7","Local",2024,"Jun","Saturday",1533.19448275862,1,0,"Summer"
"7","Local",2024,"Jun","Sunday",1325.54117647059,1,0,"Summer"
"7","Local",2024,"Jun","Weekday",1742.5,1,0,"Summer"
"70","Local",2024,"Jun","Saturday",345.8,1,0,"Summer"
"70","Local",2024,"Jun","Sunday",326.7,1,0,"Summer"
"70","Local",2024,"Jun","Weekday",424.5,1,0,"Summer"
"701","M-Transbay",2024,"Jun","Weekday",62.5,0,0,"Summer"
"702","M-Transbay",2024,"Jun","Weekday",11.5,0,0,"Summer"
"703","M-Transbay",2024,"Jun","Weekday",4.5,0,0,"Summer"
"706","M-Transbay",2024,"Jun","Weekday",12.5,0,0,"Summer"
"707","M-Transbay",2024,"Jun","Weekday",2.0,0,0,"Summer"
"71","Local",2024,"Jun","Saturday",433.2,1,0,"Summer"
"71","Local",2024,"Jun","Sunday",388.8,1,0,"Summer"
"71","Local",2024,"Jun","Weekday",932.0,1,0,"Summer"
"72","Local",2024,"Jun","Saturday",2586.2,1,0,"Summer"
"72","Local",2024,"Jun","Sunday",2197.10857142857,1,0,"Summer"
"72","Local",2024,"Jun","Weekday",2942.9794520548,1,0,"Summer"
"72M","Local",2024,"Jun","Saturday",2308.6,1,0,"Summer"
"72M","Local",2024,"Jun","Sunday",2101.33432835821,1,0,"Summer"
"72M","Local",2024,"Jun","Weekday",2698.75373134328,1,0,"Summer"
"72R","Local",2024,"Jun","Saturday",2798.2,1,0,"Summer"
"72R","Local",2024,"Jun","Sunday",2509.2,1,0,"Summer"
"72R","Local",2024,"Jun","Weekday",4184.0,1,0,"Summer"
"73","Local",2024,"Jun","Saturday",1514.6,1,0,"Summer"
"73","Local",2024,"Jun","Sunday",1327.37746478873,1,0,"Summer"
"73","Local",2024,"Jun","Weekday",2011.0,1,0,"Summer"
"74","Local",2024,"Jun","Saturday",477.4,1,0,"Summer"
"74","Local",2024,"Jun","Sunday",411.6,1,0,"Summer"
"74","Local",2024,"Jun","Weekday",904.0,1,0,"Summer"
"76","Local",2024,"Jun","Saturday",1028.18490566038,1,0,"Summer"
"76","Local",2024,"Jun","Sunday",885.0,1,0,"Summer"
"76","Local",2024,"Jun","Weekday",1713.69852941176,1,0,"Summer"
"79","Local",2024,"Jun","Saturday",695.473469387755,1,0,"Summer"
"79","Local",2024,"Jun","Sunday",637.2,1,0,"Summer"
"79","Local",2024,"Jun","Weekday",1028.5,1,0,"Summer"
"800","All Nighter",2024,"Jun","Saturday",638.6,1,1,"Summer"
"800","All Nighter",2024,"Jun","Sunday",400.909090909091,1,1,"Summer"
"800","All Nighter",2024,"Jun","Weekday",441.0,1,1,"Summer"
"801","All Nighter",2024,"Jun","Saturday",293.2,1,0,"Summer"
"801","All Nighter",2024,"Jun","Sunday",302.095238095238,1,0,"Summer"
"801","All Nighter",2024,"Jun","Weekday",291.5,1,0,"Summer"
"802","All Nighter",2024,"Jun","Saturday",59.88,1,0,"Summer"
"802","All Nighter",2024,"Jun","Sunday",60.4,1,0,"Summer"
"802","All Nighter",2024,"Jun","Weekday",53.5,1,0,"Summer"
"805","All Nighter",2024,"Jun","Saturday",88.0,1,0,"Summer"
"805","All Nighter",2024,"Jun","Sunday",91.4,1,0,"Summer"
"805","All Nighter",2024,"Jun","Weekday",104.0,1,0,"Summer"
"840","All Nighter",2024,"Jun","Saturday",58.4,1,0,"Summer"
"840","All Nighter",2024,"Jun","Sunday",80.4,1,0,"Summer"
"840","All Nighter",2024,"Jun","Weekday",68.5,1,0,"Summer"
"851","All Nighter",2024,"Jun","Saturday",62.8,1,1,"Summer"
"851","All Nighter",2024,"Jun","Sunday",77.6,1,1,"Summer"
"851","All Nighter",2024,"Jun","Weekday",74.5,1,1,"Summer"
"86","Local",2024,"Jun","Saturday",675.2,1,0,"Summer"
"86","Local",2024,"Jun","Sunday",641.8,1,0,"Summer"
"86","Local",2024,"Jun","Weekday",1313.0,1,0,"Summer"
"88","Local",2024,"Jun","Saturday",1214.06666666667,1,0,"Summer"
"88","Local",2024,"Jun","Sunday",1134.06285714286,1,0,"Summer"
"88","Local",2024,"Jun","Weekday",1693.0,1,0,"Summer"
"90","Local",2024,"Jun","Saturday",374.516923076923,1,0,"Summer"
"90","Local",2024,"Jun","Sunday",360.474576271186,1,0,"Summer"
"90","Local",2024,"Jun","Weekday",703.0,1,0,"Summer"
"93","Local",2024,"Jun","Saturday",407.8,1,0,"Summer"
"93","Local",2024,"Jun","Sunday",382.0,1,0,"Summer"
"93","Local",2024,"Jun","Weekday",735.5,1,0,"Summer"
"95","Local",2024,"Jun","Saturday",146.6,1,0,"Summer"
"95","Local",2024,"Jun","Sunday",144.776796308504,1,0,"Summer"
"95","Local",2024,"Jun","Weekday",219.386363636364,1,0,"Summer"
"96","Local",2024,"Jun","Saturday",1042.47058823529,1,0,"Summer"
"96","Local",2024,"Jun","Sunday",1010.59130434783,1,0,"Summer"
"96","Local",2024,"Jun","Weekday",1285.0,1,0,"Summer"
"97","Local",2024,"Jun","Saturday",1561.92307692308,1,0,"Summer"
"97","Local",2024,"Jun","Sunday",1368.8,1,0,"Summer"
"97","Local",2024,"Jun","Weekday",2512.0,1,0,"Summer"
"98","Local",2024,"Jun","Saturday",483.2,1,0,"Summer"
"98","Local",2024,"Jun","Sunday",510.48,1,0,"Summer"
"98","Local",2024,"Jun","Weekday",1135.0,1,0,"Summer"
"99","Local",2024,"Jun","Saturday",1467.8,1,0,"Summer"
"99","Local",2024,"Jun","Sunday",1310.03950617284,1,0,"Summer"
"99","Local",2024,"Jun","Weekday",2234.0,1,0,"Summer"
"E","M-Transbay",2024,"Jun","Weekday",163.0,0,0,"Summer"
"F","M-Transbay",2024,"Jun","Saturday",1450.8,1,1,"Summer"
"F","M-Transbay",2024,"Jun","Sunday",1417.4,1,1,"Summer"
"F","M-Transbay",2024,"Jun","Weekday",1733.0,1,1,"Summer"
"FS","M-Transbay",2024,"Jun","Weekday",101.5,0,0,"Summer"
"G","M-Transbay",2024,"Jun","Weekday",197.0,0,0,"Summer"
"J","M-Transbay",2024,"Jun","Weekday",246.5,0,0,"Summer"
"L","M-Transbay",2024,"Jun","Weekday",140.4,0,0,"Summer"
"LA","M-Transbay",2024,"Jun","Weekday",71.25,0,0,"Summer"
"NL","M-Transbay",2024,"Jun","Saturday",1152.4,1,0,"Summer"
"NL","M-Transbay",2024,"Jun","Sunday",1162.0,1,0,"Summer"
"NL","M-Transbay",2024,"Jun","Weekday",2276.0,1,0,"Summer"
"NX","M-Transbay",2024,"Jun","Weekday",158.0,0,0,"Summer"
"NX3","M-Transbay",2024,"Jun","Weekday",110.5,0,0,"Summer"
"O","M-Transbay",2024,"Jun","Saturday",740.2,1,0,"Summer"
"O","M-Transbay",2024,"Jun","Sunday",749.6,1,0,"Summer"
"O","M-Transbay",2024,"Jun","Weekday",1103.7109375,1,0,"Summer"
"OX","M-Transbay",2024,"Jun","Weekday",98.0,0,0,"Summer"
"P","M-Transbay",2024,"Jun","Weekday",278.0,0,0,"Summer"
"U","M-Transbay",2024,"Jun","Weekday",246.5,0,0,"Summer"
"V","M-Transbay",2024,"Jun","Weekday",179.0,0,0,"Summer"
"W","M-Transbay",2024,"Jun","Weekday",115.5,0,0,"Summer"
"10","Local",2024,"Jul","Saturday",1545.0,1,0,"Summer"
"10","Local",2024,"Jul","Sunday",1342.0,1,0,"Summer"
"10","Local",2024,"Jul","Weekday",2241.0,1,0,"Summer"
"12","Local",2024,"Jul","Saturday",1761.0,1,0,"Summer"
"12","Local",2024,"Jul","Sunday",1315.0,1,0,"Summer"
"12","Local",2024,"Jul","Weekday",2261.0,1,0,"Summer"
"14","Local",2024,"Jul","Saturday",1782.0,1,0,"Summer"
"14","Local",2024,"Jul","Sunday",1419.0,1,0,"Summer"
"14","Local",2024,"Jul","Weekday",2959.0,1,0,"Summer"
"18","Local",2024,"Jul","Saturday",2317.0,1,0,"Summer"
"18","Local",2024,"Jul","Sunday",2001.0,1,0,"Summer"
"18","Local",2024,"Jul","Weekday",3375.0,1,0,"Summer"
"19","Local",2024,"Jul","Saturday",186.0,1,0,"Summer"
"19","Local",2024,"Jul","Sunday",170.0,1,0,"Summer"
"19","Local",2024,"Jul","Weekday",241.0,1,0,"Summer"
"1T","Local",2024,"Jul","Saturday",12573.0,1,0,"Summer"
"1T","Local",2024,"Jul","Sunday",11669.0410958904,1,0,"Summer"
"1T","Local",2024,"Jul","Weekday",14494.0,1,0,"Summer"
"20","Local",2024,"Jul","Saturday",1722.0,1,0,"Summer"
"20","Local",2024,"Jul","Sunday",1399.0,1,0,"Summer"
"20","Local",2024,"Jul","Weekday",1990.0,1,0,"Summer"
"200","Local",2024,"Jul","Saturday",935.0,1,0,"Summer"
"200","Local",2024,"Jul","Sunday",926.0,1,0,"Summer"
"200","Local",2024,"Jul","Weekday",1293.0,1,0,"Summer"
"21","Local",2024,"Jul","Saturday",927.0,1,0,"Summer"
"21","Local",2024,"Jul","Sunday",817.132075471698,1,0,"Summer"
"21","Local",2024,"Jul","Weekday",1256.0,1,0,"Summer"
"210","Local",2024,"Jul","Saturday",673.0,1,0,"Summer"
"210","Local",2024,"Jul","Sunday",585.0,1,0,"Summer"
"210","Local",2024,"Jul","Weekday",1075.0,1,0,"Summer"
"212","Local",2024,"Jul","Saturday",460.0,1,0,"Summer"
"212","Local",2024,"Jul","Sunday",390.0,1,0,"Summer"
"212","Local",2024,"Jul","Weekday",612.0,1,0,"Summer"
"215","Local",2024,"Jul","Weekday",204.0,0,0,"Summer"
"216","Local",2024,"Jul","Saturday",209.0,1,0,"Summer"
"216","Local",2024,"Jul","Sunday",182.0,1,0,"Summer"
"216","Local",2024,"Jul","Weekday",264.0,1,0,"Summer"
"217","Local",2024,"Jul","Saturday",618.0,1,0,"Summer"
"217","Local",2024,"Jul","Sunday",574.0,1,0,"Summer"
"217","Local",2024,"Jul","Weekday",842.0,1,0,"Summer"
"232","Local",2024,"Jul","Saturday",213.0,1,0,"Summer"
"232","Local",2024,"Jul","Sunday",220.0,1,0,"Summer"
"232","Local",2024,"Jul","Weekday",295.0,1,0,"Summer"
"239","Local",2024,"Jul","Weekday",619.0,0,0,"Summer"
"251","Local",2024,"Jul","Saturday",104.0,1,0,"Summer"
"251","Local",2024,"Jul","Sunday",93.0,1,0,"Summer"
"251","Local",2024,"Jul","Weekday",167.0,1,0,"Summer"
"28","Local",2024,"Jul","Saturday",444.0,1,0,"Summer"
"28","Local",2024,"Jul","Sunday",410.0,1,0,"Summer"
"28","Local",2024,"Jul","Weekday",626.0,1,0,"Summer"
"29","Local",2024,"Jul","Saturday",1024.0,1,0,"Summer"
"29","Local",2024,"Jul","Sunday",691.0,1,0,"Summer"
"29","Local",2024,"Jul","Weekday",1157.0,1,0,"Summer"
"33","Local",2024,"Jul","Saturday",1207.0,1,0,"Summer"
"33","Local",2024,"Jul","Sunday",1123.0,1,0,"Summer"
"33","Local",2024,"Jul","Weekday",1962.0,1,0,"Summer"
"34","Local",2024,"Jul","Saturday",561.0,1,0,"Summer"
"34","Local",2024,"Jul","Sunday",455.0,1,0,"Summer"
"34","Local",2024,"Jul","Weekday",657.0,1,0,"Summer"
"35","Local",2024,"Jul","Saturday",562.0,1,0,"Summer"
"35","Local",2024,"Jul","Sunday",495.0,1,0,"Summer"
"35","Local",2024,"Jul","Weekday",652.0,1,0,"Summer"
"36","Local",2024,"Jul","Saturday",1385.0,1,1,"Summer"
"36","Local",2024,"Jul","Sunday",976.0,1,1,"Summer"
"36","Local",2024,"Jul","Weekday",1425.0,1,1,"Summer"
"376","Local",2024,"Jul","Saturday",130.0,1,0,"Summer"
"376","Local",2024,"Jul","Sunday",123.0,1,0,"Summer"
"376","Local",2024,"Jul","Weekday",129.0,1,0,"Summer"
"39","Local",2024,"Jul","Weekday",285.0,0,0,"Summer"
"40","Local",2024,"Jul","Saturday",3216.0,1,0,"Summer"
"40","Local",2024,"Jul","Sunday",2709.0,1,0,"Summer"
"40","Local",2024,"Jul","Weekday",4892.0,1,0,"Summer"
"41","Local",2024,"Jul","Saturday",447.0,1,0,"Summer"
"41","Local",2024,"Jul","Sunday",361.0,1,0,"Summer"
"41","Local",2024,"Jul","Weekday",603.0,1,0,"Summer"
"45","Local",2024,"Jul","Saturday",590.0,1,0,"Summer"
"45","Local",2024,"Jul","Sunday",486.0,1,0,"Summer"
"45","Local",2024,"Jul","Weekday",1076.0,1,0,"Summer"
"46L","Local",2024,"Jul","Weekday",126.0,0,0,"Summer"
"51A","Local",2024,"Jul","Saturday",3877.0,1,0,"Summer"
"51A","Local",2024,"Jul","Sunday",3095.0,1,0,"Summer"
"51A","Local",2024,"Jul","Weekday",5450.0,1,0,"Summer"
"51B","Local",2024,"Jul","Saturday",4093.0,1,1,"Summer"
"51B","Local",2024,"Jul","Sunday",3541.0,1,1,"Summer"
"51B","Local",2024,"Jul","Weekday",5355.0,1,1,"Summer"
"52","Local",2024,"Jul","Saturday",877.0,1,1,"Summer"
"52","Local",2024,"Jul","Sunday",754.0,1,1,"Summer"
"52","Local",2024,"Jul","Weekday",1938.0,1,1,"Summer"
"54","Local",2024,"Jul","Saturday",637.0,1,0,"Summer"
"54","Local",2024,"Jul","Sunday",515.0,1,0,"Summer"
"54","Local",2024,"Jul","Weekday",1200.0,1,0,"Summer"
"56","Local",2024,"Jul","Saturday",320.0,1,0,"Summer"
"56","Local",2024,"Jul","Sunday",293.0,1,0,"Summer"
"56","Local",2024,"Jul","Weekday",451.0,1,0,"Summer"
"57","Local",2024,"Jul","Saturday",4301.0,1,0,"Summer"
"57","Local",2024,"Jul","Sunday",3319.0,1,0,"Summer"
"57","Local",2024,"Jul","Weekday",4437.0,1,0,"Summer"
"6","Local",2024,"Jul","Saturday",2808.72483221477,1,1,"Summer"
"6","Local",2024,"Jul","Sunday",2744.29530201342,1,1,"Summer"
"6","Local",2024,"Jul","Weekday",3878.0,1,1,"Summer"
"60","Local",2024,"Jul","Saturday",753.0,1,0,"Summer"
"60","Local",2024,"Jul","Sunday",578.0,1,0,"Summer"
"60","Local",2024,"Jul","Weekday",970.0,1,0,"Summer"
"62","Local",2024,"Jul","Saturday",1195.0,1,0,"Summer"
"62","Local",2024,"Jul","Sunday",952.0,1,0,"Summer"
"62","Local",2024,"Jul","Weekday",1901.0,1,0,"Summer"
"65","Local",2024,"Jul","Weekday",1064.0,0,0,"Summer"
"67","Local",2024,"Jul","Weekday",368.0,0,0,"Summer"
"7","Local",2024,"Jul","Saturday",1673.0,1,0,"Summer"
"7","Local",2024,"Jul","Sunday",1416.0,1,0,"Summer"
"7","Local",2024,"Jul","Weekday",1823.0,1,0,"Summer"
"70","Local",2024,"Jul","Saturday",335.0,1,0,"Summer"
"70","Local",2024,"Jul","Sunday",283.0,1,0,"Summer"
"70","Local",2024,"Jul","Weekday",421.0,1,0,"Summer"
"701","M-Transbay",2024,"Jul","Weekday",57.0,0,0,"Summer"
"702","M-Transbay",2024,"Jul","Weekday",11.0,0,0,"Summer"
"703","M-Transbay",2024,"Jul","Weekday",4.0,0,0,"Summer"
"706","M-Transbay",2024,"Jul","Weekday",10.0,0,0,"Summer"
"707","M-Transbay",2024,"Jul","Weekday",2.0,0,0,"Summer"
"71","Local",2024,"Jul","Saturday",387.0,1,0,"Summer"
"71","Local",2024,"Jul","Sunday",327.0,1,0,"Summer"
"71","Local",2024,"Jul","Weekday",835.0,1,0,"Summer"
"72","Local",2024,"Jul","Saturday",2449.09589041096,1,0,"Summer"
"72","Local",2024,"Jul","Sunday",1973.0,1,0,"Summer"
"72","Local",2024,"Jul","Weekday",2831.50684931507,1,0,"Summer"
"72M","Local",2024,"Jul","Saturday",2191.43835616438,1,0,"Summer"
"72M","Local",2024,"Jul","Sunday",2010.0,1,0,"Summer"
"72M","Local",2024,"Jul","Weekday",2699.0,1,0,"Summer"
"72R","Local",2024,"Jul","Saturday",2634.0,1,0,"Summer"
"72R","Local",2024,"Jul","Sunday",2177.0,1,0,"Summer"
"72R","Local",2024,"Jul","Weekday",4007.0,1,0,"Summer"
"73","Local",2024,"Jul","Saturday",1478.0,1,0,"Summer"
"73","Local",2024,"Jul","Sunday",1231.0,1,0,"Summer"
"73","Local",2024,"Jul","Weekday",1942.0,1,0,"Summer"
"74","Local",2024,"Jul","Saturday",440.0,1,0,"Summer"
"74","Local",2024,"Jul","Sunday",375.0,1,0,"Summer"
"74","Local",2024,"Jul","Weekday",748.0,1,0,"Summer"
"76","Local",2024,"Jul","Saturday",984.0,1,0,"Summer"
"76","Local",2024,"Jul","Sunday",858.0,1,0,"Summer"
"76","Local",2024,"Jul","Weekday",1511.0,1,0,"Summer"
"79","Local",2024,"Jul","Saturday",741.836734693878,1,0,"Summer"
"79","Local",2024,"Jul","Sunday",723.0,1,0,"Summer"
"79","Local",2024,"Jul","Weekday",1145.0,1,0,"Summer"
"800","All Nighter",2024,"Jul","Saturday",585.0,1,1,"Summer"
"800","All Nighter",2024,"Jul","Sunday",350.0,1,1,"Summer"
"800","All Nighter",2024,"Jul","Weekday",424.0,1,1,"Summer"
"801","All Nighter",2024,"Jul","Saturday",280.0,1,0,"Summer"
"801","All Nighter",2024,"Jul","Sunday",262.0,1,0,"Summer"
"801","All Nighter",2024,"Jul","Weekday",295.0,1,0,"Summer"
"802","All Nighter",2024,"Jul","Saturday",61.0,1,0,"Summer"
"802","All Nighter",2024,"Jul","Sunday",43.0,1,0,"Summer"
"802","All Nighter",2024,"Jul","Weekday",60.0,1,0,"Summer"
"805","All Nighter",2024,"Jul","Saturday",86.0,1,0,"Summer"
"805","All Nighter",2024,"Jul","Sunday",86.0,1,0,"Summer"
"805","All Nighter",2024,"Jul","Weekday",102.0,1,0,"Summer"
"840","All Nighter",2024,"Jul","Saturday",67.0,1,0,"Summer"
"840","All Nighter",2024,"Jul","Sunday",61.0,1,0,"Summer"
"840","All Nighter",2024,"Jul","Weekday",67.0,1,0,"Summer"
"851","All Nighter",2024,"Jul","Saturday",64.0,1,1,"Summer"
"851","All Nighter",2024,"Jul","Sunday",87.0,1,1,"Summer"
"851","All Nighter",2024,"Jul","Weekday",86.0,1,1,"Summer"
"86","Local",2024,"Jul","Saturday",743.0,1,0,"Summer"
"86","Local",2024,"Jul","Sunday",566.0,1,0,"Summer"
"86","Local",2024,"Jul","Weekday",1297.0,1,0,"Summer"
"88","Local",2024,"Jul","Saturday",1215.0,1,0,"Summer"
"88","Local",2024,"Jul","Sunday",1004.0,1,0,"Summer"
"88","Local",2024,"Jul","Weekday",1566.0,1,0,"Summer"
"90","Local",2024,"Jul","Saturday",353.0,1,0,"Summer"
"90","Local",2024,"Jul","Sunday",302.515151515152,1,0,"Summer"
"90","Local",2024,"Jul","Weekday",640.0,1,0,"Summer"
"93","Local",2024,"Jul","Saturday",398.0,1,0,"Summer"
"93","Local",2024,"Jul","Sunday",361.0,1,0,"Summer"
"93","Local",2024,"Jul","Weekday",663.0,1,0,"Summer"
"95","Local",2024,"Jul","Saturday",136.0,1,0,"Summer"
"95","Local",2024,"Jul","Sunday",125.0,1,0,"Summer"
"95","Local",2024,"Jul","Weekday",187.0,1,0,"Summer"
"96","Local",2024,"Jul","Saturday",1125.0,1,0,"Summer"
"96","Local",2024,"Jul","Sunday",1014.0,1,0,"Summer"
"96","Local",2024,"Jul","Weekday",1293.0,1,0,"Summer"
"97","Local",2024,"Jul","Saturday",1457.0,1,0,"Summer"
"97","Local",2024,"Jul","Sunday",1304.0,1,0,"Summer"
"97","Local",2024,"Jul","Weekday",2468.0,1,0,"Summer"
"98","Local",2024,"Jul","Saturday",457.0,1,0,"Summer"
"98","Local",2024,"Jul","Sunday",432.0,1,0,"Summer"
"98","Local",2024,"Jul","Weekday",971.0,1,0,"Summer"
"99","Local",2024,"Jul","Saturday",1415.0,1,0,"Summer"
"99","Local",2024,"Jul","Sunday",1224.0,1,0,"Summer"
"99","Local",2024,"Jul","Weekday",2084.0,1,0,"Summer"
"E","M-Transbay",2024,"Jul","Weekday",150.0,0,0,"Summer"
"F","M-Transbay",2024,"Jul","Saturday",1690.0,1,1,"Summer"
"F","M-Transbay",2024,"Jul","Sunday",1509.0,1,1,"Summer"
"F","M-Transbay",2024,"Jul","Weekday",1839.0,1,1,"Summer"
"FS","M-Transbay",2024,"Jul","Weekday",100.0,0,0,"Summer"
"G","M-Transbay",2024,"Jul","Weekday",188.0,0,0,"Summer"
"J","M-Transbay",2024,"Jul","Weekday",239.0,0,0,"Summer"
"L","M-Transbay",2024,"Jul","Weekday",148.0,0,0,"Summer"
"LA","M-Transbay",2024,"Jul","Weekday",73.75,0,0,"Summer"
"NL","M-Transbay",2024,"Jul","Saturday",1280.0,1,0,"Summer"
"NL","M-Transbay",2024,"Jul","Sunday",990.0,1,0,"Summer"
"NL","M-Transbay",2024,"Jul","Weekday",2041.0,1,0,"Summer"
"NX","M-Transbay",2024,"Jul","Weekday",154.0,0,0,"Summer"
"NX3","M-Transbay",2024,"Jul","Weekday",101.0,0,0,"Summer"
"O","M-Transbay",2024,"Jul","Saturday",813.0,1,0,"Summer"
"O","M-Transbay",2024,"Jul","Sunday",700.0,1,0,"Summer"
"O","M-Transbay",2024,"Jul","Weekday",1075.0,1,0,"Summer"
"OX","M-Transbay",2024,"Jul","Weekday",99.0,0,0,"Summer"
"P","M-Transbay",2024,"Jul","Weekday",283.0,0,0,"Summer"
"U","M-Transbay",2024,"Jul","Weekday",260.0,0,0,"Summer"
"V","M-Transbay",2024,"Jul","Weekday",199.0,0,0,"Summer"
"W","M-Transbay",2024,"Jul","Weekday",123.0,0,0,"Summer"
"10","Local",2024,"Aug","Saturday",1647.85794392523,1,0,"Summer"
"10","Local",2024,"Aug","Sunday",1382.19095640859,1,0,"Summer"
"10","Local",2024,"Aug","Weekday",2406.54545454545,1,0,"Summer"
"12","Local",2024,"Aug","Saturday",1765.35362318841,1,0,"Summer"
"12","Local",2024,"Aug","Sunday",1432.91810344828,1,0,"Summer"
"12","Local",2024,"Aug","Weekday",2528.68181818182,1,0,"Summer"
"14","Local",2024,"Aug","Saturday",1614.4,1,0,"Summer"
"14","Local",2024,"Aug","Sunday",1337.02040816327,1,0,"Summer"
"14","Local",2024,"Aug","Weekday",3355.22727272727,1,0,"Summer"
"18","Local",2024,"Aug","Saturday",2543.20830188679,1,0,"Summer"
"18","Local",2024,"Aug","Sunday",2348.953125,1,0,"Summer"
"18","Local",2024,"Aug","Weekday",3924.68181818182,1,0,"Summer"
"19","Local",2024,"Aug","Saturday",204.070588235294,1,0,"Summer"
"19","Local",2024,"Aug","Sunday",189.8203125,1,0,"Summer"
"19","Local",2024,"Aug","Weekday",261.454545454545,1,0,"Summer"
"1T","Local",2024,"Aug","Saturday",12094.821252639,1,0,"Summer"
"1T","Local",2024,"Aug","Sunday",12273.6170238095,1,0,"Summer"
"1T","Local",2024,"Aug","Weekday",15735.162800614,1,0,"Summer"
"20","Local",2024,"Aug","Saturday",1888.13134328358,1,0,"Summer"
"20","Local",2024,"Aug","Sunday",1436.80737704918,1,0,"Summer"
"20","Local",2024,"Aug","Weekday",2061.04545454545,1,0,"Summer"
"200","Local",2024,"Aug","Saturday",1039.4,1,0,"Summer"
"200","Local",2024,"Aug","Sunday",960.073170731707,1,0,"Summer"
"200","Local",2024,"Aug","Weekday",1384.09090909091,1,0,"Summer"
"21","Local",2024,"Aug","Saturday",959.2,1,0,"Summer"
"21","Local",2024,"Aug","Sunday",910.485849056604,1,0,"Summer"
"21","Local",2024,"Aug","Weekday",1327.45454545455,1,0,"Summer"
"210","Local",2024,"Aug","Saturday",719.514285714286,1,0,"Summer"
"210","Local",2024,"Aug","Sunday",671.227272727273,1,0,"Summer"
"210","Local",2024,"Aug","Weekday",1182.59090909091,1,0,"Summer"
"212","Local",2024,"Aug","Saturday",474.890566037736,1,0,"Summer"
"212","Local",2024,"Aug","Sunday",393.636554621849,1,0,"Summer"
"212","Local",2024,"Aug","Weekday",628.590909090909,1,0,"Summer"
"215","Local",2024,"Aug","Weekday",216.681818181818,0,0,"Summer"
"216","Local",2024,"Aug","Saturday",221.2,1,0,"Summer"
"216","Local",2024,"Aug","Sunday",214.588235294118,1,0,"Summer"
"216","Local",2024,"Aug","Weekday",277.954545454545,1,0,"Summer"
"217","Local",2024,"Aug","Saturday",649.0,1,0,"Summer"
"217","Local",2024,"Aug","Sunday",654.425837320574,1,0,"Summer"
"217","Local",2024,"Aug","Weekday",917.994417862839,1,0,"Summer"
"232","Local",2024,"Aug","Saturday",209.4,1,0,"Summer"
"232","Local",2024,"Aug","Sunday",263.7375,1,0,"Summer"
"232","Local",2024,"Aug","Weekday",347.136363636364,1,0,"Summer"
"239","Local",2024,"Aug","Weekday",654.818181818182,0,0,"Summer"
"251","Local",2024,"Aug","Saturday",114.6,1,0,"Summer"
"251","Local",2024,"Aug","Sunday",114.221014492754,1,0,"Summer"
"251","Local",2024,"Aug","Weekday",168.409090909091,1,0,"Summer"
"28","Local",2024,"Aug","Saturday",487.146666666667,1,0,"Summer"
"28","Local",2024,"Aug","Sunday",404.0,1,0,"Summer"
"28","Local",2024,"Aug","Weekday",693.636363636364,1,0,"Summer"
"29","Local",2024,"Aug","Saturday",925.632,1,0,"Summer"
"29","Local",2024,"Aug","Sunday",892.97032967033,1,0,"Summer"
"29","Local",2024,"Aug","Weekday",1249.86363636364,1,0,"Summer"
"33","Local",2024,"Aug","Saturday",1405.2,1,0,"Summer"
"33","Local",2024,"Aug","Sunday",1138.5,1,0,"Summer"
"33","Local",2024,"Aug","Weekday",2263.54545454545,1,0,"Summer"
"34","Local",2024,"Aug","Saturday",595.342857142857,1,0,"Summer"
"34","Local",2024,"Aug","Sunday",462.75,1,0,"Summer"
"34","Local",2024,"Aug","Weekday",709.0,1,0,"Summer"
"35","Local",2024,"Aug","Saturday",588.061538461538,1,0,"Summer"
"35","Local",2024,"Aug","Sunday",466.5,1,0,"Summer"
"35","Local",2024,"Aug","Weekday",682.818181818182,1,0,"Summer"
"36","Local",2024,"Aug","Saturday",1482.79871794872,1,1,"Summer"
"36","Local",2024,"Aug","Sunday",1413.5625,1,1,"Summer"
"36","Local",2024,"Aug","Weekday",1677.40909090909,1,1,"Summer"
"376","Local",2024,"Aug","Saturday",151.8,1,0,"Summer"
"376","Local",2024,"Aug","Sunday",107.850877192982,1,0,"Summer"
"376","Local",2024,"Aug","Weekday",136.318181818182,1,0,"Summer"
"39","Local",2024,"Aug","Weekday",450.123376623377,0,0,"Summer"
"40","Local",2024,"Aug","Saturday",3484.2,1,0,"Summer"
"40","Local",2024,"Aug","Sunday",3075.05625,1,0,"Summer"
"40","Local",2024,"Aug","Weekday",6110.09090909091,1,0,"Summer"
"41","Local",2024,"Aug","Saturday",485.514285714286,1,0,"Summer"
"41","Local",2024,"Aug","Sunday",398.5,1,0,"Summer"
"41","Local",2024,"Aug","Weekday",652.227272727273,1,0,"Summer"
"45","Local",2024,"Aug","Saturday",612.2,1,0,"Summer"
"45","Local",2024,"Aug","Sunday",545.186388508892,1,0,"Summer"
"45","Local",2024,"Aug","Weekday",1346.77272727273,1,0,"Summer"
"46L","Local",2024,"Aug","Weekday",163.227272727273,0,0,"Summer"
"51A","Local",2024,"Aug","Saturday",3891.0,1,0,"Summer"
"51A","Local",2024,"Aug","Sunday",3295.92769533616,1,0,"Summer"
"51A","Local",2024,"Aug","Weekday",6106.77272727273,1,0,"Summer"
"51B","Local",2024,"Aug","Saturday",5432.4056423942,1,1,"Summer"
"51B","Local",2024,"Aug","Sunday",4742.29032258064,1,1,"Summer"
"51B","Local",2024,"Aug","Weekday",7076.77272727273,1,1,"Summer"
"52","Local",2024,"Aug","Saturday",1410.112,1,1,"Summer"
"52","Local",2024,"Aug","Sunday",1156.79411764706,1,1,"Summer"
"52","Local",2024,"Aug","Weekday",2780.68181818182,1,1,"Summer"
"54","Local",2024,"Aug","Saturday",696.0,1,0,"Summer"
"54","Local",2024,"Aug","Sunday",528.023076923077,1,0,"Summer"
"54","Local",2024,"Aug","Weekday",1390.54545454545,1,0,"Summer"
"56","Local",2024,"Aug","Saturday",328.6,1,0,"Summer"
"56","Local",2024,"Aug","Sunday",290.026315789474,1,0,"Summer"
"56","Local",2024,"Aug","Weekday",454.363636363636,1,0,"Summer"
"57","Local",2024,"Aug","Saturday",4227.69813664596,1,0,"Summer"
"57","Local",2024,"Aug","Sunday",3612.06481481481,1,0,"Summer"
"57","Local",2024,"Aug","Weekday",5240.45454545455,1,0,"Summer"
"6","Local",2024,"Aug","Saturday",3239.28,1,1,"Summer"
"6","Local",2024,"Aug","Sunday",2472.02985948478,1,1,"Summer"
"6","Local",2024,"Aug","Weekday",4492.18181818182,1,1,"Summer"
"60","Local",2024,"Aug","Saturday",806.094339622642,1,0,"Summer"
"60","Local",2024,"Aug","Sunday",645.0,1,0,"Summer"
"60","Local",2024,"Aug","Weekday",1127.72727272727,1,0,"Summer"
"604","Supplemental",2024,"Aug","Weekday",83.0,0,0,"Summer"
"605","Supplemental",2024,"Aug","Weekday",47.0,0,0,"Summer"
"606","Supplemental",2024,"Aug","Weekday",55.0,0,0,"Summer"
"607","Supplemental",2024,"Aug","Weekday",7.0,0,0,"Summer"
"617","Supplemental",2024,"Aug","Weekday",173.25,0,0,"Summer"
"62","Local",2024,"Aug","Saturday",1094.2,1,0,"Summer"
"62","Local",2024,"Aug","Sunday",1020.25925925926,1,0,"Summer"
"62","Local",2024,"Aug","Weekday",2139.95454545455,1,0,"Summer"
"620","Supplemental",2024,"Aug","Weekday",31.0,0,0,"Summer"
"621","Supplemental",2024,"Aug","Weekday",315.0,0,0,"Summer"
"623","Supplemental",2024,"Aug","Weekday",1150.0,0,0,"Summer"
"624","Supplemental",2024,"Aug","Weekday",141.0,0,0,"Summer"
"625","Supplemental",2024,"Aug","Weekday",342.0,0,0,"Summer"
"626","Supplemental",2024,"Aug","Weekday",10.0,0,0,"Summer"
"628","Supplemental",2024,"Aug","Weekday",12.0,0,0,"Summer"
"629","Supplemental",2024,"Aug","Weekday",41.0,0,0,"Summer"
"631","Supplemental",2024,"Aug","Weekday",264.0,0,0,"Summer"
"638","Supplemental",2024,"Aug","Weekday",110.0,0,0,"Summer"
"641","Supplemental",2024,"Aug","Weekday",265.0,0,0,"Summer"
"642","Supplemental",2024,"Aug","Weekday",97.5,0,0,"Summer"
"646","Supplemental",2024,"Aug","Weekday",416.733333333333,0,0,"Summer"
"648","Supplemental",2024,"Aug","Weekday",195.2,0,0,"Summer"
"649","Supplemental",2024,"Aug","Weekday",148.0,0,0,"Summer"
"65","Local",2024,"Aug","Weekday",468.934579439252,0,0,"Summer"
"650","Supplemental",2024,"Aug","Weekday",109.333333333333,0,0,"Summer"
"651","Supplemental",2024,"Aug","Weekday",93.0,0,0,"Summer"
"652","Supplemental",2024,"Aug","Weekday",108.0,0,0,"Summer"
"653","Supplemental",2024,"Aug","Weekday",160.0,0,0,"Summer"
"654","Supplemental",2024,"Aug","Weekday",491.75,0,0,"Summer"
"655","Supplemental",2024,"Aug","Weekday",254.0,0,0,"Summer"
"657","Supplemental",2024,"Aug","Weekday",362.222222222222,0,0,"Summer"
"658","Supplemental",2024,"Aug","Weekday",217.142857142857,0,0,"Summer"
"660","Supplemental",2024,"Aug","Weekday",87.0,0,0,"Summer"
"662","Supplemental",2024,"Aug","Weekday",90.6666666666667,0,0,"Summer"
"663","Supplemental",2024,"Aug","Weekday",55.0,0,0,"Summer"
"667","Supplemental",2024,"Aug","Weekday",103.833333333333,0,0,"Summer"
"669","Supplemental",2024,"Aug","Weekday",86.0,0,0,"Summer"
"67","Local",2024,"Aug","Weekday",337.504672897196,0,0,"Summer"
"671","Supplemental",2024,"Aug","Weekday",108.5,0,0,"Summer"
"672","Supplemental",2024,"Aug","Weekday",15.0,0,0,"Summer"
"675","Supplemental",2024,"Aug","Weekday",245.454545454545,0,0,"Summer"
"676","Supplemental",2024,"Aug","Weekday",96.8333333333333,0,0,"Summer"
"677","Supplemental",2024,"Aug","Weekday",189.333333333333,0,0,"Summer"
"680","Supplemental",2024,"Aug","Weekday",63.0,0,0,"Summer"
"681","Supplemental",2024,"Aug","Weekday",21.0,0,0,"Summer"
"682","Supplemental",2024,"Aug","Weekday",231.0,0,0,"Summer"
"683","Supplemental",2024,"Aug","Weekday",46.0,0,0,"Summer"
"684","Supplemental",2024,"Aug","Weekday",189.0,0,0,"Summer"
"687","Supplemental",2024,"Aug","Weekday",193.0,0,0,"Summer"
"688","Supplemental",2024,"Aug","Weekday",18.0,0,0,"Summer"
"696","Supplemental",2024,"Aug","Weekday",132.0,0,0,"Summer"
"7","Local",2024,"Aug","Saturday",1747.70204081633,1,0,"Summer"
"7","Local",2024,"Aug","Sunday",1586.37096774194,1,0,"Summer"
"7","Local",2024,"Aug","Weekday",2277.31818181818,1,0,"Summer"
"70","Local",2024,"Aug","Saturday",364.4,1,0,"Summer"
"70","Local",2024,"Aug","Sunday",316.943181818182,1,0,"Summer"
"70","Local",2024,"Aug","Weekday",421.045454545455,1,0,"Summer"
"701","M-Transbay",2024,"Aug","Weekday",50.9090909090909,0,0,"Summer"
"702","M-Transbay",2024,"Aug","Weekday",12.3636363636364,0,0,"Summer"
"703","M-Transbay",2024,"Aug","Weekday",8.77272727272727,0,0,"Summer"
"706","M-Transbay",2024,"Aug","Weekday",8.0,0,0,"Summer"
"707","M-Transbay",2024,"Aug","Weekday",2.0,0,0,"Summer"
"71","Local",2024,"Aug","Saturday",421.6,1,0,"Summer"
"71","Local",2024,"Aug","Sunday",341.625,1,0,"Summer"
"71","Local",2024,"Aug","Weekday",909.136363636364,1,0,"Summer"
"72","Local",2024,"Aug","Saturday",2784.63761904762,1,0,"Summer"
"72","Local",2024,"Aug","Sunday",2221.51039553753,1,0,"Summer"
"72","Local",2024,"Aug","Weekday",2943.00747198007,1,0,"Summer"
"72M","Local",2024,"Aug","Saturday",2399.54207436399,1,0,"Summer"
"72M","Local",2024,"Aug","Sunday",2084.55594679186,1,0,"Summer"
"72M","Local",2024,"Aug","Weekday",2908.00275482094,1,0,"Summer"
"72R","Local",2024,"Aug","Saturday",2793.0,1,0,"Summer"
"72R","Local",2024,"Aug","Sunday",2345.51898734177,1,0,"Summer"
"72R","Local",2024,"Aug","Weekday",4017.95454545455,1,0,"Summer"
"73","Local",2024,"Aug","Saturday",1474.66853146853,1,0,"Summer"
"73","Local",2024,"Aug","Sunday",1310.98757249379,1,0,"Summer"
"73","Local",2024,"Aug","Weekday",2099.54545454545,1,0,"Summer"
"74","Local",2024,"Aug","Saturday",432.818181818182,1,0,"Summer"
"74","Local",2024,"Aug","Sunday",377.381578947368,1,0,"Summer"
"74","Local",2024,"Aug","Weekday",921.409090909091,1,0,"Summer"
"76","Local",2024,"Aug","Saturday",1066.4,1,0,"Summer"
"76","Local",2024,"Aug","Sunday",941.843023255814,1,0,"Summer"
"76","Local",2024,"Aug","Weekday",1816.68181818182,1,0,"Summer"
"79","Local",2024,"Aug","Saturday",1015.4,1,0,"Summer"
"79","Local",2024,"Aug","Sunday",1019.23958333333,1,0,"Summer"
"79","Local",2024,"Aug","Weekday",1617.59090909091,1,0,"Summer"
"800","All Nighter",2024,"Aug","Saturday",599.835164835165,1,1,"Summer"
"800","All Nighter",2024,"Aug","Sunday",418.188461538462,1,1,"Summer"
"800","All Nighter",2024,"Aug","Weekday",442.272727272727,1,1,"Summer"
"801","All Nighter",2024,"Aug","Saturday",274.796363636364,1,0,"Summer"
"801","All Nighter",2024,"Aug","Sunday",269.818181818182,1,0,"Summer"
"801","All Nighter",2024,"Aug","Weekday",282.227272727273,1,0,"Summer"
"802","All Nighter",2024,"Aug","Saturday",63.0571428571429,1,0,"Summer"
"802","All Nighter",2024,"Aug","Sunday",58.875,1,0,"Summer"
"802","All Nighter",2024,"Aug","Weekday",62.3636363636364,1,0,"Summer"
"805","All Nighter",2024,"Aug","Saturday",90.0,1,0,"Summer"
"805","All Nighter",2024,"Aug","Sunday",82.0,1,0,"Summer"
"805","All Nighter",2024,"Aug","Weekday",104.409090909091,1,0,"Summer"
"840","All Nighter",2024,"Aug","Saturday",67.0,1,0,"Summer"
"840","All Nighter",2024,"Aug","Sunday",62.3863636363636,1,0,"Summer"
"840","All Nighter",2024,"Aug","Weekday",73.4090909090909,1,0,"Summer"
"851","All Nighter",2024,"Aug","Saturday",102.4,1,1,"Summer"
"851","All Nighter",2024,"Aug","Sunday",84.25,1,1,"Summer"
"851","All Nighter",2024,"Aug","Weekday",84.5909090909091,1,1,"Summer"
"86","Local",2024,"Aug","Saturday",808.242010535557,1,0,"Summer"
"86","Local",2024,"Aug","Sunday",585.386029411765,1,0,"Summer"
"86","Local",2024,"Aug","Weekday",1391.5,1,0,"Summer"
"88","Local",2024,"Aug","Saturday",1254.92830188679,1,0,"Summer"
"88","Local",2024,"Aug","Sunday",1017.04444444444,1,0,"Summer"
"88","Local",2024,"Aug","Weekday",1894.45454545455,1,0,"Summer"
"90","Local",2024,"Aug","Saturday",398.187878787879,1,0,"Summer"
"90","Local",2024,"Aug","Sunday",364.423020527859,1,0,"Summer"
"90","Local",2024,"Aug","Weekday",663.5,1,0,"Summer"
"93","Local",2024,"Aug","Saturday",453.6,1,0,"Summer"
"93","Local",2024,"Aug","Sunday",392.5,1,0,"Summer"
"93","Local",2024,"Aug","Weekday",854.636363636364,1,0,"Summer"
"95","Local",2024,"Aug","Saturday",159.775609756098,1,0,"Summer"
"95","Local",2024,"Aug","Sunday",136.925675675676,1,0,"Summer"
"95","Local",2024,"Aug","Weekday",232.878099173554,1,0,"Summer"
"96","Local",2024,"Aug","Saturday",1161.21428571429,1,0,"Summer"
"96","Local",2024,"Aug","Sunday",1188.40217391304,1,0,"Summer"
"96","Local",2024,"Aug","Weekday",1439.95454545455,1,0,"Summer"
"97","Local",2024,"Aug","Saturday",1587.175,1,0,"Summer"
"97","Local",2024,"Aug","Sunday",1275.2380952381,1,0,"Summer"
"97","Local",2024,"Aug","Weekday",3058.86363636364,1,0,"Summer"
"98","Local",2024,"Aug","Saturday",535.0,1,0,"Summer"
"98","Local",2024,"Aug","Sunday",472.5,1,0,"Summer"
"98","Local",2024,"Aug","Weekday",1244.86363636364,1,0,"Summer"
"99","Local",2024,"Aug","Saturday",1445.21728395062,1,0,"Summer"
"99","Local",2024,"Aug","Sunday",1206.15032679739,1,0,"Summer"
"99","Local",2024,"Aug","Weekday",2479.18181818182,1,0,"Summer"
"E","M-Transbay",2024,"Aug","Weekday",142.363636363636,0,0,"Summer"
"F","M-Transbay",2024,"Aug","Saturday",1724.32727272727,1,1,"Summer"
"F","M-Transbay",2024,"Aug","Sunday",1524.07094594595,1,1,"Summer"
"F","M-Transbay",2024,"Aug","Weekday",2167.27272727273,1,1,"Summer"
"FS","M-Transbay",2024,"Aug","Weekday",93.0454545454545,0,0,"Summer"
"G","M-Transbay",2024,"Aug","Weekday",188.045454545455,0,0,"Summer"
"J","M-Transbay",2024,"Aug","Weekday",251.727272727273,0,0,"Summer"
"L","M-Transbay",2024,"Aug","Weekday",142.136363636364,0,0,"Summer"
"LA","M-Transbay",2024,"Aug","Weekday",86.5340909090909,0,0,"Summer"
"NL","M-Transbay",2024,"Aug","Saturday",1125.34647887324,1,0,"Summer"
"NL","M-Transbay",2024,"Aug","Sunday",1024.0,1,0,"Summer"
"NL","M-Transbay",2024,"Aug","Weekday",2301.54545454545,1,0,"Summer"
"NX","M-Transbay",2024,"Aug","Weekday",162.272727272727,0,0,"Summer"
"NX3","M-Transbay",2024,"Aug","Weekday",150.772727272727,0,0,"Summer"
"O","M-Transbay",2024,"Aug","Saturday",768.4,1,0,"Summer"
"O","M-Transbay",2024,"Aug","Sunday",709.760204081633,1,0,"Summer"
"O","M-Transbay",2024,"Aug","Weekday",1163.07741477273,1,0,"Summer"
"OX","M-Transbay",2024,"Aug","Weekday",102.545454545455,0,0,"Summer"
"P","M-Transbay",2024,"Aug","Weekday",310.871900826446,0,0,"Summer"
"U","M-Transbay",2024,"Aug","Weekday",274.409090909091,0,0,"Summer"
"V","M-Transbay",2024,"Aug","Weekday",196.818181818182,0,0,"Summer"
"W","M-Transbay",2024,"Aug","Weekday",141.909090909091,0,0,"Summer"
"10","Local",2024,"Sep","Saturday",1646.0,1,0,"Semester"
"10","Local",2024,"Sep","Sunday",1452.44859813084,1,0,"Semester"
"10","Local",2024,"Sep","Weekday",2574.0,1,0,"Semester"
"12","Local",2024,"Sep","Saturday",1899.0,1,0,"Semester"
"12","Local",2024,"Sep","Sunday",1463.0,1,0,"Semester"
"12","Local",2024,"Sep","Weekday",2644.0,1,0,"Semester"
"14","Local",2024,"Sep","Saturday",1651.0,1,0,"Semester"
"14","Local",2024,"Sep","Sunday",1411.0,1,0,"Semester"
"14","Local",2024,"Sep","Weekday",3465.0,1,0,"Semester"
"18","Local",2024,"Sep","Saturday",3125.29166666667,1,0,"Semester"
"18","Local",2024,"Sep","Sunday",2868.0,1,0,"Semester"
"18","Local",2024,"Sep","Weekday",4250.0,1,0,"Semester"
"19","Local",2024,"Sep","Saturday",207.0,1,0,"Semester"
"19","Local",2024,"Sep","Sunday",175.0,1,0,"Semester"
"19","Local",2024,"Sep","Weekday",269.0,1,0,"Semester"
"1T","Local",2024,"Sep","Saturday",12014.3157894737,1,0,"Semester"
"1T","Local",2024,"Sep","Sunday",11859.1666666667,1,0,"Semester"
"1T","Local",2024,"Sep","Weekday",16903.2796208531,1,0,"Semester"
"20","Local",2024,"Sep","Saturday",1864.0,1,0,"Semester"
"20","Local",2024,"Sep","Sunday",1580.0,1,0,"Semester"
"20","Local",2024,"Sep","Weekday",2141.0,1,0,"Semester"
"200","Local",2024,"Sep","Saturday",1005.0,1,0,"Semester"
"200","Local",2024,"Sep","Sunday",919.0,1,0,"Semester"
"200","Local",2024,"Sep","Weekday",1463.0,1,0,"Semester"
"21","Local",2024,"Sep","Saturday",988.0,1,0,"Semester"
"21","Local",2024,"Sep","Sunday",918.0,1,0,"Semester"
"21","Local",2024,"Sep","Weekday",1400.0,1,0,"Semester"
"210","Local",2024,"Sep","Saturday",684.0,1,0,"Semester"
"210","Local",2024,"Sep","Sunday",630.0,1,0,"Semester"
"210","Local",2024,"Sep","Weekday",1453.0,1,0,"Semester"
"212","Local",2024,"Sep","Saturday",469.0,1,0,"Semester"
"212","Local",2024,"Sep","Sunday",398.0,1,0,"Semester"
"212","Local",2024,"Sep","Weekday",688.0,1,0,"Semester"
"215","Local",2024,"Sep","Weekday",204.0,0,0,"Semester"
"216","Local",2024,"Sep","Saturday",234.0,1,0,"Semester"
"216","Local",2024,"Sep","Sunday",206.0,1,0,"Semester"
"216","Local",2024,"Sep","Weekday",309.0,1,0,"Semester"
"217","Local",2024,"Sep","Saturday",668.0,1,0,"Semester"
"217","Local",2024,"Sep","Sunday",576.0,1,0,"Semester"
"217","Local",2024,"Sep","Weekday",1100.0,1,0,"Semester"
"232","Local",2024,"Sep","Saturday",229.0,1,0,"Semester"
"232","Local",2024,"Sep","Sunday",219.0,1,0,"Semester"
"232","Local",2024,"Sep","Weekday",337.0,1,0,"Semester"
"239","Local",2024,"Sep","Weekday",712.0,0,0,"Semester"
"251","Local",2024,"Sep","Saturday",119.6,1,0,"Semester"
"251","Local",2024,"Sep","Sunday",99.0,1,0,"Semester"
"251","Local",2024,"Sep","Weekday",216.0,1,0,"Semester"
"28","Local",2024,"Sep","Saturday",487.0,1,0,"Semester"
"28","Local",2024,"Sep","Sunday",443.0,1,0,"Semester"
"28","Local",2024,"Sep","Weekday",755.0,1,0,"Semester"
"29","Local",2024,"Sep","Saturday",884.0,1,0,"Semester"
"29","Local",2024,"Sep","Sunday",736.0,1,0,"Semester"
"29","Local",2024,"Sep","Weekday",1272.0,1,0,"Semester"
"33","Local",2024,"Sep","Saturday",1448.0,1,0,"Semester"
"33","Local",2024,"Sep","Sunday",1156.0,1,0,"Semester"
"33","Local",2024,"Sep","Weekday",2495.0,1,0,"Semester"
"34","Local",2024,"Sep","Saturday",561.0,1,0,"Semester"
"34","Local",2024,"Sep","Sunday",498.0,1,0,"Semester"
"34","Local",2024,"Sep","Weekday",769.0,1,0,"Semester"
"35","Local",2024,"Sep","Saturday",594.0,1,0,"Semester"
"35","Local",2024,"Sep","Sunday",463.0,1,0,"Semester"
"35","Local",2024,"Sep","Weekday",712.0,1,0,"Semester"
"36","Local",2024,"Sep","Saturday",1925.0,1,1,"Semester"
"36","Local",2024,"Sep","Sunday",1554.0,1,1,"Semester"
"36","Local",2024,"Sep","Weekday",2492.0,1,1,"Semester"
"376","Local",2024,"Sep","Saturday",119.0,1,0,"Semester"
"376","Local",2024,"Sep","Sunday",139.0,1,0,"Semester"
"376","Local",2024,"Sep","Weekday",140.0,1,0,"Semester"
"39","Local",2024,"Sep","Weekday",533.0,0,0,"Semester"
"40","Local",2024,"Sep","Saturday",3516.0,1,0,"Semester"
"40","Local",2024,"Sep","Sunday",2939.0,1,0,"Semester"
"40","Local",2024,"Sep","Weekday",6740.0,1,0,"Semester"
"41","Local",2024,"Sep","Saturday",478.0,1,0,"Semester"
"41","Local",2024,"Sep","Sunday",397.0,1,0,"Semester"
"41","Local",2024,"Sep","Weekday",666.0,1,0,"Semester"
"45","Local",2024,"Sep","Saturday",623.0,1,0,"Semester"
"45","Local",2024,"Sep","Sunday",500.0,1,0,"Semester"
"45","Local",2024,"Sep","Weekday",1478.0,1,0,"Semester"
"46L","Local",2024,"Sep","Weekday",185.0,0,0,"Semester"
"51A","Local",2024,"Sep","Saturday",4051.0,1,0,"Semester"
"51A","Local",2024,"Sep","Sunday",3343.0,1,0,"Semester"
"51A","Local",2024,"Sep","Weekday",6643.0,1,0,"Semester"
"51B","Local",2024,"Sep","Saturday",8107.0,1,1,"Semester"
"51B","Local",2024,"Sep","Sunday",6787.0,1,1,"Semester"
"51B","Local",2024,"Sep","Weekday",9538.0,1,1,"Semester"
"52","Local",2024,"Sep","Saturday",2103.0,1,1,"Semester"
"52","Local",2024,"Sep","Sunday",1785.0,1,1,"Semester"
"52","Local",2024,"Sep","Weekday",5078.0,1,1,"Semester"
"54","Local",2024,"Sep","Saturday",713.0,1,0,"Semester"
"54","Local",2024,"Sep","Sunday",520.0,1,0,"Semester"
"54","Local",2024,"Sep","Weekday",1493.0,1,0,"Semester"
"56","Local",2024,"Sep","Saturday",336.0,1,0,"Semester"
"56","Local",2024,"Sep","Sunday",294.0,1,0,"Semester"
"56","Local",2024,"Sep","Weekday",509.0,1,0,"Semester"
"57","Local",2024,"Sep","Saturday",4146.43827160494,1,0,"Semester"
"57","Local",2024,"Sep","Sunday",3572.0,1,0,"Semester"
"57","Local",2024,"Sep","Weekday",5459.0,1,0,"Semester"
"6","Local",2024,"Sep","Saturday",3719.07407407407,1,1,"Semester"
"6","Local",2024,"Sep","Sunday",3295.0,1,1,"Semester"
"6","Local",2024,"Sep","Weekday",5385.0,1,1,"Semester"
"60","Local",2024,"Sep","Saturday",761.0,1,0,"Semester"
"60","Local",2024,"Sep","Sunday",612.0,1,0,"Semester"
"60","Local",2024,"Sep","Weekday",1317.0,1,0,"Semester"
"604","Supplemental",2024,"Sep","Weekday",93.0,0,0,"Semester"
"605","Supplemental",2024,"Sep","Weekday",54.0,0,0,"Semester"
"606","Supplemental",2024,"Sep","Weekday",64.0,0,0,"Semester"
"607","Supplemental",2024,"Sep","Weekday",6.0,0,0,"Semester"
"617","Supplemental",2024,"Sep","Weekday",126.0,0,0,"Semester"
"62","Local",2024,"Sep","Saturday",1132.0,1,0,"Semester"
"62","Local",2024,"Sep","Sunday",987.0,1,0,"Semester"
"62","Local",2024,"Sep","Weekday",2281.0,1,0,"Semester"
"620","Supplemental",2024,"Sep","Weekday",33.0,0,0,"Semester"
"621","Supplemental",2024,"Sep","Weekday",344.0,0,0,"Semester"
"623","Supplemental",2024,"Sep","Weekday",1080.54545454545,0,0,"Semester"
"624","Supplemental",2024,"Sep","Weekday",57.0,0,0,"Semester"
"625","Supplemental",2024,"Sep","Weekday",339.0,0,0,"Semester"
"626","Supplemental",2024,"Sep","Weekday",11.0,0,0,"Semester"
"628","Supplemental",2024,"Sep","Weekday",15.0,0,0,"Semester"
"629","Supplemental",2024,"Sep","Weekday",42.0,0,0,"Semester"
"631","Supplemental",2024,"Sep","Weekday",211.0,0,0,"Semester"
"638","Supplemental",2024,"Sep","Weekday",112.0,0,0,"Semester"
"641","Supplemental",2024,"Sep","Weekday",247.5,0,0,"Semester"
"642","Supplemental",2024,"Sep","Weekday",88.0,0,0,"Semester"
"646","Supplemental",2024,"Sep","Weekday",422.470588235294,0,0,"Semester"
"648","Supplemental",2024,"Sep","Weekday",190.857142857143,0,0,"Semester"
"649","Supplemental",2024,"Sep","Weekday",140.8,0,0,"Semester"
"65","Local",2024,"Sep","Weekday",468.934579439252,0,0,"Semester"
"650","Supplemental",2024,"Sep","Weekday",180.0,0,0,"Semester"
"651","Supplemental",2024,"Sep","Weekday",178.75,0,0,"Semester"
"652","Supplemental",2024,"Sep","Weekday",109.333333333333,0,0,"Semester"
"653","Supplemental",2024,"Sep","Weekday",170.666666666667,0,0,"Semester"
"654","Supplemental",2024,"Sep","Weekday",445.2,0,0,"Semester"
"655","Supplemental",2024,"Sep","Weekday",150.0,0,0,"Semester"
"657","Supplemental",2024,"Sep","Weekday",295.0,0,0,"Semester"
"658","Supplemental",2024,"Sep","Weekday",236.0,0,0,"Semester"
"660","Supplemental",2024,"Sep","Weekday",133.0,0,0,"Semester"
"662","Supplemental",2024,"Sep","Weekday",118.666666666667,0,0,"Semester"
"663","Supplemental",2024,"Sep","Weekday",105.0,0,0,"Semester"
"667","Supplemental",2024,"Sep","Weekday",105.0,0,0,"Semester"
"669","Supplemental",2024,"Sep","Weekday",82.0,0,0,"Semester"
"67","Local",2024,"Sep","Weekday",337.504672897196,0,0,"Semester"
"671","Supplemental",2024,"Sep","Weekday",96.6,0,0,"Semester"
"672","Supplemental",2024,"Sep","Weekday",9.0,0,0,"Semester"
"675","Supplemental",2024,"Sep","Weekday",295.636363636364,0,0,"Semester"
"676","Supplemental",2024,"Sep","Weekday",74.0,0,0,"Semester"
"677","Supplemental",2024,"Sep","Weekday",178.0,0,0,"Semester"
"680","Supplemental",2024,"Sep","Weekday",56.0,0,0,"Semester"
"681","Supplemental",2024,"Sep","Weekday",10.5,0,0,"Semester"
"682","Supplemental",2024,"Sep","Weekday",231.0,0,0,"Semester"
"683","Supplemental",2024,"Sep","Weekday",38.0,0,0,"Semester"
"684","Supplemental",2024,"Sep","Weekday",208.0,0,0,"Semester"
"687","Supplemental",2024,"Sep","Weekday",202.0,0,0,"Semester"
"688","Supplemental",2024,"Sep","Weekday",81.0,0,0,"Semester"
"696","Supplemental",2024,"Sep","Weekday",33.0,0,0,"Semester"
"7","Local",2024,"Sep","Saturday",2852.0,1,0,"Semester"
"7","Local",2024,"Sep","Sunday",2521.0,1,0,"Semester"
"7","Local",2024,"Sep","Weekday",3250.0,1,0,"Semester"
"70","Local",2024,"Sep","Saturday",334.0,1,0,"Semester"
"70","Local",2024,"Sep","Sunday",333.0,1,0,"Semester"
"70","Local",2024,"Sep","Weekday",441.0,1,0,"Semester"
"701","M-Transbay",2024,"Sep","Weekday",52.0,0,0,"Semester"
"702","M-Transbay",2024,"Sep","Weekday",11.0,0,0,"Semester"
"703","M-Transbay",2024,"Sep","Weekday",14.0,0,0,"Semester"
"71","Local",2024,"Sep","Saturday",425.0,1,0,"Semester"
"71","Local",2024,"Sep","Sunday",383.0,1,0,"Semester"
"71","Local",2024,"Sep","Weekday",1060.0,1,0,"Semester"
"72","Local",2024,"Sep","Saturday",2703.0,1,0,"Semester"
"72","Local",2024,"Sep","Sunday",2360.0,1,0,"Semester"
"72","Local",2024,"Sep","Weekday",3033.0,1,0,"Semester"
"72M","Local",2024,"Sep","Saturday",2326.0,1,0,"Semester"
"72M","Local",2024,"Sep","Sunday",2131.0,1,0,"Semester"
"72M","Local",2024,"Sep","Weekday",3078.0,1,0,"Semester"
"72R","Local",2024,"Sep","Saturday",2783.0,1,0,"Semester"
"72R","Local",2024,"Sep","Sunday",2319.0,1,0,"Semester"
"72R","Local",2024,"Sep","Weekday",4300.0,1,0,"Semester"
"73","Local",2024,"Sep","Saturday",1527.75,1,0,"Semester"
"73","Local",2024,"Sep","Sunday",1269.0,1,0,"Semester"
"73","Local",2024,"Sep","Weekday",2255.0,1,0,"Semester"
"74","Local",2024,"Sep","Saturday",423.0,1,0,"Semester"
"74","Local",2024,"Sep","Sunday",390.0,1,0,"Semester"
"74","Local",2024,"Sep","Weekday",1159.0,1,0,"Semester"
"76","Local",2024,"Sep","Saturday",1033.0,1,0,"Semester"
"76","Local",2024,"Sep","Sunday",917.0,1,0,"Semester"
"76","Local",2024,"Sep","Weekday",2140.0,1,0,"Semester"
"79","Local",2024,"Sep","Saturday",1793.0,1,0,"Semester"
"79","Local",2024,"Sep","Sunday",1433.0,1,0,"Semester"
"79","Local",2024,"Sep","Weekday",2697.0,1,0,"Semester"
"800","All Nighter",2024,"Sep","Saturday",593.0,1,1,"Semester"
"800","All Nighter",2024,"Sep","Sunday",416.0,1,1,"Semester"
"800","All Nighter",2024,"Sep","Weekday",444.0,1,1,"Semester"
"801","All Nighter",2024,"Sep","Saturday",253.0,1,0,"Semester"
"801","All Nighter",2024,"Sep","Sunday",322.0,1,0,"Semester"
"801","All Nighter",2024,"Sep","Weekday",307.0,1,0,"Semester"
"802","All Nighter",2024,"Sep","Saturday",66.0,1,0,"Semester"
"802","All Nighter",2024,"Sep","Sunday",62.0,1,0,"Semester"
"802","All Nighter",2024,"Sep","Weekday",59.0,1,0,"Semester"
"805","All Nighter",2024,"Sep","Saturday",74.0,1,0,"Semester"
"805","All Nighter",2024,"Sep","Sunday",76.0,1,0,"Semester"
"805","All Nighter",2024,"Sep","Weekday",88.0,1,0,"Semester"
"840","All Nighter",2024,"Sep","Saturday",73.0,1,0,"Semester"
"840","All Nighter",2024,"Sep","Sunday",62.0,1,0,"Semester"
"840","All Nighter",2024,"Sep","Weekday",74.0,1,0,"Semester"
"851","All Nighter",2024,"Sep","Saturday",108.0,1,1,"Semester"
"851","All Nighter",2024,"Sep","Sunday",92.0,1,1,"Semester"
"851","All Nighter",2024,"Sep","Weekday",91.0,1,1,"Semester"
"86","Local",2024,"Sep","Saturday",814.0,1,0,"Semester"
"86","Local",2024,"Sep","Sunday",623.0,1,0,"Semester"
"86","Local",2024,"Sep","Weekday",1540.0,1,0,"Semester"
"88","Local",2024,"Sep","Saturday",1368.0,1,0,"Semester"
"88","Local",2024,"Sep","Sunday",1218.0,1,0,"Semester"
"88","Local",2024,"Sep","Weekday",2101.0,1,0,"Semester"
"90","Local",2024,"Sep","Saturday",426.0,1,0,"Semester"
"90","Local",2024,"Sep","Sunday",366.0,1,0,"Semester"
"90","Local",2024,"Sep","Weekday",749.0,1,0,"Semester"
"93","Local",2024,"Sep","Saturday",463.0,1,0,"Semester"
"93","Local",2024,"Sep","Sunday",380.0,1,0,"Semester"
"93","Local",2024,"Sep","Weekday",967.0,1,0,"Semester"
"95","Local",2024,"Sep","Saturday",177.219512195122,1,0,"Semester"
"95","Local",2024,"Sep","Sunday",144.0,1,0,"Semester"
"95","Local",2024,"Sep","Weekday",289.0,1,0,"Semester"
"96","Local",2024,"Sep","Saturday",1125.0,1,0,"Semester"
"96","Local",2024,"Sep","Sunday",1038.0,1,0,"Semester"
"96","Local",2024,"Sep","Weekday",1471.0,1,0,"Semester"
"97","Local",2024,"Sep","Saturday",1600.0,1,0,"Semester"
"97","Local",2024,"Sep","Sunday",1471.0,1,0,"Semester"
"97","Local",2024,"Sep","Weekday",3428.0,1,0,"Semester"
"98","Local",2024,"Sep","Saturday",557.0,1,0,"Semester"
"98","Local",2024,"Sep","Sunday",495.0,1,0,"Semester"
"98","Local",2024,"Sep","Weekday",1410.0,1,0,"Semester"
"99","Local",2024,"Sep","Saturday",1482.0,1,0,"Semester"
"99","Local",2024,"Sep","Sunday",1256.0,1,0,"Semester"
"99","Local",2024,"Sep","Weekday",2659.0,1,0,"Semester"
"E","M-Transbay",2024,"Sep","Weekday",151.0,0,0,"Semester"
"F","M-Transbay",2024,"Sep","Saturday",2153.0,1,1,"Semester"
"F","M-Transbay",2024,"Sep","Sunday",1892.0,1,1,"Semester"
"F","M-Transbay",2024,"Sep","Weekday",2664.0,1,1,"Semester"
"FS","M-Transbay",2024,"Sep","Weekday",97.0,0,0,"Semester"
"G","M-Transbay",2024,"Sep","Weekday",212.0,0,0,"Semester"
"J","M-Transbay",2024,"Sep","Weekday",254.444444444444,0,0,"Semester"
"L","M-Transbay",2024,"Sep","Weekday",137.0,0,0,"Semester"
"LA","M-Transbay",2024,"Sep","Weekday",83.3333333333333,0,0,"Semester"
"NL","M-Transbay",2024,"Sep","Saturday",1171.0,1,0,"Semester"
"NL","M-Transbay",2024,"Sep","Sunday",1041.0,1,0,"Semester"
"NL","M-Transbay",2024,"Sep","Weekday",2464.0,1,0,"Semester"
"NX","M-Transbay",2024,"Sep","Weekday",178.0,0,0,"Semester"
"NX3","M-Transbay",2024,"Sep","Weekday",143.0,0,0,"Semester"
"O","M-Transbay",2024,"Sep","Saturday",796.0,1,0,"Semester"
"O","M-Transbay",2024,"Sep","Sunday",781.0,1,0,"Semester"
"O","M-Transbay",2024,"Sep","Weekday",1167.0,1,0,"Semester"
"OX","M-Transbay",2024,"Sep","Weekday",95.0,0,0,"Semester"
"P","M-Transbay",2024,"Sep","Weekday",339.0,0,0,"Semester"
"U","M-Transbay",2024,"Sep","Weekday",260.0,0,0,"Semester"
"V","M-Transbay",2024,"Sep","Weekday",181.0,0,0,"Semester"
"W","M-Transbay",2024,"Sep","Weekday",149.0,0,0,"Semester"
"10","Local",2024,"Oct","Saturday",1645.0,1,0,"Semester"
"10","Local",2024,"Oct","Sunday",1361.60747663551,1,0,"Semester"
"10","Local",2024,"Oct","Weekday",2546.0,1,0,"Semester"
"12","Local",2024,"Oct","Saturday",1899.0,1,0,"Semester"
"12","Local",2024,"Oct","Sunday",1545.38461538462,1,0,"Semester"
"12","Local",2024,"Oct","Weekday",2689.0,1,0,"Semester"
"14","Local",2024,"Oct","Saturday",1694.0,1,0,"Semester"
"14","Local",2024,"Oct","Sunday",1429.0,1,0,"Semester"
"14","Local",2024,"Oct","Weekday",3537.0,1,0,"Semester"
"18","Local",2024,"Oct","Saturday",2952.0,1,0,"Semester"
"18","Local",2024,"Oct","Sunday",2528.02197802198,1,0,"Semester"
"18","Local",2024,"Oct","Weekday",4244.0,1,0,"Semester"
"19","Local",2024,"Oct","Saturday",179.0,1,0,"Semester"
"19","Local",2024,"Oct","Sunday",175.0,1,0,"Semester"
"19","Local",2024,"Oct","Weekday",255.0,1,0,"Semester"
"1T","Local",2024,"Oct","Saturday",11482.9239130435,1,0,"Semester"
"1T","Local",2024,"Oct","Sunday",12520.8554913295,1,0,"Semester"
"1T","Local",2024,"Oct","Weekday",17575.8483412322,1,0,"Semester"
"20","Local",2024,"Oct","Saturday",1794.0,1,0,"Semester"
"20","Local",2024,"Oct","Sunday",1531.0,1,0,"Semester"
"20","Local",2024,"Oct","Weekday",2176.0,1,0,"Semester"
"200","Local",2024,"Oct","Saturday",997.0,1,0,"Semester"
"200","Local",2024,"Oct","Sunday",956.0,1,0,"Semester"
"200","Local",2024,"Oct","Weekday",1631.0,1,0,"Semester"
"21","Local",2024,"Oct","Saturday",986.0,1,0,"Semester"
"21","Local",2024,"Oct","Sunday",940.0,1,0,"Semester"
"21","Local",2024,"Oct","Weekday",1437.0,1,0,"Semester"
"210","Local",2024,"Oct","Saturday",691.0,1,0,"Semester"
"210","Local",2024,"Oct","Sunday",681.0,1,0,"Semester"
"210","Local",2024,"Oct","Weekday",1389.0,1,0,"Semester"
"212","Local",2024,"Oct","Saturday",456.0,1,0,"Semester"
"212","Local",2024,"Oct","Sunday",424.0,1,0,"Semester"
"212","Local",2024,"Oct","Weekday",665.0,1,0,"Semester"
"215","Local",2024,"Oct","Weekday",199.0,0,0,"Semester"
"216","Local",2024,"Oct","Saturday",249.0,1,0,"Semester"
"216","Local",2024,"Oct","Sunday",175.0,1,0,"Semester"
"216","Local",2024,"Oct","Weekday",305.0,1,0,"Semester"
"217","Local",2024,"Oct","Saturday",649.0,1,0,"Semester"
"217","Local",2024,"Oct","Sunday",544.0,1,0,"Semester"
"217","Local",2024,"Oct","Weekday",1076.0,1,0,"Semester"
"232","Local",2024,"Oct","Saturday",217.0,1,0,"Semester"
"232","Local",2024,"Oct","Sunday",231.0,1,0,"Semester"
"232","Local",2024,"Oct","Weekday",322.0,1,0,"Semester"
"239","Local",2024,"Oct","Weekday",683.0,0,0,"Semester"
"251","Local",2024,"Oct","Saturday",131.0,1,0,"Semester"
"251","Local",2024,"Oct","Sunday",99.0,1,0,"Semester"
"251","Local",2024,"Oct","Weekday",209.0,1,0,"Semester"
"28","Local",2024,"Oct","Saturday",505.0,1,0,"Semester"
"28","Local",2024,"Oct","Sunday",445.0,1,0,"Semester"
"28","Local",2024,"Oct","Weekday",721.0,1,0,"Semester"
"29","Local",2024,"Oct","Saturday",897.0,1,0,"Semester"
"29","Local",2024,"Oct","Sunday",814.0,1,0,"Semester"
"29","Local",2024,"Oct","Weekday",1289.0,1,0,"Semester"
"33","Local",2024,"Oct","Saturday",1394.0,1,0,"Semester"
"33","Local",2024,"Oct","Sunday",1315.52884615385,1,0,"Semester"
"33","Local",2024,"Oct","Weekday",2595.0,1,0,"Semester"
"34","Local",2024,"Oct","Saturday",545.0,1,0,"Semester"
"34","Local",2024,"Oct","Sunday",484.0,1,0,"Semester"
"34","Local",2024,"Oct","Weekday",762.0,1,0,"Semester"
"35","Local",2024,"Oct","Saturday",582.0,1,0,"Semester"
"35","Local",2024,"Oct","Sunday",499.0,1,0,"Semester"
"35","Local",2024,"Oct","Weekday",691.0,1,0,"Semester"
"36","Local",2024,"Oct","Saturday",1937.0,1,1,"Semester"
"36","Local",2024,"Oct","Sunday",1747.0,1,1,"Semester"
"36","Local",2024,"Oct","Weekday",2497.0,1,1,"Semester"
"376","Local",2024,"Oct","Saturday",127.0,1,0,"Semester"
"376","Local",2024,"Oct","Sunday",135.789473684211,1,0,"Semester"
"376","Local",2024,"Oct","Weekday",139.0,1,0,"Semester"
"39","Local",2024,"Oct","Weekday",511.2,0,0,"Semester"
"40","Local",2024,"Oct","Saturday",3621.0,1,0,"Semester"
"40","Local",2024,"Oct","Sunday",3080.0,1,0,"Semester"
"40","Local",2024,"Oct","Weekday",7144.0,1,0,"Semester"
"41","Local",2024,"Oct","Saturday",477.0,1,0,"Semester"
"41","Local",2024,"Oct","Sunday",398.0,1,0,"Semester"
"41","Local",2024,"Oct","Weekday",705.0,1,0,"Semester"
"45","Local",2024,"Oct","Saturday",640.0,1,0,"Semester"
"45","Local",2024,"Oct","Sunday",548.0,1,0,"Semester"
"45","Local",2024,"Oct","Weekday",1471.0,1,0,"Semester"
"46L","Local",2024,"Oct","Weekday",196.0,0,0,"Semester"
"51A","Local",2024,"Oct","Saturday",3906.0,1,0,"Semester"
"51A","Local",2024,"Oct","Sunday",3420.0,1,0,"Semester"
"51A","Local",2024,"Oct","Weekday",6772.0,1,0,"Semester"
"51B","Local",2024,"Oct","Saturday",7185.32374100719,1,1,"Semester"
"51B","Local",2024,"Oct","Sunday",6409.12592592593,1,1,"Semester"
"51B","Local",2024,"Oct","Weekday",9244.0,1,1,"Semester"
"52","Local",2024,"Oct","Saturday",1819.0,1,1,"Semester"
"52","Local",2024,"Oct","Sunday",1870.0,1,1,"Semester"
"52","Local",2024,"Oct","Weekday",4949.0,1,1,"Semester"
"54","Local",2024,"Oct","Saturday",677.0,1,0,"Semester"
"54","Local",2024,"Oct","Sunday",573.375,1,0,"Semester"
"54","Local",2024,"Oct","Weekday",1492.0,1,0,"Semester"
"56","Local",2024,"Oct","Saturday",325.0,1,0,"Semester"
"56","Local",2024,"Oct","Sunday",310.0,1,0,"Semester"
"56","Local",2024,"Oct","Weekday",512.0,1,0,"Semester"
"57","Local",2024,"Oct","Saturday",4182.9875,1,0,"Semester"
"57","Local",2024,"Oct","Sunday",3599.0,1,0,"Semester"
"57","Local",2024,"Oct","Weekday",5539.0,1,0,"Semester"
"6","Local",2024,"Oct","Saturday",3825.6711409396,1,1,"Semester"
"6","Local",2024,"Oct","Sunday",3023.0,1,1,"Semester"
"6","Local",2024,"Oct","Weekday",5491.0,1,1,"Semester"
"60","Local",2024,"Oct","Saturday",834.0,1,0,"Semester"
"60","Local",2024,"Oct","Sunday",619.0,1,0,"Semester"
"60","Local",2024,"Oct","Weekday",1311.0,1,0,"Semester"
"604","Supplemental",2024,"Oct","Weekday",81.0,0,0,"Semester"
"605","Supplemental",2024,"Oct","Weekday",50.0,0,0,"Semester"
"606","Supplemental",2024,"Oct","Weekday",54.0,0,0,"Semester"
"607","Supplemental",2024,"Oct","Weekday",9.0,0,0,"Semester"
"617","Supplemental",2024,"Oct","Weekday",141.4,0,0,"Semester"
"62","Local",2024,"Oct","Saturday",1180.0,1,0,"Semester"
"62","Local",2024,"Oct","Sunday",991.0,1,0,"Semester"
"62","Local",2024,"Oct","Weekday",2334.0,1,0,"Semester"
"620","Supplemental",2024,"Oct","Weekday",40.5,0,0,"Semester"
"621","Supplemental",2024,"Oct","Weekday",359.0,0,0,"Semester"
"623","Supplemental",2024,"Oct","Weekday",998.666666666667,0,0,"Semester"
"624","Supplemental",2024,"Oct","Weekday",61.0,0,0,"Semester"
"625","Supplemental",2024,"Oct","Weekday",361.0,0,0,"Semester"
"626","Supplemental",2024,"Oct","Weekday",12.0,0,0,"Semester"
"628","Supplemental",2024,"Oct","Weekday",15.0,0,0,"Semester"
"629","Supplemental",2024,"Oct","Weekday",46.0,0,0,"Semester"
"631","Supplemental",2024,"Oct","Weekday",287.0,0,0,"Semester"
"638","Supplemental",2024,"Oct","Weekday",116.0,0,0,"Semester"
"641","Supplemental",2024,"Oct","Weekday",256.25,0,0,"Semester"
"642","Supplemental",2024,"Oct","Weekday",101.0,0,0,"Semester"
"646","Supplemental",2024,"Oct","Weekday",437.0,0,0,"Semester"
"648","Supplemental",2024,"Oct","Weekday",210.285714285714,0,0,"Semester"
"649","Supplemental",2024,"Oct","Weekday",148.571428571429,0,0,"Semester"
"65","Local",2024,"Oct","Weekday",412.0,0,0,"Semester"
"650","Supplemental",2024,"Oct","Weekday",191.0,0,0,"Semester"
"651","Supplemental",2024,"Oct","Weekday",185.0,0,0,"Semester"
"652","Supplemental",2024,"Oct","Weekday",104.0,0,0,"Semester"
"653","Supplemental",2024,"Oct","Weekday",152.0,0,0,"Semester"
"654","Supplemental",2024,"Oct","Weekday",476.0,0,0,"Semester"
"655","Supplemental",2024,"Oct","Weekday",156.0,0,0,"Semester"
"657","Supplemental",2024,"Oct","Weekday",329.0,0,0,"Semester"
"658","Supplemental",2024,"Oct","Weekday",252.571428571429,0,0,"Semester"
"660","Supplemental",2024,"Oct","Weekday",145.0,0,0,"Semester"
"662","Supplemental",2024,"Oct","Weekday",96.0,0,0,"Semester"
"663","Supplemental",2024,"Oct","Weekday",62.0,0,0,"Semester"
"667","Supplemental",2024,"Oct","Weekday",123.0,0,0,"Semester"
"669","Supplemental",2024,"Oct","Weekday",98.0,0,0,"Semester"
"67","Local",2024,"Oct","Weekday",299.0,0,0,"Semester"
"671","Supplemental",2024,"Oct","Weekday",128.8,0,0,"Semester"
"672","Supplemental",2024,"Oct","Weekday",19.5,0,0,"Semester"
"675","Supplemental",2024,"Oct","Weekday",304.0,0,0,"Semester"
"676","Supplemental",2024,"Oct","Weekday",94.0,0,0,"Semester"
"677","Supplemental",2024,"Oct","Weekday",177.0,0,0,"Semester"
"680","Supplemental",2024,"Oct","Weekday",59.0,0,0,"Semester"
"681","Supplemental",2024,"Oct","Weekday",13.5,0,0,"Semester"
"682","Supplemental",2024,"Oct","Weekday",219.0,0,0,"Semester"
"683","Supplemental",2024,"Oct","Weekday",35.0,0,0,"Semester"
"684","Supplemental",2024,"Oct","Weekday",247.0,0,0,"Semester"
"687","Supplemental",2024,"Oct","Weekday",194.0,0,0,"Semester"
"688","Supplemental",2024,"Oct","Weekday",70.0,0,0,"Semester"
"696","Supplemental",2024,"Oct","Weekday",27.0,0,0,"Semester"
"7","Local",2024,"Oct","Saturday",2661.0,1,0,"Semester"
"7","Local",2024,"Oct","Sunday",2319.0,1,0,"Semester"
"7","Local",2024,"Oct","Weekday",3162.0,1,0,"Semester"
"70","Local",2024,"Oct","Saturday",339.0,1,0,"Semester"
"70","Local",2024,"Oct","Sunday",304.0,1,0,"Semester"
"70","Local",2024,"Oct","Weekday",439.0,1,0,"Semester"
"701","M-Transbay",2024,"Oct","Weekday",36.0,0,0,"Semester"
"702","M-Transbay",2024,"Oct","Weekday",12.0,0,0,"Semester"
"703","M-Transbay",2024,"Oct","Weekday",12.0,0,0,"Semester"
"71","Local",2024,"Oct","Saturday",470.0,1,0,"Semester"
"71","Local",2024,"Oct","Sunday",406.0,1,0,"Semester"
"71","Local",2024,"Oct","Weekday",1076.0,1,0,"Semester"
"72","Local",2024,"Oct","Saturday",2638.0,1,0,"Semester"
"72","Local",2024,"Oct","Sunday",2282.37142857143,1,0,"Semester"
"72","Local",2024,"Oct","Weekday",3071.0,1,0,"Semester"
"72M","Local",2024,"Oct","Saturday",2285.0,1,0,"Semester"
"72M","Local",2024,"Oct","Sunday",2090.07352941176,1,0,"Semester"
"72M","Local",2024,"Oct","Weekday",3063.0,1,0,"Semester"
"72R","Local",2024,"Oct","Saturday",2677.0,1,0,"Semester"
"72R","Local",2024,"Oct","Sunday",2250.0,1,0,"Semester"
"72R","Local",2024,"Oct","Weekday",4355.0,1,0,"Semester"
"73","Local",2024,"Oct","Saturday",1489.0,1,0,"Semester"
"73","Local",2024,"Oct","Sunday",1372.53146853147,1,0,"Semester"
"73","Local",2024,"Oct","Weekday",2242.0,1,0,"Semester"
"74","Local",2024,"Oct","Saturday",476.0,1,0,"Semester"
"74","Local",2024,"Oct","Sunday",422.0,1,0,"Semester"
"74","Local",2024,"Oct","Weekday",1191.0,1,0,"Semester"
"76","Local",2024,"Oct","Saturday",1070.0,1,0,"Semester"
"76","Local",2024,"Oct","Sunday",948.0,1,0,"Semester"
"76","Local",2024,"Oct","Weekday",2150.0,1,0,"Semester"
"79","Local",2024,"Oct","Saturday",1681.0,1,0,"Semester"
"79","Local",2024,"Oct","Sunday",1557.0,1,0,"Semester"
"79","Local",2024,"Oct","Weekday",2592.0,1,0,"Semester"
"800","All Nighter",2024,"Oct","Saturday",609.0,1,1,"Semester"
"800","All Nighter",2024,"Oct","Sunday",401.0,1,1,"Semester"
"800","All Nighter",2024,"Oct","Weekday",450.0,1,1,"Semester"
"801","All Nighter",2024,"Oct","Saturday",311.0,1,0,"Semester"
"801","All Nighter",2024,"Oct","Sunday",281.0,1,0,"Semester"
"801","All Nighter",2024,"Oct","Weekday",297.0,1,0,"Semester"
"802","All Nighter",2024,"Oct","Saturday",56.0,1,0,"Semester"
"802","All Nighter",2024,"Oct","Sunday",75.0,1,0,"Semester"
"802","All Nighter",2024,"Oct","Weekday",61.0,1,0,"Semester"
"805","All Nighter",2024,"Oct","Saturday",75.0,1,0,"Semester"
"805","All Nighter",2024,"Oct","Sunday",80.0,1,0,"Semester"
"805","All Nighter",2024,"Oct","Weekday",97.0,1,0,"Semester"
"840","All Nighter",2024,"Oct","Saturday",71.0,1,0,"Semester"
"840","All Nighter",2024,"Oct","Sunday",69.0,1,0,"Semester"
"840","All Nighter",2024,"Oct","Weekday",77.0,1,0,"Semester"
"851","All Nighter",2024,"Oct","Saturday",125.0,1,1,"Semester"
"851","All Nighter",2024,"Oct","Sunday",123.0,1,1,"Semester"
"851","All Nighter",2024,"Oct","Weekday",94.0,1,1,"Semester"
"86","Local",2024,"Oct","Saturday",768.0,1,0,"Semester"
"86","Local",2024,"Oct","Sunday",608.641791044776,1,0,"Semester"
"86","Local",2024,"Oct","Weekday",1578.0,1,0,"Semester"
"88","Local",2024,"Oct","Saturday",1237.0,1,0,"Semester"
"88","Local",2024,"Oct","Sunday",1046.0,1,0,"Semester"
"88","Local",2024,"Oct","Weekday",2102.0,1,0,"Semester"
"90","Local",2024,"Oct","Saturday",408.0,1,0,"Semester"
"90","Local",2024,"Oct","Sunday",358.707692307692,1,0,"Semester"
"90","Local",2024,"Oct","Weekday",773.0,1,0,"Semester"
"93","Local",2024,"Oct","Saturday",455.0,1,0,"Semester"
"93","Local",2024,"Oct","Sunday",410.0,1,0,"Semester"
"93","Local",2024,"Oct","Weekday",981.0,1,0,"Semester"
"95","Local",2024,"Oct","Saturday",139.317073170732,1,0,"Semester"
"95","Local",2024,"Oct","Sunday",137.268292682927,1,0,"Semester"
"95","Local",2024,"Oct","Weekday",282.0,1,0,"Semester"
"96","Local",2024,"Oct","Saturday",1189.0,1,0,"Semester"
"96","Local",2024,"Oct","Sunday",1069.0,1,0,"Semester"
"96","Local",2024,"Oct","Weekday",1489.0,1,0,"Semester"
"97","Local",2024,"Oct","Saturday",1661.0,1,0,"Semester"
"97","Local",2024,"Oct","Sunday",1374.0,1,0,"Semester"
"97","Local",2024,"Oct","Weekday",3393.0,1,0,"Semester"
"98","Local",2024,"Oct","Saturday",564.0,1,0,"Semester"
"98","Local",2024,"Oct","Sunday",454.0,1,0,"Semester"
"98","Local",2024,"Oct","Weekday",1491.0,1,0,"Semester"
"99","Local",2024,"Oct","Saturday",1595.0,1,0,"Semester"
"99","Local",2024,"Oct","Sunday",1358.0,1,0,"Semester"
"99","Local",2024,"Oct","Weekday",2646.0,1,0,"Semester"
"E","M-Transbay",2024,"Oct","Weekday",166.0,0,0,"Semester"
"F","M-Transbay",2024,"Oct","Saturday",2153.0,1,1,"Semester"
"F","M-Transbay",2024,"Oct","Sunday",1640.0,1,1,"Semester"
"F","M-Transbay",2024,"Oct","Weekday",2620.0,1,1,"Semester"
"FS","M-Transbay",2024,"Oct","Weekday",94.0,0,0,"Semester"
"G","M-Transbay",2024,"Oct","Weekday",253.714285714286,0,0,"Semester"
"J","M-Transbay",2024,"Oct","Weekday",262.222222222222,0,0,"Semester"
"L","M-Transbay",2024,"Oct","Weekday",135.0,0,0,"Semester"
"LA","M-Transbay",2024,"Oct","Weekday",78.75,0,0,"Semester"
"NL","M-Transbay",2024,"Oct","Saturday",1361.0,1,0,"Semester"
"NL","M-Transbay",2024,"Oct","Sunday",1139.0,1,0,"Semester"
"NL","M-Transbay",2024,"Oct","Weekday",2518.0,1,0,"Semester"
"NX","M-Transbay",2024,"Oct","Weekday",175.0,0,0,"Semester"
"NX3","M-Transbay",2024,"Oct","Weekday",136.0,0,0,"Semester"
"O","M-Transbay",2024,"Oct","Saturday",851.0,1,0,"Semester"
"O","M-Transbay",2024,"Oct","Sunday",775.0,1,0,"Semester"
"O","M-Transbay",2024,"Oct","Weekday",1201.0,1,0,"Semester"
"OX","M-Transbay",2024,"Oct","Weekday",117.0,0,0,"Semester"
"P","M-Transbay",2024,"Oct","Weekday",359.0,0,0,"Semester"
"U","M-Transbay",2024,"Oct","Weekday",280.0,0,0,"Semester"
"V","M-Transbay",2024,"Oct","Weekday",239.0,0,0,"Semester"
"W","M-Transbay",2024,"Oct","Weekday",158.0,0,0,"Semester"
"10","Local",2024,"Nov","Saturday",1444.0,1,0,"Semester"
"10","Local",2024,"Nov","Sunday",1389.0,1,0,"Semester"
"10","Local",2024,"Nov","Weekday",2193.0,1,0,"Semester"
"12","Local",2024,"Nov","Saturday",1704.0,1,0,"Semester"
"12","Local",2024,"Nov","Sunday",1400.0,1,0,"Semester"
"12","Local",2024,"Nov","Weekday",2358.0,1,0,"Semester"
"14","Local",2024,"Nov","Saturday",1554.0,1,0,"Semester"
"14","Local",2024,"Nov","Sunday",1333.0,1,0,"Semester"
"14","Local",2024,"Nov","Weekday",3037.0,1,0,"Semester"
"18","Local",2024,"Nov","Saturday",2700.0,1,0,"Semester"
"18","Local",2024,"Nov","Sunday",2458.0,1,0,"Semester"
"18","Local",2024,"Nov","Weekday",3986.0,1,0,"Semester"
"19","Local",2024,"Nov","Saturday",190.0,1,0,"Semester"
"19","Local",2024,"Nov","Sunday",171.0,1,0,"Semester"
"19","Local",2024,"Nov","Weekday",241.0,1,0,"Semester"
"1T","Local",2024,"Nov","Saturday",11709.2380952381,1,0,"Semester"
"1T","Local",2024,"Nov","Sunday",12195.7473684211,1,0,"Semester"
"1T","Local",2024,"Nov","Weekday",15734.2180094787,1,0,"Semester"
"20","Local",2024,"Nov","Saturday",1766.98507462687,1,0,"Semester"
"20","Local",2024,"Nov","Sunday",1532.0,1,0,"Semester"
"20","Local",2024,"Nov","Weekday",1900.0,1,0,"Semester"
"200","Local",2024,"Nov","Saturday",947.0,1,0,"Semester"
"200","Local",2024,"Nov","Sunday",837.0,1,0,"Semester"
"200","Local",2024,"Nov","Weekday",1233.0,1,0,"Semester"
"21","Local",2024,"Nov","Saturday",959.0,1,0,"Semester"
"21","Local",2024,"Nov","Sunday",842.0,1,0,"Semester"
"21","Local",2024,"Nov","Weekday",1189.0,1,0,"Semester"
"210","Local",2024,"Nov","Saturday",689.0,1,0,"Semester"
"210","Local",2024,"Nov","Sunday",601.0,1,0,"Semester"
"210","Local",2024,"Nov","Weekday",1183.0,1,0,"Semester"
"212","Local",2024,"Nov","Saturday",476.0,1,0,"Semester"
"212","Local",2024,"Nov","Sunday",389.0,1,0,"Semester"
"212","Local",2024,"Nov","Weekday",641.0,1,0,"Semester"
"215","Local",2024,"Nov","Weekday",178.0,0,0,"Semester"
"216","Local",2024,"Nov","Saturday",195.0,1,0,"Semester"
"216","Local",2024,"Nov","Sunday",193.0,1,0,"Semester"
"216","Local",2024,"Nov","Weekday",290.0,1,0,"Semester"
"217","Local",2024,"Nov","Saturday",593.0,1,0,"Semester"
"217","Local",2024,"Nov","Sunday",527.0,1,0,"Semester"
"217","Local",2024,"Nov","Weekday",948.0,1,0,"Semester"
"232","Local",2024,"Nov","Saturday",220.0,1,0,"Semester"
"232","Local",2024,"Nov","Sunday",199.0,1,0,"Semester"
"232","Local",2024,"Nov","Weekday",298.0,1,0,"Semester"
"239","Local",2024,"Nov","Weekday",600.0,0,0,"Semester"
"251","Local",2024,"Nov","Saturday",120.0,1,0,"Semester"
"251","Local",2024,"Nov","Sunday",93.0,1,0,"Semester"
"251","Local",2024,"Nov","Weekday",181.0,1,0,"Semester"
"28","Local",2024,"Nov","Saturday",433.0,1,0,"Semester"
"28","Local",2024,"Nov","Sunday",375.0,1,0,"Semester"
"28","Local",2024,"Nov","Weekday",577.0,1,0,"Semester"
"29","Local",2024,"Nov","Saturday",815.0,1,0,"Semester"
"29","Local",2024,"Nov","Sunday",783.0,1,0,"Semester"
"29","Local",2024,"Nov","Weekday",1161.0,1,0,"Semester"
"33","Local",2024,"Nov","Saturday",1317.54807692308,1,0,"Semester"
"33","Local",2024,"Nov","Sunday",1102.0,1,0,"Semester"
"33","Local",2024,"Nov","Weekday",2301.0,1,0,"Semester"
"34","Local",2024,"Nov","Saturday",567.0,1,0,"Semester"
"34","Local",2024,"Nov","Sunday",447.0,1,0,"Semester"
"34","Local",2024,"Nov","Weekday",661.0,1,0,"Semester"
"35","Local",2024,"Nov","Saturday",561.0,1,0,"Semester"
"35","Local",2024,"Nov","Sunday",479.0,1,0,"Semester"
"35","Local",2024,"Nov","Weekday",630.0,1,0,"Semester"
"36","Local",2024,"Nov","Saturday",1647.2602739726,1,1,"Semester"
"36","Local",2024,"Nov","Sunday",1392.0,1,1,"Semester"
"36","Local",2024,"Nov","Weekday",2023.0,1,1,"Semester"
"376","Local",2024,"Nov","Saturday",136.666666666667,1,0,"Semester"
"376","Local",2024,"Nov","Sunday",127.0,1,0,"Semester"
"376","Local",2024,"Nov","Weekday",135.0,1,0,"Semester"
"39","Local",2024,"Nov","Weekday",458.0,0,0,"Semester"
"40","Local",2024,"Nov","Saturday",3503.0,1,0,"Semester"
"40","Local",2024,"Nov","Sunday",2996.0,1,0,"Semester"
"40","Local",2024,"Nov","Weekday",6055.0,1,0,"Semester"
"41","Local",2024,"Nov","Saturday",456.0,1,0,"Semester"
"41","Local",2024,"Nov","Sunday",400.0,1,0,"Semester"
"41","Local",2024,"Nov","Weekday",595.0,1,0,"Semester"
"45","Local",2024,"Nov","Saturday",576.0,1,0,"Semester"
"45","Local",2024,"Nov","Sunday",514.0,1,0,"Semester"
"45","Local",2024,"Nov","Weekday",1209.0,1,0,"Semester"
"46L","Local",2024,"Nov","Weekday",176.0,0,0,"Semester"
"51A","Local",2024,"Nov","Saturday",3879.0,1,0,"Semester"
"51A","Local",2024,"Nov","Sunday",3331.38461538462,1,0,"Semester"
"51A","Local",2024,"Nov","Weekday",5882.0,1,0,"Semester"
"51B","Local",2024,"Nov","Saturday",6191.0,1,1,"Semester"
"51B","Local",2024,"Nov","Sunday",5730.54545454545,1,1,"Semester"
"51B","Local",2024,"Nov","Weekday",8112.0,1,1,"Semester"
"52","Local",2024,"Nov","Saturday",1781.0,1,1,"Semester"
"52","Local",2024,"Nov","Sunday",1470.0,1,1,"Semester"
"52","Local",2024,"Nov","Weekday",4222.0,1,1,"Semester"
"54","Local",2024,"Nov","Saturday",622.0,1,0,"Semester"
"54","Local",2024,"Nov","Sunday",472.0,1,0,"Semester"
"54","Local",2024,"Nov","Weekday",1250.0,1,0,"Semester"
"56","Local",2024,"Nov","Saturday",326.0,1,0,"Semester"
"56","Local",2024,"Nov","Sunday",271.0,1,0,"Semester"
"56","Local",2024,"Nov","Weekday",432.0,1,0,"Semester"
"57","Local",2024,"Nov","Saturday",4058.0,1,0,"Semester"
"57","Local",2024,"Nov","Sunday",3332.0,1,0,"Semester"
"57","Local",2024,"Nov","Weekday",4914.14814814815,1,0,"Semester"
"6","Local",2024,"Nov","Saturday",3770.97333333333,1,1,"Semester"
"6","Local",2024,"Nov","Sunday",2926.76510067114,1,1,"Semester"
"6","Local",2024,"Nov","Weekday",4737.0,1,1,"Semester"
"60","Local",2024,"Nov","Saturday",719.0,1,0,"Semester"
"60","Local",2024,"Nov","Sunday",611.0,1,0,"Semester"
"60","Local",2024,"Nov","Weekday",1075.0,1,0,"Semester"
"604","Supplemental",2024,"Nov","Weekday",79.0,0,0,"Semester"
"605","Supplemental",2024,"Nov","Weekday",51.0,0,0,"Semester"
"606","Supplemental",2024,"Nov","Weekday",57.0,0,0,"Semester"
"607","Supplemental",2024,"Nov","Weekday",7.0,0,0,"Semester"
"617","Supplemental",2024,"Nov","Weekday",130.0,0,0,"Semester"
"62","Local",2024,"Nov","Saturday",1032.0,1,0,"Semester"
"62","Local",2024,"Nov","Sunday",975.0,1,0,"Semester"
"62","Local",2024,"Nov","Weekday",2030.0,1,0,"Semester"
"620","Supplemental",2024,"Nov","Weekday",23.0,0,0,"Semester"
"621","Supplemental",2024,"Nov","Weekday",339.0,0,0,"Semester"
"623","Supplemental",2024,"Nov","Weekday",1110.0,0,0,"Semester"
"624","Supplemental",2024,"Nov","Weekday",58.0,0,0,"Semester"
"625","Supplemental",2024,"Nov","Weekday",312.0,0,0,"Semester"
"626","Supplemental",2024,"Nov","Weekday",10.0,0,0,"Semester"
"628","Supplemental",2024,"Nov","Weekday",12.0,0,0,"Semester"
"629","Supplemental",2024,"Nov","Weekday",49.0,0,0,"Semester"
"631","Supplemental",2024,"Nov","Weekday",179.0,0,0,"Semester"
"638","Supplemental",2024,"Nov","Weekday",112.0,0,0,"Semester"
"641","Supplemental",2024,"Nov","Weekday",172.5,0,0,"Semester"
"642","Supplemental",2024,"Nov","Weekday",83.0,0,0,"Semester"
"646","Supplemental",2024,"Nov","Weekday",439.375,0,0,"Semester"
"648","Supplemental",2024,"Nov","Weekday",180.571428571429,0,0,"Semester"
"649","Supplemental",2024,"Nov","Weekday",156.571428571429,0,0,"Semester"
"65","Local",2024,"Nov","Weekday",334.0,0,0,"Semester"
"650","Supplemental",2024,"Nov","Weekday",132.0,0,0,"Semester"
"651","Supplemental",2024,"Nov","Weekday",96.0,0,0,"Semester"
"652","Supplemental",2024,"Nov","Weekday",102.666666666667,0,0,"Semester"
"653","Supplemental",2024,"Nov","Weekday",162.666666666667,0,0,"Semester"
"654","Supplemental",2024,"Nov","Weekday",437.818181818182,0,0,"Semester"
"655","Supplemental",2024,"Nov","Weekday",148.0,0,0,"Semester"
"657","Supplemental",2024,"Nov","Weekday",295.555555555556,0,0,"Semester"
"658","Supplemental",2024,"Nov","Weekday",201.333333333333,0,0,"Semester"
"660","Supplemental",2024,"Nov","Weekday",119.0,0,0,"Semester"
"662","Supplemental",2024,"Nov","Weekday",116.0,0,0,"Semester"
"663","Supplemental",2024,"Nov","Weekday",67.0,0,0,"Semester"
"667","Supplemental",2024,"Nov","Weekday",133.0,0,0,"Semester"
"669","Supplemental",2024,"Nov","Weekday",59.0,0,0,"Semester"
"67","Local",2024,"Nov","Weekday",350.0,0,0,"Semester"
"671","Supplemental",2024,"Nov","Weekday",117.25,0,0,"Semester"
"672","Supplemental",2024,"Nov","Weekday",19.5,0,0,"Semester"
"675","Supplemental",2024,"Nov","Weekday",288.0,0,0,"Semester"
"676","Supplemental",2024,"Nov","Weekday",101.5,0,0,"Semester"
"677","Supplemental",2024,"Nov","Weekday",133.0,0,0,"Semester"
"680","Supplemental",2024,"Nov","Weekday",64.0,0,0,"Semester"
"681","Supplemental",2024,"Nov","Weekday",12.0,0,0,"Semester"
"682","Supplemental",2024,"Nov","Weekday",218.0,0,0,"Semester"
"683","Supplemental",2024,"Nov","Weekday",38.0,0,0,"Semester"
"684","Supplemental",2024,"Nov","Weekday",187.0,0,0,"Semester"
"687","Supplemental",2024,"Nov","Weekday",182.0,0,0,"Semester"
"688","Supplemental",2024,"Nov","Weekday",60.0,0,0,"Semester"
"696","Supplemental",2024,"Nov","Weekday",31.0,0,0,"Semester"
"7","Local",2024,"Nov","Saturday",2378.0,1,0,"Semester"
"7","Local",2024,"Nov","Sunday",1980.0,1,0,"Semester"
"7","Local",2024,"Nov","Weekday",2513.0,1,0,"Semester"
"70","Local",2024,"Nov","Saturday",334.0,1,0,"Semester"
"70","Local",2024,"Nov","Sunday",294.0,1,0,"Semester"
"70","Local",2024,"Nov","Weekday",374.0,1,0,"Semester"
"701","M-Transbay",2024,"Nov","Weekday",48.0,0,0,"Semester"
"702","M-Transbay",2024,"Nov","Weekday",14.0,0,0,"Semester"
"703","M-Transbay",2024,"Nov","Weekday",10.0,0,0,"Semester"
"71","Local",2024,"Nov","Saturday",430.0,1,0,"Semester"
"71","Local",2024,"Nov","Sunday",391.0,1,0,"Semester"
"71","Local",2024,"Nov","Weekday",968.0,1,0,"Semester"
"72","Local",2024,"Nov","Saturday",2562.0,1,0,"Semester"
"72","Local",2024,"Nov","Sunday",2299.0,1,0,"Semester"
"72","Local",2024,"Nov","Weekday",2835.0,1,0,"Semester"
"72M","Local",2024,"Nov","Saturday",2220.0,1,0,"Semester"
"72M","Local",2024,"Nov","Sunday",2026.0,1,0,"Semester"
"72M","Local",2024,"Nov","Weekday",2830.0,1,0,"Semester"
"72R","Local",2024,"Nov","Saturday",2735.0,1,0,"Semester"
"72R","Local",2024,"Nov","Sunday",2299.0,1,0,"Semester"
"72R","Local",2024,"Nov","Weekday",3944.0,1,0,"Semester"
"73","Local",2024,"Nov","Saturday",1372.0,1,0,"Semester"
"73","Local",2024,"Nov","Sunday",1255.72027972028,1,0,"Semester"
"73","Local",2024,"Nov","Weekday",1943.0,1,0,"Semester"
"74","Local",2024,"Nov","Saturday",418.0,1,0,"Semester"
"74","Local",2024,"Nov","Sunday",363.0,1,0,"Semester"
"74","Local",2024,"Nov","Weekday",966.0,1,0,"Semester"
"76","Local",2024,"Nov","Saturday",1092.0,1,0,"Semester"
"76","Local",2024,"Nov","Sunday",958.0,1,0,"Semester"
"76","Local",2024,"Nov","Weekday",1847.0,1,0,"Semester"
"79","Local",2024,"Nov","Saturday",1326.0,1,0,"Semester"
"79","Local",2024,"Nov","Sunday",1312.0,1,0,"Semester"
"79","Local",2024,"Nov","Weekday",2105.0,1,0,"Semester"
"800","All Nighter",2024,"Nov","Saturday",632.739130434783,1,1,"Semester"
"800","All Nighter",2024,"Nov","Sunday",359.0,1,1,"Semester"
"800","All Nighter",2024,"Nov","Weekday",431.0,1,1,"Semester"
"801","All Nighter",2024,"Nov","Saturday",252.0,1,0,"Semester"
"801","All Nighter",2024,"Nov","Sunday",264.0,1,0,"Semester"
"801","All Nighter",2024,"Nov","Weekday",270.0,1,0,"Semester"
"802","All Nighter",2024,"Nov","Saturday",44.0,1,0,"Semester"
"802","All Nighter",2024,"Nov","Sunday",58.0,1,0,"Semester"
"802","All Nighter",2024,"Nov","Weekday",66.0,1,0,"Semester"
"805","All Nighter",2024,"Nov","Saturday",72.0,1,0,"Semester"
"805","All Nighter",2024,"Nov","Sunday",83.0,1,0,"Semester"
"805","All Nighter",2024,"Nov","Weekday",90.0,1,0,"Semester"
"840","All Nighter",2024,"Nov","Saturday",58.0,1,0,"Semester"
"840","All Nighter",2024,"Nov","Sunday",61.0,1,0,"Semester"
"840","All Nighter",2024,"Nov","Weekday",66.0,1,0,"Semester"
"851","All Nighter",2024,"Nov","Saturday",87.0,1,1,"Semester"
"851","All Nighter",2024,"Nov","Sunday",96.0,1,1,"Semester"
"851","All Nighter",2024,"Nov","Weekday",92.0,1,1,"Semester"
"86","Local",2024,"Nov","Saturday",700.0,1,0,"Semester"
"86","Local",2024,"Nov","Sunday",612.761194029851,1,0,"Semester"
"86","Local",2024,"Nov","Weekday",1312.0,1,0,"Semester"
"88","Local",2024,"Nov","Saturday",1131.14285714286,1,0,"Semester"
"88","Local",2024,"Nov","Sunday",1077.0,1,0,"Semester"
"88","Local",2024,"Nov","Weekday",1871.0,1,0,"Semester"
"90","Local",2024,"Nov","Saturday",352.0,1,0,"Semester"
"90","Local",2024,"Nov","Sunday",369.515151515152,1,0,"Semester"
"90","Local",2024,"Nov","Weekday",655.0,1,0,"Semester"
"93","Local",2024,"Nov","Saturday",419.0,1,0,"Semester"
"93","Local",2024,"Nov","Sunday",370.0,1,0,"Semester"
"93","Local",2024,"Nov","Weekday",850.0,1,0,"Semester"
"95","Local",2024,"Nov","Saturday",130.09756097561,1,0,"Semester"
"95","Local",2024,"Nov","Sunday",111.0,1,0,"Semester"
"95","Local",2024,"Nov","Weekday",242.266666666667,1,0,"Semester"
"96","Local",2024,"Nov","Saturday",1183.63636363636,1,0,"Semester"
"96","Local",2024,"Nov","Sunday",950.0,1,0,"Semester"
"96","Local",2024,"Nov","Weekday",1319.0,1,0,"Semester"
"97","Local",2024,"Nov","Saturday",1541.0,1,0,"Semester"
"97","Local",2024,"Nov","Sunday",1356.0,1,0,"Semester"
"97","Local",2024,"Nov","Weekday",2880.0,1,0,"Semester"
"98","Local",2024,"Nov","Saturday",539.0,1,0,"Semester"
"98","Local",2024,"Nov","Sunday",446.0,1,0,"Semester"
"98","Local",2024,"Nov","Weekday",1198.0,1,0,"Semester"
"99","Local",2024,"Nov","Saturday",1425.0,1,0,"Semester"
"99","Local",2024,"Nov","Sunday",1209.0,1,0,"Semester"
"99","Local",2024,"Nov","Weekday",2299.0,1,0,"Semester"
"E","M-Transbay",2024,"Nov","Weekday",145.0,0,0,"Semester"
"F","M-Transbay",2024,"Nov","Saturday",1702.0,1,1,"Semester"
"F","M-Transbay",2024,"Nov","Sunday",1680.0,1,1,"Semester"
"F","M-Transbay",2024,"Nov","Weekday",2252.0,1,1,"Semester"
"FS","M-Transbay",2024,"Nov","Weekday",89.0,0,0,"Semester"
"G","M-Transbay",2024,"Nov","Weekday",189.333333333333,0,0,"Semester"
"J","M-Transbay",2024,"Nov","Weekday",240.0,0,0,"Semester"
"L","M-Transbay",2024,"Nov","Weekday",116.0,0,0,"Semester"
"LA","M-Transbay",2024,"Nov","Weekday",68.75,0,0,"Semester"
"NL","M-Transbay",2024,"Nov","Saturday",1219.0,1,0,"Semester"
"NL","M-Transbay",2024,"Nov","Sunday",1066.0,1,0,"Semester"
"NL","M-Transbay",2024,"Nov","Weekday",2294.0,1,0,"Semester"
"NX","M-Transbay",2024,"Nov","Weekday",151.0,0,0,"Semester"
"NX3","M-Transbay",2024,"Nov","Weekday",92.0,0,0,"Semester"
"O","M-Transbay",2024,"Nov","Saturday",745.0,1,0,"Semester"
"O","M-Transbay",2024,"Nov","Sunday",727.0,1,0,"Semester"
"O","M-Transbay",2024,"Nov","Weekday",1103.0,1,0,"Semester"
"OX","M-Transbay",2024,"Nov","Weekday",107.0,0,0,"Semester"
"P","M-Transbay",2024,"Nov","Weekday",291.0,0,0,"Semester"
"U","M-Transbay",2024,"Nov","Weekday",219.0,0,0,"Semester"
"V","M-Transbay",2024,"Nov","Weekday",203.0,0,0,"Semester"
"W","M-Transbay",2024,"Nov","Weekday",166.0,0,0,"Semester"
"10","Local",2024,"Dec","Saturday",1430.25420560748,1,0,"Other"
"10","Local",2024,"Dec","Sunday",1162.76635514019,1,0,"Other"
"10","Local",2024,"Dec","Weekday",2230.57142857143,1,0,"Other"
"12","Local",2024,"Dec","Saturday",1485.33333333333,1,0,"Other"
"12","Local",2024,"Dec","Sunday",1141.0,1,0,"Other"
"12","Local",2024,"Dec","Weekday",2329.95238095238,1,0,"Other"
"14","Local",2024,"Dec","Saturday",1348.29332552693,1,0,"Other"
"14","Local",2024,"Dec","Sunday",1158.1693989071,1,0,"Other"
"14","Local",2024,"Dec","Weekday",3026.03225806452,1,0,"Other"
"18","Local",2024,"Dec","Saturday",2361.64893617021,1,0,"Other"
"18","Local",2024,"Dec","Sunday",1939.92698412698,1,0,"Other"
"18","Local",2024,"Dec","Weekday",3548.0,1,0,"Other"
"19","Local",2024,"Dec","Saturday",211.0,1,0,"Other"
"19","Local",2024,"Dec","Sunday",182.0,1,0,"Other"
"19","Local",2024,"Dec","Weekday",235.619047619048,1,0,"Other"
"1T","Local",2024,"Dec","Saturday",12997.0448275862,1,0,"Other"
"1T","Local",2024,"Dec","Sunday",11774.6834010678,1,0,"Other"
"1T","Local",2024,"Dec","Weekday",16737.2058063792,1,0,"Other"
"20","Local",2024,"Dec","Saturday",1606.95309168444,1,0,"Other"
"20","Local",2024,"Dec","Sunday",1268.47798742138,1,0,"Other"
"20","Local",2024,"Dec","Weekday",1936.57142857143,1,0,"Other"
"200","Local",2024,"Dec","Saturday",856.0,1,0,"Other"
"200","Local",2024,"Dec","Sunday",601.40074906367,1,0,"Other"
"200","Local",2024,"Dec","Weekday",1244.80952380952,1,0,"Other"
"21","Local",2024,"Dec","Saturday",935.867924528302,1,0,"Other"
"21","Local",2024,"Dec","Sunday",777.056603773585,1,0,"Other"
"21","Local",2024,"Dec","Weekday",1217.57142857143,1,0,"Other"
"210","Local",2024,"Dec","Saturday",607.5,1,0,"Other"
"210","Local",2024,"Dec","Sunday",423.333333333333,1,0,"Other"
"210","Local",2024,"Dec","Weekday",1043.09523809524,1,0,"Other"
"212","Local",2024,"Dec","Saturday",455.39320754717,1,0,"Other"
"212","Local",2024,"Dec","Sunday",235.666666666667,1,0,"Other"
"212","Local",2024,"Dec","Weekday",635.333333333333,1,0,"Other"
"215","Local",2024,"Dec","Weekday",175.761904761905,0,0,"Other"
"216","Local",2024,"Dec","Saturday",187.5,1,0,"Other"
"216","Local",2024,"Dec","Sunday",368.333333333333,1,0,"Other"
"216","Local",2024,"Dec","Weekday",281.142857142857,1,0,"Other"
"217","Local",2024,"Dec","Saturday",524.48275862069,1,0,"Other"
"217","Local",2024,"Dec","Sunday",290.576271186441,1,0,"Other"
"217","Local",2024,"Dec","Weekday",813.238095238095,1,0,"Other"
"232","Local",2024,"Dec","Saturday",192.478260869565,1,0,"Other"
"232","Local",2024,"Dec","Sunday",136.333333333333,1,0,"Other"
"232","Local",2024,"Dec","Weekday",291.380952380952,1,0,"Other"
"239","Local",2024,"Dec","Weekday",574.857142857143,0,0,"Other"
"251","Local",2024,"Dec","Saturday",115.458333333333,1,0,"Other"
"251","Local",2024,"Dec","Sunday",124.017543859649,1,0,"Other"
"251","Local",2024,"Dec","Weekday",173.714285714286,1,0,"Other"
"28","Local",2024,"Dec","Saturday",378.5,1,0,"Other"
"28","Local",2024,"Dec","Sunday",350.333333333333,1,0,"Other"
"28","Local",2024,"Dec","Weekday",583.47619047619,1,0,"Other"
"29","Local",2024,"Dec","Saturday",765.760975609756,1,0,"Other"
"29","Local",2024,"Dec","Sunday",650.106666666667,1,0,"Other"
"29","Local",2024,"Dec","Weekday",1142.52380952381,1,0,"Other"
"33","Local",2024,"Dec","Saturday",1218.82868775446,1,0,"Other"
"33","Local",2024,"Dec","Sunday",952.403846153846,1,0,"Other"
"33","Local",2024,"Dec","Weekday",2114.38095238095,1,0,"Other"
"34","Local",2024,"Dec","Saturday",506.222222222222,1,0,"Other"
"34","Local",2024,"Dec","Sunday",412.0,1,0,"Other"
"34","Local",2024,"Dec","Weekday",683.428571428571,1,0,"Other"
"35","Local",2024,"Dec","Saturday",521.535714285714,1,0,"Other"
"35","Local",2024,"Dec","Sunday",432.666666666667,1,0,"Other"
"35","Local",2024,"Dec","Weekday",625.380952380952,1,0,"Other"
"36","Local",2024,"Dec","Saturday",1331.64520547945,1,1,"Other"
"36","Local",2024,"Dec","Sunday",967.0,1,1,"Other"
"36","Local",2024,"Dec","Weekday",1688.09523809524,1,1,"Other"
"376","Local",2024,"Dec","Saturday",120.0,1,0,"Other"
"376","Local",2024,"Dec","Sunday",1175.0,1,0,"Other"
"376","Local",2024,"Dec","Weekday",133.095238095238,1,0,"Other"
"39","Local",2024,"Dec","Weekday",421.299319727891,0,0,"Other"
"40","Local",2024,"Dec","Saturday",3244.5,1,0,"Other"
"40","Local",2024,"Dec","Sunday",2974.8,1,0,"Other"
"40","Local",2024,"Dec","Weekday",6243.14285714286,1,0,"Other"
"41","Local",2024,"Dec","Saturday",440.0,1,0,"Other"
"41","Local",2024,"Dec","Sunday",340.0,1,0,"Other"
"41","Local",2024,"Dec","Weekday",594.0,1,0,"Other"
"45","Local",2024,"Dec","Saturday",516.5,1,0,"Other"
"45","Local",2024,"Dec","Sunday",448.463768115942,1,0,"Other"
"45","Local",2024,"Dec","Weekday",1212.61904761905,1,0,"Other"
"46L","Local",2024,"Dec","Weekday",173.47619047619,0,0,"Other"
"51A","Local",2024,"Dec","Saturday",3663.15982142857,1,0,"Other"
"51A","Local",2024,"Dec","Sunday",2920.33333333333,1,0,"Other"
"51A","Local",2024,"Dec","Weekday",5770.8442886357,1,0,"Other"
"51B","Local",2024,"Dec","Saturday",4854.27563754748,1,1,"Other"
"51B","Local",2024,"Dec","Sunday",3299.91026878418,1,1,"Other"
"51B","Local",2024,"Dec","Weekday",6359.71428571429,1,1,"Other"
"52","Local",2024,"Dec","Saturday",1295.46376811594,1,1,"Other"
"52","Local",2024,"Dec","Sunday",977.666666666667,1,1,"Other"
"52","Local",2024,"Dec","Weekday",2861.19047619048,1,1,"Other"
"54","Local",2024,"Dec","Saturday",548.354838709677,1,0,"Other"
"54","Local",2024,"Dec","Sunday",420.928205128205,1,0,"Other"
"54","Local",2024,"Dec","Weekday",1161.52380952381,1,0,"Other"
"56","Local",2024,"Dec","Saturday",315.845117845118,1,0,"Other"
"56","Local",2024,"Dec","Sunday",247.666666666667,1,0,"Other"
"56","Local",2024,"Dec","Weekday",403.285714285714,1,0,"Other"
"57","Local",2024,"Dec","Saturday",3438.63450782998,1,0,"Other"
"57","Local",2024,"Dec","Sunday",3039.59901444261,1,0,"Other"
"57","Local",2024,"Dec","Weekday",4788.38095238095,1,0,"Other"
"6","Local",2024,"Dec","Saturday",2704.18656517094,1,1,"Other"
"6","Local",2024,"Dec","Sunday",2085.2049382716,1,1,"Other"
"6","Local",2024,"Dec","Weekday",4146.42857142857,1,1,"Other"
"60","Local",2024,"Dec","Saturday",687.0,1,0,"Other"
"60","Local",2024,"Dec","Sunday",565.666666666667,1,0,"Other"
"60","Local",2024,"Dec","Weekday",1015.95238095238,1,0,"Other"
"604","Supplemental",2024,"Dec","Weekday",94.2857142857143,0,0,"Other"
"605","Supplemental",2024,"Dec","Weekday",38.1428571428571,0,0,"Other"
"606","Supplemental",2024,"Dec","Weekday",51.9047619047619,0,0,"Other"
"607","Supplemental",2024,"Dec","Weekday",15.7619047619048,0,0,"Other"
"617","Supplemental",2024,"Dec","Weekday",112.642857142857,0,0,"Other"
"62","Local",2024,"Dec","Saturday",948.832261029412,1,0,"Other"
"62","Local",2024,"Dec","Sunday",845.378787878788,1,0,"Other"
"62","Local",2024,"Dec","Weekday",2011.47619047619,1,0,"Other"
"620","Supplemental",2024,"Dec","Weekday",45.2142857142857,0,0,"Other"
"621","Supplemental",2024,"Dec","Weekday",315.904761904762,0,0,"Other"
"623","Supplemental",2024,"Dec","Weekday",892.478632478632,0,0,"Other"
"624","Supplemental",2024,"Dec","Weekday",57.2380952380952,0,0,"Other"
"625","Supplemental",2024,"Dec","Weekday",365.26455026455,0,0,"Other"
"626","Supplemental",2024,"Dec","Weekday",7.0,0,0,"Other"
"628","Supplemental",2024,"Dec","Weekday",11.3809523809524,0,0,"Other"
"629","Supplemental",2024,"Dec","Weekday",45.047619047619,0,0,"Other"
"631","Supplemental",2024,"Dec","Weekday",210.785714285714,0,0,"Other"
"638","Supplemental",2024,"Dec","Weekday",95.3809523809524,0,0,"Other"
"641","Supplemental",2024,"Dec","Weekday",190.357142857143,0,0,"Other"
"642","Supplemental",2024,"Dec","Weekday",82.6666666666667,0,0,"Other"
"646","Supplemental",2024,"Dec","Weekday",331.115646258503,0,0,"Other"
"648","Supplemental",2024,"Dec","Weekday",196.142857142857,0,0,"Other"
"649","Supplemental",2024,"Dec","Weekday",142.952380952381,0,0,"Other"
"65","Local",2024,"Dec","Weekday",346.222222222222,0,0,"Other"
"650","Supplemental",2024,"Dec","Weekday",100.333333333333,0,0,"Other"
"651","Supplemental",2024,"Dec","Weekday",85.8571428571429,0,0,"Other"
"652","Supplemental",2024,"Dec","Weekday",87.1904761904762,0,0,"Other"
"653","Supplemental",2024,"Dec","Weekday",135.0,0,0,"Other"
"654","Supplemental",2024,"Dec","Weekday",331.571428571429,0,0,"Other"
"655","Supplemental",2024,"Dec","Weekday",193.12380952381,0,0,"Other"
"657","Supplemental",2024,"Dec","Weekday",249.714285714286,0,0,"Other"
"658","Supplemental",2024,"Dec","Weekday",233.741496598639,0,0,"Other"
"660","Supplemental",2024,"Dec","Weekday",110.809523809524,0,0,"Other"
"662","Supplemental",2024,"Dec","Weekday",91.5714285714286,0,0,"Other"
"663","Supplemental",2024,"Dec","Weekday",51.3333333333333,0,0,"Other"
"667","Supplemental",2024,"Dec","Weekday",119.622222222222,0,0,"Other"
"669","Supplemental",2024,"Dec","Weekday",85.6666666666667,0,0,"Other"
"67","Local",2024,"Dec","Weekday",350.0,0,0,"Other"
"671","Supplemental",2024,"Dec","Weekday",83.5238095238095,0,0,"Other"
"672","Supplemental",2024,"Dec","Weekday",16.9047619047619,0,0,"Other"
"675","Supplemental",2024,"Dec","Weekday",325.551020408163,0,0,"Other"
"676","Supplemental",2024,"Dec","Weekday",98.2857142857143,0,0,"Other"
"677","Supplemental",2024,"Dec","Weekday",122.507936507937,0,0,"Other"
"680","Supplemental",2024,"Dec","Weekday",33.7619047619048,0,0,"Other"
"681","Supplemental",2024,"Dec","Weekday",11.8571428571429,0,0,"Other"
"682","Supplemental",2024,"Dec","Weekday",138.968253968254,0,0,"Other"
"683","Supplemental",2024,"Dec","Weekday",27.3333333333333,0,0,"Other"
"684","Supplemental",2024,"Dec","Weekday",161.095238095238,0,0,"Other"
"687","Supplemental",2024,"Dec","Weekday",170.952380952381,0,0,"Other"
"688","Supplemental",2024,"Dec","Weekday",64.9047619047619,0,0,"Other"
"696","Supplemental",2024,"Dec","Weekday",24.1904761904762,0,0,"Other"
"7","Local",2024,"Dec","Saturday",1610.15384615385,1,0,"Other"
"7","Local",2024,"Dec","Sunday",1345.33333333333,1,0,"Other"
"7","Local",2024,"Dec","Weekday",2052.66666666667,1,0,"Other"
"70","Local",2024,"Dec","Saturday",268.5,1,0,"Other"
"70","Local",2024,"Dec","Sunday",245.666666666667,1,0,"Other"
"70","Local",2024,"Dec","Weekday",385.380952380952,1,0,"Other"
"701","M-Transbay",2024,"Dec","Weekday",55.1904761904762,0,0,"Other"
"702","M-Transbay",2024,"Dec","Weekday",11.3809523809524,0,0,"Other"
"703","M-Transbay",2024,"Dec","Weekday",8.95238095238095,0,0,"Other"
"71","Local",2024,"Dec","Saturday",404.5,1,0,"Other"
"71","Local",2024,"Dec","Sunday",333.0,1,0,"Other"
"71","Local",2024,"Dec","Weekday",953.52380952381,1,0,"Other"
"72","Local",2024,"Dec","Saturday",2410.12554112554,1,0,"Other"
"72","Local",2024,"Dec","Sunday",2042.52173913043,1,0,"Other"
"72","Local",2024,"Dec","Weekday",2902.47619047619,1,0,"Other"
"72M","Local",2024,"Dec","Saturday",2179.06460502143,1,0,"Other"
"72M","Local",2024,"Dec","Sunday",1943.9362745098,1,0,"Other"
"72M","Local",2024,"Dec","Weekday",2865.61904761905,1,0,"Other"
"72R","Local",2024,"Dec","Saturday",2256.81531305004,1,0,"Other"
"72R","Local",2024,"Dec","Sunday",1457.66666666667,1,0,"Other"
"72R","Local",2024,"Dec","Weekday",4109.38095238095,1,0,"Other"
"73","Local",2024,"Dec","Saturday",1258.14376078206,1,0,"Other"
"73","Local",2024,"Dec","Sunday",679.591397849462,1,0,"Other"
"73","Local",2024,"Dec","Weekday",1924.7619047619,1,0,"Other"
"74","Local",2024,"Dec","Saturday",381.833333333333,1,0,"Other"
"74","Local",2024,"Dec","Sunday",632.0,1,0,"Other"
"74","Local",2024,"Dec","Weekday",934.333333333333,1,0,"Other"
"76","Local",2024,"Dec","Saturday",892.0,1,0,"Other"
"76","Local",2024,"Dec","Sunday",676.333333333333,1,0,"Other"
"76","Local",2024,"Dec","Weekday",1788.28571428571,1,0,"Other"
"79","Local",2024,"Dec","Saturday",1110.5,1,0,"Other"
"79","Local",2024,"Dec","Sunday",728.10101010101,1,0,"Other"
"79","Local",2024,"Dec","Weekday",1633.09523809524,1,0,"Other"
"800","All Nighter",2024,"Dec","Saturday",536.3,1,1,"Other"
"800","All Nighter",2024,"Dec","Sunday",382.846153846154,1,1,"Other"
"800","All Nighter",2024,"Dec","Weekday",424.714285714286,1,1,"Other"
"801","All Nighter",2024,"Dec","Saturday",249.0,1,0,"Other"
"801","All Nighter",2024,"Dec","Sunday",257.0,1,0,"Other"
"801","All Nighter",2024,"Dec","Weekday",265.666666666667,1,0,"Other"
"802","All Nighter",2024,"Dec","Saturday",79.0,1,0,"Other"
"802","All Nighter",2024,"Dec","Sunday",56.9333333333333,1,0,"Other"
"802","All Nighter",2024,"Dec","Weekday",64.7619047619048,1,0,"Other"
"805","All Nighter",2024,"Dec","Saturday",87.5,1,0,"Other"
"805","All Nighter",2024,"Dec","Sunday",74.2222222222222,1,0,"Other"
"805","All Nighter",2024,"Dec","Weekday",84.2380952380952,1,0,"Other"
"840","All Nighter",2024,"Dec","Saturday",63.6,1,0,"Other"
"840","All Nighter",2024,"Dec","Sunday",67.1111111111111,1,0,"Other"
"840","All Nighter",2024,"Dec","Weekday",63.1428571428571,1,0,"Other"
"851","All Nighter",2024,"Dec","Saturday",88.5,1,1,"Other"
"851","All Nighter",2024,"Dec","Sunday",74.6666666666667,1,1,"Other"
"851","All Nighter",2024,"Dec","Weekday",98.047619047619,1,1,"Other"
"86","Local",2024,"Dec","Saturday",626.985074626866,1,0,"Other"
"86","Local",2024,"Dec","Sunday",757.808823529412,1,0,"Other"
"86","Local",2024,"Dec","Weekday",1338.04761904762,1,0,"Other"
"88","Local",2024,"Dec","Saturday",1081.43329525985,1,0,"Other"
"88","Local",2024,"Dec","Sunday",545.304900860456,1,0,"Other"
"88","Local",2024,"Dec","Weekday",1686.69959946595,1,0,"Other"
"90","Local",2024,"Dec","Saturday",375.114102564103,1,0,"Other"
"90","Local",2024,"Dec","Sunday",352.513227513227,1,0,"Other"
"90","Local",2024,"Dec","Weekday",664.952380952381,1,0,"Other"
"93","Local",2024,"Dec","Saturday",389.5,1,0,"Other"
"93","Local",2024,"Dec","Sunday",203.589743589744,1,0,"Other"
"93","Local",2024,"Dec","Weekday",834.666666666667,1,0,"Other"
"95","Local",2024,"Dec","Saturday",137.72027027027,1,0,"Other"
"95","Local",2024,"Dec","Sunday",662.606060606061,1,0,"Other"
"95","Local",2024,"Dec","Weekday",230.647186147186,1,0,"Other"
"96","Local",2024,"Dec","Saturday",896.630434782609,1,0,"Other"
"96","Local",2024,"Dec","Sunday",1040.33333333333,1,0,"Other"
"96","Local",2024,"Dec","Weekday",1266.47619047619,1,0,"Other"
"97","Local",2024,"Dec","Saturday",1401.0,1,0,"Other"
"97","Local",2024,"Dec","Sunday",714.255208333333,1,0,"Other"
"97","Local",2024,"Dec","Weekday",2810.57923497268,1,0,"Other"
"98","Local",2024,"Dec","Saturday",451.440677966102,1,0,"Other"
"98","Local",2024,"Dec","Sunday",852.666666666667,1,0,"Other"
"98","Local",2024,"Dec","Weekday",1203.61904761905,1,0,"Other"
"99","Local",2024,"Dec","Saturday",1312.33198380567,1,0,"Other"
"99","Local",2024,"Dec","Sunday",857.666666666667,1,0,"Other"
"99","Local",2024,"Dec","Weekday",2166.95238095238,1,0,"Other"
"E","M-Transbay",2024,"Dec","Weekday",113.333333333333,0,0,"Other"
"F","M-Transbay",2024,"Dec","Saturday",1486.0,1,1,"Other"
"F","M-Transbay",2024,"Dec","Sunday",1151.0,1,1,"Other"
"F","M-Transbay",2024,"Dec","Weekday",1809.01098901099,1,1,"Other"
"FS","M-Transbay",2024,"Dec","Weekday",74.1428571428571,0,0,"Other"
"G","M-Transbay",2024,"Dec","Weekday",168.990476190476,0,0,"Other"
"J","M-Transbay",2024,"Dec","Weekday",171.957671957672,0,0,"Other"
"L","M-Transbay",2024,"Dec","Weekday",102.380952380952,0,0,"Other"
"LA","M-Transbay",2024,"Dec","Weekday",56.3095238095238,0,0,"Other"
"NL","M-Transbay",2024,"Dec","Saturday",1072.37068965517,1,0,"Other"
"NL","M-Transbay",2024,"Dec","Sunday",935.666666666667,1,0,"Other"
"NL","M-Transbay",2024,"Dec","Weekday",2233.38095238095,1,0,"Other"
"NX","M-Transbay",2024,"Dec","Weekday",136.571428571429,0,0,"Other"
"NX3","M-Transbay",2024,"Dec","Weekday",99.6071428571429,0,0,"Other"
"O","M-Transbay",2024,"Dec","Saturday",726.0,1,0,"Other"
"O","M-Transbay",2024,"Dec","Sunday",691.0,1,0,"Other"
"O","M-Transbay",2024,"Dec","Weekday",1110.02270011947,1,0,"Other"
"OX","M-Transbay",2024,"Dec","Weekday",98.1133786848073,0,0,"Other"
"P","M-Transbay",2024,"Dec","Weekday",364.142857142857,0,0,"Other"
"U","M-Transbay",2024,"Dec","Weekday",209.733333333333,0,0,"Other"
"V","M-Transbay",2024,"Dec","Weekday",161.238095238095,0,0,"Other"
"W","M-Transbay",2024,"Dec","Weekday",148.047619047619,0,0,"Other"
"10","Local",2025,"Jan","Saturday",1489.15384615385,1,0,"Other"
"10","Local",2025,"Jan","Sunday",1282.5,1,0,"Other"
"10","Local",2025,"Jan","Weekday",2355.51968503937,1,0,"Other"
"12","Local",2025,"Jan","Saturday",1667.0,1,0,"Other"
"12","Local",2025,"Jan","Sunday",1273.0,1,0,"Other"
"12","Local",2025,"Jan","Weekday",2701.68888888889,1,0,"Other"
"14","Local",2025,"Jan","Saturday",1403.0,1,0,"Other"
"14","Local",2025,"Jan","Sunday",1191.0,1,0,"Other"
"14","Local",2025,"Jan","Weekday",3114.43548387097,1,0,"Other"
"18","Local",2025,"Jan","Saturday",2415.14285714286,1,0,"Other"
"18","Local",2025,"Jan","Sunday",2195.02857142857,1,0,"Other"
"18","Local",2025,"Jan","Weekday",3625.16058394161,1,0,"Other"
"19","Local",2025,"Jan","Saturday",227.0,1,0,"Other"
"19","Local",2025,"Jan","Sunday",163.0,1,0,"Other"
"19","Local",2025,"Jan","Weekday",252.0,1,0,"Other"
"1T","Local",2025,"Jan","Saturday",13329.2063492063,1,0,"Other"
"1T","Local",2025,"Jan","Sunday",11884.6073298429,1,0,"Other"
"1T","Local",2025,"Jan","Weekday",16626.4207920792,1,0,"Other"
"20","Local",2025,"Jan","Saturday",1610.03076923077,1,0,"Other"
"20","Local",2025,"Jan","Sunday",1313.36666666667,1,0,"Other"
"20","Local",2025,"Jan","Weekday",1938.50746268657,1,0,"Other"
"200","Local",2025,"Jan","Saturday",912.134831460674,1,0,"Other"
"200","Local",2025,"Jan","Sunday",774.606741573034,1,0,"Other"
"200","Local",2025,"Jan","Weekday",1294.54545454545,1,0,"Other"
"21","Local",2025,"Jan","Saturday",973.018867924528,1,0,"Other"
"21","Local",2025,"Jan","Sunday",815.094339622642,1,0,"Other"
"21","Local",2025,"Jan","Weekday",1256.0,1,0,"Other"
"210","Local",2025,"Jan","Saturday",622.869565217391,1,0,"Other"
"210","Local",2025,"Jan","Sunday",569.0,1,0,"Other"
"210","Local",2025,"Jan","Weekday",1127.0,1,0,"Other"
"212","Local",2025,"Jan","Saturday",457.0,1,0,"Other"
"212","Local",2025,"Jan","Sunday",373.0,1,0,"Other"
"212","Local",2025,"Jan","Weekday",640.0,1,0,"Other"
"215","Local",2025,"Jan","Weekday",177.0,0,0,"Other"
"216","Local",2025,"Jan","Saturday",204.0,1,0,"Other"
"216","Local",2025,"Jan","Sunday",172.0,1,0,"Other"
"216","Local",2025,"Jan","Weekday",288.0,1,0,"Other"
"217","Local",2025,"Jan","Saturday",565.0,1,0,"Other"
"217","Local",2025,"Jan","Sunday",507.0,1,0,"Other"
"217","Local",2025,"Jan","Weekday",892.0,1,0,"Other"
"232","Local",2025,"Jan","Saturday",182.0,1,0,"Other"
"232","Local",2025,"Jan","Sunday",183.0,1,0,"Other"
"232","Local",2025,"Jan","Weekday",302.0,1,0,"Other"
"239","Local",2025,"Jan","Weekday",599.0,0,0,"Other"
"251","Local",2025,"Jan","Saturday",118.0,1,0,"Other"
"251","Local",2025,"Jan","Sunday",100.0,1,0,"Other"
"251","Local",2025,"Jan","Weekday",182.0,1,0,"Other"
"28","Local",2025,"Jan","Saturday",399.0,1,0,"Other"
"28","Local",2025,"Jan","Sunday",359.0,1,0,"Other"
"28","Local",2025,"Jan","Weekday",627.0,1,0,"Other"
"29","Local",2025,"Jan","Saturday",831.0,1,0,"Other"
"29","Local",2025,"Jan","Sunday",817.0,1,0,"Other"
"29","Local",2025,"Jan","Weekday",1342.0,1,0,"Other"
"33","Local",2025,"Jan","Saturday",1244.0,1,0,"Other"
"33","Local",2025,"Jan","Sunday",1015.0,1,0,"Other"
"33","Local",2025,"Jan","Weekday",2254.0,1,0,"Other"
"34","Local",2025,"Jan","Saturday",539.0,1,0,"Other"
"34","Local",2025,"Jan","Sunday",489.0,1,0,"Other"
"34","Local",2025,"Jan","Weekday",664.0,1,0,"Other"
"35","Local",2025,"Jan","Saturday",485.0,1,0,"Other"
"35","Local",2025,"Jan","Sunday",427.0,1,0,"Other"
"35","Local",2025,"Jan","Weekday",610.0,1,0,"Other"
"36","Local",2025,"Jan","Saturday",1226.44117647059,1,1,"Other"
"36","Local",2025,"Jan","Sunday",1170.25714285714,1,1,"Other"
"36","Local",2025,"Jan","Weekday",1645.15942028986,1,1,"Other"
"376","Local",2025,"Jan","Saturday",144.0,1,0,"Other"
"376","Local",2025,"Jan","Sunday",142.222222222222,1,0,"Other"
"376","Local",2025,"Jan","Weekday",154.0,1,0,"Other"
"39","Local",2025,"Jan","Weekday",476.0,0,0,"Other"
"40","Local",2025,"Jan","Saturday",3347.55384615385,1,0,"Other"
"40","Local",2025,"Jan","Sunday",2761.07692307692,1,0,"Other"
"40","Local",2025,"Jan","Weekday",6445.4358974359,1,0,"Other"
"41","Local",2025,"Jan","Saturday",430.0,1,0,"Other"
"41","Local",2025,"Jan","Sunday",375.0,1,0,"Other"
"41","Local",2025,"Jan","Weekday",634.0,1,0,"Other"
"45","Local",2025,"Jan","Saturday",513.0,1,0,"Other"
"45","Local",2025,"Jan","Sunday",454.0,1,0,"Other"
"45","Local",2025,"Jan","Weekday",1289.0,1,0,"Other"
"46L","Local",2025,"Jan","Weekday",195.0,0,0,"Other"
"51A","Local",2025,"Jan","Saturday",3770.5671641791,1,0,"Other"
"51A","Local",2025,"Jan","Sunday",3139.44881889764,1,0,"Other"
"51A","Local",2025,"Jan","Weekday",6211.98830409357,1,0,"Other"
"51B","Local",2025,"Jan","Saturday",4323.40740740741,1,1,"Other"
"51B","Local",2025,"Jan","Sunday",4572.34108527132,1,1,"Other"
"51B","Local",2025,"Jan","Weekday",5877.10588235294,1,1,"Other"
"52","Local",2025,"Jan","Saturday",1263.0,1,1,"Other"
"52","Local",2025,"Jan","Sunday",1060.0,1,1,"Other"
"52","Local",2025,"Jan","Weekday",3155.0,1,1,"Other"
"54","Local",2025,"Jan","Saturday",582.0,1,0,"Other"
"54","Local",2025,"Jan","Sunday",419.0,1,0,"Other"
"54","Local",2025,"Jan","Weekday",1255.0,1,0,"Other"
"56","Local",2025,"Jan","Saturday",332.0,1,0,"Other"
"56","Local",2025,"Jan","Sunday",263.0,1,0,"Other"
"56","Local",2025,"Jan","Weekday",423.0,1,0,"Other"
"57","Local",2025,"Jan","Saturday",3896.32692307692,1,0,"Other"
"57","Local",2025,"Jan","Sunday",3271.56774193548,1,0,"Other"
"57","Local",2025,"Jan","Weekday",5199.38853503185,1,0,"Other"
"6","Local",2025,"Jan","Saturday",2693.00689655172,1,1,"Other"
"6","Local",2025,"Jan","Sunday",2588.86896551724,1,1,"Other"
"6","Local",2025,"Jan","Weekday",4266.9880239521,1,1,"Other"
"60","Local",2025,"Jan","Saturday",721.358490566038,1,0,"Other"
"60","Local",2025,"Jan","Sunday",551.207547169811,1,0,"Other"
"60","Local",2025,"Jan","Weekday",1075.0,1,0,"Other"
"604","Supplemental",2025,"Jan","Weekday",121.0,0,0,"Other"
"605","Supplemental",2025,"Jan","Weekday",40.0,0,0,"Other"
"606","Supplemental",2025,"Jan","Weekday",53.0,0,0,"Other"
"607","Supplemental",2025,"Jan","Weekday",26.0,0,0,"Other"
"617","Supplemental",2025,"Jan","Weekday",76.0,0,0,"Other"
"62","Local",2025,"Jan","Saturday",1024.05633802817,1,0,"Other"
"62","Local",2025,"Jan","Sunday",893.478873239437,1,0,"Other"
"62","Local",2025,"Jan","Weekday",2158.81081081081,1,0,"Other"
"620","Supplemental",2025,"Jan","Weekday",55.0,0,0,"Other"
"621","Supplemental",2025,"Jan","Weekday",395.0,0,0,"Other"
"623","Supplemental",2025,"Jan","Weekday",929.6,0,0,"Other"
"624","Supplemental",2025,"Jan","Weekday",62.0,0,0,"Other"
"625","Supplemental",2025,"Jan","Weekday",255.0,0,0,"Other"
"626","Supplemental",2025,"Jan","Weekday",9.0,0,0,"Other"
"628","Supplemental",2025,"Jan","Weekday",11.0,0,0,"Other"
"629","Supplemental",2025,"Jan","Weekday",51.0,0,0,"Other"
"631","Supplemental",2025,"Jan","Weekday",218.75,0,0,"Other"
"638","Supplemental",2025,"Jan","Weekday",83.0,0,0,"Other"
"641","Supplemental",2025,"Jan","Weekday",231.0,0,0,"Other"
"642","Supplemental",2025,"Jan","Weekday",59.0,0,0,"Other"
"646","Supplemental",2025,"Jan","Weekday",339.0,0,0,"Other"
"648","Supplemental",2025,"Jan","Weekday",196.0,0,0,"Other"
"649","Supplemental",2025,"Jan","Weekday",94.0,0,0,"Other"
"65","Local",2025,"Jan","Weekday",615.189189189189,0,0,"Other"
"650","Supplemental",2025,"Jan","Weekday",83.0,0,0,"Other"
"651","Supplemental",2025,"Jan","Weekday",190.0,0,0,"Other"
"652","Supplemental",2025,"Jan","Weekday",83.0,0,0,"Other"
"653","Supplemental",2025,"Jan","Weekday",114.0,0,0,"Other"
"654","Supplemental",2025,"Jan","Weekday",263.0,0,0,"Other"
"655","Supplemental",2025,"Jan","Weekday",187.0,0,0,"Other"
"657","Supplemental",2025,"Jan","Weekday",265.0,0,0,"Other"
"658","Supplemental",2025,"Jan","Weekday",156.0,0,0,"Other"
"660","Supplemental",2025,"Jan","Weekday",111.0,0,0,"Other"
"662","Supplemental",2025,"Jan","Weekday",88.0,0,0,"Other"
"663","Supplemental",2025,"Jan","Weekday",31.0,0,0,"Other"
"667","Supplemental",2025,"Jan","Weekday",144.666666666667,0,0,"Other"
"669","Supplemental",2025,"Jan","Weekday",97.0,0,0,"Other"
"67","Local",2025,"Jan","Weekday",274.0,0,0,"Other"
"671","Supplemental",2025,"Jan","Weekday",74.0,0,0,"Other"
"672","Supplemental",2025,"Jan","Weekday",30.0,0,0,"Other"
"675","Supplemental",2025,"Jan","Weekday",300.0,0,0,"Other"
"676","Supplemental",2025,"Jan","Weekday",127.0,0,0,"Other"
"677","Supplemental",2025,"Jan","Weekday",103.0,0,0,"Other"
"680","Supplemental",2025,"Jan","Weekday",46.0,0,0,"Other"
"681","Supplemental",2025,"Jan","Weekday",13.0,0,0,"Other"
"682","Supplemental",2025,"Jan","Weekday",210.0,0,0,"Other"
"683","Supplemental",2025,"Jan","Weekday",35.0,0,0,"Other"
"684","Supplemental",2025,"Jan","Weekday",196.0,0,0,"Other"
"687","Supplemental",2025,"Jan","Weekday",227.0,0,0,"Other"
"688","Supplemental",2025,"Jan","Weekday",71.0,0,0,"Other"
"696","Supplemental",2025,"Jan","Weekday",24.0,0,0,"Other"
"7","Local",2025,"Jan","Saturday",1605.0,1,0,"Other"
"7","Local",2025,"Jan","Sunday",1560.0,1,0,"Other"
"7","Local",2025,"Jan","Weekday",2162.0,1,0,"Other"
"70","Local",2025,"Jan","Saturday",331.0,1,0,"Other"
"70","Local",2025,"Jan","Sunday",275.0,1,0,"Other"
"70","Local",2025,"Jan","Weekday",395.0,1,0,"Other"
"701","M-Transbay",2025,"Jan","Weekday",49.0,0,0,"Other"
"702","M-Transbay",2025,"Jan","Weekday",12.0,0,0,"Other"
"703","M-Transbay",2025,"Jan","Weekday",8.0,0,0,"Other"
"71","Local",2025,"Jan","Saturday",418.0,1,0,"Other"
"71","Local",2025,"Jan","Sunday",343.0,1,0,"Other"
"71","Local",2025,"Jan","Weekday",984.0,1,0,"Other"
"72","Local",2025,"Jan","Saturday",2526.27777777778,1,0,"Other"
"72","Local",2025,"Jan","Sunday",2151.06849315068,1,0,"Other"
"72","Local",2025,"Jan","Weekday",2895.20547945205,1,0,"Other"
"72M","Local",2025,"Jan","Saturday",2434.85915492958,1,0,"Other"
"72M","Local",2025,"Jan","Sunday",1988.02816901408,1,0,"Other"
"72M","Local",2025,"Jan","Weekday",2878.0,1,0,"Other"
"72R","Local",2025,"Jan","Saturday",2638.0,1,0,"Other"
"72R","Local",2025,"Jan","Sunday",2115.0,1,0,"Other"
"72R","Local",2025,"Jan","Weekday",4219.0,1,0,"Other"
"73","Local",2025,"Jan","Saturday",1314.9197080292,1,0,"Other"
"73","Local",2025,"Jan","Sunday",1169.86861313869,1,0,"Other"
"73","Local",2025,"Jan","Weekday",2058.35294117647,1,0,"Other"
"74","Local",2025,"Jan","Saturday",371.0,1,0,"Other"
"74","Local",2025,"Jan","Sunday",337.0,1,0,"Other"
"74","Local",2025,"Jan","Weekday",1036.0,1,0,"Other"
"76","Local",2025,"Jan","Saturday",969.0,1,0,"Other"
"76","Local",2025,"Jan","Sunday",843.0,1,0,"Other"
"76","Local",2025,"Jan","Weekday",1865.0,1,0,"Other"
"79","Local",2025,"Jan","Saturday",881.0,1,0,"Other"
"79","Local",2025,"Jan","Sunday",1128.0,1,0,"Other"
"79","Local",2025,"Jan","Weekday",1602.0,1,0,"Other"
"800","All Nighter",2025,"Jan","Saturday",484.0,1,1,"Other"
"800","All Nighter",2025,"Jan","Sunday",372.807692307692,1,1,"Other"
"800","All Nighter",2025,"Jan","Weekday",419.0,1,1,"Other"
"801","All Nighter",2025,"Jan","Saturday",239.0,1,0,"Other"
"801","All Nighter",2025,"Jan","Sunday",250.0,1,0,"Other"
"801","All Nighter",2025,"Jan","Weekday",259.0,1,0,"Other"
"802","All Nighter",2025,"Jan","Saturday",79.0,1,0,"Other"
"802","All Nighter",2025,"Jan","Sunday",59.4,1,0,"Other"
"802","All Nighter",2025,"Jan","Weekday",60.0,1,0,"Other"
"805","All Nighter",2025,"Jan","Saturday",107.0,1,0,"Other"
"805","All Nighter",2025,"Jan","Sunday",74.0,1,0,"Other"
"805","All Nighter",2025,"Jan","Weekday",79.0,1,0,"Other"
"840","All Nighter",2025,"Jan","Saturday",67.2,1,0,"Other"
"840","All Nighter",2025,"Jan","Sunday",68.0,1,0,"Other"
"840","All Nighter",2025,"Jan","Weekday",56.0,1,0,"Other"
"851","All Nighter",2025,"Jan","Saturday",71.0,1,1,"Other"
"851","All Nighter",2025,"Jan","Sunday",72.0,1,1,"Other"
"851","All Nighter",2025,"Jan","Weekday",89.0,1,1,"Other"
"86","Local",2025,"Jan","Saturday",619.985294117647,1,0,"Other"
"86","Local",2025,"Jan","Sunday",560.0,1,0,"Other"
"86","Local",2025,"Jan","Weekday",1389.0,1,0,"Other"
"88","Local",2025,"Jan","Saturday",1115.0,1,0,"Other"
"88","Local",2025,"Jan","Sunday",958.0,1,0,"Other"
"88","Local",2025,"Jan","Weekday",1920.0,1,0,"Other"
"90","Local",2025,"Jan","Saturday",366.0,1,0,"Other"
"90","Local",2025,"Jan","Sunday",309.0,1,0,"Other"
"90","Local",2025,"Jan","Weekday",665.6,1,0,"Other"
"93","Local",2025,"Jan","Saturday",410.0,1,0,"Other"
"93","Local",2025,"Jan","Sunday",336.0,1,0,"Other"
"93","Local",2025,"Jan","Weekday",867.0,1,0,"Other"
"95","Local",2025,"Jan","Saturday",140.0,1,0,"Other"
"95","Local",2025,"Jan","Sunday",111.0,1,0,"Other"
"95","Local",2025,"Jan","Weekday",248.0,1,0,"Other"
"96","Local",2025,"Jan","Saturday",999.0,1,0,"Other"
"96","Local",2025,"Jan","Sunday",884.0,1,0,"Other"
"96","Local",2025,"Jan","Weekday",1262.0,1,0,"Other"
"97","Local",2025,"Jan","Saturday",1449.0,1,0,"Other"
"97","Local",2025,"Jan","Sunday",1259.0,1,0,"Other"
"97","Local",2025,"Jan","Weekday",2785.46341463415,1,0,"Other"
"98","Local",2025,"Jan","Saturday",482.307692307692,1,0,"Other"
"98","Local",2025,"Jan","Sunday",427.476923076923,1,0,"Other"
"98","Local",2025,"Jan","Weekday",1272.47058823529,1,0,"Other"
"99","Local",2025,"Jan","Saturday",1447.9746835443,1,0,"Other"
"99","Local",2025,"Jan","Sunday",1165.64556962025,1,0,"Other"
"99","Local",2025,"Jan","Weekday",2267.08771929825,1,0,"Other"
"E","M-Transbay",2025,"Jan","Weekday",170.0,0,0,"Other"
"F","M-Transbay",2025,"Jan","Saturday",1441.43835616438,1,1,"Other"
"F","M-Transbay",2025,"Jan","Sunday",1326.3698630137,1,1,"Other"
"F","M-Transbay",2025,"Jan","Weekday",2028.42105263158,1,1,"Other"
"FS","M-Transbay",2025,"Jan","Weekday",111.0,0,0,"Other"
"G","M-Transbay",2025,"Jan","Weekday",245.333333333333,0,0,"Other"
"J","M-Transbay",2025,"Jan","Weekday",263.333333333333,0,0,"Other"
"L","M-Transbay",2025,"Jan","Weekday",143.0,0,0,"Other"
"LA","M-Transbay",2025,"Jan","Weekday",63.75,0,0,"Other"
"NL","M-Transbay",2025,"Jan","Saturday",1113.85135135135,1,0,"Other"
"NL","M-Transbay",2025,"Jan","Sunday",1025.67567567568,1,0,"Other"
"NL","M-Transbay",2025,"Jan","Weekday",2385.10714285714,1,0,"Other"
"NX","M-Transbay",2025,"Jan","Weekday",202.0,0,0,"Other"
"NX3","M-Transbay",2025,"Jan","Weekday",187.833333333333,0,0,"Other"
"O","M-Transbay",2025,"Jan","Saturday",740.0,1,0,"Other"
"O","M-Transbay",2025,"Jan","Sunday",686.0,1,0,"Other"
"O","M-Transbay",2025,"Jan","Weekday",1065.71875,1,0,"Other"
"OX","M-Transbay",2025,"Jan","Weekday",95.0,0,0,"Other"
"P","M-Transbay",2025,"Jan","Weekday",354.0,0,0,"Other"
"U","M-Transbay",2025,"Jan","Weekday",296.4,0,0,"Other"
"V","M-Transbay",2025,"Jan","Weekday",214.0,0,0,"Other"
"W","M-Transbay",2025,"Jan","Weekday",162.0,0,0,"Other"
"10","Local",2025,"Feb","Saturday",1516.15384615385,1,0,"Semester"
"10","Local",2025,"Feb","Sunday",1394.65384615385,1,0,"Semester"
"10","Local",2025,"Feb","Weekday",2359.2890625,1,0,"Semester"
"12","Local",2025,"Feb","Saturday",1790.0,1,0,"Semester"
"12","Local",2025,"Feb","Sunday",1410.0,1,0,"Semester"
"12","Local",2025,"Feb","Weekday",2706.74444444444,1,0,"Semester"
"14","Local",2025,"Feb","Saturday",1430.0,1,0,"Semester"
"14","Local",2025,"Feb","Sunday",1248.0,1,0,"Semester"
"14","Local",2025,"Feb","Weekday",3144.91935483871,1,0,"Semester"
"18","Local",2025,"Feb","Saturday",2976.6380952381,1,0,"Semester"
"18","Local",2025,"Feb","Sunday",2578.19047619048,1,0,"Semester"
"18","Local",2025,"Feb","Weekday",4126.37226277372,1,0,"Semester"
"19","Local",2025,"Feb","Saturday",207.0,1,0,"Semester"
"19","Local",2025,"Feb","Sunday",181.0,1,0,"Semester"
"19","Local",2025,"Feb","Weekday",270.0,1,0,"Semester"
"1T","Local",2025,"Feb","Saturday",12291.1111111111,1,0,"Semester"
"1T","Local",2025,"Feb","Sunday",12902.4210526316,1,0,"Semester"
"1T","Local",2025,"Feb","Weekday",16294.5,1,0,"Semester"
"20","Local",2025,"Feb","Saturday",1601.66153846154,1,0,"Semester"
"20","Local",2025,"Feb","Sunday",1405.33333333333,1,0,"Semester"
"20","Local",2025,"Feb","Weekday",1825.85074626866,1,0,"Semester"
"200","Local",2025,"Feb","Saturday",892.921348314607,1,0,"Semester"
"200","Local",2025,"Feb","Sunday",827.0,1,0,"Semester"
"200","Local",2025,"Feb","Weekday",1275.0,1,0,"Semester"
"21","Local",2025,"Feb","Saturday",945.509433962264,1,0,"Semester"
"21","Local",2025,"Feb","Sunday",825.283018867925,1,0,"Semester"
"21","Local",2025,"Feb","Weekday",1288.0,1,0,"Semester"
"210","Local",2025,"Feb","Saturday",643.0,1,0,"Semester"
"210","Local",2025,"Feb","Sunday",585.565217391304,1,0,"Semester"
"210","Local",2025,"Feb","Weekday",1311.0,1,0,"Semester"
"212","Local",2025,"Feb","Saturday",450.0,1,0,"Semester"
"212","Local",2025,"Feb","Sunday",404.0,1,0,"Semester"
"212","Local",2025,"Feb","Weekday",617.0,1,0,"Semester"
"215","Local",2025,"Feb","Weekday",183.0,0,0,"Semester"
"216","Local",2025,"Feb","Saturday",193.0,1,0,"Semester"
"216","Local",2025,"Feb","Sunday",178.0,1,0,"Semester"
"216","Local",2025,"Feb","Weekday",300.0,1,0,"Semester"
"217","Local",2025,"Feb","Saturday",575.0,1,0,"Semester"
"217","Local",2025,"Feb","Sunday",566.0,1,0,"Semester"
"217","Local",2025,"Feb","Weekday",1030.0,1,0,"Semester"
"232","Local",2025,"Feb","Saturday",203.0,1,0,"Semester"
"232","Local",2025,"Feb","Sunday",204.0,1,0,"Semester"
"232","Local",2025,"Feb","Weekday",301.0,1,0,"Semester"
"239","Local",2025,"Feb","Weekday",654.0,0,0,"Semester"
"251","Local",2025,"Feb","Saturday",130.0,1,0,"Semester"
"251","Local",2025,"Feb","Sunday",113.0,1,0,"Semester"
"251","Local",2025,"Feb","Weekday",197.0,1,0,"Semester"
"28","Local",2025,"Feb","Saturday",403.0,1,0,"Semester"
"28","Local",2025,"Feb","Sunday",364.0,1,0,"Semester"
"28","Local",2025,"Feb","Weekday",635.0,1,0,"Semester"
"29","Local",2025,"Feb","Saturday",928.0,1,0,"Semester"
"29","Local",2025,"Feb","Sunday",827.0,1,0,"Semester"
"29","Local",2025,"Feb","Weekday",1292.0,1,0,"Semester"
"33","Local",2025,"Feb","Saturday",1307.0,1,0,"Semester"
"33","Local",2025,"Feb","Sunday",1074.0,1,0,"Semester"
"33","Local",2025,"Feb","Weekday",2484.0,1,0,"Semester"
"34","Local",2025,"Feb","Saturday",524.0,1,0,"Semester"
"34","Local",2025,"Feb","Sunday",464.0,1,0,"Semester"
"34","Local",2025,"Feb","Weekday",643.0,1,0,"Semester"
"35","Local",2025,"Feb","Saturday",513.0,1,0,"Semester"
"35","Local",2025,"Feb","Sunday",436.0,1,0,"Semester"
"35","Local",2025,"Feb","Weekday",624.0,1,0,"Semester"
"36","Local",2025,"Feb","Saturday",1759.91304347826,1,1,"Semester"
"36","Local",2025,"Feb","Sunday",1496.91428571429,1,1,"Semester"
"36","Local",2025,"Feb","Weekday",2492.40579710145,1,1,"Semester"
"376","Local",2025,"Feb","Saturday",150.0,1,0,"Semester"
"376","Local",2025,"Feb","Sunday",134.0,1,0,"Semester"
"376","Local",2025,"Feb","Weekday",148.0,1,0,"Semester"
"39","Local",2025,"Feb","Weekday",462.0,0,0,"Semester"
"40","Local",2025,"Feb","Saturday",3302.20769230769,1,0,"Semester"
"40","Local",2025,"Feb","Sunday",3023.07692307692,1,0,"Semester"
"40","Local",2025,"Feb","Weekday",6327.2358974359,1,0,"Semester"
"41","Local",2025,"Feb","Saturday",423.0,1,0,"Semester"
"41","Local",2025,"Feb","Sunday",378.0,1,0,"Semester"
"41","Local",2025,"Feb","Weekday",597.0,1,0,"Semester"
"45","Local",2025,"Feb","Saturday",543.0,1,0,"Semester"
"45","Local",2025,"Feb","Sunday",505.0,1,0,"Semester"
"45","Local",2025,"Feb","Weekday",1293.0,1,0,"Semester"
"46L","Local",2025,"Feb","Weekday",200.0,0,0,"Semester"
"51A","Local",2025,"Feb","Saturday",3884.05223880597,1,0,"Semester"
"51A","Local",2025,"Feb","Sunday",3289.609375,1,0,"Semester"
"51A","Local",2025,"Feb","Weekday",6222.22222222222,1,0,"Semester"
"51B","Local",2025,"Feb","Saturday",7621.64179104478,1,1,"Semester"
"51B","Local",2025,"Feb","Sunday",6107.63636363636,1,1,"Semester"
"51B","Local",2025,"Feb","Weekday",8696.94736842105,1,1,"Semester"
"52","Local",2025,"Feb","Saturday",1837.0,1,1,"Semester"
"52","Local",2025,"Feb","Sunday",1725.0,1,1,"Semester"
"52","Local",2025,"Feb","Weekday",5178.0,1,1,"Semester"
"54","Local",2025,"Feb","Saturday",624.0,1,0,"Semester"
"54","Local",2025,"Feb","Sunday",461.0,1,0,"Semester"
"54","Local",2025,"Feb","Weekday",1337.0,1,0,"Semester"
"56","Local",2025,"Feb","Saturday",298.0,1,0,"Semester"
"56","Local",2025,"Feb","Sunday",283.0,1,0,"Semester"
"56","Local",2025,"Feb","Weekday",430.0,1,0,"Semester"
"57","Local",2025,"Feb","Saturday",3879.60897435897,1,0,"Semester"
"57","Local",2025,"Feb","Sunday",3468.51298701299,1,0,"Semester"
"57","Local",2025,"Feb","Weekday",5330.20382165605,1,0,"Semester"
"6","Local",2025,"Feb","Saturday",3364.69655172414,1,1,"Semester"
"6","Local",2025,"Feb","Sunday",2877.38888888889,1,1,"Semester"
"6","Local",2025,"Feb","Weekday",5287.37724550898,1,1,"Semester"
"60","Local",2025,"Feb","Saturday",702.0,1,0,"Semester"
"60","Local",2025,"Feb","Sunday",608.0,1,0,"Semester"
"60","Local",2025,"Feb","Weekday",1123.0,1,0,"Semester"
"604","Supplemental",2025,"Feb","Weekday",136.0,0,0,"Semester"
"605","Supplemental",2025,"Feb","Weekday",54.0,0,0,"Semester"
"606","Supplemental",2025,"Feb","Weekday",52.0,0,0,"Semester"
"607","Supplemental",2025,"Feb","Weekday",32.0,0,0,"Semester"
"617","Supplemental",2025,"Feb","Weekday",88.0,0,0,"Semester"
"62","Local",2025,"Feb","Saturday",1059.01408450704,1,0,"Semester"
"62","Local",2025,"Feb","Sunday",950.042857142857,1,0,"Semester"
"62","Local",2025,"Feb","Weekday",2189.41071428571,1,0,"Semester"
"620","Supplemental",2025,"Feb","Weekday",53.0,0,0,"Semester"
"621","Supplemental",2025,"Feb","Weekday",374.0,0,0,"Semester"
"623","Supplemental",2025,"Feb","Weekday",1047.66666666667,0,0,"Semester"
"624","Supplemental",2025,"Feb","Weekday",67.0,0,0,"Semester"
"625","Supplemental",2025,"Feb","Weekday",238.571428571429,0,0,"Semester"
"626","Supplemental",2025,"Feb","Weekday",12.0,0,0,"Semester"
"628","Supplemental",2025,"Feb","Weekday",13.0,0,0,"Semester"
"629","Supplemental",2025,"Feb","Weekday",42.0,0,0,"Semester"
"631","Supplemental",2025,"Feb","Weekday",228.75,0,0,"Semester"
"638","Supplemental",2025,"Feb","Weekday",87.0,0,0,"Semester"
"641","Supplemental",2025,"Feb","Weekday",229.0,0,0,"Semester"
"642","Supplemental",2025,"Feb","Weekday",67.0,0,0,"Semester"
"646","Supplemental",2025,"Feb","Weekday",326.0,0,0,"Semester"
"648","Supplemental",2025,"Feb","Weekday",171.0,0,0,"Semester"
"649","Supplemental",2025,"Feb","Weekday",90.0,0,0,"Semester"
"65","Local",2025,"Feb","Weekday",469.411764705882,0,0,"Semester"
"650","Supplemental",2025,"Feb","Weekday",84.0,0,0,"Semester"
"651","Supplemental",2025,"Feb","Weekday",39.0,0,0,"Semester"
"652","Supplemental",2025,"Feb","Weekday",93.0,0,0,"Semester"
"653","Supplemental",2025,"Feb","Weekday",111.0,0,0,"Semester"
"654","Supplemental",2025,"Feb","Weekday",240.0,0,0,"Semester"
"655","Supplemental",2025,"Feb","Weekday",193.0,0,0,"Semester"
"657","Supplemental",2025,"Feb","Weekday",271.111111111111,0,0,"Semester"
"658","Supplemental",2025,"Feb","Weekday",153.0,0,0,"Semester"
"660","Supplemental",2025,"Feb","Weekday",97.0,0,0,"Semester"
"662","Supplemental",2025,"Feb","Weekday",80.0,0,0,"Semester"
"663","Supplemental",2025,"Feb","Weekday",25.5,0,0,"Semester"
"667","Supplemental",2025,"Feb","Weekday",141.166666666667,0,0,"Semester"
"669","Supplemental",2025,"Feb","Weekday",67.0,0,0,"Semester"
"67","Local",2025,"Feb","Weekday",308.0,0,0,"Semester"
"671","Supplemental",2025,"Feb","Weekday",62.0,0,0,"Semester"
"672","Supplemental",2025,"Feb","Weekday",28.0,0,0,"Semester"
"675","Supplemental",2025,"Feb","Weekday",302.666666666667,0,0,"Semester"
"676","Supplemental",2025,"Feb","Weekday",116.0,0,0,"Semester"
"677","Supplemental",2025,"Feb","Weekday",110.0,0,0,"Semester"
"680","Supplemental",2025,"Feb","Weekday",41.0,0,0,"Semester"
"681","Supplemental",2025,"Feb","Weekday",15.0,0,0,"Semester"
"682","Supplemental",2025,"Feb","Weekday",200.0,0,0,"Semester"
"683","Supplemental",2025,"Feb","Weekday",28.0,0,0,"Semester"
"684","Supplemental",2025,"Feb","Weekday",204.0,0,0,"Semester"
"687","Supplemental",2025,"Feb","Weekday",186.0,0,0,"Semester"
"688","Supplemental",2025,"Feb","Weekday",74.0,0,0,"Semester"
"696","Supplemental",2025,"Feb","Weekday",24.0,0,0,"Semester"
"7","Local",2025,"Feb","Saturday",2450.0,1,0,"Semester"
"7","Local",2025,"Feb","Sunday",2338.0,1,0,"Semester"
"7","Local",2025,"Feb","Weekday",3198.0,1,0,"Semester"
"70","Local",2025,"Feb","Saturday",309.0,1,0,"Semester"
"70","Local",2025,"Feb","Sunday",284.0,1,0,"Semester"
"70","Local",2025,"Feb","Weekday",384.0,1,0,"Semester"
"701","M-Transbay",2025,"Feb","Weekday",49.0,0,0,"Semester"
"702","M-Transbay",2025,"Feb","Weekday",12.0,0,0,"Semester"
"703","M-Transbay",2025,"Feb","Weekday",8.0,0,0,"Semester"
"71","Local",2025,"Feb","Saturday",434.0,1,0,"Semester"
"71","Local",2025,"Feb","Sunday",359.0,1,0,"Semester"
"71","Local",2025,"Feb","Weekday",1030.0,1,0,"Semester"
"72","Local",2025,"Feb","Saturday",2704.98461538462,1,0,"Semester"
"72","Local",2025,"Feb","Sunday",2347.15492957746,1,0,"Semester"
"72","Local",2025,"Feb","Weekday",3433.33333333333,1,0,"Semester"
"72M","Local",2025,"Feb","Saturday",2380.68181818182,1,0,"Semester"
"72M","Local",2025,"Feb","Sunday",2007.29166666667,1,0,"Semester"
"72M","Local",2025,"Feb","Weekday",3055.0,1,0,"Semester"
"72R","Local",2025,"Feb","Saturday",2701.0,1,0,"Semester"
"72R","Local",2025,"Feb","Sunday",2140.0,1,0,"Semester"
"72R","Local",2025,"Feb","Weekday",4545.0,1,0,"Semester"
"73","Local",2025,"Feb","Saturday",1333.05882352941,1,0,"Semester"
"73","Local",2025,"Feb","Sunday",1184.82352941176,1,0,"Semester"
"73","Local",2025,"Feb","Weekday",1967.29411764706,1,0,"Semester"
"74","Local",2025,"Feb","Saturday",370.0,1,0,"Semester"
"74","Local",2025,"Feb","Sunday",357.0,1,0,"Semester"
"74","Local",2025,"Feb","Weekday",1032.0,1,0,"Semester"
"76","Local",2025,"Feb","Saturday",880.0,1,0,"Semester"
"76","Local",2025,"Feb","Sunday",788.0,1,0,"Semester"
"76","Local",2025,"Feb","Weekday",1901.0,1,0,"Semester"
"79","Local",2025,"Feb","Saturday",1616.0,1,0,"Semester"
"79","Local",2025,"Feb","Sunday",1373.0,1,0,"Semester"
"79","Local",2025,"Feb","Weekday",2557.0,1,0,"Semester"
"800","All Nighter",2025,"Feb","Saturday",484.0,1,1,"Semester"
"800","All Nighter",2025,"Feb","Sunday",372.807692307692,1,1,"Semester"
"800","All Nighter",2025,"Feb","Weekday",419.0,1,1,"Semester"
"801","All Nighter",2025,"Feb","Saturday",239.0,1,0,"Semester"
"801","All Nighter",2025,"Feb","Sunday",250.0,1,0,"Semester"
"801","All Nighter",2025,"Feb","Weekday",259.0,1,0,"Semester"
"802","All Nighter",2025,"Feb","Saturday",79.0,1,0,"Semester"
"802","All Nighter",2025,"Feb","Sunday",59.4,1,0,"Semester"
"802","All Nighter",2025,"Feb","Weekday",60.0,1,0,"Semester"
"805","All Nighter",2025,"Feb","Saturday",107.0,1,0,"Semester"
"805","All Nighter",2025,"Feb","Sunday",74.0,1,0,"Semester"
"805","All Nighter",2025,"Feb","Weekday",79.0,1,0,"Semester"
"840","All Nighter",2025,"Feb","Saturday",67.2,1,0,"Semester"
"840","All Nighter",2025,"Feb","Sunday",68.0,1,0,"Semester"
"840","All Nighter",2025,"Feb","Weekday",56.0,1,0,"Semester"
"851","All Nighter",2025,"Feb","Saturday",71.0,1,1,"Semester"
"851","All Nighter",2025,"Feb","Sunday",72.0,1,1,"Semester"
"851","All Nighter",2025,"Feb","Weekday",89.0,1,1,"Semester"
"86","Local",2025,"Feb","Saturday",607.0,1,0,"Semester"
"86","Local",2025,"Feb","Sunday",602.0,1,0,"Semester"
"86","Local",2025,"Feb","Weekday",1353.0,1,0,"Semester"
"88","Local",2025,"Feb","Saturday",1294.0,1,0,"Semester"
"88","Local",2025,"Feb","Sunday",1096.0,1,0,"Semester"
"88","Local",2025,"Feb","Weekday",2098.0,1,0,"Semester"
"90","Local",2025,"Feb","Saturday",358.0,1,0,"Semester"
"90","Local",2025,"Feb","Sunday",342.0,1,0,"Semester"
"90","Local",2025,"Feb","Weekday",698.88,1,0,"Semester"
"93","Local",2025,"Feb","Saturday",353.0,1,0,"Semester"
"93","Local",2025,"Feb","Sunday",372.0,1,0,"Semester"
"93","Local",2025,"Feb","Weekday",841.0,1,0,"Semester"
"95","Local",2025,"Feb","Saturday",129.0,1,0,"Semester"
"95","Local",2025,"Feb","Sunday",121.90243902439,1,0,"Semester"
"95","Local",2025,"Feb","Weekday",257.0,1,0,"Semester"
"96","Local",2025,"Feb","Saturday",995.0,1,0,"Semester"
"96","Local",2025,"Feb","Sunday",1025.0,1,0,"Semester"
"96","Local",2025,"Feb","Weekday",1347.0,1,0,"Semester"
"97","Local",2025,"Feb","Saturday",1449.0,1,0,"Semester"
"97","Local",2025,"Feb","Sunday",1330.0,1,0,"Semester"
"97","Local",2025,"Feb","Weekday",3054.63414634146,1,0,"Semester"
"98","Local",2025,"Feb","Saturday",474.184615384615,1,0,"Semester"
"98","Local",2025,"Feb","Sunday",448.8,1,0,"Semester"
"98","Local",2025,"Feb","Weekday",1291.8431372549,1,0,"Semester"
"99","Local",2025,"Feb","Saturday",1396.07594936709,1,0,"Semester"
"99","Local",2025,"Feb","Sunday",1163.375,1,0,"Semester"
"99","Local",2025,"Feb","Weekday",2364.77192982456,1,0,"Semester"
"E","M-Transbay",2025,"Feb","Weekday",153.0,0,0,"Semester"
"F","M-Transbay",2025,"Feb","Saturday",1955.13698630137,1,1,"Semester"
"F","M-Transbay",2025,"Feb","Sunday",1657.19178082192,1,1,"Semester"
"F","M-Transbay",2025,"Feb","Weekday",2587.36842105263,1,1,"Semester"
"FS","M-Transbay",2025,"Feb","Weekday",92.0,0,0,"Semester"
"G","M-Transbay",2025,"Feb","Weekday",308.8,0,0,"Semester"
"J","M-Transbay",2025,"Feb","Weekday",303.333333333333,0,0,"Semester"
"L","M-Transbay",2025,"Feb","Weekday",136.0,0,0,"Semester"
"LA","M-Transbay",2025,"Feb","Weekday",56.25,0,0,"Semester"
"NL","M-Transbay",2025,"Feb","Saturday",1161.48648648649,1,0,"Semester"
"NL","M-Transbay",2025,"Feb","Sunday",1117.90540540541,1,0,"Semester"
"NL","M-Transbay",2025,"Feb","Weekday",2395.19642857143,1,0,"Semester"
"NX","M-Transbay",2025,"Feb","Weekday",198.0,0,0,"Semester"
"NX3","M-Transbay",2025,"Feb","Weekday",172.2,0,0,"Semester"
"O","M-Transbay",2025,"Feb","Saturday",752.0,1,0,"Semester"
"O","M-Transbay",2025,"Feb","Sunday",721.0,1,0,"Semester"
"O","M-Transbay",2025,"Feb","Weekday",1089.796875,1,0,"Semester"
"OX","M-Transbay",2025,"Feb","Weekday",112.0,0,0,"Semester"
"P","M-Transbay",2025,"Feb","Weekday",347.0,0,0,"Semester"
"U","M-Transbay",2025,"Feb","Weekday",274.8,0,0,"Semester"
"V","M-Transbay",2025,"Feb","Weekday",242.0,0,0,"Semester"
"W","M-Transbay",2025,"Feb","Weekday",167.0,0,0,"Semester"
"10","Local",2025,"Mar","Saturday",1538.13311036789,1,0,"Semester"
"10","Local",2025,"Mar","Sunday",1338.57692307692,1,0,"Semester"
"10","Local",2025,"Mar","Weekday",2418.75,1,0,"Semester"
"12","Local",2025,"Mar","Saturday",1794.6,1,0,"Semester"
"12","Local",2025,"Mar","Sunday",1302.0,1,0,"Semester"
"12","Local",2025,"Mar","Weekday",2508.0,1,0,"Semester"
"14","Local",2025,"Mar","Saturday",1526.95517241379,1,0,"Semester"
"14","Local",2025,"Mar","Sunday",1183.0,1,0,"Semester"
"14","Local",2025,"Mar","Weekday",3172.0,1,0,"Semester"
"18","Local",2025,"Mar","Saturday",2563.97864855451,1,0,"Semester"
"18","Local",2025,"Mar","Sunday",2375.4,1,0,"Semester"
"18","Local",2025,"Mar","Weekday",3966.06569343066,1,0,"Semester"
"19","Local",2025,"Mar","Saturday",213.722580645161,1,0,"Semester"
"19","Local",2025,"Mar","Sunday",180.0,1,0,"Semester"
"19","Local",2025,"Mar","Weekday",253.0,1,0,"Semester"
"1T","Local",2025,"Mar","Saturday",13461.9866521265,1,0,"Semester"
"1T","Local",2025,"Mar","Sunday",10994.6601941748,1,0,"Semester"
"1T","Local",2025,"Mar","Weekday",16280.3333333333,1,0,"Semester"
"20","Local",2025,"Mar","Saturday",1703.13846153846,1,0,"Semester"
"20","Local",2025,"Mar","Sunday",1341.26666666667,1,0,"Semester"
"20","Local",2025,"Mar","Weekday",1893.85074626866,1,0,"Semester"
"200","Local",2025,"Mar","Saturday",961.155981493721,1,0,"Semester"
"200","Local",2025,"Mar","Sunday",816.067415730337,1,0,"Semester"
"200","Local",2025,"Mar","Weekday",1298.0,1,0,"Semester"
"21","Local",2025,"Mar","Saturday",925.923657474601,1,0,"Semester"
"21","Local",2025,"Mar","Sunday",748.867924528302,1,0,"Semester"
"21","Local",2025,"Mar","Weekday",1299.0,1,0,"Semester"
"210","Local",2025,"Mar","Saturday",675.509593495935,1,0,"Semester"
"210","Local",2025,"Mar","Sunday",612.0,1,0,"Semester"
"210","Local",2025,"Mar","Weekday",1260.0,1,0,"Semester"
"212","Local",2025,"Mar","Saturday",461.879069767442,1,0,"Semester"
"212","Local",2025,"Mar","Sunday",404.0,1,0,"Semester"
"212","Local",2025,"Mar","Weekday",633.0,1,0,"Semester"
"215","Local",2025,"Mar","Weekday",175.0,0,0,"Semester"
"216","Local",2025,"Mar","Saturday",224.894117647059,1,0,"Semester"
"216","Local",2025,"Mar","Sunday",171.0,1,0,"Semester"
"216","Local",2025,"Mar","Weekday",289.0,1,0,"Semester"
"217","Local",2025,"Mar","Saturday",589.4,1,0,"Semester"
"217","Local",2025,"Mar","Sunday",520.0,1,0,"Semester"
"217","Local",2025,"Mar","Weekday",910.0,1,0,"Semester"
"232","Local",2025,"Mar","Saturday",221.55,1,0,"Semester"
"232","Local",2025,"Mar","Sunday",203.0,1,0,"Semester"
"232","Local",2025,"Mar","Weekday",300.0,1,0,"Semester"
"239","Local",2025,"Mar","Weekday",625.0,0,0,"Semester"
"251","Local",2025,"Mar","Saturday",130.94,1,0,"Semester"
"251","Local",2025,"Mar","Sunday",102.0,1,0,"Semester"
"251","Local",2025,"Mar","Weekday",195.0,1,0,"Semester"
"28","Local",2025,"Mar","Saturday",408.6,1,0,"Semester"
"28","Local",2025,"Mar","Sunday",395.0,1,0,"Semester"
"28","Local",2025,"Mar","Weekday",631.0,1,0,"Semester"
"29","Local",2025,"Mar","Saturday",885.232,1,0,"Semester"
"29","Local",2025,"Mar","Sunday",598.0,1,0,"Semester"
"29","Local",2025,"Mar","Weekday",1232.0,1,0,"Semester"
"33","Local",2025,"Mar","Saturday",1292.08484848485,1,0,"Semester"
"33","Local",2025,"Mar","Sunday",950.0,1,0,"Semester"
"33","Local",2025,"Mar","Weekday",2456.0,1,0,"Semester"
"34","Local",2025,"Mar","Saturday",573.014285714286,1,0,"Semester"
"34","Local",2025,"Mar","Sunday",449.0,1,0,"Semester"
"34","Local",2025,"Mar","Weekday",667.0,1,0,"Semester"
"35","Local",2025,"Mar","Saturday",520.692307692308,1,0,"Semester"
"35","Local",2025,"Mar","Sunday",463.0,1,0,"Semester"
"35","Local",2025,"Mar","Weekday",660.0,1,0,"Semester"
"36","Local",2025,"Mar","Saturday",1555.53780397937,1,1,"Semester"
"36","Local",2025,"Mar","Sunday",1402.78260869565,1,1,"Semester"
"36","Local",2025,"Mar","Weekday",2113.82608695652,1,1,"Semester"
"376","Local",2025,"Mar","Saturday",207.2,1,0,"Semester"
"376","Local",2025,"Mar","Sunday",160.0,1,0,"Semester"
"376","Local",2025,"Mar","Weekday",150.909090909091,1,0,"Semester"
"39","Local",2025,"Mar","Weekday",472.5,0,0,"Semester"
"40","Local",2025,"Mar","Saturday",3327.91824175824,1,0,"Semester"
"40","Local",2025,"Mar","Sunday",2460.78461538462,1,0,"Semester"
"40","Local",2025,"Mar","Weekday",6359.85051546392,1,0,"Semester"
"41","Local",2025,"Mar","Saturday",455.6,1,0,"Semester"
"41","Local",2025,"Mar","Sunday",372.0,1,0,"Semester"
"41","Local",2025,"Mar","Weekday",600.0,1,0,"Semester"
"45","Local",2025,"Mar","Saturday",595.175757575758,1,0,"Semester"
"45","Local",2025,"Mar","Sunday",413.0,1,0,"Semester"
"45","Local",2025,"Mar","Weekday",1275.0,1,0,"Semester"
"46L","Local",2025,"Mar","Weekday",189.0,0,0,"Semester"
"51A","Local",2025,"Mar","Saturday",3782.3522151149,1,0,"Semester"
"51A","Local",2025,"Mar","Sunday",2810.234375,1,0,"Semester"
"51A","Local",2025,"Mar","Weekday",6026.75438596491,1,0,"Semester"
"51B","Local",2025,"Mar","Saturday",6624.87757133378,1,1,"Semester"
"51B","Local",2025,"Mar","Sunday",5078.38759689923,1,1,"Semester"
"51B","Local",2025,"Mar","Weekday",7501.33333333333,1,1,"Semester"
"52","Local",2025,"Mar","Saturday",1892.90746268657,1,1,"Semester"
"52","Local",2025,"Mar","Sunday",1513.0,1,1,"Semester"
"52","Local",2025,"Mar","Weekday",4096.0,1,1,"Semester"
"54","Local",2025,"Mar","Saturday",653.0,1,0,"Semester"
"54","Local",2025,"Mar","Sunday",425.0,1,0,"Semester"
"54","Local",2025,"Mar","Weekday",1318.0,1,0,"Semester"
"56","Local",2025,"Mar","Saturday",297.762962962963,1,0,"Semester"
"56","Local",2025,"Mar","Sunday",256.0,1,0,"Semester"
"56","Local",2025,"Mar","Weekday",422.0,1,0,"Semester"
"57","Local",2025,"Mar","Saturday",4099.66494505494,1,0,"Semester"
"57","Local",2025,"Mar","Sunday",3312.94904458599,1,0,"Semester"
"57","Local",2025,"Mar","Weekday",5313.5923566879,1,0,"Semester"
"6","Local",2025,"Mar","Saturday",3217.44143897996,1,1,"Semester"
"6","Local",2025,"Mar","Sunday",2656.55862068966,1,1,"Semester"
"6","Local",2025,"Mar","Weekday",4637.8502994012,1,1,"Semester"
"60","Local",2025,"Mar","Saturday",734.24,1,0,"Semester"
"60","Local",2025,"Mar","Sunday",602.150943396226,1,0,"Semester"
"60","Local",2025,"Mar","Weekday",1107.0,1,0,"Semester"
"604","Supplemental",2025,"Mar","Weekday",124.0,0,0,"Semester"
"605","Supplemental",2025,"Mar","Weekday",46.0,0,0,"Semester"
"606","Supplemental",2025,"Mar","Weekday",45.0,0,0,"Semester"
"607","Supplemental",2025,"Mar","Weekday",34.0,0,0,"Semester"
"617","Supplemental",2025,"Mar","Weekday",74.0,0,0,"Semester"
"62","Local",2025,"Mar","Saturday",1189.92393442623,1,0,"Semester"
"62","Local",2025,"Mar","Sunday",946.884057971014,1,0,"Semester"
"62","Local",2025,"Mar","Weekday",2326.82142857143,1,0,"Semester"
"620","Supplemental",2025,"Mar","Weekday",49.0,0,0,"Semester"
"621","Supplemental",2025,"Mar","Weekday",351.0,0,0,"Semester"
"623","Supplemental",2025,"Mar","Weekday",963.454545454545,0,0,"Semester"
"624","Supplemental",2025,"Mar","Weekday",67.0,0,0,"Semester"
"625","Supplemental",2025,"Mar","Weekday",268.75,0,0,"Semester"
"626","Supplemental",2025,"Mar","Weekday",10.0,0,0,"Semester"
"628","Supplemental",2025,"Mar","Weekday",11.0,0,0,"Semester"
"629","Supplemental",2025,"Mar","Weekday",44.0,0,0,"Semester"
"631","Supplemental",2025,"Mar","Weekday",204.0,0,0,"Semester"
"638","Supplemental",2025,"Mar","Weekday",78.0,0,0,"Semester"
"641","Supplemental",2025,"Mar","Weekday",190.0,0,0,"Semester"
"642","Supplemental",2025,"Mar","Weekday",67.0,0,0,"Semester"
"646","Supplemental",2025,"Mar","Weekday",343.0,0,0,"Semester"
"648","Supplemental",2025,"Mar","Weekday",147.0,0,0,"Semester"
"649","Supplemental",2025,"Mar","Weekday",91.0,0,0,"Semester"
"65","Local",2025,"Mar","Weekday",405.675675675676,0,0,"Semester"
"650","Supplemental",2025,"Mar","Weekday",79.0,0,0,"Semester"
"651","Supplemental",2025,"Mar","Weekday",83.0,0,0,"Semester"
"652","Supplemental",2025,"Mar","Weekday",91.0,0,0,"Semester"
"653","Supplemental",2025,"Mar","Weekday",122.0,0,0,"Semester"
"654","Supplemental",2025,"Mar","Weekday",257.142857142857,0,0,"Semester"
"655","Supplemental",2025,"Mar","Weekday",228.0,0,0,"Semester"
"657","Supplemental",2025,"Mar","Weekday",314.0,0,0,"Semester"
"658","Supplemental",2025,"Mar","Weekday",194.0,0,0,"Semester"
"660","Supplemental",2025,"Mar","Weekday",72.0,0,0,"Semester"
"662","Supplemental",2025,"Mar","Weekday",85.0,0,0,"Semester"
"663","Supplemental",2025,"Mar","Weekday",43.0,0,0,"Semester"
"667","Supplemental",2025,"Mar","Weekday",142.333333333333,0,0,"Semester"
"669","Supplemental",2025,"Mar","Weekday",64.0,0,0,"Semester"
"67","Local",2025,"Mar","Weekday",318.0,0,0,"Semester"
"671","Supplemental",2025,"Mar","Weekday",74.0,0,0,"Semester"
"672","Supplemental",2025,"Mar","Weekday",25.0,0,0,"Semester"
"675","Supplemental",2025,"Mar","Weekday",313.090909090909,0,0,"Semester"
"676","Supplemental",2025,"Mar","Weekday",92.0,0,0,"Semester"
"677","Supplemental",2025,"Mar","Weekday",105.0,0,0,"Semester"
"680","Supplemental",2025,"Mar","Weekday",41.0,0,0,"Semester"
"681","Supplemental",2025,"Mar","Weekday",16.0,0,0,"Semester"
"682","Supplemental",2025,"Mar","Weekday",185.0,0,0,"Semester"
"683","Supplemental",2025,"Mar","Weekday",33.0,0,0,"Semester"
"684","Supplemental",2025,"Mar","Weekday",188.0,0,0,"Semester"
"687","Supplemental",2025,"Mar","Weekday",198.75,0,0,"Semester"
"688","Supplemental",2025,"Mar","Weekday",44.0,0,0,"Semester"
"696","Supplemental",2025,"Mar","Weekday",18.0,0,0,"Semester"
"7","Local",2025,"Mar","Saturday",2179.6,1,0,"Semester"
"7","Local",2025,"Mar","Sunday",2087.0,1,0,"Semester"
"7","Local",2025,"Mar","Weekday",2739.0,1,0,"Semester"
"70","Local",2025,"Mar","Saturday",316.392,1,0,"Semester"
"70","Local",2025,"Mar","Sunday",250.0,1,0,"Semester"
"70","Local",2025,"Mar","Weekday",405.0,1,0,"Semester"
"701","M-Transbay",2025,"Mar","Weekday",64.0,0,0,"Semester"
"702","M-Transbay",2025,"Mar","Weekday",13.0,0,0,"Semester"
"703","M-Transbay",2025,"Mar","Weekday",8.0,0,0,"Semester"
"71","Local",2025,"Mar","Saturday",448.133333333333,1,0,"Semester"
"71","Local",2025,"Mar","Sunday",369.0,1,0,"Semester"
"71","Local",2025,"Mar","Weekday",1071.0,1,0,"Semester"
"72","Local",2025,"Mar","Saturday",2719.65811965812,1,0,"Semester"
"72","Local",2025,"Mar","Sunday",2230.27777777778,1,0,"Semester"
"72","Local",2025,"Mar","Weekday",2947.60273972603,1,0,"Semester"
"72M","Local",2025,"Mar","Saturday",2348.16666666667,1,0,"Semester"
"72M","Local",2025,"Mar","Sunday",1984.85915492958,1,0,"Semester"
"72M","Local",2025,"Mar","Weekday",2981.0,1,0,"Semester"
"72R","Local",2025,"Mar","Saturday",2775.22388059701,1,0,"Semester"
"72R","Local",2025,"Mar","Sunday",2224.0,1,0,"Semester"
"72R","Local",2025,"Mar","Weekday",4355.0,1,0,"Semester"
"73","Local",2025,"Mar","Saturday",1352.75294117647,1,0,"Semester"
"73","Local",2025,"Mar","Sunday",1106.13333333333,1,0,"Semester"
"73","Local",2025,"Mar","Weekday",1931.29411764706,1,0,"Semester"
"74","Local",2025,"Mar","Saturday",428.908108108108,1,0,"Semester"
"74","Local",2025,"Mar","Sunday",340.0,1,0,"Semester"
"74","Local",2025,"Mar","Weekday",1103.0,1,0,"Semester"
"76","Local",2025,"Mar","Saturday",951.8625,1,0,"Semester"
"76","Local",2025,"Mar","Sunday",783.0,1,0,"Semester"
"76","Local",2025,"Mar","Weekday",1925.0,1,0,"Semester"
"79","Local",2025,"Mar","Saturday",1481.03333333333,1,0,"Semester"
"79","Local",2025,"Mar","Sunday",1357.0,1,0,"Semester"
"79","Local",2025,"Mar","Weekday",2067.0,1,0,"Semester"
"800","All Nighter",2025,"Mar","Saturday",484.0,1,1,"Semester"
"800","All Nighter",2025,"Mar","Sunday",372.807692307692,1,1,"Semester"
"800","All Nighter",2025,"Mar","Weekday",419.0,1,1,"Semester"
"801","All Nighter",2025,"Mar","Saturday",239.0,1,0,"Semester"
"801","All Nighter",2025,"Mar","Sunday",250.0,1,0,"Semester"
"801","All Nighter",2025,"Mar","Weekday",259.0,1,0,"Semester"
"802","All Nighter",2025,"Mar","Saturday",79.0,1,0,"Semester"
"802","All Nighter",2025,"Mar","Sunday",59.4,1,0,"Semester"
"802","All Nighter",2025,"Mar","Weekday",60.0,1,0,"Semester"
"805","All Nighter",2025,"Mar","Saturday",107.0,1,0,"Semester"
"805","All Nighter",2025,"Mar","Sunday",74.0,1,0,"Semester"
"805","All Nighter",2025,"Mar","Weekday",79.0,1,0,"Semester"
"840","All Nighter",2025,"Mar","Saturday",67.2,1,0,"Semester"
"840","All Nighter",2025,"Mar","Sunday",68.0,1,0,"Semester"
"840","All Nighter",2025,"Mar","Weekday",56.0,1,0,"Semester"
"851","All Nighter",2025,"Mar","Saturday",71.0,1,1,"Semester"
"851","All Nighter",2025,"Mar","Sunday",72.0,1,1,"Semester"
"851","All Nighter",2025,"Mar","Weekday",89.0,1,1,"Semester"
"86","Local",2025,"Mar","Saturday",713.627272727273,1,0,"Semester"
"86","Local",2025,"Mar","Sunday",534.0,1,0,"Semester"
"86","Local",2025,"Mar","Weekday",1331.0,1,0,"Semester"
"88","Local",2025,"Mar","Saturday",1307.31290322581,1,0,"Semester"
"88","Local",2025,"Mar","Sunday",1143.0,1,0,"Semester"
"88","Local",2025,"Mar","Weekday",2025.0,1,0,"Semester"
"90","Local",2025,"Mar","Saturday",365.99696969697,1,0,"Semester"
"90","Local",2025,"Mar","Sunday",305.560606060606,1,0,"Semester"
"90","Local",2025,"Mar","Weekday",663.52,1,0,"Semester"
"93","Local",2025,"Mar","Saturday",451.6,1,0,"Semester"
"93","Local",2025,"Mar","Sunday",380.0,1,0,"Semester"
"93","Local",2025,"Mar","Weekday",873.0,1,0,"Semester"
"95","Local",2025,"Mar","Saturday",133.24,1,0,"Semester"
"95","Local",2025,"Mar","Sunday",117.0,1,0,"Semester"
"95","Local",2025,"Mar","Weekday",242.0,1,0,"Semester"
"96","Local",2025,"Mar","Saturday",1081.71304347826,1,0,"Semester"
"96","Local",2025,"Mar","Sunday",941.180327868852,1,0,"Semester"
"96","Local",2025,"Mar","Weekday",1361.0,1,0,"Semester"
"97","Local",2025,"Mar","Saturday",1559.63684210526,1,0,"Semester"
"97","Local",2025,"Mar","Sunday",1254.0,1,0,"Semester"
"97","Local",2025,"Mar","Weekday",3073.0,1,0,"Semester"
"98","Local",2025,"Mar","Saturday",525.969230769231,1,0,"Semester"
"98","Local",2025,"Mar","Sunday",414.276923076923,1,0,"Semester"
"98","Local",2025,"Mar","Weekday",1226.58823529412,1,0,"Semester"
"99","Local",2025,"Mar","Saturday",1475.85213114754,1,0,"Semester"
"99","Local",2025,"Mar","Sunday",1255.625,1,0,"Semester"
"99","Local",2025,"Mar","Weekday",2432.97391304348,1,0,"Semester"
"E","M-Transbay",2025,"Mar","Weekday",188.0,0,0,"Semester"
"F","M-Transbay",2025,"Mar","Saturday",1836.16438356164,1,1,"Semester"
"F","M-Transbay",2025,"Mar","Sunday",1520.54794520548,1,1,"Semester"
"F","M-Transbay",2025,"Mar","Weekday",2320.0,1,1,"Semester"
"FS","M-Transbay",2025,"Mar","Weekday",130.0,0,0,"Semester"
"G","M-Transbay",2025,"Mar","Weekday",230.666666666667,0,0,"Semester"
"J","M-Transbay",2025,"Mar","Weekday",330.666666666667,0,0,"Semester"
"L","M-Transbay",2025,"Mar","Weekday",152.0,0,0,"Semester"
"LA","M-Transbay",2025,"Mar","Weekday",72.5,0,0,"Semester"
"NL","M-Transbay",2025,"Mar","Saturday",1224.679943101,1,0,"Semester"
"NL","M-Transbay",2025,"Mar","Sunday",970.945945945946,1,0,"Semester"
"NL","M-Transbay",2025,"Mar","Weekday",2405.28571428571,1,0,"Semester"
"NX","M-Transbay",2025,"Mar","Weekday",226.0,0,0,"Semester"
"NX3","M-Transbay",2025,"Mar","Weekday",144.0,0,0,"Semester"
"O","M-Transbay",2025,"Mar","Saturday",747.754838709677,1,0,"Semester"
"O","M-Transbay",2025,"Mar","Sunday",681.0,1,0,"Semester"
"O","M-Transbay",2025,"Mar","Weekday",1111.78125,1,0,"Semester"
"OX","M-Transbay",2025,"Mar","Weekday",117.0,0,0,"Semester"
"P","M-Transbay",2025,"Mar","Weekday",356.0,0,0,"Semester"
"U","M-Transbay",2025,"Mar","Weekday",226.6,0,0,"Semester"
"V","M-Transbay",2025,"Mar","Weekday",228.0,0,0,"Semester"
"W","M-Transbay",2025,"Mar","Weekday",159.0,0,0,"Semester"
"10","Local",2025,"Apr","Saturday",1608.0,1,0,"Semester"
"10","Local",2025,"Apr","Sunday",1325.27102803738,1,0,"Semester"
"10","Local",2025,"Apr","Weekday",2453.0,1,0,"Semester"
"12","Local",2025,"Apr","Saturday",1891.0,1,0,"Semester"
"12","Local",2025,"Apr","Sunday",1583.0,1,0,"Semester"
"12","Local",2025,"Apr","Weekday",2761.0,1,0,"Semester"
"14","Local",2025,"Apr","Saturday",1338.0,1,0,"Semester"
"14","Local",2025,"Apr","Sunday",1156.0,1,0,"Semester"
"14","Local",2025,"Apr","Weekday",3176.0,1,0,"Semester"
"18","Local",2025,"Apr","Saturday",3256.52173913043,1,0,"Semester"
"18","Local",2025,"Apr","Sunday",2662.0,1,0,"Semester"
"18","Local",2025,"Apr","Weekday",4161.0,1,0,"Semester"
"19","Local",2025,"Apr","Saturday",197.0,1,0,"Semester"
"19","Local",2025,"Apr","Sunday",161.0,1,0,"Semester"
"19","Local",2025,"Apr","Weekday",244.0,1,0,"Semester"
"1T","Local",2025,"Apr","Saturday",12254.2156862745,1,0,"Semester"
"1T","Local",2025,"Apr","Sunday",10945.0,1,0,"Semester"
"1T","Local",2025,"Apr","Weekday",16027.0,1,0,"Semester"
"20","Local",2025,"Apr","Saturday",1687.0,1,0,"Semester"
"20","Local",2025,"Apr","Sunday",1369.0,1,0,"Semester"
"20","Local",2025,"Apr","Weekday",1944.0,1,0,"Semester"
"200","Local",2025,"Apr","Saturday",968.0,1,0,"Semester"
"200","Local",2025,"Apr","Sunday",885.0,1,0,"Semester"
"200","Local",2025,"Apr","Weekday",1336.0,1,0,"Semester"
"21","Local",2025,"Apr","Saturday",875.0,1,0,"Semester"
"21","Local",2025,"Apr","Sunday",695.0,1,0,"Semester"
"21","Local",2025,"Apr","Weekday",1193.0,1,0,"Semester"
"210","Local",2025,"Apr","Saturday",654.0,1,0,"Semester"
"210","Local",2025,"Apr","Sunday",628.0,1,0,"Semester"
"210","Local",2025,"Apr","Weekday",1289.0,1,0,"Semester"
"212","Local",2025,"Apr","Saturday",467.0,1,0,"Semester"
"212","Local",2025,"Apr","Sunday",414.679245283019,1,0,"Semester"
"212","Local",2025,"Apr","Weekday",696.0,1,0,"Semester"
"215","Local",2025,"Apr","Weekday",192.0,0,0,"Semester"
"216","Local",2025,"Apr","Saturday",219.0,1,0,"Semester"
"216","Local",2025,"Apr","Sunday",197.0,1,0,"Semester"
"216","Local",2025,"Apr","Weekday",283.0,1,0,"Semester"
"217","Local",2025,"Apr","Saturday",595.0,1,0,"Semester"
"217","Local",2025,"Apr","Sunday",559.0,1,0,"Semester"
"217","Local",2025,"Apr","Weekday",942.0,1,0,"Semester"
"232","Local",2025,"Apr","Saturday",224.0,1,0,"Semester"
"232","Local",2025,"Apr","Sunday",239.0,1,0,"Semester"
"232","Local",2025,"Apr","Weekday",319.0,1,0,"Semester"
"239","Local",2025,"Apr","Weekday",610.0,0,0,"Semester"
"251","Local",2025,"Apr","Saturday",136.0,1,0,"Semester"
"251","Local",2025,"Apr","Sunday",100.0,1,0,"Semester"
"251","Local",2025,"Apr","Weekday",201.0,1,0,"Semester"
"28","Local",2025,"Apr","Saturday",458.0,1,0,"Semester"
"28","Local",2025,"Apr","Sunday",398.0,1,0,"Semester"
"28","Local",2025,"Apr","Weekday",682.0,1,0,"Semester"
"29","Local",2025,"Apr","Saturday",917.0,1,0,"Semester"
"29","Local",2025,"Apr","Sunday",753.0,1,0,"Semester"
"29","Local",2025,"Apr","Weekday",1303.0,1,0,"Semester"
"33","Local",2025,"Apr","Saturday",1606.0,1,0,"Semester"
"33","Local",2025,"Apr","Sunday",1131.0,1,0,"Semester"
"33","Local",2025,"Apr","Weekday",2525.0,1,0,"Semester"
"34","Local",2025,"Apr","Saturday",541.0,1,0,"Semester"
"34","Local",2025,"Apr","Sunday",474.0,1,0,"Semester"
"34","Local",2025,"Apr","Weekday",680.0,1,0,"Semester"
"35","Local",2025,"Apr","Saturday",574.0,1,0,"Semester"
"35","Local",2025,"Apr","Sunday",456.0,1,0,"Semester"
"35","Local",2025,"Apr","Weekday",721.0,1,0,"Semester"
"36","Local",2025,"Apr","Saturday",2052.0,1,1,"Semester"
"36","Local",2025,"Apr","Sunday",1705.0,1,1,"Semester"
"36","Local",2025,"Apr","Weekday",2335.0,1,1,"Semester"
"376","Local",2025,"Apr","Saturday",134.736842105263,1,0,"Semester"
"376","Local",2025,"Apr","Sunday",141.052631578947,1,0,"Semester"
"376","Local",2025,"Apr","Weekday",140.0,1,0,"Semester"
"39","Local",2025,"Apr","Weekday",441.0,0,0,"Semester"
"40","Local",2025,"Apr","Saturday",3102.0,1,0,"Semester"
"40","Local",2025,"Apr","Sunday",2483.0,1,0,"Semester"
"40","Local",2025,"Apr","Weekday",6260.0,1,0,"Semester"
"41","Local",2025,"Apr","Saturday",435.0,1,0,"Semester"
"41","Local",2025,"Apr","Sunday",377.0,1,0,"Semester"
"41","Local",2025,"Apr","Weekday",611.0,1,0,"Semester"
"45","Local",2025,"Apr","Saturday",483.0,1,0,"Semester"
"45","Local",2025,"Apr","Sunday",397.0,1,0,"Semester"
"45","Local",2025,"Apr","Weekday",1208.0,1,0,"Semester"
"46L","Local",2025,"Apr","Weekday",169.0,0,0,"Semester"
"51A","Local",2025,"Apr","Saturday",3762.0,1,0,"Semester"
"51A","Local",2025,"Apr","Sunday",2833.0,1,0,"Semester"
"51A","Local",2025,"Apr","Weekday",5914.0,1,0,"Semester"
"51B","Local",2025,"Apr","Saturday",7536.0,1,1,"Semester"
"51B","Local",2025,"Apr","Sunday",6571.5625,1,1,"Semester"
"51B","Local",2025,"Apr","Weekday",8665.0,1,1,"Semester"
"52","Local",2025,"Apr","Saturday",2171.15942028986,1,1,"Semester"
"52","Local",2025,"Apr","Sunday",1789.0,1,1,"Semester"
"52","Local",2025,"Apr","Weekday",4785.0,1,1,"Semester"
"54","Local",2025,"Apr","Saturday",615.0,1,0,"Semester"
"54","Local",2025,"Apr","Sunday",442.0,1,0,"Semester"
"54","Local",2025,"Apr","Weekday",1233.0,1,0,"Semester"
"56","Local",2025,"Apr","Saturday",319.393939393939,1,0,"Semester"
"56","Local",2025,"Apr","Sunday",243.0,1,0,"Semester"
"56","Local",2025,"Apr","Weekday",440.0,1,0,"Semester"
"57","Local",2025,"Apr","Saturday",4144.85714285714,1,0,"Semester"
"57","Local",2025,"Apr","Sunday",3686.30769230769,1,0,"Semester"
"57","Local",2025,"Apr","Weekday",5370.0,1,0,"Semester"
"6","Local",2025,"Apr","Saturday",3331.06,1,1,"Semester"
"6","Local",2025,"Apr","Sunday",3083.20930232558,1,1,"Semester"
"6","Local",2025,"Apr","Weekday",4964.0,1,1,"Semester"
"60","Local",2025,"Apr","Saturday",743.0,1,0,"Semester"
"60","Local",2025,"Apr","Sunday",571.0,1,0,"Semester"
"60","Local",2025,"Apr","Weekday",1117.0,1,0,"Semester"
"604","Supplemental",2025,"Apr","Weekday",117.0,0,0,"Semester"
"605","Supplemental",2025,"Apr","Weekday",50.0,0,0,"Semester"
"606","Supplemental",2025,"Apr","Weekday",44.0,0,0,"Semester"
"607","Supplemental",2025,"Apr","Weekday",44.0,0,0,"Semester"
"617","Supplemental",2025,"Apr","Weekday",73.0,0,0,"Semester"
"62","Local",2025,"Apr","Saturday",1067.625,1,0,"Semester"
"62","Local",2025,"Apr","Sunday",846.183098591549,1,0,"Semester"
"62","Local",2025,"Apr","Weekday",2183.15044247788,1,0,"Semester"
"620","Supplemental",2025,"Apr","Weekday",64.0,0,0,"Semester"
"621","Supplemental",2025,"Apr","Weekday",385.0,0,0,"Semester"
"623","Supplemental",2025,"Apr","Weekday",1048.44444444444,0,0,"Semester"
"624","Supplemental",2025,"Apr","Weekday",71.0,0,0,"Semester"
"625","Supplemental",2025,"Apr","Weekday",341.666666666667,0,0,"Semester"
"626","Supplemental",2025,"Apr","Weekday",10.0,0,0,"Semester"
"628","Supplemental",2025,"Apr","Weekday",12.0,0,0,"Semester"
"629","Supplemental",2025,"Apr","Weekday",50.0,0,0,"Semester"
"631","Supplemental",2025,"Apr","Weekday",242.4,0,0,"Semester"
"638","Supplemental",2025,"Apr","Weekday",87.0,0,0,"Semester"
"641","Supplemental",2025,"Apr","Weekday",286.25,0,0,"Semester"
"642","Supplemental",2025,"Apr","Weekday",77.0,0,0,"Semester"
"646","Supplemental",2025,"Apr","Weekday",314.0,0,0,"Semester"
"648","Supplemental",2025,"Apr","Weekday",143.0,0,0,"Semester"
"649","Supplemental",2025,"Apr","Weekday",103.2,0,0,"Semester"
"65","Local",2025,"Apr","Weekday",463.189189189189,0,0,"Semester"
"650","Supplemental",2025,"Apr","Weekday",86.0,0,0,"Semester"
"651","Supplemental",2025,"Apr","Weekday",90.0,0,0,"Semester"
"652","Supplemental",2025,"Apr","Weekday",72.0,0,0,"Semester"
"653","Supplemental",2025,"Apr","Weekday",130.0,0,0,"Semester"
"654","Supplemental",2025,"Apr","Weekday",223.0,0,0,"Semester"
"655","Supplemental",2025,"Apr","Weekday",263.0,0,0,"Semester"
"657","Supplemental",2025,"Apr","Weekday",261.0,0,0,"Semester"
"658","Supplemental",2025,"Apr","Weekday",166.0,0,0,"Semester"
"660","Supplemental",2025,"Apr","Weekday",95.0,0,0,"Semester"
"662","Supplemental",2025,"Apr","Weekday",68.0,0,0,"Semester"
"663","Supplemental",2025,"Apr","Weekday",54.6666666666667,0,0,"Semester"
"667","Supplemental",2025,"Apr","Weekday",169.166666666667,0,0,"Semester"
"669","Supplemental",2025,"Apr","Weekday",92.0,0,0,"Semester"
"67","Local",2025,"Apr","Weekday",306.0,0,0,"Semester"
"671","Supplemental",2025,"Apr","Weekday",80.0,0,0,"Semester"
"672","Supplemental",2025,"Apr","Weekday",23.0,0,0,"Semester"
"675","Supplemental",2025,"Apr","Weekday",324.0,0,0,"Semester"
"676","Supplemental",2025,"Apr","Weekday",99.0,0,0,"Semester"
"677","Supplemental",2025,"Apr","Weekday",112.0,0,0,"Semester"
"680","Supplemental",2025,"Apr","Weekday",43.0,0,0,"Semester"
"681","Supplemental",2025,"Apr","Weekday",16.0,0,0,"Semester"
"682","Supplemental",2025,"Apr","Weekday",174.0,0,0,"Semester"
"683","Supplemental",2025,"Apr","Weekday",27.0,0,0,"Semester"
"684","Supplemental",2025,"Apr","Weekday",194.6,0,0,"Semester"
"687","Supplemental",2025,"Apr","Weekday",216.0,0,0,"Semester"
"688","Supplemental",2025,"Apr","Weekday",63.0,0,0,"Semester"
"696","Supplemental",2025,"Apr","Weekday",20.0,0,0,"Semester"
"7","Local",2025,"Apr","Saturday",2733.0,1,0,"Semester"
"7","Local",2025,"Apr","Sunday",2472.0,1,0,"Semester"
"7","Local",2025,"Apr","Weekday",3098.0,1,0,"Semester"
"70","Local",2025,"Apr","Saturday",300.0,1,0,"Semester"
"70","Local",2025,"Apr","Sunday",255.0,1,0,"Semester"
"70","Local",2025,"Apr","Weekday",399.0,1,0,"Semester"
"701","M-Transbay",2025,"Apr","Weekday",64.0,0,0,"Semester"
"702","M-Transbay",2025,"Apr","Weekday",14.0,0,0,"Semester"
"703","M-Transbay",2025,"Apr","Weekday",13.0,0,0,"Semester"
"71","Local",2025,"Apr","Saturday",437.0,1,0,"Semester"
"71","Local",2025,"Apr","Sunday",350.0,1,0,"Semester"
"71","Local",2025,"Apr","Weekday",1067.0,1,0,"Semester"
"72","Local",2025,"Apr","Saturday",2908.92957746479,1,0,"Semester"
"72","Local",2025,"Apr","Sunday",2283.0,1,0,"Semester"
"72","Local",2025,"Apr","Weekday",3263.0,1,0,"Semester"
"72M","Local",2025,"Apr","Saturday",2393.75,1,0,"Semester"
"72M","Local",2025,"Apr","Sunday",2031.0,1,0,"Semester"
"72M","Local",2025,"Apr","Weekday",3164.0,1,0,"Semester"
"72R","Local",2025,"Apr","Saturday",3004.98947368421,1,0,"Semester"
"72R","Local",2025,"Apr","Sunday",2238.0,1,0,"Semester"
"72R","Local",2025,"Apr","Weekday",4573.0,1,0,"Semester"
"73","Local",2025,"Apr","Saturday",1163.07692307692,1,0,"Semester"
"73","Local",2025,"Apr","Sunday",979.804195804196,1,0,"Semester"
"73","Local",2025,"Apr","Weekday",1849.0,1,0,"Semester"
"74","Local",2025,"Apr","Saturday",407.0,1,0,"Semester"
"74","Local",2025,"Apr","Sunday",346.0,1,0,"Semester"
"74","Local",2025,"Apr","Weekday",1079.0,1,0,"Semester"
"76","Local",2025,"Apr","Saturday",982.0,1,0,"Semester"
"76","Local",2025,"Apr","Sunday",851.0,1,0,"Semester"
"76","Local",2025,"Apr","Weekday",1968.0,1,0,"Semester"
"79","Local",2025,"Apr","Saturday",1651.0,1,0,"Semester"
"79","Local",2025,"Apr","Sunday",1523.0,1,0,"Semester"
"79","Local",2025,"Apr","Weekday",2469.0,1,0,"Semester"
"800","All Nighter",2025,"Apr","Saturday",639.0,1,1,"Semester"
"800","All Nighter",2025,"Apr","Sunday",365.0,1,1,"Semester"
"800","All Nighter",2025,"Apr","Weekday",418.0,1,1,"Semester"
"801","All Nighter",2025,"Apr","Saturday",272.0,1,0,"Semester"
"801","All Nighter",2025,"Apr","Sunday",273.0,1,0,"Semester"
"801","All Nighter",2025,"Apr","Weekday",298.0,1,0,"Semester"
"802","All Nighter",2025,"Apr","Saturday",48.0,1,0,"Semester"
"802","All Nighter",2025,"Apr","Sunday",57.0,1,0,"Semester"
"802","All Nighter",2025,"Apr","Weekday",67.0,1,0,"Semester"
"805","All Nighter",2025,"Apr","Saturday",68.0,1,0,"Semester"
"805","All Nighter",2025,"Apr","Sunday",86.1818181818182,1,0,"Semester"
"805","All Nighter",2025,"Apr","Weekday",84.0,1,0,"Semester"
"840","All Nighter",2025,"Apr","Saturday",58.0,1,0,"Semester"
"840","All Nighter",2025,"Apr","Sunday",63.0,1,0,"Semester"
"840","All Nighter",2025,"Apr","Weekday",67.0,1,0,"Semester"
"851","All Nighter",2025,"Apr","Saturday",105.0,1,1,"Semester"
"851","All Nighter",2025,"Apr","Sunday",95.0,1,1,"Semester"
"851","All Nighter",2025,"Apr","Weekday",94.0,1,1,"Semester"
"86","Local",2025,"Apr","Saturday",656.514705882353,1,0,"Semester"
"86","Local",2025,"Apr","Sunday",541.0,1,0,"Semester"
"86","Local",2025,"Apr","Weekday",1346.0,1,0,"Semester"
"88","Local",2025,"Apr","Saturday",1436.0,1,0,"Semester"
"88","Local",2025,"Apr","Sunday",1220.3417721519,1,0,"Semester"
"88","Local",2025,"Apr","Weekday",2062.0,1,0,"Semester"
"90","Local",2025,"Apr","Saturday",376.0,1,0,"Semester"
"90","Local",2025,"Apr","Sunday",294.393939393939,1,0,"Semester"
"90","Local",2025,"Apr","Weekday",635.0,1,0,"Semester"
"93","Local",2025,"Apr","Saturday",432.0,1,0,"Semester"
"93","Local",2025,"Apr","Sunday",392.0,1,0,"Semester"
"93","Local",2025,"Apr","Weekday",882.0,1,0,"Semester"
"95","Local",2025,"Apr","Saturday",150.0,1,0,"Semester"
"95","Local",2025,"Apr","Sunday",121.90243902439,1,0,"Semester"
"95","Local",2025,"Apr","Weekday",244.311111111111,1,0,"Semester"
"96","Local",2025,"Apr","Saturday",1131.0,1,0,"Semester"
"96","Local",2025,"Apr","Sunday",864.0,1,0,"Semester"
"96","Local",2025,"Apr","Weekday",1364.0,1,0,"Semester"
"97","Local",2025,"Apr","Saturday",1637.0,1,0,"Semester"
"97","Local",2025,"Apr","Sunday",1219.0,1,0,"Semester"
"97","Local",2025,"Apr","Weekday",3021.0,1,0,"Semester"
"98","Local",2025,"Apr","Saturday",454.892307692308,1,0,"Semester"
"98","Local",2025,"Apr","Sunday",356.0,1,0,"Semester"
"98","Local",2025,"Apr","Weekday",1084.0,1,0,"Semester"
"99","Local",2025,"Apr","Saturday",1510.0,1,0,"Semester"
"99","Local",2025,"Apr","Sunday",1281.0,1,0,"Semester"
"99","Local",2025,"Apr","Weekday",2491.0,1,0,"Semester"
"E","M-Transbay",2025,"Apr","Weekday",174.0,0,0,"Semester"
"F","Transbay",2025,"Apr","Saturday",2202.0,1,1,"Semester"
"F","Transbay",2025,"Apr","Sunday",1927.0,1,1,"Semester"
"F","M-Transbay",2025,"Apr","Weekday",2612.0,1,1,"Semester"
"FS","M-Transbay",2025,"Apr","Weekday",134.0,0,0,"Semester"
"G","M-Transbay",2025,"Apr","Weekday",222.857142857143,0,0,"Semester"
"J","M-Transbay",2025,"Apr","Weekday",376.0,0,0,"Semester"
"L","M-Transbay",2025,"Apr","Weekday",148.0,0,0,"Semester"
"LA","M-Transbay",2025,"Apr","Weekday",70.0,0,0,"Semester"
"NL","Transbay",2025,"Apr","Saturday",1291.0,1,0,"Semester"
"NL","Transbay",2025,"Apr","Sunday",1158.0,1,0,"Semester"
"NL","M-Transbay",2025,"Apr","Weekday",2526.0,1,0,"Semester"
"NX","M-Transbay",2025,"Apr","Weekday",217.0,0,0,"Semester"
"NX3","M-Transbay",2025,"Apr","Weekday",121.0,0,0,"Semester"
"O","Transbay",2025,"Apr","Saturday",810.0,1,0,"Semester"
"O","Transbay",2025,"Apr","Sunday",764.0,1,0,"Semester"
"O","M-Transbay",2025,"Apr","Weekday",1087.0,1,0,"Semester"
"OX","M-Transbay",2025,"Apr","Weekday",110.0,0,0,"Semester"
"P","M-Transbay",2025,"Apr","Weekday",370.0,0,0,"Semester"
"U","M-Transbay",2025,"Apr","Weekday",263.0,0,0,"Semester"
"V","M-Transbay",2025,"Apr","Weekday",231.0,0,0,"Semester"
"W","M-Transbay",2025,"Apr","Weekday",146.0,0,0,"Semester"
"10","Local",2025,"May","Saturday",1634.0,1,0,"Other"
"10","Local",2025,"May","Sunday",1472.0,1,0,"Other"
"10","Local",2025,"May","Weekday",2753.0,1,0,"Other"
"12","Local",2025,"May","Saturday",1722.0,1,0,"Other"
"12","Local",2025,"May","Sunday",1457.0,1,0,"Other"
"12","Local",2025,"May","Weekday",2770.0,1,0,"Other"
"14","Local",2025,"May","Saturday",1390.0,1,0,"Other"
"14","Local",2025,"May","Sunday",1159.0,1,0,"Other"
"14","Local",2025,"May","Weekday",3330.0,1,0,"Other"
"18","Local",2025,"May","Saturday",2944.0,1,0,"Other"
"18","Local",2025,"May","Sunday",2326.0,1,0,"Other"
"18","Local",2025,"May","Weekday",4265.0,1,0,"Other"
"19","Local",2025,"May","Saturday",188.0,1,0,"Other"
"19","Local",2025,"May","Sunday",165.0,1,0,"Other"
"19","Local",2025,"May","Weekday",240.0,1,0,"Other"
"1T","Local",2025,"May","Saturday",12374.7263681592,1,0,"Other"
"1T","Local",2025,"May","Sunday",11240.193236715,1,0,"Other"
"1T","Local",2025,"May","Weekday",16657.0,1,0,"Other"
"20","Local",2025,"May","Saturday",1688.0,1,0,"Other"
"20","Local",2025,"May","Sunday",1413.0,1,0,"Other"
"20","Local",2025,"May","Weekday",2125.0,1,0,"Other"
"200","Local",2025,"May","Saturday",901.0,1,0,"Other"
"200","Local",2025,"May","Sunday",810.0,1,0,"Other"
"200","Local",2025,"May","Weekday",1318.0,1,0,"Other"
"21","Local",2025,"May","Saturday",903.0,1,0,"Other"
"21","Local",2025,"May","Sunday",749.88679245283,1,0,"Other"
"21","Local",2025,"May","Weekday",1300.0,1,0,"Other"
"210","Local",2025,"May","Saturday",669.0,1,0,"Other"
"210","Local",2025,"May","Sunday",621.0,1,0,"Other"
"210","Local",2025,"May","Weekday",1269.0,1,0,"Other"
"212","Local",2025,"May","Saturday",490.153846153846,1,0,"Other"
"212","Local",2025,"May","Sunday",438.11320754717,1,0,"Other"
"212","Local",2025,"May","Weekday",718.0,1,0,"Other"
"215","Local",2025,"May","Weekday",196.0,0,0,"Other"
"216","Local",2025,"May","Saturday",234.0,1,0,"Other"
"216","Local",2025,"May","Sunday",186.0,1,0,"Other"
"216","Local",2025,"May","Weekday",307.0,1,0,"Other"
"217","Local",2025,"May","Saturday",569.0,1,0,"Other"
"217","Local",2025,"May","Sunday",550.0,1,0,"Other"
"217","Local",2025,"May","Weekday",929.0,1,0,"Other"
"232","Local",2025,"May","Saturday",213.0,1,0,"Other"
"232","Local",2025,"May","Sunday",214.0,1,0,"Other"
"232","Local",2025,"May","Weekday",318.0,1,0,"Other"
"239","Local",2025,"May","Weekday",654.0,0,0,"Other"
"251","Local",2025,"May","Saturday",109.0,1,0,"Other"
"251","Local",2025,"May","Sunday",103.0,1,0,"Other"
"251","Local",2025,"May","Weekday",198.0,1,0,"Other"
"28","Local",2025,"May","Saturday",410.0,1,0,"Other"
"28","Local",2025,"May","Sunday",400.0,1,0,"Other"
"28","Local",2025,"May","Weekday",701.0,1,0,"Other"
"29","Local",2025,"May","Saturday",920.0,1,0,"Other"
"29","Local",2025,"May","Sunday",761.0,1,0,"Other"
"29","Local",2025,"May","Weekday",1392.0,1,0,"Other"
"33","Local",2025,"May","Saturday",1306.0,1,0,"Other"
"33","Local",2025,"May","Sunday",1167.0,1,0,"Other"
"33","Local",2025,"May","Weekday",2512.0,1,0,"Other"
"34","Local",2025,"May","Saturday",579.0,1,0,"Other"
"34","Local",2025,"May","Sunday",493.0,1,0,"Other"
"34","Local",2025,"May","Weekday",695.0,1,0,"Other"
"35","Local",2025,"May","Saturday",543.0,1,0,"Other"
"35","Local",2025,"May","Sunday",521.0,1,0,"Other"
"35","Local",2025,"May","Weekday",748.0,1,0,"Other"
"36","Local",2025,"May","Saturday",1472.0,1,1,"Other"
"36","Local",2025,"May","Sunday",1230.0,1,1,"Other"
"36","Local",2025,"May","Weekday",1786.0,1,1,"Other"
"376","Local",2025,"May","Saturday",135.0,1,0,"Other"
"376","Local",2025,"May","Sunday",118.0,1,0,"Other"
"376","Local",2025,"May","Weekday",144.0,1,0,"Other"
"39","Local",2025,"May","Weekday",525.0,0,0,"Other"
"40","Local",2025,"May","Saturday",3235.0,1,0,"Other"
"40","Local",2025,"May","Sunday",2575.0,1,0,"Other"
"40","Local",2025,"May","Weekday",6951.0,1,0,"Other"
"41","Local",2025,"May","Saturday",421.0,1,0,"Other"
"41","Local",2025,"May","Sunday",340.0,1,0,"Other"
"41","Local",2025,"May","Weekday",646.0,1,0,"Other"
"45","Local",2025,"May","Saturday",478.0,1,0,"Other"
"45","Local",2025,"May","Sunday",421.0,1,0,"Other"
"45","Local",2025,"May","Weekday",1281.0,1,0,"Other"
"46L","Local",2025,"May","Weekday",172.0,0,0,"Other"
"51A","Local",2025,"May","Saturday",3586.0,1,0,"Other"
"51A","Local",2025,"May","Sunday",2905.0,1,0,"Other"
"51A","Local",2025,"May","Weekday",6241.0,1,0,"Other"
"51B","Local",2025,"May","Saturday",5749.0,1,1,"Other"
"51B","Local",2025,"May","Sunday",4282.0,1,1,"Other"
"51B","Local",2025,"May","Weekday",6846.0,1,1,"Other"
"52","Local",2025,"May","Saturday",1438.0,1,1,"Other"
"52","Local",2025,"May","Sunday",1316.0,1,1,"Other"
"52","Local",2025,"May","Weekday",2911.0,1,1,"Other"
"54","Local",2025,"May","Saturday",564.0,1,0,"Other"
"54","Local",2025,"May","Sunday",483.323076923077,1,0,"Other"
"54","Local",2025,"May","Weekday",1309.0,1,0,"Other"
"56","Local",2025,"May","Saturday",326.0,1,0,"Other"
"56","Local",2025,"May","Sunday",275.0,1,0,"Other"
"56","Local",2025,"May","Weekday",440.0,1,0,"Other"
"57","Local",2025,"May","Saturday",4129.0,1,0,"Other"
"57","Local",2025,"May","Sunday",3327.0,1,0,"Other"
"57","Local",2025,"May","Weekday",5598.0,1,0,"Other"
"6","Local",2025,"May","Saturday",3233.0,1,1,"Other"
"6","Local",2025,"May","Sunday",2635.45333333333,1,1,"Other"
"6","Local",2025,"May","Weekday",4589.0,1,1,"Other"
"60","Local",2025,"May","Saturday",710.0,1,0,"Other"
"60","Local",2025,"May","Sunday",552.0,1,0,"Other"
"60","Local",2025,"May","Weekday",1129.0,1,0,"Other"
"604","Supplemental",2025,"May","Weekday",123.0,0,0,"Other"
"605","Supplemental",2025,"May","Weekday",59.0,0,0,"Other"
"606","Supplemental",2025,"May","Weekday",54.0,0,0,"Other"
"607","Supplemental",2025,"May","Weekday",41.0,0,0,"Other"
"617","Supplemental",2025,"May","Weekday",63.0,0,0,"Other"
"62","Local",2025,"May","Saturday",1045.0,1,0,"Other"
"62","Local",2025,"May","Sunday",950.013888888889,1,0,"Other"
"62","Local",2025,"May","Weekday",2240.0,1,0,"Other"
"620","Supplemental",2025,"May","Weekday",50.0,0,0,"Other"
"621","Supplemental",2025,"May","Weekday",360.0,0,0,"Other"
"623","Supplemental",2025,"May","Weekday",940.545454545455,0,0,"Other"
"624","Supplemental",2025,"May","Weekday",63.0,0,0,"Other"
"625","Supplemental",2025,"May","Weekday",253.333333333333,0,0,"Other"
"626","Supplemental",2025,"May","Weekday",15.0,0,0,"Other"
"628","Supplemental",2025,"May","Weekday",15.0,0,0,"Other"
"629","Supplemental",2025,"May","Weekday",46.0,0,0,"Other"
"631","Supplemental",2025,"May","Weekday",236.4,0,0,"Other"
"638","Supplemental",2025,"May","Weekday",83.0,0,0,"Other"
"641","Supplemental",2025,"May","Weekday",246.666666666667,0,0,"Other"
"642","Supplemental",2025,"May","Weekday",76.0,0,0,"Other"
"646","Supplemental",2025,"May","Weekday",308.0,0,0,"Other"
"648","Supplemental",2025,"May","Weekday",145.2,0,0,"Other"
"649","Supplemental",2025,"May","Weekday",92.0,0,0,"Other"
"65","Local",2025,"May","Weekday",370.0,0,0,"Other"
"650","Supplemental",2025,"May","Weekday",92.0,0,0,"Other"
"651","Supplemental",2025,"May","Weekday",108.0,0,0,"Other"
"652","Supplemental",2025,"May","Weekday",72.0,0,0,"Other"
"653","Supplemental",2025,"May","Weekday",113.0,0,0,"Other"
"654","Supplemental",2025,"May","Weekday",273.0,0,0,"Other"
"655","Supplemental",2025,"May","Weekday",239.0,0,0,"Other"
"657","Supplemental",2025,"May","Weekday",251.0,0,0,"Other"
"658","Supplemental",2025,"May","Weekday",172.0,0,0,"Other"
"660","Supplemental",2025,"May","Weekday",96.0,0,0,"Other"
"662","Supplemental",2025,"May","Weekday",78.0,0,0,"Other"
"663","Supplemental",2025,"May","Weekday",87.0,0,0,"Other"
"667","Supplemental",2025,"May","Weekday",163.333333333333,0,0,"Other"
"669","Supplemental",2025,"May","Weekday",85.0,0,0,"Other"
"67","Local",2025,"May","Weekday",319.304347826087,0,0,"Other"
"671","Supplemental",2025,"May","Weekday",75.0,0,0,"Other"
"672","Supplemental",2025,"May","Weekday",28.0,0,0,"Other"
"675","Supplemental",2025,"May","Weekday",304.363636363636,0,0,"Other"
"676","Supplemental",2025,"May","Weekday",102.0,0,0,"Other"
"677","Supplemental",2025,"May","Weekday",107.0,0,0,"Other"
"680","Supplemental",2025,"May","Weekday",45.0,0,0,"Other"
"681","Supplemental",2025,"May","Weekday",14.0,0,0,"Other"
"682","Supplemental",2025,"May","Weekday",154.0,0,0,"Other"
"683","Supplemental",2025,"May","Weekday",23.0,0,0,"Other"
"684","Supplemental",2025,"May","Weekday",201.0,0,0,"Other"
"687","Supplemental",2025,"May","Weekday",223.75,0,0,"Other"
"688","Supplemental",2025,"May","Weekday",71.0,0,0,"Other"
"696","Supplemental",2025,"May","Weekday",35.0,0,0,"Other"
"7","Local",2025,"May","Saturday",1885.0,1,0,"Other"
"7","Local",2025,"May","Sunday",1705.0,1,0,"Other"
"7","Local",2025,"May","Weekday",2516.0,1,0,"Other"
"70","Local",2025,"May","Saturday",319.0,1,0,"Other"
"70","Local",2025,"May","Sunday",266.0,1,0,"Other"
"70","Local",2025,"May","Weekday",432.0,1,0,"Other"
"701","M-Transbay",2025,"May","Weekday",66.0,0,0,"Other"
"702","M-Transbay",2025,"May","Weekday",12.0,0,0,"Other"
"703","M-Transbay",2025,"May","Weekday",29.0,0,0,"Other"
"71","Local",2025,"May","Saturday",471.0,1,0,"Other"
"71","Local",2025,"May","Sunday",418.0,1,0,"Other"
"71","Local",2025,"May","Weekday",1097.0,1,0,"Other"
"72","Local",2025,"May","Saturday",2834.0,1,0,"Other"
"72","Local",2025,"May","Sunday",2249.0,1,0,"Other"
"72","Local",2025,"May","Weekday",3129.0,1,0,"Other"
"72M","Local",2025,"May","Saturday",2497.0,1,0,"Other"
"72M","Local",2025,"May","Sunday",2049.0,1,0,"Other"
"72M","Local",2025,"May","Weekday",3041.0,1,0,"Other"
"72R","Local",2025,"May","Saturday",2907.0,1,0,"Other"
"72R","Local",2025,"May","Sunday",2292.0,1,0,"Other"
"72R","Local",2025,"May","Weekday",4431.0,1,0,"Other"
"73","Local",2025,"May","Saturday",1180.0,1,0,"Other"
"73","Local",2025,"May","Sunday",1084.05633802817,1,0,"Other"
"73","Local",2025,"May","Weekday",1952.0,1,0,"Other"
"74","Local",2025,"May","Saturday",407.843137254902,1,0,"Other"
"74","Local",2025,"May","Sunday",375.0,1,0,"Other"
"74","Local",2025,"May","Weekday",1183.0,1,0,"Other"
"76","Local",2025,"May","Saturday",996.0,1,0,"Other"
"76","Local",2025,"May","Sunday",850.0,1,0,"Other"
"76","Local",2025,"May","Weekday",2048.0,1,0,"Other"
"79","Local",2025,"May","Saturday",1159.0,1,0,"Other"
"79","Local",2025,"May","Sunday",979.0,1,0,"Other"
"79","Local",2025,"May","Weekday",2054.0,1,0,"Other"
"800","All Nighter",2025,"May","Saturday",534.0,1,1,"Other"
"800","All Nighter",2025,"May","Sunday",462.0,1,1,"Other"
"800","All Nighter",2025,"May","Weekday",467.0,1,1,"Other"
"801","All Nighter",2025,"May","Saturday",281.0,1,0,"Other"
"801","All Nighter",2025,"May","Sunday",285.0,1,0,"Other"
"801","All Nighter",2025,"May","Weekday",319.0,1,0,"Other"
"802","All Nighter",2025,"May","Saturday",39.6,1,0,"Other"
"802","All Nighter",2025,"May","Sunday",52.8,1,0,"Other"
"802","All Nighter",2025,"May","Weekday",86.0,1,0,"Other"
"805","All Nighter",2025,"May","Saturday",66.0,1,0,"Other"
"805","All Nighter",2025,"May","Sunday",72.0,1,0,"Other"
"805","All Nighter",2025,"May","Weekday",92.0,1,0,"Other"
"840","All Nighter",2025,"May","Saturday",59.0,1,0,"Other"
"840","All Nighter",2025,"May","Sunday",58.0,1,0,"Other"
"840","All Nighter",2025,"May","Weekday",66.0,1,0,"Other"
"851","All Nighter",2025,"May","Saturday",72.0,1,1,"Other"
"851","All Nighter",2025,"May","Sunday",80.0,1,1,"Other"
"851","All Nighter",2025,"May","Weekday",87.0,1,1,"Other"
"86","Local",2025,"May","Saturday",657.044776119403,1,0,"Other"
"86","Local",2025,"May","Sunday",506.0,1,0,"Other"
"86","Local",2025,"May","Weekday",1407.0,1,0,"Other"
"88","Local",2025,"May","Saturday",1322.0,1,0,"Other"
"88","Local",2025,"May","Sunday",1259.0,1,0,"Other"
"88","Local",2025,"May","Weekday",2284.0,1,0,"Other"
"90","Local",2025,"May","Saturday",360.0,1,0,"Other"
"90","Local",2025,"May","Sunday",319.0,1,0,"Other"
"90","Local",2025,"May","Weekday",682.0,1,0,"Other"
"93","Local",2025,"May","Saturday",461.0,1,0,"Other"
"93","Local",2025,"May","Sunday",412.0,1,0,"Other"
"93","Local",2025,"May","Weekday",945.0,1,0,"Other"
"95","Local",2025,"May","Saturday",138.0,1,0,"Other"
"95","Local",2025,"May","Sunday",131.0,1,0,"Other"
"95","Local",2025,"May","Weekday",263.0,1,0,"Other"
"96","Local",2025,"May","Saturday",1006.0,1,0,"Other"
"96","Local",2025,"May","Sunday",1007.0,1,0,"Other"
"96","Local",2025,"May","Weekday",1479.0,1,0,"Other"
"97","Local",2025,"May","Saturday",1515.0,1,0,"Other"
"97","Local",2025,"May","Sunday",1342.0,1,0,"Other"
"97","Local",2025,"May","Weekday",3064.0,1,0,"Other"
"98","Local",2025,"May","Saturday",447.0,1,0,"Other"
"98","Local",2025,"May","Sunday",385.0,1,0,"Other"
"98","Local",2025,"May","Weekday",1179.0,1,0,"Other"
"99","Local",2025,"May","Saturday",1485.0,1,0,"Other"
"99","Local",2025,"May","Sunday",1351.0,1,0,"Other"
"99","Local",2025,"May","Weekday",2614.0,1,0,"Other"
"E","M-Transbay",2025,"May","Weekday",186.0,0,0,"Other"
"F","M-Transbay",2025,"May","Saturday",1598.0,1,1,"Other"
"F","M-Transbay",2025,"May","Sunday",1478.0,1,1,"Other"
"F","M-Transbay",2025,"May","Weekday",2154.0,1,1,"Other"
"FS","M-Transbay",2025,"May","Weekday",144.0,0,0,"Other"
"G","M-Transbay",2025,"May","Weekday",251.0,0,0,"Other"
"J","M-Transbay",2025,"May","Weekday",331.2,0,0,"Other"
"L","M-Transbay",2025,"May","Weekday",158.0,0,0,"Other"
"LA","M-Transbay",2025,"May","Weekday",76.0,0,0,"Other"
"NL","M-Transbay",2025,"May","Saturday",1182.0,1,0,"Other"
"NL","M-Transbay",2025,"May","Sunday",1124.0,1,0,"Other"
"NL","M-Transbay",2025,"May","Weekday",2669.0,1,0,"Other"
"NX","M-Transbay",2025,"May","Weekday",216.0,0,0,"Other"
"NX3","M-Transbay",2025,"May","Weekday",125.0,0,0,"Other"
"O","M-Transbay",2025,"May","Saturday",799.0,1,0,"Other"
"O","M-Transbay",2025,"May","Sunday",757.0,1,0,"Other"
"O","M-Transbay",2025,"May","Weekday",1170.4696969697,1,0,"Other"
"OX","M-Transbay",2025,"May","Weekday",104.0,0,0,"Other"
"P","M-Transbay",2025,"May","Weekday",368.0,0,0,"Other"
"U","M-Transbay",2025,"May","Weekday",288.0,0,0,"Other"
"V","M-Transbay",2025,"May","Weekday",213.0,0,0,"Other"
"W","M-Transbay",2025,"May","Weekday",161.0,0,0,"Other"
"10","Local",2025,"Jun","Saturday",1696.5,1,0,"Summer"
"10","Local",2025,"Jun","Sunday",1513.47275612767,1,0,"Summer"
"10","Local",2025,"Jun","Weekday",2384.5,1,0,"Summer"
"12","Local",2025,"Jun","Saturday",1784.44664031621,1,0,"Summer"
"12","Local",2025,"Jun","Sunday",1486.0,1,0,"Summer"
"12","Local",2025,"Jun","Weekday",2448.0,1,0,"Summer"
"14","Local",2025,"Jun","Saturday",1321.81818181818,1,0,"Summer"
"14","Local",2025,"Jun","Sunday",1277.0,1,0,"Summer"
"14","Local",2025,"Jun","Weekday",2929.0,1,0,"Summer"
"18","Local",2025,"Jun","Saturday",2446.0,1,0,"Summer"
"18","Local",2025,"Jun","Sunday",2419.70695970696,1,0,"Summer"
"18","Local",2025,"Jun","Weekday",3767.5,1,0,"Summer"
"19","Local",2025,"Jun","Saturday",211.377419354839,1,0,"Summer"
"19","Local",2025,"Jun","Sunday",172.666666666667,1,0,"Summer"
"19","Local",2025,"Jun","Weekday",253.5,1,0,"Summer"
"1T","Local",2025,"Jun","Saturday",11934.3612948138,1,0,"Summer"
"1T","Local",2025,"Jun","Sunday",11598.0153930731,1,0,"Summer"
"1T","Local",2025,"Jun","Weekday",14783.925,1,0,"Summer"
"20","Local",2025,"Jun","Saturday",1629.0,1,0,"Summer"
"20","Local",2025,"Jun","Sunday",1383.0,1,0,"Summer"
"20","Local",2025,"Jun","Weekday",1972.5,1,0,"Summer"
"200","Local",2025,"Jun","Saturday",976.173756019262,1,0,"Summer"
"200","Local",2025,"Jun","Sunday",851.333333333333,1,0,"Summer"
"200","Local",2025,"Jun","Weekday",1300.5,1,0,"Summer"
"21","Local",2025,"Jun","Saturday",851.0,1,0,"Summer"
"21","Local",2025,"Jun","Sunday",827.735849056604,1,0,"Summer"
"21","Local",2025,"Jun","Weekday",1199.5,1,0,"Summer"
"210","Local",2025,"Jun","Saturday",685.166666666667,1,0,"Summer"
"210","Local",2025,"Jun","Sunday",638.0,1,0,"Summer"
"210","Local",2025,"Jun","Weekday",1120.5,1,0,"Summer"
"212","Local",2025,"Jun","Saturday",539.194373401535,1,0,"Summer"
"212","Local",2025,"Jun","Sunday",464.291666666667,1,0,"Summer"
"212","Local",2025,"Jun","Weekday",689.5,1,0,"Summer"
"215","Local",2025,"Jun","Weekday",202.0,0,0,"Summer"
"216","Local",2025,"Jun","Saturday",217.0,1,0,"Summer"
"216","Local",2025,"Jun","Sunday",220.333333333333,1,0,"Summer"
"216","Local",2025,"Jun","Weekday",301.0,1,0,"Summer"
"217","Local",2025,"Jun","Saturday",548.115384615385,1,0,"Summer"
"217","Local",2025,"Jun","Sunday",576.285714285714,1,0,"Summer"
"217","Local",2025,"Jun","Weekday",794.0,1,0,"Summer"
"232","Local",2025,"Jun","Saturday",216.0,1,0,"Summer"
"232","Local",2025,"Jun","Sunday",215.666666666667,1,0,"Summer"
"232","Local",2025,"Jun","Weekday",307.5,1,0,"Summer"
"239","Local",2025,"Jun","Weekday",554.0,0,0,"Summer"
"251","Local",2025,"Jun","Saturday",108.5,1,0,"Summer"
"251","Local",2025,"Jun","Sunday",100.88,1,0,"Summer"
"251","Local",2025,"Jun","Weekday",175.5,1,0,"Summer"
"28","Local",2025,"Jun","Saturday",456.575757575758,1,0,"Summer"
"28","Local",2025,"Jun","Sunday",422.0,1,0,"Summer"
"28","Local",2025,"Jun","Weekday",624.5,1,0,"Summer"
"29","Local",2025,"Jun","Saturday",957.755813953488,1,0,"Summer"
"29","Local",2025,"Jun","Sunday",777.0,1,0,"Summer"
"29","Local",2025,"Jun","Weekday",1296.0,1,0,"Summer"
"33","Local",2025,"Jun","Saturday",1465.32692307692,1,0,"Summer"
"33","Local",2025,"Jun","Sunday",1638.68181818182,1,0,"Summer"
"33","Local",2025,"Jun","Weekday",2260.21563088512,1,0,"Summer"
"34","Local",2025,"Jun","Saturday",598.0,1,0,"Summer"
"34","Local",2025,"Jun","Sunday",473.666666666667,1,0,"Summer"
"34","Local",2025,"Jun","Weekday",647.0,1,0,"Summer"
"35","Local",2025,"Jun","Saturday",565.5,1,0,"Summer"
"35","Local",2025,"Jun","Sunday",488.666666666667,1,0,"Summer"
"35","Local",2025,"Jun","Weekday",705.5,1,0,"Summer"
"36","Local",2025,"Jun","Saturday",1051.16949152542,1,1,"Summer"
"36","Local",2025,"Jun","Sunday",1032.34703196347,1,1,"Summer"
"36","Local",2025,"Jun","Weekday",1494.0,1,1,"Summer"
"376","Local",2025,"Jun","Saturday",162.333333333333,1,0,"Summer"
"376","Local",2025,"Jun","Sunday",163.929824561404,1,0,"Summer"
"376","Local",2025,"Jun","Weekday",144.0,1,0,"Summer"
"39","Local",2025,"Jun","Weekday",395.606060606061,0,0,"Summer"
"40","Local",2025,"Jun","Saturday",3215.47710055096,1,0,"Summer"
"40","Local",2025,"Jun","Sunday",2836.79661016949,1,0,"Summer"
"40","Local",2025,"Jun","Weekday",5521.0,1,0,"Summer"
"41","Local",2025,"Jun","Saturday",444.5,1,0,"Summer"
"41","Local",2025,"Jun","Sunday",393.0,1,0,"Summer"
"41","Local",2025,"Jun","Weekday",594.5,1,0,"Summer"
"45","Local",2025,"Jun","Saturday",490.0,1,0,"Summer"
"45","Local",2025,"Jun","Sunday",460.666666666667,1,0,"Summer"
"45","Local",2025,"Jun","Weekday",1084.5,1,0,"Summer"
"46L","Local",2025,"Jun","Weekday",147.5,0,0,"Summer"
"51A","Local",2025,"Jun","Saturday",3647.42647058824,1,0,"Summer"
"51A","Local",2025,"Jun","Sunday",3114.33333333333,1,0,"Summer"
"51A","Local",2025,"Jun","Weekday",5622.5,1,0,"Summer"
"51B","Local",2025,"Jun","Saturday",4974.39153761736,1,1,"Summer"
"51B","Local",2025,"Jun","Sunday",3577.4303030303,1,1,"Summer"
"51B","Local",2025,"Jun","Weekday",4620.5,1,1,"Summer"
"52","Local",2025,"Jun","Saturday",968.662362637363,1,1,"Summer"
"52","Local",2025,"Jun","Sunday",819.87922705314,1,1,"Summer"
"52","Local",2025,"Jun","Weekday",1809.0,1,1,"Summer"
"54","Local",2025,"Jun","Saturday",553.0,1,0,"Summer"
"54","Local",2025,"Jun","Sunday",470.333333333333,1,0,"Summer"
"54","Local",2025,"Jun","Weekday",1109.5,1,0,"Summer"
"56","Local",2025,"Jun","Saturday",300.5,1,0,"Summer"
"56","Local",2025,"Jun","Sunday",266.666666666667,1,0,"Summer"
"56","Local",2025,"Jun","Weekday",400.5,1,0,"Summer"
"57","Local",2025,"Jun","Saturday",3960.71580028765,1,0,"Summer"
"57","Local",2025,"Jun","Sunday",3552.23602484472,1,0,"Summer"
"57","Local",2025,"Jun","Weekday",4952.23585231194,1,0,"Summer"
"6","Local",2025,"Jun","Saturday",2411.5,1,1,"Summer"
"6","Local",2025,"Jun","Sunday",2300.57666666667,1,1,"Summer"
"6","Local",2025,"Jun","Weekday",3891.5,1,1,"Summer"
"60","Local",2025,"Jun","Saturday",711.5,1,0,"Summer"
"60","Local",2025,"Jun","Sunday",599.333333333333,1,0,"Summer"
"60","Local",2025,"Jun","Weekday",980.5,1,0,"Summer"
"604","Supplemental",2025,"Jun","Weekday",87.0,0,0,"Summer"
"605","Supplemental",2025,"Jun","Weekday",42.0,0,0,"Summer"
"606","Supplemental",2025,"Jun","Weekday",54.0,0,0,"Summer"
"607","Supplemental",2025,"Jun","Weekday",33.0,0,0,"Summer"
"617","Supplemental",2025,"Jun","Weekday",39.0,0,0,"Summer"
"62","Local",2025,"Jun","Saturday",993.270491803279,1,0,"Summer"
"62","Local",2025,"Jun","Sunday",951.892156862745,1,0,"Summer"
"62","Local",2025,"Jun","Weekday",1906.59821428571,1,0,"Summer"
"620","Supplemental",2025,"Jun","Weekday",50.0,0,0,"Summer"
"621","Supplemental",2025,"Jun","Weekday",360.0,0,0,"Summer"
"623","Supplemental",2025,"Jun","Weekday",91.0,0,0,"Summer"
"624","Supplemental",2025,"Jun","Weekday",33.0,0,0,"Summer"
"625","Supplemental",2025,"Jun","Weekday",253.333333333333,0,0,"Summer"
"626","Supplemental",2025,"Jun","Weekday",40.0,0,0,"Summer"
"628","Supplemental",2025,"Jun","Weekday",15.0,0,0,"Summer"
"629","Supplemental",2025,"Jun","Weekday",46.0,0,0,"Summer"
"631","Supplemental",2025,"Jun","Weekday",133.5,0,0,"Summer"
"638","Supplemental",2025,"Jun","Weekday",83.0,0,0,"Summer"
"641","Supplemental",2025,"Jun","Weekday",246.666666666667,0,0,"Summer"
"642","Supplemental",2025,"Jun","Weekday",76.0,0,0,"Summer"
"646","Supplemental",2025,"Jun","Weekday",308.0,0,0,"Summer"
"648","Supplemental",2025,"Jun","Weekday",145.2,0,0,"Summer"
"649","Supplemental",2025,"Jun","Weekday",92.0,0,0,"Summer"
"65","Local",2025,"Jun","Weekday",288.25,0,0,"Summer"
"650","Supplemental",2025,"Jun","Weekday",92.0,0,0,"Summer"
"651","Supplemental",2025,"Jun","Weekday",108.0,0,0,"Summer"
"652","Supplemental",2025,"Jun","Weekday",72.0,0,0,"Summer"
"653","Supplemental",2025,"Jun","Weekday",113.0,0,0,"Summer"
"654","Supplemental",2025,"Jun","Weekday",148.0,0,0,"Summer"
"655","Supplemental",2025,"Jun","Weekday",48.0,0,0,"Summer"
"657","Supplemental",2025,"Jun","Weekday",102.5,0,0,"Summer"
"658","Supplemental",2025,"Jun","Weekday",18.0,0,0,"Summer"
"660","Supplemental",2025,"Jun","Weekday",44.0,0,0,"Summer"
"662","Supplemental",2025,"Jun","Weekday",78.0,0,0,"Summer"
"663","Supplemental",2025,"Jun","Weekday",93.3333333333333,0,0,"Summer"
"667","Supplemental",2025,"Jun","Weekday",124.833333333333,0,0,"Summer"
"669","Supplemental",2025,"Jun","Weekday",82.0,0,0,"Summer"
"67","Local",2025,"Jun","Weekday",233.413043478261,0,0,"Summer"
"671","Supplemental",2025,"Jun","Weekday",62.5,0,0,"Summer"
"672","Supplemental",2025,"Jun","Weekday",30.0,0,0,"Summer"
"675","Supplemental",2025,"Jun","Weekday",259.5,0,0,"Summer"
"676","Supplemental",2025,"Jun","Weekday",124.0,0,0,"Summer"
"677","Supplemental",2025,"Jun","Weekday",21.0,0,0,"Summer"
"680","Supplemental",2025,"Jun","Weekday",52.0,0,0,"Summer"
"681","Supplemental",2025,"Jun","Weekday",17.0,0,0,"Summer"
"682","Supplemental",2025,"Jun","Weekday",0.0,0,0,"Summer"
"683","Supplemental",2025,"Jun","Weekday",0.0,0,0,"Summer"
"684","Supplemental",2025,"Jun","Weekday",210.0,0,0,"Summer"
"687","Supplemental",2025,"Jun","Weekday",45.0,0,0,"Summer"
"688","Supplemental",2025,"Jun","Weekday",55.0,0,0,"Summer"
"696","Supplemental",2025,"Jun","Weekday",35.0,0,0,"Summer"
"7","Local",2025,"Jun","Saturday",1337.5,1,0,"Summer"
"7","Local",2025,"Jun","Sunday",1384.66666666667,1,0,"Summer"
"7","Local",2025,"Jun","Weekday",1705.5,1,0,"Summer"
"70","Local",2025,"Jun","Saturday",335.0,1,0,"Summer"
"70","Local",2025,"Jun","Sunday",303.0,1,0,"Summer"
"70","Local",2025,"Jun","Weekday",410.5,1,0,"Summer"
"701","M-Transbay",2025,"Jun","Weekday",66.0,0,0,"Summer"
"702","M-Transbay",2025,"Jun","Weekday",11.0,0,0,"Summer"
"703","M-Transbay",2025,"Jun","Weekday",19.5,0,0,"Summer"
"71","Local",2025,"Jun","Saturday",444.5,1,0,"Summer"
"71","Local",2025,"Jun","Sunday",437.0,1,0,"Summer"
"71","Local",2025,"Jun","Weekday",978.5,1,0,"Summer"
"72","Local",2025,"Jun","Saturday",2457.84969818913,1,0,"Summer"
"72","Local",2025,"Jun","Sunday",2347.66666666667,1,0,"Summer"
"72","Local",2025,"Jun","Weekday",2835.9375,1,0,"Summer"
"72M","Local",2025,"Jun","Saturday",2137.54528985507,1,0,"Summer"
"72M","Local",2025,"Jun","Sunday",2116.0,1,0,"Summer"
"72M","Local",2025,"Jun","Weekday",2871.61267605634,1,0,"Summer"
"72R","Local",2025,"Jun","Saturday",2673.77906976744,1,0,"Summer"
"72R","Local",2025,"Jun","Sunday",2249.93023255814,1,0,"Summer"
"72R","Local",2025,"Jun","Weekday",4075.0,1,0,"Summer"
"73","Local",2025,"Jun","Saturday",1190.42957746479,1,0,"Summer"
"73","Local",2025,"Jun","Sunday",1180.29127959245,1,0,"Summer"
"73","Local",2025,"Jun","Weekday",1819.45070422535,1,0,"Summer"
"74","Local",2025,"Jun","Saturday",400.0,1,0,"Summer"
"74","Local",2025,"Jun","Sunday",414.333333333333,1,0,"Summer"
"74","Local",2025,"Jun","Weekday",889.0,1,0,"Summer"
"76","Local",2025,"Jun","Saturday",942.0,1,0,"Summer"
"76","Local",2025,"Jun","Sunday",912.333333333333,1,0,"Summer"
"76","Local",2025,"Jun","Weekday",1754.5,1,0,"Summer"
"79","Local",2025,"Jun","Saturday",664.448717948718,1,0,"Summer"
"79","Local",2025,"Jun","Sunday",705.833333333333,1,0,"Summer"
"79","Local",2025,"Jun","Weekday",1065.5,1,0,"Summer"
"800","All Nighter",2025,"Jun","Saturday",669.29347826087,1,1,"Summer"
"800","All Nighter",2025,"Jun","Sunday",438.333333333333,1,1,"Summer"
"800","All Nighter",2025,"Jun","Weekday",480.0,1,1,"Summer"
"801","All Nighter",2025,"Jun","Saturday",273.0,1,0,"Summer"
"801","All Nighter",2025,"Jun","Sunday",282.666666666667,1,0,"Summer"
"801","All Nighter",2025,"Jun","Weekday",307.0,1,0,"Summer"
"802","All Nighter",2025,"Jun","Saturday",51.8,1,0,"Summer"
"802","All Nighter",2025,"Jun","Sunday",67.3333333333333,1,0,"Summer"
"802","All Nighter",2025,"Jun","Weekday",79.5,1,0,"Summer"
"805","All Nighter",2025,"Jun","Saturday",77.0,1,0,"Summer"
"805","All Nighter",2025,"Jun","Sunday",82.0,1,0,"Summer"
"805","All Nighter",2025,"Jun","Weekday",91.5,1,0,"Summer"
"840","All Nighter",2025,"Jun","Saturday",64.7878787878788,1,0,"Summer"
"840","All Nighter",2025,"Jun","Sunday",62.0,1,0,"Summer"
"840","All Nighter",2025,"Jun","Weekday",65.0,1,0,"Summer"
"851","All Nighter",2025,"Jun","Saturday",89.5,1,1,"Summer"
"851","All Nighter",2025,"Jun","Sunday",66.0,1,1,"Summer"
"851","All Nighter",2025,"Jun","Weekday",86.0,1,1,"Summer"
"86","Local",2025,"Jun","Saturday",627.716417910448,1,0,"Summer"
"86","Local",2025,"Jun","Sunday",533.462686567164,1,0,"Summer"
"86","Local",2025,"Jun","Weekday",1263.5,1,0,"Summer"
"88","Local",2025,"Jun","Saturday",1339.85483870968,1,0,"Summer"
"88","Local",2025,"Jun","Sunday",1221.33333333333,1,0,"Summer"
"88","Local",2025,"Jun","Weekday",1742.0,1,0,"Summer"
"90","Local",2025,"Jun","Saturday",348.184210526316,1,0,"Summer"
"90","Local",2025,"Jun","Sunday",376.514619883041,1,0,"Summer"
"90","Local",2025,"Jun","Weekday",640.088235294118,1,0,"Summer"
"93","Local",2025,"Jun","Saturday",428.5,1,0,"Summer"
"93","Local",2025,"Jun","Sunday",412.333333333333,1,0,"Summer"
"93","Local",2025,"Jun","Weekday",815.163461538462,1,0,"Summer"
"95","Local",2025,"Jun","Saturday",150.223684210526,1,0,"Summer"
"95","Local",2025,"Jun","Sunday",132.456140350877,1,0,"Summer"
"95","Local",2025,"Jun","Weekday",223.204545454545,1,0,"Summer"
"96","Local",2025,"Jun","Saturday",993.829787234042,1,0,"Summer"
"96","Local",2025,"Jun","Sunday",939.792349726776,1,0,"Summer"
"96","Local",2025,"Jun","Weekday",1278.5,1,0,"Summer"
"97","Local",2025,"Jun","Saturday",1492.89344262295,1,0,"Summer"
"97","Local",2025,"Jun","Sunday",1312.33333333333,1,0,"Summer"
"97","Local",2025,"Jun","Weekday",2606.47933884298,1,0,"Summer"
"98","Local",2025,"Jun","Saturday",419.456445993031,1,0,"Summer"
"98","Local",2025,"Jun","Sunday",404.266666666667,1,0,"Summer"
"98","Local",2025,"Jun","Weekday",882.825242718447,1,0,"Summer"
"99","Local",2025,"Jun","Saturday",1443.0,1,0,"Summer"
"99","Local",2025,"Jun","Sunday",1320.36529680365,1,0,"Summer"
"99","Local",2025,"Jun","Weekday",2299.0,1,0,"Summer"
"E","M-Transbay",2025,"Jun","Weekday",186.5,0,0,"Summer"
"F","M-Transbay",2025,"Jun","Saturday",1341.5,1,1,"Summer"
"F","M-Transbay",2025,"Jun","Sunday",1300.0,1,1,"Summer"
"F","M-Transbay",2025,"Jun","Weekday",1918.0,1,1,"Summer"
"FS","M-Transbay",2025,"Jun","Weekday",110.666666666667,0,0,"Summer"
"G","M-Transbay",2025,"Jun","Weekday",250.666666666667,0,0,"Summer"
"J","M-Transbay",2025,"Jun","Weekday",334.333333333333,0,0,"Summer"
"L","M-Transbay",2025,"Jun","Weekday",145.714285714286,0,0,"Summer"
"LA","M-Transbay",2025,"Jun","Weekday",69.5833333333333,0,0,"Summer"
"NL","M-Transbay",2025,"Jun","Saturday",1238.58108108108,1,0,"Summer"
"NL","M-Transbay",2025,"Jun","Sunday",1162.66666666667,1,0,"Summer"
"NL","M-Transbay",2025,"Jun","Weekday",2385.88317757009,1,0,"Summer"
"NX","M-Transbay",2025,"Jun","Weekday",233.357142857143,0,0,"Summer"
"NX3","M-Transbay",2025,"Jun","Weekday",167.3,0,0,"Summer"
"O","M-Transbay",2025,"Jun","Saturday",748.069230769231,1,0,"Summer"
"O","M-Transbay",2025,"Jun","Sunday",805.0,1,0,"Summer"
"O","M-Transbay",2025,"Jun","Weekday",1187.9362745098,1,0,"Summer"
"OX","M-Transbay",2025,"Jun","Weekday",112.533333333333,0,0,"Summer"
"P","M-Transbay",2025,"Jun","Weekday",370.0,0,0,"Summer"
"U","M-Transbay",2025,"Jun","Weekday",243.65,0,0,"Summer"
"V","M-Transbay",2025,"Jun","Weekday",198.5,0,0,"Summer"
"W","M-Transbay",2025,"Jun","Weekday",162.0,0,0,"Summer"
"10","Local",2025,"Jul","Saturday",1560.0,1,0,"Summer"
"10","Local",2025,"Jul","Sunday",1406.0,1,0,"Summer"
"10","Local",2025,"Jul","Weekday",2276.0,1,0,"Summer"
"12","Local",2025,"Jul","Saturday",1704.0,1,0,"Summer"
"12","Local",2025,"Jul","Sunday",1327.0,1,0,"Summer"
"12","Local",2025,"Jul","Weekday",2387.0,1,0,"Summer"
"14","Local",2025,"Jul","Saturday",1202.0,1,0,"Summer"
"14","Local",2025,"Jul","Sunday",1072.0,1,0,"Summer"
"14","Local",2025,"Jul","Weekday",2600.0,1,0,"Summer"
"18","Local",2025,"Jul","Saturday",2617.0,1,0,"Summer"
"18","Local",2025,"Jul","Sunday",2412.0,1,0,"Summer"
"18","Local",2025,"Jul","Weekday",3620.0,1,0,"Summer"
"19","Local",2025,"Jul","Saturday",228.0,1,0,"Summer"
"19","Local",2025,"Jul","Sunday",185.0,1,0,"Summer"
"19","Local",2025,"Jul","Weekday",265.0,1,0,"Summer"
"1T","Local",2025,"Jul","Saturday",11389.9470899471,1,0,"Summer"
"1T","Local",2025,"Jul","Sunday",11194.5728643216,1,0,"Summer"
"1T","Local",2025,"Jul","Weekday",14334.038647343,1,0,"Summer"
"20","Local",2025,"Jul","Saturday",1602.0,1,0,"Summer"
"20","Local",2025,"Jul","Sunday",1258.0,1,0,"Summer"
"20","Local",2025,"Jul","Weekday",1851.0,1,0,"Summer"
"200","Local",2025,"Jul","Saturday",953.0,1,0,"Summer"
"200","Local",2025,"Jul","Sunday",838.0,1,0,"Summer"
"200","Local",2025,"Jul","Weekday",1287.0,1,0,"Summer"
"21","Local",2025,"Jul","Saturday",817.0,1,0,"Summer"
"21","Local",2025,"Jul","Sunday",688.0,1,0,"Summer"
"21","Local",2025,"Jul","Weekday",1186.0,1,0,"Summer"
"210","Local",2025,"Jul","Saturday",637.0,1,0,"Summer"
"210","Local",2025,"Jul","Sunday",577.0,1,0,"Summer"
"210","Local",2025,"Jul","Weekday",1077.0,1,0,"Summer"
"212","Local",2025,"Jul","Saturday",498.0,1,0,"Summer"
"212","Local",2025,"Jul","Sunday",388.0,1,0,"Summer"
"212","Local",2025,"Jul","Weekday",666.0,1,0,"Summer"
"215","Local",2025,"Jul","Weekday",195.0,0,0,"Summer"
"216","Local",2025,"Jul","Saturday",242.0,1,0,"Summer"
"216","Local",2025,"Jul","Sunday",188.0,1,0,"Summer"
"216","Local",2025,"Jul","Weekday",309.0,1,0,"Summer"
"217","Local",2025,"Jul","Saturday",562.0,1,0,"Summer"
"217","Local",2025,"Jul","Sunday",549.0,1,0,"Summer"
"217","Local",2025,"Jul","Weekday",769.0,1,0,"Summer"
"232","Local",2025,"Jul","Saturday",221.0,1,0,"Summer"
"232","Local",2025,"Jul","Sunday",195.0,1,0,"Summer"
"232","Local",2025,"Jul","Weekday",312.0,1,0,"Summer"
"239","Local",2025,"Jul","Weekday",530.0,0,0,"Summer"
"251","Local",2025,"Jul","Saturday",119.0,1,0,"Summer"
"251","Local",2025,"Jul","Sunday",89.0,1,0,"Summer"
"251","Local",2025,"Jul","Weekday",167.0,1,0,"Summer"
"28","Local",2025,"Jul","Saturday",436.0,1,0,"Summer"
"28","Local",2025,"Jul","Sunday",399.0,1,0,"Summer"
"28","Local",2025,"Jul","Weekday",612.0,1,0,"Summer"
"29","Local",2025,"Jul","Saturday",945.0,1,0,"Summer"
"29","Local",2025,"Jul","Sunday",766.0,1,0,"Summer"
"29","Local",2025,"Jul","Weekday",1304.0,1,0,"Summer"
"33","Local",2025,"Jul","Saturday",1280.0,1,0,"Summer"
"33","Local",2025,"Jul","Sunday",1153.0,1,0,"Summer"
"33","Local",2025,"Jul","Weekday",2101.0,1,0,"Summer"
"34","Local",2025,"Jul","Saturday",579.0,1,0,"Summer"
"34","Local",2025,"Jul","Sunday",463.0,1,0,"Summer"
"34","Local",2025,"Jul","Weekday",639.0,1,0,"Summer"
"35","Local",2025,"Jul","Saturday",522.0,1,0,"Summer"
"35","Local",2025,"Jul","Sunday",464.0,1,0,"Summer"
"35","Local",2025,"Jul","Weekday",698.0,1,0,"Summer"
"36","Local",2025,"Jul","Saturday",1177.83333333333,1,1,"Summer"
"36","Local",2025,"Jul","Sunday",1064.0,1,1,"Summer"
"36","Local",2025,"Jul","Weekday",1367.0,1,1,"Summer"
"376","Local",2025,"Jul","Saturday",170.0,1,0,"Summer"
"376","Local",2025,"Jul","Sunday",138.0,1,0,"Summer"
"376","Local",2025,"Jul","Weekday",132.0,1,0,"Summer"
"39","Local",2025,"Jul","Weekday",304.393939393939,0,0,"Summer"
"40","Local",2025,"Jul","Saturday",2966.0,1,0,"Summer"
"40","Local",2025,"Jul","Sunday",2638.0,1,0,"Summer"
"40","Local",2025,"Jul","Weekday",5082.0,1,0,"Summer"
"41","Local",2025,"Jul","Saturday",412.0,1,0,"Summer"
"41","Local",2025,"Jul","Sunday",358.0,1,0,"Summer"
"41","Local",2025,"Jul","Weekday",581.0,1,0,"Summer"
"45","Local",2025,"Jul","Saturday",482.0,1,0,"Summer"
"45","Local",2025,"Jul","Sunday",433.0,1,0,"Summer"
"45","Local",2025,"Jul","Weekday",1016.0,1,0,"Summer"
"46L","Local",2025,"Jul","Weekday",121.0,0,0,"Summer"
"51A","Local",2025,"Jul","Saturday",3561.0,1,0,"Summer"
"51A","Local",2025,"Jul","Sunday",2988.0,1,0,"Summer"
"51A","Local",2025,"Jul","Weekday",5473.0,1,0,"Summer"
"51B","Local",2025,"Jul","Saturday",3680.16393442623,1,1,"Summer"
"51B","Local",2025,"Jul","Sunday",3301.27407407407,1,1,"Summer"
"51B","Local",2025,"Jul","Weekday",4827.0,1,1,"Summer"
"52","Local",2025,"Jul","Saturday",1024.0,1,1,"Summer"
"52","Local",2025,"Jul","Sunday",868.0,1,1,"Summer"
"52","Local",2025,"Jul","Weekday",2029.0,1,1,"Summer"
"54","Local",2025,"Jul","Saturday",530.0,1,0,"Summer"
"54","Local",2025,"Jul","Sunday",482.0,1,0,"Summer"
"54","Local",2025,"Jul","Weekday",1047.0,1,0,"Summer"
"56","Local",2025,"Jul","Saturday",301.0,1,0,"Summer"
"56","Local",2025,"Jul","Sunday",256.0,1,0,"Summer"
"56","Local",2025,"Jul","Weekday",396.0,1,0,"Summer"
"57","Local",2025,"Jul","Saturday",3796.29012345679,1,0,"Summer"
"57","Local",2025,"Jul","Sunday",3352.56790123457,1,0,"Summer"
"57","Local",2025,"Jul","Weekday",4432.19135802469,1,0,"Summer"
"6","Local",2025,"Jul","Saturday",2453.24666666667,1,1,"Summer"
"6","Local",2025,"Jul","Sunday",2184.46666666667,1,1,"Summer"
"6","Local",2025,"Jul","Weekday",4002.0,1,1,"Summer"
"60","Local",2025,"Jul","Saturday",678.0,1,0,"Summer"
"60","Local",2025,"Jul","Sunday",559.0,1,0,"Summer"
"60","Local",2025,"Jul","Weekday",956.0,1,0,"Summer"
"62","Local",2025,"Jul","Saturday",938.0,1,0,"Summer"
"62","Local",2025,"Jul","Sunday",873.0,1,0,"Summer"
"62","Local",2025,"Jul","Weekday",1740.0,1,0,"Summer"
"65","Local",2025,"Jul","Weekday",263.888888888889,0,0,"Summer"
"67","Local",2025,"Jul","Weekday",255.31914893617,0,0,"Summer"
"7","Local",2025,"Jul","Saturday",1436.0,1,0,"Summer"
"7","Local",2025,"Jul","Sunday",1392.0,1,0,"Summer"
"7","Local",2025,"Jul","Weekday",1911.0,1,0,"Summer"
"70","Local",2025,"Jul","Saturday",292.0,1,0,"Summer"
"70","Local",2025,"Jul","Sunday",265.0,1,0,"Summer"
"70","Local",2025,"Jul","Weekday",396.0,1,0,"Summer"
"701","M-Transbay",2025,"Jul","Weekday",52.0,0,0,"Summer"
"702","M-Transbay",2025,"Jul","Weekday",13.0,0,0,"Summer"
"703","M-Transbay",2025,"Jul","Weekday",16.0,0,0,"Summer"
"71","Local",2025,"Jul","Saturday",442.0,1,0,"Summer"
"71","Local",2025,"Jul","Sunday",364.0,1,0,"Summer"
"71","Local",2025,"Jul","Weekday",905.0,1,0,"Summer"
"72","Local",2025,"Jul","Saturday",2536.0,1,0,"Summer"
"72","Local",2025,"Jul","Sunday",2168.0,1,0,"Summer"
"72","Local",2025,"Jul","Weekday",2758.33333333333,1,0,"Summer"
"72M","Local",2025,"Jul","Saturday",2200.0,1,0,"Summer"
"72M","Local",2025,"Jul","Sunday",2024.0,1,0,"Summer"
"72M","Local",2025,"Jul","Weekday",2867.85714285714,1,0,"Summer"
"72R","Local",2025,"Jul","Saturday",2469.0,1,0,"Summer"
"72R","Local",2025,"Jul","Sunday",2077.0,1,0,"Summer"
"72R","Local",2025,"Jul","Weekday",3955.0,1,0,"Summer"
"73","Local",2025,"Jul","Saturday",1352.0,1,0,"Summer"
"73","Local",2025,"Jul","Sunday",1116.75524475524,1,0,"Summer"
"73","Local",2025,"Jul","Weekday",1776.0,1,0,"Summer"
"74","Local",2025,"Jul","Saturday",391.0,1,0,"Summer"
"74","Local",2025,"Jul","Sunday",362.0,1,0,"Summer"
"74","Local",2025,"Jul","Weekday",788.0,1,0,"Summer"
"76","Local",2025,"Jul","Saturday",913.0,1,0,"Summer"
"76","Local",2025,"Jul","Sunday",799.0,1,0,"Summer"
"76","Local",2025,"Jul","Weekday",1571.21212121212,1,0,"Summer"
"79","Local",2025,"Jul","Saturday",710.0,1,0,"Summer"
"79","Local",2025,"Jul","Sunday",679.0,1,0,"Summer"
"79","Local",2025,"Jul","Weekday",1108.0,1,0,"Summer"
"800","All Nighter",2025,"Jul","Saturday",671.884615384615,1,1,"Summer"
"800","All Nighter",2025,"Jul","Sunday",434.0,1,1,"Summer"
"800","All Nighter",2025,"Jul","Weekday",525.0,1,1,"Summer"
"801","All Nighter",2025,"Jul","Saturday",314.0,1,0,"Summer"
"801","All Nighter",2025,"Jul","Sunday",283.0,1,0,"Summer"
"801","All Nighter",2025,"Jul","Weekday",299.0,1,0,"Summer"
"802","All Nighter",2025,"Jul","Saturday",71.0,1,0,"Summer"
"802","All Nighter",2025,"Jul","Sunday",46.0,1,0,"Summer"
"802","All Nighter",2025,"Jul","Weekday",78.0,1,0,"Summer"
"805","All Nighter",2025,"Jul","Saturday",61.0,1,0,"Summer"
"805","All Nighter",2025,"Jul","Sunday",72.0,1,0,"Summer"
"805","All Nighter",2025,"Jul","Weekday",85.0,1,0,"Summer"
"840","All Nighter",2025,"Jul","Saturday",59.0,1,0,"Summer"
"840","All Nighter",2025,"Jul","Sunday",62.0,1,0,"Summer"
"840","All Nighter",2025,"Jul","Weekday",70.0,1,0,"Summer"
"851","All Nighter",2025,"Jul","Saturday",120.0,1,1,"Summer"
"851","All Nighter",2025,"Jul","Sunday",81.0,1,1,"Summer"
"851","All Nighter",2025,"Jul","Weekday",106.0,1,1,"Summer"
"86","Local",2025,"Jul","Saturday",607.808823529412,1,0,"Summer"
"86","Local",2025,"Jul","Sunday",544.897058823529,1,0,"Summer"
"86","Local",2025,"Jul","Weekday",1213.0,1,0,"Summer"
"88","Local",2025,"Jul","Saturday",1109.0,1,0,"Summer"
"88","Local",2025,"Jul","Sunday",1140.0,1,0,"Summer"
"88","Local",2025,"Jul","Weekday",1667.0,1,0,"Summer"
"90","Local",2025,"Jul","Saturday",379.0,1,0,"Summer"
"90","Local",2025,"Jul","Sunday",380.681818181818,1,0,"Summer"
"90","Local",2025,"Jul","Weekday",633.0,1,0,"Summer"
"93","Local",2025,"Jul","Saturday",437.0,1,0,"Summer"
"93","Local",2025,"Jul","Sunday",373.0,1,0,"Summer"
"93","Local",2025,"Jul","Weekday",723.301886792453,1,0,"Summer"
"95","Local",2025,"Jul","Saturday",138.0,1,0,"Summer"
"95","Local",2025,"Jul","Sunday",125.0,1,0,"Summer"
"95","Local",2025,"Jul","Weekday",212.883720930233,1,0,"Summer"
"96","Local",2025,"Jul","Saturday",957.0,1,0,"Summer"
"96","Local",2025,"Jul","Sunday",958.0,1,0,"Summer"
"96","Local",2025,"Jul","Weekday",1268.0,1,0,"Summer"
"97","Local",2025,"Jul","Saturday",1533.0,1,0,"Summer"
"97","Local",2025,"Jul","Sunday",1274.0,1,0,"Summer"
"97","Local",2025,"Jul","Weekday",2481.17213114754,1,0,"Summer"
"98","Local",2025,"Jul","Saturday",393.0,1,0,"Summer"
"98","Local",2025,"Jul","Sunday",428.0,1,0,"Summer"
"98","Local",2025,"Jul","Weekday",808.0,1,0,"Summer"
"99","Local",2025,"Jul","Saturday",1492.1975308642,1,0,"Summer"
"99","Local",2025,"Jul","Sunday",1267.0,1,0,"Summer"
"99","Local",2025,"Jul","Weekday",2199.0,1,0,"Summer"
"E","M-Transbay",2025,"Jul","Weekday",205.0,0,0,"Summer"
"F","M-Transbay",2025,"Jul","Saturday",1565.0,1,1,"Summer"
"F","M-Transbay",2025,"Jul","Sunday",1489.0,1,1,"Summer"
"F","M-Transbay",2025,"Jul","Weekday",1933.0,1,1,"Summer"
"FS","M-Transbay",2025,"Jul","Weekday",109.0,0,0,"Summer"
"G","M-Transbay",2025,"Jul","Weekday",240.0,0,0,"Summer"
"J","M-Transbay",2025,"Jul","Weekday",306.666666666667,0,0,"Summer"
"L","M-Transbay",2025,"Jul","Weekday",161.142857142857,0,0,"Summer"
"LA","M-Transbay",2025,"Jul","Weekday",92.5,0,0,"Summer"
"NL","M-Transbay",2025,"Jul","Saturday",1179.0,1,0,"Summer"
"NL","M-Transbay",2025,"Jul","Sunday",1101.0,1,0,"Summer"
"NL","M-Transbay",2025,"Jul","Weekday",2242.0,1,0,"Summer"
"NX","M-Transbay",2025,"Jul","Weekday",181.125,0,0,"Summer"
"NX3","M-Transbay",2025,"Jul","Weekday",212.333333333333,0,0,"Summer"
"O","M-Transbay",2025,"Jul","Saturday",753.0,1,0,"Summer"
"O","M-Transbay",2025,"Jul","Sunday",750.0,1,0,"Summer"
"O","M-Transbay",2025,"Jul","Weekday",1065.90909090909,1,0,"Summer"
"OX","M-Transbay",2025,"Jul","Weekday",106.285714285714,0,0,"Summer"
"P","M-Transbay",2025,"Jul","Weekday",358.0,0,0,"Summer"
"U","M-Transbay",2025,"Jul","Weekday",245.3,0,0,"Summer"
"V","M-Transbay",2025,"Jul","Weekday",217.0,0,0,"Summer"
"W","M-Transbay",2025,"Jul","Weekday",176.0,0,0,"Summer"
"10","Local",2025,"Aug","Saturday",1738.09345794392,1,0,"Summer"
"10","Local",2025,"Aug","Sunday",1440.34615384615,1,0,"Summer"
"10","Local",2025,"Aug","Weekday",2335.0,1,0,"Summer"
"12","Local",2025,"Aug","Saturday",1876.47058823529,1,0,"Summer"
"12","Local",2025,"Aug","Sunday",1418.4,1,0,"Summer"
"12","Local",2025,"Aug","Weekday",2726.28571428571,1,0,"Summer"
"14","Local",2025,"Aug","Saturday",1464.67581998474,1,0,"Summer"
"14","Local",2025,"Aug","Sunday",1325.62608695652,1,0,"Summer"
"14","Local",2025,"Aug","Weekday",2867.14285714286,1,0,"Summer"
"18","Local",2025,"Aug","Saturday",3280.18846153846,1,0,"Summer"
"18","Local",2025,"Aug","Sunday",2915.475,1,0,"Summer"
"18","Local",2025,"Aug","Weekday",5243.42857142857,1,0,"Summer"
"19","Local",2025,"Aug","Saturday",217.48,1,0,"Summer"
"19","Local",2025,"Aug","Sunday",187.764705882353,1,0,"Summer"
"19","Local",2025,"Aug","Weekday",270.285714285714,1,0,"Summer"
"1T","Local",2025,"Aug","Saturday",12236.6490872211,1,0,"Summer"
"1T","Local",2025,"Aug","Sunday",11235.1080487723,1,0,"Summer"
"1T","Local",2025,"Aug","Weekday",16047.1794340925,1,0,"Summer"
"20","Local",2025,"Aug","Saturday",1655.0,1,0,"Summer"
"20","Local",2025,"Aug","Sunday",1298.9,1,0,"Summer"
"20","Local",2025,"Aug","Weekday",1999.0,1,0,"Summer"
"200","Local",2025,"Aug","Saturday",964.6,1,0,"Summer"
"200","Local",2025,"Aug","Sunday",872.207365237502,1,0,"Summer"
"200","Local",2025,"Aug","Weekday",1323.0,1,0,"Summer"
"21","Local",2025,"Aug","Saturday",961.463414634146,1,0,"Summer"
"21","Local",2025,"Aug","Sunday",640.0,1,0,"Summer"
"21","Local",2025,"Aug","Weekday",1345.0,1,0,"Summer"
"210","Local",2025,"Aug","Saturday",751.869565217391,1,0,"Summer"
"210","Local",2025,"Aug","Sunday",689.96,1,0,"Summer"
"210","Local",2025,"Aug","Weekday",1211.57142857143,1,0,"Summer"
"211","Local",2025,"Aug","Saturday",684.246575342466,1,0,"Summer"
"211","Local",2025,"Aug","Sunday",673.0,1,0,"Summer"
"211","Local",2025,"Aug","Weekday",1304.0,1,0,"Summer"
"212","Local",2025,"Aug","Saturday",494.217391304348,1,0,"Summer"
"212","Local",2025,"Aug","Sunday",383.4,1,0,"Summer"
"212","Local",2025,"Aug","Weekday",656.0,1,0,"Summer"
"215","Local",2025,"Aug","Weekday",200.689655172414,0,0,"Summer"
"216","Local",2025,"Aug","Saturday",221.6,1,0,"Summer"
"216","Local",2025,"Aug","Sunday",224.76,1,0,"Summer"
"216","Local",2025,"Aug","Weekday",317.571428571429,1,0,"Summer"
"217","Local",2025,"Aug","Saturday",608.0,1,0,"Summer"
"217","Local",2025,"Aug","Sunday",552.452830188679,1,0,"Summer"
"217","Local",2025,"Aug","Weekday",768.0,1,0,"Summer"
"22","Local",2025,"Aug","Saturday",1654.0,1,0,"Summer"
"22","Local",2025,"Aug","Sunday",1192.0,1,0,"Summer"
"22","Local",2025,"Aug","Weekday",1825.0,1,0,"Summer"
"231","Local",2025,"Aug","Saturday",601.0,1,0,"Summer"
"231","Local",2025,"Aug","Sunday",478.0,1,0,"Summer"
"231","Local",2025,"Aug","Weekday",778.0,1,0,"Summer"
"232","Local",2025,"Aug","Saturday",199.0,1,0,"Summer"
"232","Local",2025,"Aug","Sunday",214.5,1,0,"Summer"
"232","Local",2025,"Aug","Weekday",307.0,1,0,"Summer"
"239","Local",2025,"Aug","Saturday",303.0,1,0,"Summer"
"239","Local",2025,"Aug","Sunday",266.0,1,0,"Summer"
"239","Local",2025,"Aug","Weekday",800.0,1,0,"Summer"
"251","Local",2025,"Aug","Saturday",117.046153846154,1,0,"Summer"
"251","Local",2025,"Aug","Sunday",114.313043478261,1,0,"Summer"
"251","Local",2025,"Aug","Weekday",181.142857142857,1,0,"Summer"
"27","Local",2025,"Aug","Saturday",1549.0,1,1,"Summer"
"27","Local",2025,"Aug","Sunday",1395.0,1,1,"Summer"
"27","Local",2025,"Aug","Weekday",1856.0,1,1,"Summer"
"28","Local",2025,"Aug","Saturday",516.0,1,0,"Summer"
"28","Local",2025,"Aug","Sunday",451.888,1,0,"Summer"
"28","Local",2025,"Aug","Weekday",730.142857142857,1,0,"Summer"
"281","Local",2025,"Aug","Saturday",151.615384615385,1,0,"Summer"
"281","Local",2025,"Aug","Sunday",153.0,1,0,"Summer"
"281","Local",2025,"Aug","Weekday",238.0,1,0,"Summer"
"29","Local",2025,"Aug","Saturday",909.48,1,0,"Summer"
"29","Local",2025,"Aug","Sunday",820.0,1,0,"Summer"
"29","Local",2025,"Aug","Weekday",1270.0,1,0,"Summer"
"30","Local",2025,"Aug","Saturday",1700.0,1,0,"Summer"
"30","Local",2025,"Aug","Sunday",1483.0,1,0,"Summer"
"30","Local",2025,"Aug","Weekday",2137.0,1,0,"Summer"
"31","Local",2025,"Aug","Saturday",961.0,1,0,"Summer"
"31","Local",2025,"Aug","Sunday",831.0,1,0,"Summer"
"31","Local",2025,"Aug","Weekday",1351.0,1,0,"Summer"
"33","Local",2025,"Aug","Saturday",1386.0,1,0,"Summer"
"33","Local",2025,"Aug","Sunday",1197.95454545455,1,0,"Summer"
"33","Local",2025,"Aug","Weekday",2150.13675213675,1,0,"Summer"
"34","Local",2025,"Aug","Saturday",564.2,1,0,"Summer"
"34","Local",2025,"Aug","Sunday",495.3,1,0,"Summer"
"34","Local",2025,"Aug","Weekday",772.428571428571,1,0,"Summer"
"35","Local",2025,"Aug","Saturday",579.8,1,0,"Summer"
"35","Local",2025,"Aug","Sunday",523.418181818182,1,0,"Summer"
"35","Local",2025,"Aug","Weekday",815.142857142857,1,0,"Summer"
"36","Local",2025,"Aug","Saturday",1968.68888888889,1,1,"Summer"
"36","Local",2025,"Aug","Sunday",1573.2679245283,1,1,"Summer"
"36","Local",2025,"Aug","Weekday",2006.42857142857,1,1,"Summer"
"376","Local",2025,"Aug","Saturday",190.909090909091,1,0,"Summer"
"376","Local",2025,"Aug","Sunday",148.888888888889,1,0,"Summer"
"376","Local",2025,"Aug","Weekday",134.0,1,0,"Summer"
"39","Local",2025,"Aug","Weekday",304.0625,0,0,"Summer"
"40","Local",2025,"Aug","Saturday",3228.28318584071,1,0,"Summer"
"40","Local",2025,"Aug","Sunday",2704.90505050505,1,0,"Summer"
"40","Local",2025,"Aug","Weekday",6255.0,1,0,"Summer"
"41","Local",2025,"Aug","Saturday",433.2,1,0,"Summer"
"41","Local",2025,"Aug","Sunday",361.569230769231,1,0,"Summer"
"41","Local",2025,"Aug","Weekday",601.857142857143,1,0,"Summer"
"45","Local",2025,"Aug","Saturday",547.388235294118,1,0,"Summer"
"45","Local",2025,"Aug","Sunday",524.630303030303,1,0,"Summer"
"45","Local",2025,"Aug","Weekday",1239.28571428571,1,0,"Summer"
"46L","Local",2025,"Aug","Weekday",146.208791208791,0,0,"Summer"
"51A","Local",2025,"Aug","Saturday",3775.87619047619,1,0,"Summer"
"51A","Local",2025,"Aug","Sunday",3282.89292929293,1,0,"Summer"
"51A","Local",2025,"Aug","Weekday",5979.82035928144,1,0,"Summer"
"51B","Local",2025,"Aug","Saturday",5172.95479550347,1,1,"Summer"
"51B","Local",2025,"Aug","Sunday",4499.71847826087,1,1,"Summer"
"51B","Local",2025,"Aug","Weekday",6342.64749536178,1,1,"Summer"
"52","Local",2025,"Aug","Saturday",2071.14339622642,1,1,"Summer"
"52","Local",2025,"Aug","Sunday",1773.17170868347,1,1,"Summer"
"52","Local",2025,"Aug","Weekday",3078.39455782313,1,1,"Summer"
"54","Local",2025,"Aug","Saturday",658.183333333333,1,0,"Summer"
"54","Local",2025,"Aug","Sunday",478.209315068493,1,0,"Summer"
"54","Local",2025,"Aug","Weekday",1237.42857142857,1,0,"Summer"
"56","Local",2025,"Aug","Saturday",310.6,1,0,"Summer"
"56","Local",2025,"Aug","Sunday",271.2,1,0,"Summer"
"56","Local",2025,"Aug","Weekday",477.857142857143,1,0,"Summer"
"57","Local",2025,"Aug","Saturday",4009.58263984339,1,0,"Summer"
"57","Local",2025,"Aug","Sunday",3337.98857142857,1,0,"Summer"
"57","Local",2025,"Aug","Weekday",5145.35892857143,1,0,"Summer"
"6","Local",2025,"Aug","Saturday",2984.040625,1,1,"Summer"
"6","Local",2025,"Aug","Sunday",2873.12605042017,1,1,"Summer"
"6","Local",2025,"Aug","Weekday",4387.48979591837,1,1,"Summer"
"60","Local",2025,"Aug","Saturday",736.4,1,0,"Summer"
"60","Local",2025,"Aug","Sunday",595.4,1,0,"Summer"
"60","Local",2025,"Aug","Weekday",1272.42857142857,1,0,"Summer"
"604","Supplemental",2025,"Aug","Weekday",103.0,0,0,"Summer"
"605","Supplemental",2025,"Aug","Weekday",52.0,0,0,"Summer"
"606","Supplemental",2025,"Aug","Weekday",62.0,0,0,"Summer"
"607","Supplemental",2025,"Aug","Weekday",36.0,0,0,"Summer"
"617","Supplemental",2025,"Aug","Weekday",93.0,0,0,"Summer"
"62","Local",2025,"Aug","Saturday",1118.29429347826,1,0,"Summer"
"62","Local",2025,"Aug","Sunday",1007.74230769231,1,0,"Summer"
"62","Local",2025,"Aug","Weekday",2138.42857142857,1,0,"Summer"
"620","Supplemental",2025,"Aug","Weekday",40.0,0,0,"Summer"
"621","Supplemental",2025,"Aug","Weekday",480.0,0,0,"Summer"
"623","Supplemental",2025,"Aug","Weekday",994.0,0,0,"Summer"
"624","Supplemental",2025,"Aug","Weekday",70.0,0,0,"Summer"
"625","Supplemental",2025,"Aug","Weekday",367.777777777778,0,0,"Summer"
"627","Supplemental",2025,"Aug","Weekday",41.0,0,0,"Summer"
"629","Supplemental",2025,"Aug","Weekday",58.0,0,0,"Summer"
"631","Supplemental",2025,"Aug","Weekday",296.0,0,0,"Summer"
"633","Supplemental",2025,"Aug","Weekday",97.0,0,0,"Summer"
"638","Supplemental",2025,"Aug","Weekday",98.0,0,0,"Summer"
"639","Supplemental",2025,"Aug","Weekday",74.0,0,0,"Summer"
"641","Supplemental",2025,"Aug","Weekday",325.0,0,0,"Summer"
"642","Supplemental",2025,"Aug","Weekday",59.0,0,0,"Summer"
"646","Supplemental",2025,"Aug","Weekday",351.0,0,0,"Summer"
"648","Supplemental",2025,"Aug","Weekday",174.0,0,0,"Summer"
"649","Supplemental",2025,"Aug","Weekday",85.0,0,0,"Summer"
"65","Local",2025,"Aug","Weekday",333.96336996337,0,0,"Summer"
"650","Supplemental",2025,"Aug","Weekday",118.0,0,0,"Summer"
"651","Supplemental",2025,"Aug","Weekday",66.0,0,0,"Summer"
"652","Supplemental",2025,"Aug","Weekday",101.0,0,0,"Summer"
"653","Supplemental",2025,"Aug","Weekday",156.0,0,0,"Summer"
"654","Supplemental",2025,"Aug","Weekday",313.142857142857,0,0,"Summer"
"655","Supplemental",2025,"Aug","Weekday",253.5,0,0,"Summer"
"657","Supplemental",2025,"Aug","Weekday",247.777777777778,0,0,"Summer"
"658","Supplemental",2025,"Aug","Weekday",196.25,0,0,"Summer"
"660","Supplemental",2025,"Aug","Weekday",89.0,0,0,"Summer"
"662","Supplemental",2025,"Aug","Weekday",112.0,0,0,"Summer"
"663","Supplemental",2025,"Aug","Weekday",88.0,0,0,"Summer"
"667","Supplemental",2025,"Aug","Weekday",148.0,0,0,"Summer"
"669","Supplemental",2025,"Aug","Weekday",31.0,0,0,"Summer"
"67","Local",2025,"Aug","Weekday",192.553140096618,0,0,"Summer"
"675","Supplemental",2025,"Aug","Weekday",249.333333333333,0,0,"Summer"
"677","Supplemental",2025,"Aug","Weekday",118.0,0,0,"Summer"
"678","Supplemental",2025,"Aug","Weekday",54.0,0,0,"Summer"
"680","Supplemental",2025,"Aug","Weekday",90.0,0,0,"Summer"
"681","Supplemental",2025,"Aug","Weekday",16.0,0,0,"Summer"
"682","Supplemental",2025,"Aug","Weekday",227.0,0,0,"Summer"
"683","Supplemental",2025,"Aug","Weekday",32.0,0,0,"Summer"
"684","Supplemental",2025,"Aug","Weekday",232.0,0,0,"Summer"
"687","Supplemental",2025,"Aug","Weekday",169.0,0,0,"Summer"
"688","Supplemental",2025,"Aug","Weekday",31.0,0,0,"Summer"
"689","Supplemental",2025,"Aug","Weekday",58.0,0,0,"Summer"
"696","Supplemental",2025,"Aug","Weekday",22.0,0,0,"Summer"
"7","Local",2025,"Aug","Saturday",898.4,1,0,"Summer"
"7","Local",2025,"Aug","Sunday",656.8,1,0,"Summer"
"7","Local",2025,"Aug","Weekday",1015.71428571429,1,0,"Summer"
"70","Local",2025,"Aug","Saturday",347.6,1,0,"Summer"
"70","Local",2025,"Aug","Sunday",298.2,1,0,"Summer"
"70","Local",2025,"Aug","Weekday",696.285714285714,1,0,"Summer"
"701","M-Transbay",2025,"Aug","Weekday",53.7142857142857,0,0,"Summer"
"702","M-Transbay",2025,"Aug","Weekday",13.0,0,0,"Summer"
"703","M-Transbay",2025,"Aug","Weekday",17.4285714285714,0,0,"Summer"
"71","Local",2025,"Aug","Saturday",438.0,1,0,"Summer"
"71","Local",2025,"Aug","Sunday",374.6,1,0,"Summer"
"71","Local",2025,"Aug","Weekday",979.857142857143,1,0,"Summer"
"72","Local",2025,"Aug","Saturday",2841.20714285714,1,0,"Summer"
"72","Local",2025,"Aug","Sunday",2372.05245901639,1,0,"Summer"
"72","Local",2025,"Aug","Weekday",3680.41666666667,1,0,"Summer"
"72L","Local",2025,"Aug","Saturday",1671.0,1,0,"Summer"
"72L","Local",2025,"Aug","Sunday",1405.0,1,0,"Summer"
"72L","Local",2025,"Aug","Weekday",2235.0,1,0,"Summer"
"72M","Local",2025,"Aug","Saturday",2621.10427350427,1,0,"Summer"
"72M","Local",2025,"Aug","Sunday",2340.2,1,0,"Summer"
"72M","Local",2025,"Aug","Weekday",3124.47755102041,1,0,"Summer"
"72R","Local",2025,"Aug","Saturday",2787.0,1,0,"Summer"
"72R","Local",2025,"Aug","Sunday",2143.9012345679,1,0,"Summer"
"72R","Local",2025,"Aug","Weekday",4162.125,1,0,"Summer"
"73","Local",2025,"Aug","Saturday",1296.25531914894,1,0,"Summer"
"73","Local",2025,"Aug","Sunday",999.556435643564,1,0,"Summer"
"73","Local",2025,"Aug","Weekday",1730.16483516484,1,0,"Summer"
"74","Local",2025,"Aug","Saturday",485.578947368421,1,0,"Summer"
"74","Local",2025,"Aug","Sunday",425.8,1,0,"Summer"
"74","Local",2025,"Aug","Weekday",997.571428571429,1,0,"Summer"
"76","Local",2025,"Aug","Saturday",1107.46046511628,1,0,"Summer"
"76","Local",2025,"Aug","Sunday",987.736363636364,1,0,"Summer"
"76","Local",2025,"Aug","Weekday",1882.29024943311,1,0,"Summer"
"79","Local",2025,"Aug","Saturday",760.0,1,0,"Summer"
"79","Local",2025,"Aug","Sunday",797.058823529412,1,0,"Summer"
"79","Local",2025,"Aug","Weekday",1200.0,1,0,"Summer"
"800","All Nighter",2025,"Aug","Saturday",647.452173913043,1,1,"Summer"
"800","All Nighter",2025,"Aug","Sunday",481.652307692308,1,1,"Summer"
"800","All Nighter",2025,"Aug","Weekday",498.0,1,1,"Summer"
"801","All Nighter",2025,"Aug","Saturday",258.0,1,0,"Summer"
"801","All Nighter",2025,"Aug","Sunday",237.2,1,0,"Summer"
"801","All Nighter",2025,"Aug","Weekday",274.142857142857,1,0,"Summer"
"802","All Nighter",2025,"Aug","Saturday",56.0,1,0,"Summer"
"802","All Nighter",2025,"Aug","Sunday",46.8,1,0,"Summer"
"802","All Nighter",2025,"Aug","Weekday",73.0,1,0,"Summer"
"805","All Nighter",2025,"Aug","Saturday",64.0,1,0,"Summer"
"805","All Nighter",2025,"Aug","Sunday",86.08,1,0,"Summer"
"805","All Nighter",2025,"Aug","Weekday",97.0,1,0,"Summer"
"840","All Nighter",2025,"Aug","Saturday",67.0,1,0,"Summer"
"840","All Nighter",2025,"Aug","Sunday",66.0,1,0,"Summer"
"840","All Nighter",2025,"Aug","Weekday",70.4285714285714,1,0,"Summer"
"851","All Nighter",2025,"Aug","Saturday",99.0,1,1,"Summer"
"851","All Nighter",2025,"Aug","Sunday",78.4,1,1,"Summer"
"851","All Nighter",2025,"Aug","Weekday",90.8571428571429,1,1,"Summer"
"86","Local",2025,"Aug","Saturday",696.03660130719,1,0,"Summer"
"86","Local",2025,"Aug","Sunday",647.498102082182,1,0,"Summer"
"86","Local",2025,"Aug","Weekday",1275.48571428571,1,0,"Summer"
"88","Local",2025,"Aug","Saturday",1547.8,1,0,"Summer"
"88","Local",2025,"Aug","Sunday",1429.49721776351,1,0,"Summer"
"88","Local",2025,"Aug","Weekday",2530.71428571429,1,0,"Summer"
"9","Local",2025,"Aug","Saturday",2550.0,1,0,"Summer"
"9","Local",2025,"Aug","Sunday",2177.0,1,0,"Summer"
"9","Local",2025,"Aug","Weekday",3849.0,1,0,"Summer"
"90","Local",2025,"Aug","Saturday",413.2,1,0,"Summer"
"90","Local",2025,"Aug","Sunday",338.563076923077,1,0,"Summer"
"90","Local",2025,"Aug","Weekday",683.428571428571,1,0,"Summer"
"93","Local",2025,"Aug","Saturday",451.2,1,0,"Summer"
"93","Local",2025,"Aug","Sunday",374.8,1,0,"Summer"
"93","Local",2025,"Aug","Weekday",908.703703703704,1,0,"Summer"
"95","Local",2025,"Aug","Saturday",186.592682926829,1,0,"Summer"
"95","Local",2025,"Aug","Sunday",150.92,1,0,"Summer"
"95","Local",2025,"Aug","Weekday",281.108013937282,1,0,"Summer"
"96","Local",2025,"Aug","Saturday",1156.4,1,0,"Summer"
"96","Local",2025,"Aug","Sunday",969.523404255319,1,0,"Summer"
"96","Local",2025,"Aug","Weekday",1424.14285714286,1,0,"Summer"
"97","Local",2025,"Aug","Saturday",1569.8,1,0,"Summer"
"97","Local",2025,"Aug","Sunday",1342.72542372881,1,0,"Summer"
"97","Local",2025,"Aug","Weekday",2973.88665879575,1,0,"Summer"
"98","Local",2025,"Aug","Saturday",468.913846153846,1,0,"Summer"
"98","Local",2025,"Aug","Sunday",346.475,1,0,"Summer"
"98","Local",2025,"Aug","Weekday",1090.14285714286,1,0,"Summer"
"99","Local",2025,"Aug","Saturday",1495.0,1,0,"Summer"
"99","Local",2025,"Aug","Sunday",1278.30136986301,1,0,"Summer"
"99","Local",2025,"Aug","Weekday",2221.0,1,0,"Summer"
"E","M-Transbay",2025,"Aug","Weekday",183.142857142857,0,0,"Summer"
"F","M-Transbay",2025,"Aug","Saturday",1815.0,1,1,"Summer"
"F","M-Transbay",2025,"Aug","Sunday",1630.24054054054,1,1,"Summer"
"F","M-Transbay",2025,"Aug","Weekday",2217.42857142857,1,1,"Summer"
"FS","M-Transbay",2025,"Aug","Weekday",104.571428571429,0,0,"Summer"
"G","M-Transbay",2025,"Aug","Weekday",206.138775510204,0,0,"Summer"
"J","M-Transbay",2025,"Aug","Weekday",295.47619047619,0,0,"Summer"
"L","M-Transbay",2025,"Aug","Weekday",176.755102040816,0,0,"Summer"
"LA","M-Transbay",2025,"Aug","Weekday",113.333333333333,0,0,"Summer"
"NL","M-Transbay",2025,"Aug","Saturday",1319.4,1,0,"Summer"
"NL","M-Transbay",2025,"Aug","Sunday",1138.8,1,0,"Summer"
"NL","M-Transbay",2025,"Aug","Weekday",2450.14285714286,1,0,"Summer"
"NX","M-Transbay",2025,"Aug","Weekday",219.0,0,0,"Summer"
"NX3","M-Transbay",2025,"Aug","Weekday",134.0,0,0,"Summer"
"O","M-Transbay",2025,"Aug","Saturday",657.2,1,0,"Summer"
"O","M-Transbay",2025,"Aug","Sunday",560.528,1,0,"Summer"
"O","M-Transbay",2025,"Aug","Weekday",1231.81405895692,1,0,"Summer"
"OX","M-Transbay",2025,"Aug","Weekday",92.5714285714286,0,0,"Summer"
"P","M-Transbay",2025,"Aug","Weekday",341.0,0,0,"Summer"
"U","M-Transbay",2025,"Aug","Weekday",241.542857142857,0,0,"Summer"
"V","M-Transbay",2025,"Aug","Weekday",213.428571428571,0,0,"Summer"
"W","M-Transbay",2025,"Aug","Weekday",176.142857142857,0,0,"Summer"
"12","Local",2025,"Sep","Saturday",1993.0,1,0,"Semester"
"12","Local",2025,"Sep","Sunday",1595.56164383562,1,0,"Semester"
"12","Local",2025,"Sep","Weekday",3092.0,1,0,"Semester"
"14","Local",2025,"Sep","Saturday",1604.0,1,0,"Semester"
"14","Local",2025,"Sep","Sunday",1431.0,1,0,"Semester"
"14","Local",2025,"Sep","Weekday",2982.0,1,0,"Semester"
"18","Local",2025,"Sep","Saturday",4138.0,1,0,"Semester"
"18","Local",2025,"Sep","Sunday",3159.0,1,0,"Semester"
"18","Local",2025,"Sep","Weekday",6073.0,1,0,"Semester"
"19","Local",2025,"Sep","Saturday",214.0,1,0,"Semester"
"19","Local",2025,"Sep","Sunday",195.0,1,0,"Semester"
"19","Local",2025,"Sep","Weekday",282.0,1,0,"Semester"
"1T","Local",2025,"Sep","Saturday",12563.615819209,1,0,"Semester"
"1T","Local",2025,"Sep","Sunday",12054.0,1,0,"Semester"
"1T","Local",2025,"Sep","Weekday",16500.0,1,0,"Semester"
"200","Local",2025,"Sep","Saturday",943.0,1,0,"Semester"
"200","Local",2025,"Sep","Sunday",824.547945205479,1,0,"Semester"
"200","Local",2025,"Sep","Weekday",1307.0,1,0,"Semester"
"210","Local",2025,"Sep","Saturday",783.0,1,0,"Semester"
"210","Local",2025,"Sep","Sunday",663.0,1,0,"Semester"
"210","Local",2025,"Sep","Weekday",1443.0,1,0,"Semester"
"211","Local",2025,"Sep","Saturday",752.0,1,0,"Semester"
"211","Local",2025,"Sep","Sunday",665.0,1,0,"Semester"
"211","Local",2025,"Sep","Weekday",1460.0,1,0,"Semester"
"216","Local",2025,"Sep","Saturday",246.0,1,0,"Semester"
"216","Local",2025,"Sep","Sunday",242.0,1,0,"Semester"
"216","Local",2025,"Sep","Weekday",312.0,1,0,"Semester"
"22","Local",2025,"Sep","Saturday",2082.0,1,0,"Semester"
"22","Local",2025,"Sep","Sunday",1825.0,1,0,"Semester"
"22","Local",2025,"Sep","Weekday",2487.0,1,0,"Semester"
"231","Local",2025,"Sep","Saturday",664.0,1,0,"Semester"
"231","Local",2025,"Sep","Sunday",532.0,1,0,"Semester"
"231","Local",2025,"Sep","Weekday",823.0,1,0,"Semester"
"239","Local",2025,"Sep","Saturday",350.0,1,0,"Semester"
"239","Local",2025,"Sep","Sunday",283.0,1,0,"Semester"
"239","Local",2025,"Sep","Weekday",958.0,1,0,"Semester"
"251","Local",2025,"Sep","Saturday",121.0,1,0,"Semester"
"251","Local",2025,"Sep","Sunday",127.555555555556,1,0,"Semester"
"251","Local",2025,"Sep","Weekday",208.0,1,0,"Semester"
"27","Local",2025,"Sep","Saturday",2252.0,1,1,"Semester"
"27","Local",2025,"Sep","Sunday",2151.0,1,1,"Semester"
"27","Local",2025,"Sep","Weekday",2934.0,1,1,"Semester"
"28","Local",2025,"Sep","Saturday",543.0,1,0,"Semester"
"28","Local",2025,"Sep","Sunday",516.326530612245,1,0,"Semester"
"28","Local",2025,"Sep","Weekday",841.0,1,0,"Semester"
"281","Local",2025,"Sep","Saturday",142.0,1,0,"Semester"
"281","Local",2025,"Sep","Sunday",145.0,1,0,"Semester"
"281","Local",2025,"Sep","Weekday",250.0,1,0,"Semester"
"30","Local",2025,"Sep","Saturday",1628.0,1,0,"Semester"
"30","Local",2025,"Sep","Sunday",1537.0,1,0,"Semester"
"30","Local",2025,"Sep","Weekday",2143.0,1,0,"Semester"
"31","Local",2025,"Sep","Saturday",951.0,1,0,"Semester"
"31","Local",2025,"Sep","Sunday",841.0,1,0,"Semester"
"31","Local",2025,"Sep","Weekday",1331.0,1,0,"Semester"
"34","Local",2025,"Sep","Saturday",574.0,1,0,"Semester"
"34","Local",2025,"Sep","Sunday",477.0,1,0,"Semester"
"34","Local",2025,"Sep","Weekday",853.0,1,0,"Semester"
"35","Local",2025,"Sep","Saturday",567.0,1,0,"Semester"
"35","Local",2025,"Sep","Sunday",496.0,1,0,"Semester"
"35","Local",2025,"Sep","Weekday",902.0,1,0,"Semester"
"36","Local",2025,"Sep","Saturday",2386.0,1,1,"Semester"
"36","Local",2025,"Sep","Sunday",2224.0,1,1,"Semester"
"36","Local",2025,"Sep","Weekday",3107.0,1,1,"Semester"
"40","Local",2025,"Sep","Saturday",3205.0,1,0,"Semester"
"40","Local",2025,"Sep","Sunday",2785.0,1,0,"Semester"
"40","Local",2025,"Sep","Weekday",6953.0,1,0,"Semester"
"41","Local",2025,"Sep","Saturday",426.0,1,0,"Semester"
"41","Local",2025,"Sep","Sunday",354.0,1,0,"Semester"
"41","Local",2025,"Sep","Weekday",617.0,1,0,"Semester"
"45","Local",2025,"Sep","Saturday",608.0,1,0,"Semester"
"45","Local",2025,"Sep","Sunday",539.0,1,0,"Semester"
"45","Local",2025,"Sep","Weekday",1347.0,1,0,"Semester"
"46L","Local",2025,"Sep","Weekday",177.0,0,0,"Semester"
"51A","Local",2025,"Sep","Saturday",4084.0,1,0,"Semester"
"51A","Local",2025,"Sep","Sunday",3290.0,1,0,"Semester"
"51A","Local",2025,"Sep","Weekday",6338.8622754491,1,0,"Semester"
"51B","Local",2025,"Sep","Saturday",6928.0,1,1,"Semester"
"51B","Local",2025,"Sep","Sunday",6788.0,1,1,"Semester"
"51B","Local",2025,"Sep","Weekday",8831.0,1,1,"Semester"
"52","Local",2025,"Sep","Saturday",2558.0,1,1,"Semester"
"52","Local",2025,"Sep","Sunday",2422.0,1,1,"Semester"
"52","Local",2025,"Sep","Weekday",5577.0,1,1,"Semester"
"54","Local",2025,"Sep","Saturday",601.123287671233,1,0,"Semester"
"54","Local",2025,"Sep","Sunday",477.452054794521,1,0,"Semester"
"54","Local",2025,"Sep","Weekday",1382.0,1,0,"Semester"
"56","Local",2025,"Sep","Saturday",298.0,1,0,"Semester"
"56","Local",2025,"Sep","Sunday",282.0,1,0,"Semester"
"56","Local",2025,"Sep","Weekday",561.0,1,0,"Semester"
"57","Local",2025,"Sep","Saturday",4116.16,1,0,"Semester"
"57","Local",2025,"Sep","Sunday",3428.55629139073,1,0,"Semester"
"57","Local",2025,"Sep","Weekday",5419.0,1,0,"Semester"
"6","Local",2025,"Sep","Saturday",3270.0,1,1,"Semester"
"6","Local",2025,"Sep","Sunday",3104.0,1,1,"Semester"
"6","Local",2025,"Sep","Weekday",5064.0,1,1,"Semester"
"60","Local",2025,"Sep","Saturday",772.0,1,0,"Semester"
"60","Local",2025,"Sep","Sunday",605.0,1,0,"Semester"
"60","Local",2025,"Sep","Weekday",1671.0,1,0,"Semester"
"604","Supplemental",2025,"Sep","Weekday",87.0,0,0,"Semester"
"605","Supplemental",2025,"Sep","Weekday",65.0,0,0,"Semester"
"606","Supplemental",2025,"Sep","Weekday",66.0,0,0,"Semester"
"607","Supplemental",2025,"Sep","Weekday",45.0,0,0,"Semester"
"617","Supplemental",2025,"Sep","Weekday",81.0,0,0,"Semester"
"62","Local",2025,"Sep","Saturday",1182.0,1,0,"Semester"
"62","Local",2025,"Sep","Sunday",1097.0,1,0,"Semester"
"62","Local",2025,"Sep","Weekday",2241.0,1,0,"Semester"
"620","Supplemental",2025,"Sep","Weekday",37.0,0,0,"Semester"
"621","Supplemental",2025,"Sep","Weekday",565.333333333333,0,0,"Semester"
"623","Supplemental",2025,"Sep","Weekday",1163.4,0,0,"Semester"
"624","Supplemental",2025,"Sep","Weekday",78.0,0,0,"Semester"
"625","Supplemental",2025,"Sep","Weekday",401.111111111111,0,0,"Semester"
"627","Supplemental",2025,"Sep","Weekday",54.0,0,0,"Semester"
"629","Supplemental",2025,"Sep","Weekday",66.0,0,0,"Semester"
"631","Supplemental",2025,"Sep","Weekday",298.0,0,0,"Semester"
"633","Supplemental",2025,"Sep","Weekday",85.0,0,0,"Semester"
"638","Supplemental",2025,"Sep","Weekday",91.0,0,0,"Semester"
"639","Supplemental",2025,"Sep","Weekday",77.0,0,0,"Semester"
"641","Supplemental",2025,"Sep","Weekday",288.333333333333,0,0,"Semester"
"642","Supplemental",2025,"Sep","Weekday",68.0,0,0,"Semester"
"646","Supplemental",2025,"Sep","Weekday",314.0,0,0,"Semester"
"648","Supplemental",2025,"Sep","Weekday",185.0,0,0,"Semester"
"649","Supplemental",2025,"Sep","Weekday",88.0,0,0,"Semester"
"65","Local",2025,"Sep","Weekday",465.0,0,0,"Semester"
"650","Supplemental",2025,"Sep","Weekday",97.0,0,0,"Semester"
"651","Supplemental",2025,"Sep","Weekday",86.0,0,0,"Semester"
"652","Supplemental",2025,"Sep","Weekday",106.0,0,0,"Semester"
"653","Supplemental",2025,"Sep","Weekday",134.0,0,0,"Semester"
"654","Supplemental",2025,"Sep","Weekday",293.0,0,0,"Semester"
"655","Supplemental",2025,"Sep","Weekday",232.8,0,0,"Semester"
"657","Supplemental",2025,"Sep","Weekday",317.0,0,0,"Semester"
"658","Supplemental",2025,"Sep","Weekday",185.0,0,0,"Semester"
"660","Supplemental",2025,"Sep","Weekday",82.0,0,0,"Semester"
"662","Supplemental",2025,"Sep","Weekday",111.0,0,0,"Semester"
"663","Supplemental",2025,"Sep","Weekday",73.0,0,0,"Semester"
"667","Supplemental",2025,"Sep","Weekday",150.0,0,0,"Semester"
"669","Supplemental",2025,"Sep","Weekday",37.0,0,0,"Semester"
"67","Local",2025,"Sep","Weekday",300.740740740741,0,0,"Semester"
"675","Supplemental",2025,"Sep","Weekday",340.8,0,0,"Semester"
"677","Supplemental",2025,"Sep","Weekday",115.0,0,0,"Semester"
"678","Supplemental",2025,"Sep","Weekday",64.0,0,0,"Semester"
"680","Supplemental",2025,"Sep","Weekday",82.0,0,0,"Semester"
"681","Supplemental",2025,"Sep","Weekday",22.0,0,0,"Semester"
"682","Supplemental",2025,"Sep","Weekday",206.0,0,0,"Semester"
"683","Supplemental",2025,"Sep","Weekday",36.0,0,0,"Semester"
"684","Supplemental",2025,"Sep","Weekday",236.0,0,0,"Semester"
"687","Supplemental",2025,"Sep","Weekday",190.0,0,0,"Semester"
"688","Supplemental",2025,"Sep","Weekday",84.0,0,0,"Semester"
"689","Supplemental",2025,"Sep","Weekday",69.0,0,0,"Semester"
"696","Supplemental",2025,"Sep","Weekday",31.0,0,0,"Semester"
"7","Local",2025,"Sep","Saturday",618.0,1,0,"Semester"
"7","Local",2025,"Sep","Sunday",601.0,1,0,"Semester"
"7","Local",2025,"Sep","Weekday",743.0,1,0,"Semester"
"70","Local",2025,"Sep","Saturday",387.0,1,0,"Semester"
"70","Local",2025,"Sep","Sunday",336.0,1,0,"Semester"
"70","Local",2025,"Sep","Weekday",907.0,1,0,"Semester"
"701","M-Transbay",2025,"Sep","Weekday",58.0,0,0,"Semester"
"702","M-Transbay",2025,"Sep","Weekday",10.0,0,0,"Semester"
"703","M-Transbay",2025,"Sep","Weekday",17.0,0,0,"Semester"
"71","Local",2025,"Sep","Saturday",400.0,1,0,"Semester"
"71","Local",2025,"Sep","Sunday",364.0,1,0,"Semester"
"71","Local",2025,"Sep","Weekday",1073.0,1,0,"Semester"
"72","Local",2025,"Sep","Saturday",2890.0,1,0,"Semester"
"72","Local",2025,"Sep","Sunday",2620.0,1,0,"Semester"
"72","Local",2025,"Sep","Weekday",3967.0,1,0,"Semester"
"72L","Local",2025,"Sep","Saturday",2847.0,1,0,"Semester"
"72L","Local",2025,"Sep","Sunday",1402.0,1,0,"Semester"
"72L","Local",2025,"Sep","Weekday",2280.0,1,0,"Semester"
"72M","Local",2025,"Sep","Saturday",1755.0,1,0,"Semester"
"72M","Local",2025,"Sep","Sunday",2527.0,1,0,"Semester"
"72M","Local",2025,"Sep","Weekday",3288.0,1,0,"Semester"
"73","Local",2025,"Sep","Saturday",1086.0,1,0,"Semester"
"73","Local",2025,"Sep","Sunday",995.0,1,0,"Semester"
"73","Local",2025,"Sep","Weekday",1673.0,1,0,"Semester"
"74","Local",2025,"Sep","Saturday",495.0,1,0,"Semester"
"74","Local",2025,"Sep","Sunday",446.0,1,0,"Semester"
"74","Local",2025,"Sep","Weekday",1265.0,1,0,"Semester"
"76","Local",2025,"Sep","Saturday",1169.0,1,0,"Semester"
"76","Local",2025,"Sep","Sunday",1032.0,1,0,"Semester"
"76","Local",2025,"Sep","Weekday",2131.0,1,0,"Semester"
"800","All Nighter",2025,"Sep","Saturday",720.0,1,1,"Semester"
"800","All Nighter",2025,"Sep","Sunday",494.307692307692,1,1,"Semester"
"800","All Nighter",2025,"Sep","Weekday",522.0,1,1,"Semester"
"801","All Nighter",2025,"Sep","Saturday",202.0,1,0,"Semester"
"801","All Nighter",2025,"Sep","Sunday",231.0,1,0,"Semester"
"801","All Nighter",2025,"Sep","Weekday",251.0,1,0,"Semester"
"802","All Nighter",2025,"Sep","Saturday",59.0,1,0,"Semester"
"802","All Nighter",2025,"Sep","Sunday",85.0,1,0,"Semester"
"802","All Nighter",2025,"Sep","Weekday",75.0,1,0,"Semester"
"805","All Nighter",2025,"Sep","Saturday",76.3636363636364,1,0,"Semester"
"805","All Nighter",2025,"Sep","Sunday",102.0,1,0,"Semester"
"805","All Nighter",2025,"Sep","Weekday",104.0,1,0,"Semester"
"840","All Nighter",2025,"Sep","Saturday",51.2727272727273,1,0,"Semester"
"840","All Nighter",2025,"Sep","Sunday",64.0,1,0,"Semester"
"840","All Nighter",2025,"Sep","Weekday",70.0,1,0,"Semester"
"851","All Nighter",2025,"Sep","Saturday",114.0,1,1,"Semester"
"851","All Nighter",2025,"Sep","Sunday",90.0,1,1,"Semester"
"851","All Nighter",2025,"Sep","Weekday",87.0,1,1,"Semester"
"86","Local",2025,"Sep","Saturday",726.864197530864,1,0,"Semester"
"86","Local",2025,"Sep","Sunday",676.0,1,0,"Semester"
"86","Local",2025,"Sep","Weekday",1362.0,1,0,"Semester"
"88","Local",2025,"Sep","Saturday",1757.0,1,0,"Semester"
"88","Local",2025,"Sep","Sunday",1360.60606060606,1,0,"Semester"
"88","Local",2025,"Sep","Weekday",2790.0,1,0,"Semester"
"9","Local",2025,"Sep","Saturday",2777.0,1,0,"Semester"
"9","Local",2025,"Sep","Sunday",2313.0,1,0,"Semester"
"9","Local",2025,"Sep","Weekday",4063.0,1,0,"Semester"
"90","Local",2025,"Sep","Saturday",441.0,1,0,"Semester"
"90","Local",2025,"Sep","Sunday",359.0,1,0,"Semester"
"90","Local",2025,"Sep","Weekday",699.0,1,0,"Semester"
"93","Local",2025,"Sep","Saturday",440.0,1,0,"Semester"
"93","Local",2025,"Sep","Sunday",396.0,1,0,"Semester"
"93","Local",2025,"Sep","Weekday",988.0,1,0,"Semester"
"95","Local",2025,"Sep","Saturday",154.0,1,0,"Semester"
"95","Local",2025,"Sep","Sunday",162.0,1,0,"Semester"
"95","Local",2025,"Sep","Weekday",287.244444444444,1,0,"Semester"
"96","Local",2025,"Sep","Saturday",1071.0,1,0,"Semester"
"96","Local",2025,"Sep","Sunday",994.0,1,0,"Semester"
"96","Local",2025,"Sep","Weekday",1445.0,1,0,"Semester"
"97","Local",2025,"Sep","Saturday",1644.0,1,0,"Semester"
"97","Local",2025,"Sep","Sunday",1345.0,1,0,"Semester"
"97","Local",2025,"Sep","Weekday",3360.0,1,0,"Semester"
"98","Local",2025,"Sep","Saturday",519.0,1,0,"Semester"
"98","Local",2025,"Sep","Sunday",390.0,1,0,"Semester"
"98","Local",2025,"Sep","Weekday",1208.0,1,0,"Semester"
"E","M-Transbay",2025,"Sep","Weekday",186.0,0,0,"Semester"
"F","M-Transbay",2025,"Sep","Saturday",1805.0,1,1,"Semester"
"F","M-Transbay",2025,"Sep","Sunday",1679.0,1,1,"Semester"
"F","M-Transbay",2025,"Sep","Weekday",2684.0,1,1,"Semester"
"FS","M-Transbay",2025,"Sep","Weekday",134.666666666667,0,0,"Semester"
"G","M-Transbay",2025,"Sep","Weekday",256.0,0,0,"Semester"
"J","M-Transbay",2025,"Sep","Weekday",302.0,0,0,"Semester"
"L","M-Transbay",2025,"Sep","Weekday",193.0,0,0,"Semester"
"NL","M-Transbay",2025,"Sep","Saturday",1415.0,1,0,"Semester"
"NL","M-Transbay",2025,"Sep","Sunday",1154.0,1,0,"Semester"
"NL","M-Transbay",2025,"Sep","Weekday",2667.0,1,0,"Semester"
"NX","M-Transbay",2025,"Sep","Weekday",258.0,0,0,"Semester"
"NX3","M-Transbay",2025,"Sep","Weekday",126.0,0,0,"Semester"
"O","M-Transbay",2025,"Sep","Saturday",524.0,1,0,"Semester"
"O","M-Transbay",2025,"Sep","Sunday",488.0,1,0,"Semester"
"O","M-Transbay",2025,"Sep","Weekday",1240.0,1,0,"Semester"
"P","M-Transbay",2025,"Sep","Weekday",397.0,0,0,"Semester"
"U","M-Transbay",2025,"Sep","Weekday",242.0,0,0,"Semester"
"V","M-Transbay",2025,"Sep","Weekday",233.0,0,0,"Semester"
"W","M-Transbay",2025,"Sep","Weekday",198.0,0,0,"Semester"
"12","Local",2025,"Oct","Saturday",1983.80821917808,1,0,"Semester"
"12","Local",2025,"Oct","Sunday",1713.15068493151,1,0,"Semester"
"12","Local",2025,"Oct","Weekday",2952.0,1,0,"Semester"
"14","Local",2025,"Oct","Saturday",1670.0,1,0,"Semester"
"14","Local",2025,"Oct","Sunday",1461.0,1,0,"Semester"
"14","Local",2025,"Oct","Weekday",2883.0,1,0,"Semester"
"18","Local",2025,"Oct","Saturday",3914.0,1,0,"Semester"
"18","Local",2025,"Oct","Sunday",3185.0,1,0,"Semester"
"18","Local",2025,"Oct","Weekday",6070.0,1,0,"Semester"
"19","Local",2025,"Oct","Saturday",237.0,1,0,"Semester"
"19","Local",2025,"Oct","Sunday",198.0,1,0,"Semester"
"19","Local",2025,"Oct","Weekday",304.0,1,0,"Semester"
"1T","Local",2025,"Oct","Saturday",12338.9533678756,1,0,"Semester"
"1T","Local",2025,"Oct","Sunday",11146.8194444444,1,0,"Semester"
"1T","Local",2025,"Oct","Weekday",15903.0,1,0,"Semester"
"200","Local",2025,"Oct","Saturday",987.0,1,0,"Semester"
"200","Local",2025,"Oct","Sunday",843.093333333333,1,0,"Semester"
"200","Local",2025,"Oct","Weekday",1324.0,1,0,"Semester"
"210","Local",2025,"Oct","Saturday",799.0,1,0,"Semester"
"210","Local",2025,"Oct","Sunday",695.0,1,0,"Semester"
"210","Local",2025,"Oct","Weekday",1308.0,1,0,"Semester"
"211","Local",2025,"Oct","Saturday",710.0,1,0,"Semester"
"211","Local",2025,"Oct","Sunday",661.0,1,0,"Semester"
"211","Local",2025,"Oct","Weekday",1342.0,1,0,"Semester"
"216","Local",2025,"Oct","Saturday",264.0,1,0,"Semester"
"216","Local",2025,"Oct","Sunday",245.0,1,0,"Semester"
"216","Local",2025,"Oct","Weekday",313.0,1,0,"Semester"
"22","Local",2025,"Oct","Saturday",2040.0,1,0,"Semester"
"22","Local",2025,"Oct","Sunday",1770.0,1,0,"Semester"
"22","Local",2025,"Oct","Weekday",2396.0,1,0,"Semester"
"231","Local",2025,"Oct","Saturday",612.0,1,0,"Semester"
"231","Local",2025,"Oct","Sunday",519.0,1,0,"Semester"
"231","Local",2025,"Oct","Weekday",814.0,1,0,"Semester"
"239","Local",2025,"Oct","Saturday",326.0,1,0,"Semester"
"239","Local",2025,"Oct","Sunday",278.0,1,0,"Semester"
"239","Local",2025,"Oct","Weekday",964.0,1,0,"Semester"
"251","Local",2025,"Oct","Saturday",107.0,1,0,"Semester"
"251","Local",2025,"Oct","Sunday",118.461538461538,1,0,"Semester"
"251","Local",2025,"Oct","Weekday",186.0,1,0,"Semester"
"27","Local",2025,"Oct","Saturday",2199.0,1,1,"Semester"
"27","Local",2025,"Oct","Sunday",2034.0,1,1,"Semester"
"27","Local",2025,"Oct","Weekday",2953.0,1,1,"Semester"
"28","Local",2025,"Oct","Saturday",600.0,1,0,"Semester"
"28","Local",2025,"Oct","Sunday",502.0,1,0,"Semester"
"28","Local",2025,"Oct","Weekday",814.0,1,0,"Semester"
"281","Local",2025,"Oct","Saturday",170.64,1,0,"Semester"
"281","Local",2025,"Oct","Sunday",150.0,1,0,"Semester"
"281","Local",2025,"Oct","Weekday",247.0,1,0,"Semester"
"30","Local",2025,"Oct","Saturday",1785.0,1,0,"Semester"
"30","Local",2025,"Oct","Sunday",1365.0,1,0,"Semester"
"30","Local",2025,"Oct","Weekday",2070.0,1,0,"Semester"
"31","Local",2025,"Oct","Saturday",980.0,1,0,"Semester"
"31","Local",2025,"Oct","Sunday",820.0,1,0,"Semester"
"31","Local",2025,"Oct","Weekday",1361.0,1,0,"Semester"
"34","Local",2025,"Oct","Saturday",543.0,1,0,"Semester"
"34","Local",2025,"Oct","Sunday",472.0,1,0,"Semester"
"34","Local",2025,"Oct","Weekday",853.0,1,0,"Semester"
"35","Local",2025,"Oct","Saturday",546.0,1,0,"Semester"
"35","Local",2025,"Oct","Sunday",546.0,1,0,"Semester"
"35","Local",2025,"Oct","Weekday",932.0,1,0,"Semester"
"36","Local",2025,"Oct","Saturday",2407.0,1,1,"Semester"
"36","Local",2025,"Oct","Sunday",2095.0,1,1,"Semester"
"36","Local",2025,"Oct","Weekday",3025.0,1,1,"Semester"
"40","Local",2025,"Oct","Saturday",3146.93388429752,1,0,"Semester"
"40","Local",2025,"Oct","Sunday",2791.0,1,0,"Semester"
"40","Local",2025,"Oct","Weekday",6597.0,1,0,"Semester"
"41","Local",2025,"Oct","Saturday",424.0,1,0,"Semester"
"41","Local",2025,"Oct","Sunday",343.0,1,0,"Semester"
"41","Local",2025,"Oct","Weekday",609.0,1,0,"Semester"
"45","Local",2025,"Oct","Saturday",704.0,1,0,"Semester"
"45","Local",2025,"Oct","Sunday",528.0,1,0,"Semester"
"45","Local",2025,"Oct","Weekday",1349.0,1,0,"Semester"
"46L","Local",2025,"Oct","Weekday",166.0,0,0,"Semester"
"51A","Local",2025,"Oct","Saturday",3900.0,1,0,"Semester"
"51A","Local",2025,"Oct","Sunday",3201.0,1,0,"Semester"
"51A","Local",2025,"Oct","Weekday",6168.8622754491,1,0,"Semester"
"51B","Local",2025,"Oct","Saturday",6650.0,1,1,"Semester"
"51B","Local",2025,"Oct","Sunday",6522.10526315789,1,1,"Semester"
"51B","Local",2025,"Oct","Weekday",8713.0,1,1,"Semester"
"52","Local",2025,"Oct","Saturday",2498.15384615385,1,1,"Semester"
"52","Local",2025,"Oct","Sunday",2433.91111111111,1,1,"Semester"
"52","Local",2025,"Oct","Weekday",5418.0,1,1,"Semester"
"54","Local",2025,"Oct","Saturday",576.0,1,0,"Semester"
"54","Local",2025,"Oct","Sunday",468.666666666667,1,0,"Semester"
"54","Local",2025,"Oct","Weekday",1293.0,1,0,"Semester"
"56","Local",2025,"Oct","Saturday",343.0,1,0,"Semester"
"56","Local",2025,"Oct","Sunday",290.0,1,0,"Semester"
"56","Local",2025,"Oct","Weekday",562.0,1,0,"Semester"
"57","Local",2025,"Oct","Saturday",3953.02702702703,1,0,"Semester"
"57","Local",2025,"Oct","Sunday",3376.0,1,0,"Semester"
"57","Local",2025,"Oct","Weekday",5449.0,1,0,"Semester"
"6","Local",2025,"Oct","Saturday",3413.60666666667,1,1,"Semester"
"6","Local",2025,"Oct","Sunday",2899.0,1,1,"Semester"
"6","Local",2025,"Oct","Weekday",4856.0,1,1,"Semester"
"60","Local",2025,"Oct","Saturday",758.0,1,0,"Semester"
"60","Local",2025,"Oct","Sunday",591.0,1,0,"Semester"
"60","Local",2025,"Oct","Weekday",1606.0,1,0,"Semester"
"604","Supplemental",2025,"Oct","Weekday",73.0,0,0,"Semester"
"605","Supplemental",2025,"Oct","Weekday",68.0,0,0,"Semester"
"606","Supplemental",2025,"Oct","Weekday",58.0,0,0,"Semester"
"607","Supplemental",2025,"Oct","Weekday",43.5,0,0,"Semester"
"617","Supplemental",2025,"Oct","Weekday",76.0,0,0,"Semester"
"62","Local",2025,"Oct","Saturday",1166.0,1,0,"Semester"
"62","Local",2025,"Oct","Sunday",1078.0,1,0,"Semester"
"62","Local",2025,"Oct","Weekday",2177.0,1,0,"Semester"
"620","Supplemental",2025,"Oct","Weekday",39.0,0,0,"Semester"
"621","Supplemental",2025,"Oct","Weekday",558.666666666667,0,0,"Semester"
"623","Supplemental",2025,"Oct","Weekday",1079.55555555556,0,0,"Semester"
"624","Supplemental",2025,"Oct","Weekday",82.0,0,0,"Semester"
"625","Supplemental",2025,"Oct","Weekday",406.666666666667,0,0,"Semester"
"627","Supplemental",2025,"Oct","Weekday",55.0,0,0,"Semester"
"629","Supplemental",2025,"Oct","Weekday",91.5,0,0,"Semester"
"631","Supplemental",2025,"Oct","Weekday",303.0,0,0,"Semester"
"633","Supplemental",2025,"Oct","Weekday",86.0,0,0,"Semester"
"638","Supplemental",2025,"Oct","Weekday",90.0,0,0,"Semester"
"639","Supplemental",2025,"Oct","Weekday",67.0,0,0,"Semester"
"641","Supplemental",2025,"Oct","Weekday",283.333333333333,0,0,"Semester"
"642","Supplemental",2025,"Oct","Weekday",52.0,0,0,"Semester"
"646","Supplemental",2025,"Oct","Weekday",323.0,0,0,"Semester"
"648","Supplemental",2025,"Oct","Weekday",160.0,0,0,"Semester"
"649","Supplemental",2025,"Oct","Weekday",96.0,0,0,"Semester"
"65","Local",2025,"Oct","Weekday",437.0,0,0,"Semester"
"650","Supplemental",2025,"Oct","Weekday",93.0,0,0,"Semester"
"651","Supplemental",2025,"Oct","Weekday",118.0,0,0,"Semester"
"652","Supplemental",2025,"Oct","Weekday",115.0,0,0,"Semester"
"653","Supplemental",2025,"Oct","Weekday",141.0,0,0,"Semester"
"654","Supplemental",2025,"Oct","Weekday",314.0,0,0,"Semester"
"655","Supplemental",2025,"Oct","Weekday",286.8,0,0,"Semester"
"657","Supplemental",2025,"Oct","Weekday",297.777777777778,0,0,"Semester"
"658","Supplemental",2025,"Oct","Weekday",180.0,0,0,"Semester"
"660","Supplemental",2025,"Oct","Weekday",89.0,0,0,"Semester"
"662","Supplemental",2025,"Oct","Weekday",114.0,0,0,"Semester"
"663","Supplemental",2025,"Oct","Weekday",94.6666666666667,0,0,"Semester"
"667","Supplemental",2025,"Oct","Weekday",160.0,0,0,"Semester"
"669","Supplemental",2025,"Oct","Weekday",34.0,0,0,"Semester"
"67","Local",2025,"Oct","Weekday",240.0,0,0,"Semester"
"675","Supplemental",2025,"Oct","Weekday",350.666666666667,0,0,"Semester"
"677","Supplemental",2025,"Oct","Weekday",100.0,0,0,"Semester"
"678","Supplemental",2025,"Oct","Weekday",69.0,0,0,"Semester"
"680","Supplemental",2025,"Oct","Weekday",73.0,0,0,"Semester"
"681","Supplemental",2025,"Oct","Weekday",22.0,0,0,"Semester"
"682","Supplemental",2025,"Oct","Weekday",183.0,0,0,"Semester"
"683","Supplemental",2025,"Oct","Weekday",35.0,0,0,"Semester"
"684","Supplemental",2025,"Oct","Weekday",230.0,0,0,"Semester"
"687","Supplemental",2025,"Oct","Weekday",185.0,0,0,"Semester"
"688","Supplemental",2025,"Oct","Weekday",73.0,0,0,"Semester"
"689","Supplemental",2025,"Oct","Weekday",76.0,0,0,"Semester"
"696","Supplemental",2025,"Oct","Weekday",32.0,0,0,"Semester"
"7","Local",2025,"Oct","Saturday",576.0,1,0,"Semester"
"7","Local",2025,"Oct","Sunday",452.0,1,0,"Semester"
"7","Local",2025,"Oct","Weekday",715.0,1,0,"Semester"
"70","Local",2025,"Oct","Saturday",433.0,1,0,"Semester"
"70","Local",2025,"Oct","Sunday",320.0,1,0,"Semester"
"70","Local",2025,"Oct","Weekday",919.0,1,0,"Semester"
"701","M-Transbay",2025,"Oct","Weekday",63.0,0,0,"Semester"
"702","M-Transbay",2025,"Oct","Weekday",15.0,0,0,"Semester"
"703","M-Transbay",2025,"Oct","Weekday",15.0,0,0,"Semester"
"71","Local",2025,"Oct","Saturday",417.0,1,0,"Semester"
"71","Local",2025,"Oct","Sunday",366.0,1,0,"Semester"
"71","Local",2025,"Oct","Weekday",1027.0,1,0,"Semester"
"72","Local",2025,"Oct","Saturday",2956.3661971831,1,0,"Semester"
"72","Local",2025,"Oct","Sunday",2502.0,1,0,"Semester"
"72","Local",2025,"Oct","Weekday",3896.0,1,0,"Semester"
"72L","Local",2025,"Oct","Saturday",2811.73684210526,1,0,"Semester"
"72L","Local",2025,"Oct","Sunday",1349.0,1,0,"Semester"
"72L","Local",2025,"Oct","Weekday",2207.0,1,0,"Semester"
"72M","Local",2025,"Oct","Saturday",1641.0,1,0,"Semester"
"72M","Local",2025,"Oct","Sunday",2391.0,1,0,"Semester"
"72M","Local",2025,"Oct","Weekday",3188.0,1,0,"Semester"
"73","Local",2025,"Oct","Saturday",1145.0,1,0,"Semester"
"73","Local",2025,"Oct","Sunday",928.0,1,0,"Semester"
"73","Local",2025,"Oct","Weekday",1603.0,1,0,"Semester"
"74","Local",2025,"Oct","Saturday",471.0,1,0,"Semester"
"74","Local",2025,"Oct","Sunday",425.0,1,0,"Semester"
"74","Local",2025,"Oct","Weekday",1241.0,1,0,"Semester"
"76","Local",2025,"Oct","Saturday",1190.0,1,0,"Semester"
"76","Local",2025,"Oct","Sunday",1033.0,1,0,"Semester"
"76","Local",2025,"Oct","Weekday",2038.0,1,0,"Semester"
"800","All Nighter",2025,"Oct","Saturday",659.0,1,1,"Semester"
"800","All Nighter",2025,"Oct","Sunday",585.692307692308,1,1,"Semester"
"800","All Nighter",2025,"Oct","Weekday",473.0,1,1,"Semester"
"801","All Nighter",2025,"Oct","Saturday",253.928571428571,1,0,"Semester"
"801","All Nighter",2025,"Oct","Sunday",218.0,1,0,"Semester"
"801","All Nighter",2025,"Oct","Weekday",246.0,1,0,"Semester"
"802","All Nighter",2025,"Oct","Saturday",76.0,1,0,"Semester"
"802","All Nighter",2025,"Oct","Sunday",65.0,1,0,"Semester"
"802","All Nighter",2025,"Oct","Weekday",67.0,1,0,"Semester"
"805","All Nighter",2025,"Oct","Saturday",83.0,1,0,"Semester"
"805","All Nighter",2025,"Oct","Sunday",85.0,1,0,"Semester"
"805","All Nighter",2025,"Oct","Weekday",99.0,1,0,"Semester"
"840","All Nighter",2025,"Oct","Saturday",61.0,1,0,"Semester"
"840","All Nighter",2025,"Oct","Sunday",69.0,1,0,"Semester"
"840","All Nighter",2025,"Oct","Weekday",67.0,1,0,"Semester"
"851","All Nighter",2025,"Oct","Saturday",142.0,1,1,"Semester"
"851","All Nighter",2025,"Oct","Sunday",96.0,1,1,"Semester"
"851","All Nighter",2025,"Oct","Weekday",85.0,1,1,"Semester"
"86","Local",2025,"Oct","Saturday",765.333333333333,1,0,"Semester"
"86","Local",2025,"Oct","Sunday",687.0,1,0,"Semester"
"86","Local",2025,"Oct","Weekday",1351.0,1,0,"Semester"
"88","Local",2025,"Oct","Saturday",1663.0,1,0,"Semester"
"88","Local",2025,"Oct","Sunday",1396.0,1,0,"Semester"
"88","Local",2025,"Oct","Weekday",2693.0,1,0,"Semester"
"9","Local",2025,"Oct","Saturday",2780.0,1,0,"Semester"
"9","Local",2025,"Oct","Sunday",2325.0,1,0,"Semester"
"9","Local",2025,"Oct","Weekday",4128.0,1,0,"Semester"
"90","Local",2025,"Oct","Saturday",372.0,1,0,"Semester"
"90","Local",2025,"Oct","Sunday",317.742424242424,1,0,"Semester"
"90","Local",2025,"Oct","Weekday",657.0,1,0,"Semester"
"93","Local",2025,"Oct","Saturday",453.0,1,0,"Semester"
"93","Local",2025,"Oct","Sunday",399.0,1,0,"Semester"
"93","Local",2025,"Oct","Weekday",1003.0,1,0,"Semester"
"95","Local",2025,"Oct","Saturday",190.05,1,0,"Semester"
"95","Local",2025,"Oct","Sunday",140.341463414634,1,0,"Semester"
"95","Local",2025,"Oct","Weekday",284.0,1,0,"Semester"
"96","Local",2025,"Oct","Saturday",1160.0,1,0,"Semester"
"96","Local",2025,"Oct","Sunday",1002.0,1,0,"Semester"
"96","Local",2025,"Oct","Weekday",1444.0,1,0,"Semester"
"97","Local",2025,"Oct","Saturday",1620.0,1,0,"Semester"
"97","Local",2025,"Oct","Sunday",1358.0,1,0,"Semester"
"97","Local",2025,"Oct","Weekday",3321.0,1,0,"Semester"
"98","Local",2025,"Oct","Saturday",486.0,1,0,"Semester"
"98","Local",2025,"Oct","Sunday",396.0,1,0,"Semester"
"98","Local",2025,"Oct","Weekday",1224.0,1,0,"Semester"
"E","M-Transbay",2025,"Oct","Weekday",168.0,0,0,"Semester"
"F","M-Transbay",2025,"Oct","Saturday",1794.0,1,1,"Semester"
"F","M-Transbay",2025,"Oct","Sunday",1580.0,1,1,"Semester"
"F","M-Transbay",2025,"Oct","Weekday",2551.0,1,1,"Semester"
"FS","M-Transbay",2025,"Oct","Weekday",128.0,0,0,"Semester"
"G","M-Transbay",2025,"Oct","Weekday",221.714285714286,0,0,"Semester"
"J","M-Transbay",2025,"Oct","Weekday",291.0,0,0,"Semester"
"L","M-Transbay",2025,"Oct","Weekday",174.0,0,0,"Semester"
"NL","M-Transbay",2025,"Oct","Saturday",1333.0,1,0,"Semester"
"NL","M-Transbay",2025,"Oct","Sunday",1116.0,1,0,"Semester"
"NL","M-Transbay",2025,"Oct","Weekday",2587.0,1,0,"Semester"
"NX","M-Transbay",2025,"Oct","Weekday",260.0,0,0,"Semester"
"NX3","M-Transbay",2025,"Oct","Weekday",127.0,0,0,"Semester"
"O","M-Transbay",2025,"Oct","Saturday",518.0,1,0,"Semester"
"O","M-Transbay",2025,"Oct","Sunday",466.0,1,0,"Semester"
"O","M-Transbay",2025,"Oct","Weekday",1122.0,1,0,"Semester"
"P","M-Transbay",2025,"Oct","Weekday",364.0,0,0,"Semester"
"U","M-Transbay",2025,"Oct","Weekday",266.0,0,0,"Semester"
"V","M-Transbay",2025,"Oct","Weekday",219.0,0,0,"Semester"
"W","M-Transbay",2025,"Oct","Weekday",175.0,0,0,"Semester"
"12","Local",2025,"Nov","Saturday",1848.0,1,0,"Semester"
"12","Local",2025,"Nov","Sunday",1392.0,1,0,"Semester"
"12","Local",2025,"Nov","Weekday",2718.0,1,0,"Semester"
"14","Local",2025,"Nov","Saturday",1653.0,1,0,"Semester"
"14","Local",2025,"Nov","Sunday",1381.0,1,0,"Semester"
"14","Local",2025,"Nov","Weekday",2618.0,1,0,"Semester"
"18","Local",2025,"Nov","Saturday",3629.0,1,0,"Semester"
"18","Local",2025,"Nov","Sunday",2671.0,1,0,"Semester"
"18","Local",2025,"Nov","Weekday",5428.0,1,0,"Semester"
"19","Local",2025,"Nov","Saturday",216.0,1,0,"Semester"
"19","Local",2025,"Nov","Sunday",188.0,1,0,"Semester"
"19","Local",2025,"Nov","Weekday",298.0,1,0,"Semester"
"1T","Local",2025,"Nov","Saturday",12712.8695652174,1,0,"Semester"
"1T","Local",2025,"Nov","Sunday",10864.1176470588,1,0,"Semester"
"1T","Local",2025,"Nov","Weekday",14961.9065420561,1,0,"Semester"
"200","Local",2025,"Nov","Saturday",924.0,1,0,"Semester"
"200","Local",2025,"Nov","Sunday",803.573333333333,1,0,"Semester"
"200","Local",2025,"Nov","Weekday",1221.0,1,0,"Semester"
"210","Local",2025,"Nov","Saturday",732.0,1,0,"Semester"
"210","Local",2025,"Nov","Sunday",616.0,1,0,"Semester"
"210","Local",2025,"Nov","Weekday",1219.0,1,0,"Semester"
"211","Local",2025,"Nov","Saturday",734.931506849315,1,0,"Semester"
"211","Local",2025,"Nov","Sunday",622.0,1,0,"Semester"
"211","Local",2025,"Nov","Weekday",1251.0,1,0,"Semester"
"216","Local",2025,"Nov","Saturday",244.0,1,0,"Semester"
"216","Local",2025,"Nov","Sunday",202.0,1,0,"Semester"
"216","Local",2025,"Nov","Weekday",302.9,1,0,"Semester"
"22","Local",2025,"Nov","Saturday",1751.0,1,0,"Semester"
"22","Local",2025,"Nov","Sunday",1383.0,1,0,"Semester"
"22","Local",2025,"Nov","Weekday",2163.0,1,0,"Semester"
"231","Local",2025,"Nov","Saturday",549.0,1,0,"Semester"
"231","Local",2025,"Nov","Sunday",456.0,1,0,"Semester"
"231","Local",2025,"Nov","Weekday",740.0,1,0,"Semester"
"239","Local",2025,"Nov","Saturday",349.0,1,0,"Semester"
"239","Local",2025,"Nov","Sunday",283.0,1,0,"Semester"
"239","Local",2025,"Nov","Weekday",874.0,1,0,"Semester"
"251","Local",2025,"Nov","Saturday",129.0,1,0,"Semester"
"251","Local",2025,"Nov","Sunday",103.0,1,0,"Semester"
"251","Local",2025,"Nov","Weekday",163.0,1,0,"Semester"
"27","Local",2025,"Nov","Saturday",2055.0,1,1,"Semester"
"27","Local",2025,"Nov","Sunday",1602.0,1,1,"Semester"
"27","Local",2025,"Nov","Weekday",2512.0,1,1,"Semester"
"28","Local",2025,"Nov","Saturday",584.0,1,0,"Semester"
"28","Local",2025,"Nov","Sunday",453.0,1,0,"Semester"
"28","Local",2025,"Nov","Weekday",764.0,1,0,"Semester"
"281","Local",2025,"Nov","Saturday",144.0,1,0,"Semester"
"281","Local",2025,"Nov","Sunday",144.0,1,0,"Semester"
"281","Local",2025,"Nov","Weekday",223.0,1,0,"Semester"
"30","Local",2025,"Nov","Saturday",1689.0,1,0,"Semester"
"30","Local",2025,"Nov","Sunday",1322.0,1,0,"Semester"
"30","Local",2025,"Nov","Weekday",1988.0,1,0,"Semester"
"31","Local",2025,"Nov","Saturday",978.0,1,0,"Semester"
"31","Local",2025,"Nov","Sunday",778.0,1,0,"Semester"
"31","Local",2025,"Nov","Weekday",1277.0,1,0,"Semester"
"34","Local",2025,"Nov","Saturday",586.0,1,0,"Semester"
"34","Local",2025,"Nov","Sunday",454.0,1,0,"Semester"
"34","Local",2025,"Nov","Weekday",798.0,1,0,"Semester"
"35","Local",2025,"Nov","Saturday",589.0,1,0,"Semester"
"35","Local",2025,"Nov","Sunday",443.0,1,0,"Semester"
"35","Local",2025,"Nov","Weekday",883.0,1,0,"Semester"
"36","Local",2025,"Nov","Saturday",2214.0,1,1,"Semester"
"36","Local",2025,"Nov","Sunday",1534.0,1,1,"Semester"
"36","Local",2025,"Nov","Weekday",2769.0,1,1,"Semester"
"40","Local",2025,"Nov","Saturday",3059.0,1,0,"Semester"
"40","Local",2025,"Nov","Sunday",2374.0,1,0,"Semester"
"40","Local",2025,"Nov","Weekday",5856.0,1,0,"Semester"
"41","Local",2025,"Nov","Saturday",428.0,1,0,"Semester"
"41","Local",2025,"Nov","Sunday",323.0,1,0,"Semester"
"41","Local",2025,"Nov","Weekday",553.0,1,0,"Semester"
"45","Local",2025,"Nov","Saturday",596.0,1,0,"Semester"
"45","Local",2025,"Nov","Sunday",481.0,1,0,"Semester"
"45","Local",2025,"Nov","Weekday",1179.0,1,0,"Semester"
"46L","Local",2025,"Nov","Weekday",169.0,0,0,"Semester"
"51A","Local",2025,"Nov","Saturday",3751.0,1,0,"Semester"
"51A","Local",2025,"Nov","Sunday",2766.0,1,0,"Semester"
"51A","Local",2025,"Nov","Weekday",5645.62874251497,1,0,"Semester"
"51B","Local",2025,"Nov","Saturday",6149.0,1,1,"Semester"
"51B","Local",2025,"Nov","Sunday",5132.64705882353,1,1,"Semester"
"51B","Local",2025,"Nov","Weekday",7887.0,1,1,"Semester"
"52","Local",2025,"Nov","Saturday",2140.26373626374,1,1,"Semester"
"52","Local",2025,"Nov","Sunday",1836.0,1,1,"Semester"
"52","Local",2025,"Nov","Weekday",4574.0,1,1,"Semester"
"54","Local",2025,"Nov","Saturday",560.575342465753,1,0,"Semester"
"54","Local",2025,"Nov","Sunday",422.0,1,0,"Semester"
"54","Local",2025,"Nov","Weekday",1173.0,1,0,"Semester"
"56","Local",2025,"Nov","Saturday",334.0,1,0,"Semester"
"56","Local",2025,"Nov","Sunday",234.0,1,0,"Semester"
"56","Local",2025,"Nov","Weekday",534.0,1,0,"Semester"
"57","Local",2025,"Nov","Saturday",3897.0,1,0,"Semester"
"57","Local",2025,"Nov","Sunday",3088.0,1,0,"Semester"
"57","Local",2025,"Nov","Weekday",4873.0,1,0,"Semester"
"6","Local",2025,"Nov","Saturday",3038.0,1,1,"Semester"
"6","Local",2025,"Nov","Sunday",2399.0,1,1,"Semester"
"6","Local",2025,"Nov","Weekday",4622.0,1,1,"Semester"
"60","Local",2025,"Nov","Saturday",642.0,1,0,"Semester"
"60","Local",2025,"Nov","Sunday",510.0,1,0,"Semester"
"60","Local",2025,"Nov","Weekday",1422.0,1,0,"Semester"
"604","Supplemental",2025,"Nov","Weekday",89.0,0,0,"Semester"
"605","Supplemental",2025,"Nov","Weekday",73.0,0,0,"Semester"
"606","Supplemental",2025,"Nov","Weekday",59.0,0,0,"Semester"
"607","Supplemental",2025,"Nov","Weekday",89.0,0,0,"Semester"
"617","Supplemental",2025,"Nov","Weekday",80.0,0,0,"Semester"
"62","Local",2025,"Nov","Saturday",1102.0,1,0,"Semester"
"62","Local",2025,"Nov","Sunday",988.0,1,0,"Semester"
"62","Local",2025,"Nov","Weekday",1960.0,1,0,"Semester"
"620","Supplemental",2025,"Nov","Weekday",49.0,0,0,"Semester"
"621","Supplemental",2025,"Nov","Weekday",550.666666666667,0,0,"Semester"
"623","Supplemental",2025,"Nov","Weekday",1034.44444444444,0,0,"Semester"
"624","Supplemental",2025,"Nov","Weekday",74.0,0,0,"Semester"
"625","Supplemental",2025,"Nov","Weekday",360.0,0,0,"Semester"
"627","Supplemental",2025,"Nov","Weekday",72.0,0,0,"Semester"
"629","Supplemental",2025,"Nov","Weekday",96.0,0,0,"Semester"
"631","Supplemental",2025,"Nov","Weekday",301.0,0,0,"Semester"
"633","Supplemental",2025,"Nov","Weekday",81.0,0,0,"Semester"
"638","Supplemental",2025,"Nov","Weekday",72.0,0,0,"Semester"
"639","Supplemental",2025,"Nov","Weekday",65.0,0,0,"Semester"
"641","Supplemental",2025,"Nov","Weekday",258.333333333333,0,0,"Semester"
"642","Supplemental",2025,"Nov","Weekday",51.0,0,0,"Semester"
"646","Supplemental",2025,"Nov","Weekday",288.0,0,0,"Semester"
"648","Supplemental",2025,"Nov","Weekday",155.0,0,0,"Semester"
"649","Supplemental",2025,"Nov","Weekday",104.0,0,0,"Semester"
"65","Local",2025,"Nov","Weekday",264.0,0,0,"Semester"
"650","Supplemental",2025,"Nov","Weekday",91.5,0,0,"Semester"
"651","Supplemental",2025,"Nov","Weekday",78.0,0,0,"Semester"
"652","Supplemental",2025,"Nov","Weekday",83.0,0,0,"Semester"
"653","Supplemental",2025,"Nov","Weekday",159.0,0,0,"Semester"
"654","Supplemental",2025,"Nov","Weekday",299.0,0,0,"Semester"
"655","Supplemental",2025,"Nov","Weekday",231.6,0,0,"Semester"
"657","Supplemental",2025,"Nov","Weekday",283.333333333333,0,0,"Semester"
"658","Supplemental",2025,"Nov","Weekday",153.0,0,0,"Semester"
"660","Supplemental",2025,"Nov","Weekday",57.0,0,0,"Semester"
"662","Supplemental",2025,"Nov","Weekday",96.0,0,0,"Semester"
"663","Supplemental",2025,"Nov","Weekday",132.0,0,0,"Semester"
"667","Supplemental",2025,"Nov","Weekday",169.0,0,0,"Semester"
"669","Supplemental",2025,"Nov","Weekday",37.0,0,0,"Semester"
"67","Local",2025,"Nov","Weekday",179.0,0,0,"Semester"
"675","Supplemental",2025,"Nov","Weekday",351.272727272727,0,0,"Semester"
"677","Supplemental",2025,"Nov","Weekday",121.0,0,0,"Semester"
"678","Supplemental",2025,"Nov","Weekday",64.0,0,0,"Semester"
"680","Supplemental",2025,"Nov","Weekday",88.0,0,0,"Semester"
"681","Supplemental",2025,"Nov","Weekday",12.0,0,0,"Semester"
"682","Supplemental",2025,"Nov","Weekday",211.0,0,0,"Semester"
"683","Supplemental",2025,"Nov","Weekday",21.0,0,0,"Semester"
"684","Supplemental",2025,"Nov","Weekday",196.0,0,0,"Semester"
"687","Supplemental",2025,"Nov","Weekday",207.5,0,0,"Semester"
"688","Supplemental",2025,"Nov","Weekday",70.0,0,0,"Semester"
"689","Supplemental",2025,"Nov","Weekday",78.0,0,0,"Semester"
"696","Supplemental",2025,"Nov","Weekday",26.0,0,0,"Semester"
"7","Local",2025,"Nov","Saturday",515.0,1,0,"Semester"
"7","Local",2025,"Nov","Sunday",428.0,1,0,"Semester"
"7","Local",2025,"Nov","Weekday",655.0,1,0,"Semester"
"70","Local",2025,"Nov","Saturday",389.0,1,0,"Semester"
"70","Local",2025,"Nov","Sunday",320.0,1,0,"Semester"
"70","Local",2025,"Nov","Weekday",826.0,1,0,"Semester"
"701","M-Transbay",2025,"Nov","Weekday",71.0,0,0,"Semester"
"702","M-Transbay",2025,"Nov","Weekday",12.0,0,0,"Semester"
"703","M-Transbay",2025,"Nov","Weekday",17.0,0,0,"Semester"
"71","Local",2025,"Nov","Saturday",396.0,1,0,"Semester"
"71","Local",2025,"Nov","Sunday",321.0,1,0,"Semester"
"71","Local",2025,"Nov","Weekday",909.0,1,0,"Semester"
"72","Local",2025,"Nov","Saturday",2857.0,1,0,"Semester"
"72","Local",2025,"Nov","Sunday",2147.0,1,0,"Semester"
"72","Local",2025,"Nov","Weekday",3752.0,1,0,"Semester"
"72L","Local",2025,"Nov","Saturday",2610.0,1,0,"Semester"
"72L","Local",2025,"Nov","Sunday",1204.0,1,0,"Semester"
"72L","Local",2025,"Nov","Weekday",2038.0,1,0,"Semester"
"72M","Local",2025,"Nov","Saturday",1604.0,1,0,"Semester"
"72M","Local",2025,"Nov","Sunday",2177.0,1,0,"Semester"
"72M","Local",2025,"Nov","Weekday",3032.0,1,0,"Semester"
"73","Local",2025,"Nov","Saturday",1018.0,1,0,"Semester"
"73","Local",2025,"Nov","Sunday",806.0,1,0,"Semester"
"73","Local",2025,"Nov","Weekday",1476.0,1,0,"Semester"
"74","Local",2025,"Nov","Saturday",436.0,1,0,"Semester"
"74","Local",2025,"Nov","Sunday",363.0,1,0,"Semester"
"74","Local",2025,"Nov","Weekday",1006.0,1,0,"Semester"
"76","Local",2025,"Nov","Saturday",1131.0,1,0,"Semester"
"76","Local",2025,"Nov","Sunday",923.0,1,0,"Semester"
"76","Local",2025,"Nov","Weekday",1849.0,1,0,"Semester"
"800","All Nighter",2025,"Nov","Saturday",553.0,1,1,"Semester"
"800","All Nighter",2025,"Nov","Sunday",441.346153846154,1,1,"Semester"
"800","All Nighter",2025,"Nov","Weekday",431.0,1,1,"Semester"
"801","All Nighter",2025,"Nov","Saturday",262.5,1,0,"Semester"
"801","All Nighter",2025,"Nov","Sunday",207.0,1,0,"Semester"
"801","All Nighter",2025,"Nov","Weekday",238.0,1,0,"Semester"
"802","All Nighter",2025,"Nov","Saturday",62.0,1,0,"Semester"
"802","All Nighter",2025,"Nov","Sunday",60.0,1,0,"Semester"
"802","All Nighter",2025,"Nov","Weekday",60.0,1,0,"Semester"
"805","All Nighter",2025,"Nov","Saturday",86.0,1,0,"Semester"
"805","All Nighter",2025,"Nov","Sunday",82.0,1,0,"Semester"
"805","All Nighter",2025,"Nov","Weekday",104.0,1,0,"Semester"
"840","All Nighter",2025,"Nov","Saturday",75.0,1,0,"Semester"
"840","All Nighter",2025,"Nov","Sunday",52.0,1,0,"Semester"
"840","All Nighter",2025,"Nov","Weekday",58.0,1,0,"Semester"
"851","All Nighter",2025,"Nov","Saturday",91.0,1,1,"Semester"
"851","All Nighter",2025,"Nov","Sunday",93.0,1,1,"Semester"
"851","All Nighter",2025,"Nov","Weekday",92.0,1,1,"Semester"
"86","Local",2025,"Nov","Saturday",719.55,1,0,"Semester"
"86","Local",2025,"Nov","Sunday",593.234567901235,1,0,"Semester"
"86","Local",2025,"Nov","Weekday",1199.0,1,0,"Semester"
"88","Local",2025,"Nov","Saturday",1556.0,1,0,"Semester"
"88","Local",2025,"Nov","Sunday",1218.0,1,0,"Semester"
"88","Local",2025,"Nov","Weekday",2403.0,1,0,"Semester"
"9","Local",2025,"Nov","Saturday",2617.0,1,0,"Semester"
"9","Local",2025,"Nov","Sunday",2122.0,1,0,"Semester"
"9","Local",2025,"Nov","Weekday",3690.0,1,0,"Semester"
"90","Local",2025,"Nov","Saturday",398.0,1,0,"Semester"
"90","Local",2025,"Nov","Sunday",306.0,1,0,"Semester"
"90","Local",2025,"Nov","Weekday",596.0,1,0,"Semester"
"93","Local",2025,"Nov","Saturday",426.0,1,0,"Semester"
"93","Local",2025,"Nov","Sunday",335.0,1,0,"Semester"
"93","Local",2025,"Nov","Weekday",873.0,1,0,"Semester"
"95","Local",2025,"Nov","Saturday",165.0,1,0,"Semester"
"95","Local",2025,"Nov","Sunday",134.19512195122,1,0,"Semester"
"95","Local",2025,"Nov","Weekday",260.0,1,0,"Semester"
"96","Local",2025,"Nov","Saturday",993.0,1,0,"Semester"
"96","Local",2025,"Nov","Sunday",872.0,1,0,"Semester"
"96","Local",2025,"Nov","Weekday",1313.0,1,0,"Semester"
"97","Local",2025,"Nov","Saturday",1603.0,1,0,"Semester"
"97","Local",2025,"Nov","Sunday",1157.0,1,0,"Semester"
"97","Local",2025,"Nov","Weekday",3007.0,1,0,"Semester"
"98","Local",2025,"Nov","Saturday",488.0,1,0,"Semester"
"98","Local",2025,"Nov","Sunday",364.0,1,0,"Semester"
"98","Local",2025,"Nov","Weekday",1036.0,1,0,"Semester"
"E","M-Transbay",2025,"Nov","Weekday",169.0,0,0,"Semester"
"F","M-Transbay",2025,"Nov","Saturday",1562.0,1,1,"Semester"
"F","M-Transbay",2025,"Nov","Sunday",1251.0,1,1,"Semester"
"F","M-Transbay",2025,"Nov","Weekday",2323.0,1,1,"Semester"
"FS","M-Transbay",2025,"Nov","Weekday",110.666666666667,0,0,"Semester"
"G","M-Transbay",2025,"Nov","Weekday",214.857142857143,0,0,"Semester"
"J","M-Transbay",2025,"Nov","Weekday",287.0,0,0,"Semester"
"L","M-Transbay",2025,"Nov","Weekday",166.0,0,0,"Semester"
"NL","M-Transbay",2025,"Nov","Saturday",1347.0,1,0,"Semester"
"NL","M-Transbay",2025,"Nov","Sunday",1055.0,1,0,"Semester"
"NL","M-Transbay",2025,"Nov","Weekday",2457.0,1,0,"Semester"
"NX","M-Transbay",2025,"Nov","Weekday",222.0,0,0,"Semester"
"NX3","M-Transbay",2025,"Nov","Weekday",103.0,0,0,"Semester"
"O","M-Transbay",2025,"Nov","Saturday",493.0,1,0,"Semester"
"O","M-Transbay",2025,"Nov","Sunday",433.0,1,0,"Semester"
"O","M-Transbay",2025,"Nov","Weekday",1052.0,1,0,"Semester"
"P","M-Transbay",2025,"Nov","Weekday",338.0,0,0,"Semester"
"U","M-Transbay",2025,"Nov","Weekday",246.0,0,0,"Semester"
"V","M-Transbay",2025,"Nov","Weekday",200.0,0,0,"Semester"
"W","M-Transbay",2025,"Nov","Weekday",165.0,0,0,"Semester"
"12","Local",2025,"Dec","Saturday",1519.0,1,0,"Other"
"12","Local",2025,"Dec","Sunday",1142.0,1,0,"Other"
"12","Local",2025,"Dec","Weekday",2473.0,1,0,"Other"
"14","Local",2025,"Dec","Saturday",1557.0,1,0,"Other"
"14","Local",2025,"Dec","Sunday",1267.0,1,0,"Other"
"14","Local",2025,"Dec","Weekday",2638.0,1,0,"Other"
"18","Local",2025,"Dec","Saturday",2985.0,1,0,"Other"
"18","Local",2025,"Dec","Sunday",2362.0,1,0,"Other"
"18","Local",2025,"Dec","Weekday",4887.0,1,0,"Other"
"19","Local",2025,"Dec","Saturday",212.0,1,0,"Other"
"19","Local",2025,"Dec","Sunday",192.0,1,0,"Other"
"19","Local",2025,"Dec","Weekday",284.0,1,0,"Other"
"1T","Local",2025,"Dec","Saturday",13173.3768844221,1,0,"Other"
"1T","Local",2025,"Dec","Sunday",10336.9194312796,1,0,"Other"
"1T","Local",2025,"Dec","Weekday",15075.0,1,0,"Other"
"200","Local",2025,"Dec","Saturday",895.111111111111,1,0,"Other"
"200","Local",2025,"Dec","Sunday",711.36,1,0,"Other"
"200","Local",2025,"Dec","Weekday",1158.0,1,0,"Other"
"210","Local",2025,"Dec","Saturday",696.0,1,0,"Other"
"210","Local",2025,"Dec","Sunday",573.0,1,0,"Other"
"210","Local",2025,"Dec","Weekday",1101.0,1,0,"Other"
"211","Local",2025,"Dec","Saturday",665.0,1,0,"Other"
"211","Local",2025,"Dec","Sunday",525.295774647887,1,0,"Other"
"211","Local",2025,"Dec","Weekday",1115.0,1,0,"Other"
"216","Local",2025,"Dec","Saturday",220.0,1,0,"Other"
"216","Local",2025,"Dec","Sunday",217.5,1,0,"Other"
"216","Local",2025,"Dec","Weekday",273.0,1,0,"Other"
"22","Local",2025,"Dec","Saturday",1383.0,1,0,"Other"
"22","Local",2025,"Dec","Sunday",1064.0,1,0,"Other"
"22","Local",2025,"Dec","Weekday",1756.0,1,0,"Other"
"231","Local",2025,"Dec","Saturday",494.0,1,0,"Other"
"231","Local",2025,"Dec","Sunday",462.0,1,0,"Other"
"231","Local",2025,"Dec","Weekday",662.0,1,0,"Other"
"239","Local",2025,"Dec","Saturday",294.666666666667,1,0,"Other"
"239","Local",2025,"Dec","Sunday",244.0,1,0,"Other"
"239","Local",2025,"Dec","Weekday",861.0,1,0,"Other"
"251","Local",2025,"Dec","Saturday",114.0,1,0,"Other"
"251","Local",2025,"Dec","Sunday",103.0,1,0,"Other"
"251","Local",2025,"Dec","Weekday",158.0,1,0,"Other"
"27","Local",2025,"Dec","Saturday",1640.0,1,1,"Other"
"27","Local",2025,"Dec","Sunday",1157.0,1,1,"Other"
"27","Local",2025,"Dec","Weekday",1864.0,1,1,"Other"
"28","Local",2025,"Dec","Saturday",503.0,1,0,"Other"
"28","Local",2025,"Dec","Sunday",397.0,1,0,"Other"
"28","Local",2025,"Dec","Weekday",717.0,1,0,"Other"
"281","Local",2025,"Dec","Saturday",140.0,1,0,"Other"
"281","Local",2025,"Dec","Sunday",124.0,1,0,"Other"
"281","Local",2025,"Dec","Weekday",217.0,1,0,"Other"
"30","Local",2025,"Dec","Saturday",1603.0,1,0,"Other"
"30","Local",2025,"Dec","Sunday",1193.0,1,0,"Other"
"30","Local",2025,"Dec","Weekday",1936.0,1,0,"Other"
"31","Local",2025,"Dec","Saturday",952.0,1,0,"Other"
"31","Local",2025,"Dec","Sunday",728.0,1,0,"Other"
"31","Local",2025,"Dec","Weekday",1252.0,1,0,"Other"
"34","Local",2025,"Dec","Saturday",534.0,1,0,"Other"
"34","Local",2025,"Dec","Sunday",441.0,1,0,"Other"
"34","Local",2025,"Dec","Weekday",770.0,1,0,"Other"
"35","Local",2025,"Dec","Saturday",524.0,1,0,"Other"
"35","Local",2025,"Dec","Sunday",433.0,1,0,"Other"
"35","Local",2025,"Dec","Weekday",838.0,1,0,"Other"
"36","Local",2025,"Dec","Saturday",1655.0,1,1,"Other"
"36","Local",2025,"Dec","Sunday",1302.0,1,1,"Other"
"36","Local",2025,"Dec","Weekday",2157.0,1,1,"Other"
"40","Local",2025,"Dec","Saturday",2988.0,1,0,"Other"
"40","Local",2025,"Dec","Sunday",2357.72727272727,1,0,"Other"
"40","Local",2025,"Dec","Weekday",5783.0,1,0,"Other"
"41","Local",2025,"Dec","Saturday",421.0,1,0,"Other"
"41","Local",2025,"Dec","Sunday",287.0,1,0,"Other"
"41","Local",2025,"Dec","Weekday",500.0,1,0,"Other"
"45","Local",2025,"Dec","Saturday",540.0,1,0,"Other"
"45","Local",2025,"Dec","Sunday",460.0,1,0,"Other"
"45","Local",2025,"Dec","Weekday",1165.0,1,0,"Other"
"46L","Local",2025,"Dec","Weekday",158.0,0,0,"Other"
"51A","Local",2025,"Dec","Saturday",3535.0,1,0,"Other"
"51A","Local",2025,"Dec","Sunday",2809.0,1,0,"Other"
"51A","Local",2025,"Dec","Weekday",5368.74251497006,1,0,"Other"
"51B","Local",2025,"Dec","Saturday",4345.0,1,1,"Other"
"51B","Local",2025,"Dec","Sunday",2871.70731707317,1,1,"Other"
"51B","Local",2025,"Dec","Weekday",5313.0,1,1,"Other"
"52","Local",2025,"Dec","Saturday",1592.0,1,1,"Other"
"52","Local",2025,"Dec","Sunday",1132.30769230769,1,1,"Other"
"52","Local",2025,"Dec","Weekday",2879.0,1,1,"Other"
"54","Local",2025,"Dec","Saturday",524.0,1,0,"Other"
"54","Local",2025,"Dec","Sunday",365.888888888889,1,0,"Other"
"54","Local",2025,"Dec","Weekday",1033.0,1,0,"Other"
"56","Local",2025,"Dec","Saturday",313.0,1,0,"Other"
"56","Local",2025,"Dec","Sunday",239.0,1,0,"Other"
"56","Local",2025,"Dec","Weekday",511.0,1,0,"Other"
"57","Local",2025,"Dec","Saturday",3595.0,1,0,"Other"
"57","Local",2025,"Dec","Sunday",2739.01986754967,1,0,"Other"
"57","Local",2025,"Dec","Weekday",4637.0,1,0,"Other"
"6","Local",2025,"Dec","Saturday",2452.24,1,1,"Other"
"6","Local",2025,"Dec","Sunday",1999.0,1,1,"Other"
"6","Local",2025,"Dec","Weekday",3811.0,1,1,"Other"
"60","Local",2025,"Dec","Saturday",596.0,1,0,"Other"
"60","Local",2025,"Dec","Sunday",451.0,1,0,"Other"
"60","Local",2025,"Dec","Weekday",1086.0,1,0,"Other"
"604","Supplemental",2025,"Dec","Weekday",78.0,0,0,"Other"
"605","Supplemental",2025,"Dec","Weekday",60.0,0,0,"Other"
"606","Supplemental",2025,"Dec","Weekday",50.0,0,0,"Other"
"607","Supplemental",2025,"Dec","Weekday",20.0,0,0,"Other"
"617","Supplemental",2025,"Dec","Weekday",81.0,0,0,"Other"
"62","Local",2025,"Dec","Saturday",1052.0,1,0,"Other"
"62","Local",2025,"Dec","Sunday",954.0,1,0,"Other"
"62","Local",2025,"Dec","Weekday",1823.0,1,0,"Other"
"620","Supplemental",2025,"Dec","Weekday",50.0,0,0,"Other"
"621","Supplemental",2025,"Dec","Weekday",508.0,0,0,"Other"
"623","Supplemental",2025,"Dec","Weekday",1137.5,0,0,"Other"
"624","Supplemental",2025,"Dec","Weekday",78.0,0,0,"Other"
"625","Supplemental",2025,"Dec","Weekday",401.111111111111,0,0,"Other"
"627","Supplemental",2025,"Dec","Weekday",54.0,0,0,"Other"
"629","Supplemental",2025,"Dec","Weekday",94.5,0,0,"Other"
"631","Supplemental",2025,"Dec","Weekday",286.0,0,0,"Other"
"633","Supplemental",2025,"Dec","Weekday",60.0,0,0,"Other"
"638","Supplemental",2025,"Dec","Weekday",82.0,0,0,"Other"
"639","Supplemental",2025,"Dec","Weekday",74.0,0,0,"Other"
"641","Supplemental",2025,"Dec","Weekday",263.333333333333,0,0,"Other"
"642","Supplemental",2025,"Dec","Weekday",55.0,0,0,"Other"
"646","Supplemental",2025,"Dec","Weekday",313.0,0,0,"Other"
"648","Supplemental",2025,"Dec","Weekday",126.0,0,0,"Other"
"649","Supplemental",2025,"Dec","Weekday",99.0,0,0,"Other"
"65","Local",2025,"Dec","Weekday",294.0,0,0,"Other"
"650","Supplemental",2025,"Dec","Weekday",95.0,0,0,"Other"
"651","Supplemental",2025,"Dec","Weekday",66.0,0,0,"Other"
"652","Supplemental",2025,"Dec","Weekday",103.0,0,0,"Other"
"653","Supplemental",2025,"Dec","Weekday",153.0,0,0,"Other"
"654","Supplemental",2025,"Dec","Weekday",333.0,0,0,"Other"
"655","Supplemental",2025,"Dec","Weekday",273.0,0,0,"Other"
"657","Supplemental",2025,"Dec","Weekday",245.555555555556,0,0,"Other"
"658","Supplemental",2025,"Dec","Weekday",158.0,0,0,"Other"
"660","Supplemental",2025,"Dec","Weekday",76.0,0,0,"Other"
"662","Supplemental",2025,"Dec","Weekday",106.0,0,0,"Other"
"663","Supplemental",2025,"Dec","Weekday",92.0,0,0,"Other"
"667","Supplemental",2025,"Dec","Weekday",127.0,0,0,"Other"
"669","Supplemental",2025,"Dec","Weekday",29.0,0,0,"Other"
"67","Local",2025,"Dec","Weekday",172.964285714286,0,0,"Other"
"675","Supplemental",2025,"Dec","Weekday",288.0,0,0,"Other"
"677","Supplemental",2025,"Dec","Weekday",124.0,0,0,"Other"
"678","Supplemental",2025,"Dec","Weekday",60.0,0,0,"Other"
"680","Supplemental",2025,"Dec","Weekday",64.0,0,0,"Other"
"681","Supplemental",2025,"Dec","Weekday",18.0,0,0,"Other"
"682","Supplemental",2025,"Dec","Weekday",141.0,0,0,"Other"
"683","Supplemental",2025,"Dec","Weekday",30.0,0,0,"Other"
"684","Supplemental",2025,"Dec","Weekday",193.666666666667,0,0,"Other"
"687","Supplemental",2025,"Dec","Weekday",210.0,0,0,"Other"
"688","Supplemental",2025,"Dec","Weekday",70.0,0,0,"Other"
"689","Supplemental",2025,"Dec","Weekday",58.0,0,0,"Other"
"696","Supplemental",2025,"Dec","Weekday",25.0,0,0,"Other"
"7","Local",2025,"Dec","Saturday",425.0,1,0,"Other"
"7","Local",2025,"Dec","Sunday",349.0,1,0,"Other"
"7","Local",2025,"Dec","Weekday",573.0,1,0,"Other"
"70","Local",2025,"Dec","Saturday",380.0,1,0,"Other"
"70","Local",2025,"Dec","Sunday",285.0,1,0,"Other"
"70","Local",2025,"Dec","Weekday",803.0,1,0,"Other"
"701","M-Transbay",2025,"Dec","Weekday",61.0,0,0,"Other"
"702","M-Transbay",2025,"Dec","Weekday",11.0,0,0,"Other"
"703","M-Transbay",2025,"Dec","Weekday",15.0,0,0,"Other"
"71","Local",2025,"Dec","Saturday",345.0,1,0,"Other"
"71","Local",2025,"Dec","Sunday",292.0,1,0,"Other"
"71","Local",2025,"Dec","Weekday",817.0,1,0,"Other"
"72","Local",2025,"Dec","Saturday",2590.0,1,0,"Other"
"72","Local",2025,"Dec","Sunday",1990.0,1,0,"Other"
"72","Local",2025,"Dec","Weekday",3584.0,1,0,"Other"
"72L","Local",2025,"Dec","Saturday",2493.0,1,0,"Other"
"72L","Local",2025,"Dec","Sunday",1127.0,1,0,"Other"
"72L","Local",2025,"Dec","Weekday",2012.0,1,0,"Other"
"72M","Local",2025,"Dec","Saturday",1512.0,1,0,"Other"
"72M","Local",2025,"Dec","Sunday",1926.0,1,0,"Other"
"72M","Local",2025,"Dec","Weekday",2914.0,1,0,"Other"
"73","Local",2025,"Dec","Saturday",1020.06666666667,1,0,"Other"
"73","Local",2025,"Dec","Sunday",826.0,1,0,"Other"
"73","Local",2025,"Dec","Weekday",1480.0,1,0,"Other"
"74","Local",2025,"Dec","Saturday",446.0,1,0,"Other"
"74","Local",2025,"Dec","Sunday",365.0,1,0,"Other"
"74","Local",2025,"Dec","Weekday",881.0,1,0,"Other"
"76","Local",2025,"Dec","Saturday",1093.0,1,0,"Other"
"76","Local",2025,"Dec","Sunday",868.0,1,0,"Other"
"76","Local",2025,"Dec","Weekday",1704.0,1,0,"Other"
"800","All Nighter",2025,"Dec","Saturday",487.038461538462,1,1,"Other"
"800","All Nighter",2025,"Dec","Sunday",449.653846153846,1,1,"Other"
"800","All Nighter",2025,"Dec","Weekday",408.0,1,1,"Other"
"801","All Nighter",2025,"Dec","Saturday",237.857142857143,1,0,"Other"
"801","All Nighter",2025,"Dec","Sunday",204.0,1,0,"Other"
"801","All Nighter",2025,"Dec","Weekday",247.0,1,0,"Other"
"802","All Nighter",2025,"Dec","Saturday",44.0,1,0,"Other"
"802","All Nighter",2025,"Dec","Sunday",47.0,1,0,"Other"
"802","All Nighter",2025,"Dec","Weekday",69.0,1,0,"Other"
"805","All Nighter",2025,"Dec","Saturday",88.0,1,0,"Other"
"805","All Nighter",2025,"Dec","Sunday",75.0,1,0,"Other"
"805","All Nighter",2025,"Dec","Weekday",96.0,1,0,"Other"
"840","All Nighter",2025,"Dec","Saturday",57.0,1,0,"Other"
"840","All Nighter",2025,"Dec","Sunday",49.0,1,0,"Other"
"840","All Nighter",2025,"Dec","Weekday",60.0,1,0,"Other"
"851","All Nighter",2025,"Dec","Saturday",93.0,1,1,"Other"
"851","All Nighter",2025,"Dec","Sunday",82.0,1,1,"Other"
"851","All Nighter",2025,"Dec","Weekday",86.0,1,1,"Other"
"86","Local",2025,"Dec","Saturday",678.55,1,0,"Other"
"86","Local",2025,"Dec","Sunday",593.234567901235,1,0,"Other"
"86","Local",2025,"Dec","Weekday",1165.0,1,0,"Other"
"88","Local",2025,"Dec","Saturday",1491.83673469388,1,0,"Other"
"88","Local",2025,"Dec","Sunday",1081.0,1,0,"Other"
"88","Local",2025,"Dec","Weekday",2216.0,1,0,"Other"
"9","Local",2025,"Dec","Saturday",2554.375,1,0,"Other"
"9","Local",2025,"Dec","Sunday",2030.30303030303,1,0,"Other"
"9","Local",2025,"Dec","Weekday",3487.0,1,0,"Other"
"90","Local",2025,"Dec","Saturday",333.984848484848,1,0,"Other"
"90","Local",2025,"Dec","Sunday",306.138461538462,1,0,"Other"
"90","Local",2025,"Dec","Weekday",592.0,1,0,"Other"
"93","Local",2025,"Dec","Saturday",387.0,1,0,"Other"
"93","Local",2025,"Dec","Sunday",321.0,1,0,"Other"
"93","Local",2025,"Dec","Weekday",799.0,1,0,"Other"
"95","Local",2025,"Dec","Saturday",156.0,1,0,"Other"
"95","Local",2025,"Dec","Sunday",117.0,1,0,"Other"
"95","Local",2025,"Dec","Weekday",247.0,1,0,"Other"
"96","Local",2025,"Dec","Saturday",942.0,1,0,"Other"
"96","Local",2025,"Dec","Sunday",899.630769230769,1,0,"Other"
"96","Local",2025,"Dec","Weekday",1259.0,1,0,"Other"
"97","Local",2025,"Dec","Saturday",1492.0,1,0,"Other"
"97","Local",2025,"Dec","Sunday",1120.0,1,0,"Other"
"97","Local",2025,"Dec","Weekday",2712.0,1,0,"Other"
"98","Local",2025,"Dec","Saturday",438.646153846154,1,0,"Other"
"98","Local",2025,"Dec","Sunday",357.415384615385,1,0,"Other"
"98","Local",2025,"Dec","Weekday",1012.0,1,0,"Other"
"E","M-Transbay",2025,"Dec","Weekday",140.0,0,0,"Other"
"F","M-Transbay",2025,"Dec","Saturday",1399.0,1,1,"Other"
"F","M-Transbay",2025,"Dec","Sunday",1055.0,1,1,"Other"
"F","M-Transbay",2025,"Dec","Weekday",1864.0,1,1,"Other"
"FS","M-Transbay",2025,"Dec","Weekday",113.333333333333,0,0,"Other"
"G","M-Transbay",2025,"Dec","Weekday",196.571428571429,0,0,"Other"
"J","M-Transbay",2025,"Dec","Weekday",206.0,0,0,"Other"
"L","M-Transbay",2025,"Dec","Weekday",149.0,0,0,"Other"
"NL","M-Transbay",2025,"Dec","Saturday",1271.0,1,0,"Other"
"NL","M-Transbay",2025,"Dec","Sunday",968.0,1,0,"Other"
"NL","M-Transbay",2025,"Dec","Weekday",2309.0,1,0,"Other"
"NX","M-Transbay",2025,"Dec","Weekday",217.0,0,0,"Other"
"NX3","M-Transbay",2025,"Dec","Weekday",100.0,0,0,"Other"
"O","M-Transbay",2025,"Dec","Saturday",479.0,1,0,"Other"
"O","M-Transbay",2025,"Dec","Sunday",464.0,1,0,"Other"
"O","M-Transbay",2025,"Dec","Weekday",1003.0,1,0,"Other"
"P","M-Transbay",2025,"Dec","Weekday",312.0,0,0,"Other"
"U","M-Transbay",2025,"Dec","Weekday",192.0,0,0,"Other"
"V","M-Transbay",2025,"Dec","Weekday",176.0,0,0,"Other"
"W","M-Transbay",2025,"Dec","Weekday",133.0,0,0,"Other"
