"route","type","year","month","day_type","avg_daily_riders","all_three_days"
"10","Local",2023,"Jan","Saturday",1234.44,1
"10","Local",2023,"Jan","Sunday",1065,1
"10","Local",2023,"Jan","Weekday",1861,1
"12","Local",2023,"Jan","Saturday",1342,1
"12","Local",2023,"Jan","Sunday",1016,1
"12","Local",2023,"Jan","Weekday",1991,1
"14","Local",2023,"Jan","Saturday",1154,1
"14","Local",2023,"Jan","Sunday",1123,1
"14","Local",2023,"Jan","Weekday",2821,1
"18","Local",2023,"Jan","Saturday",2314,1
"18","Local",2023,"Jan","Sunday",1952,1
"18","Local",2023,"Jan","Weekday",2985,1
"19","Local",2023,"Jan","Saturday",149.470588235294,1
"19","Local",2023,"Jan","Sunday",149.032258064516,1
"19","Local",2023,"Jan","Weekday",203,1
"1T","Local",2023,"Jan","Saturday",9800.84507042254,1
"1T","Local",2023,"Jan","Sunday",8756.80365296804,1
"1T","Local",2023,"Jan","Weekday",12966,1
"20","Local",2023,"Jan","Saturday",1244,1
"20","Local",2023,"Jan","Sunday",1107,1
"20","Local",2023,"Jan","Weekday",1800,1
"200","Local",2023,"Jan","Saturday",866,1
"200","Local",2023,"Jan","Sunday",818,1
"200","Local",2023,"Jan","Weekday",1230,1
"21","Local",2023,"Jan","Saturday",844,1
"21","Local",2023,"Jan","Sunday",932,1
"21","Local",2023,"Jan","Weekday",1269,1
"210","Local",2023,"Jan","Saturday",495,1
"210","Local",2023,"Jan","Sunday",412,1
"210","Local",2023,"Jan","Weekday",861,1
"212","Local",2023,"Jan","Saturday",327,1
"212","Local",2023,"Jan","Sunday",297,1
"212","Local",2023,"Jan","Weekday",428,1
"215","Local",2023,"Jan","Weekday",175,0
"216","Local",2023,"Jan","Saturday",176,1
"216","Local",2023,"Jan","Sunday",135,1
"216","Local",2023,"Jan","Weekday",239,1
"217","Local",2023,"Jan","Saturday",491,1
"217","Local",2023,"Jan","Sunday",466,1
"217","Local",2023,"Jan","Weekday",603.734693877551,1
"232","Local",2023,"Jan","Saturday",152,1
"232","Local",2023,"Jan","Sunday",159,1
"232","Local",2023,"Jan","Weekday",210,1
"239","Local",2023,"Jan","Weekday",492,0
"251","Local",2023,"Jan","Saturday",102,1
"251","Local",2023,"Jan","Sunday",108,1
"251","Local",2023,"Jan","Weekday",165,1
"28","Local",2023,"Jan","Saturday",259,1
"28","Local",2023,"Jan","Sunday",270,1
"28","Local",2023,"Jan","Weekday",453,1
"29","Local",2023,"Jan","Saturday",551.353846153846,1
"29","Local",2023,"Jan","Sunday",497.619047619048,1
"29","Local",2023,"Jan","Weekday",923,1
"33","Local",2023,"Jan","Saturday",1073,1
"33","Local",2023,"Jan","Sunday",900,1
"33","Local",2023,"Jan","Weekday",2010,1
"34","Local",2023,"Jan","Saturday",406,1
"34","Local",2023,"Jan","Sunday",361,1
"34","Local",2023,"Jan","Weekday",543,1
"35","Local",2023,"Jan","Saturday",403,1
"35","Local",2023,"Jan","Sunday",346,1
"35","Local",2023,"Jan","Weekday",526,1
"36","Local",2023,"Jan","Saturday",1045,1
"36","Local",2023,"Jan","Sunday",922.465753424658,1
"36","Local",2023,"Jan","Weekday",1498,1
"376","Local",2023,"Jan","Saturday",184,1
"376","Local",2023,"Jan","Sunday",163,1
"376","Local",2023,"Jan","Weekday",138,1
"39","Local",2023,"Jan","Weekday",429,0
"40","Local",2023,"Jan","Saturday",2594,1
"40","Local",2023,"Jan","Sunday",2391,1
"40","Local",2023,"Jan","Weekday",5340,1
"41","Local",2023,"Jan","Saturday",285,1
"41","Local",2023,"Jan","Sunday",284,1
"41","Local",2023,"Jan","Weekday",493,1
"45","Local",2023,"Jan","Saturday",461,1
"45","Local",2023,"Jan","Sunday",429,1
"45","Local",2023,"Jan","Weekday",1111,1
"46L","Local",2023,"Jan","Weekday",133,0
"51A","Local",2023,"Jan","Saturday",3445,1
"51A","Local",2023,"Jan","Sunday",2850,1
"51A","Local",2023,"Jan","Weekday",5254,1
"51B","Local",2023,"Jan","Saturday",5353,1
"51B","Local",2023,"Jan","Sunday",4622,1
"51B","Local",2023,"Jan","Weekday",6758,1
"52","Local",2023,"Jan","Saturday",1092,1
"52","Local",2023,"Jan","Sunday",1192,1
"52","Local",2023,"Jan","Weekday",3056,1
"54","Local",2023,"Jan","Saturday",545,1
"54","Local",2023,"Jan","Sunday",464,1
"54","Local",2023,"Jan","Weekday",1254,1
"56","Local",2023,"Jan","Saturday",257,1
"56","Local",2023,"Jan","Sunday",241,1
"56","Local",2023,"Jan","Weekday",371,1
"57","Local",2023,"Jan","Saturday",2802.3850931677,1
"57","Local",2023,"Jan","Sunday",2365,1
"57","Local",2023,"Jan","Weekday",4018,1
"6","Local",2023,"Jan","Saturday",2592.56756756757,1
"6","Local",2023,"Jan","Sunday",2474.4966442953,1
"6","Local",2023,"Jan","Weekday",4338,1
"60","Local",2023,"Jan","Saturday",555,1
"60","Local",2023,"Jan","Sunday",493,1
"60","Local",2023,"Jan","Weekday",914,1
"604","Supplemental",2023,"Jan","Weekday",125,0
"605","Supplemental",2023,"Jan","Weekday",44,0
"606","Supplemental",2023,"Jan","Weekday",58,0
"607","Supplemental",2023,"Jan","Weekday",12,0
"617","Supplemental",2023,"Jan","Weekday",101,0
"62","Local",2023,"Jan","Saturday",839,1
"62","Local",2023,"Jan","Sunday",817,1
"62","Local",2023,"Jan","Weekday",1805,1
"620","Supplemental",2023,"Jan","Weekday",71,0
"621","Supplemental",2023,"Jan","Weekday",145,0
"623","Supplemental",2023,"Jan","Weekday",930.583333333333,0
"624","Supplemental",2023,"Jan","Weekday",28.5,0
"625","Supplemental",2023,"Jan","Weekday",157,0
"626","Supplemental",2023,"Jan","Weekday",12,0
"628","Supplemental",2023,"Jan","Weekday",8,0
"629","Supplemental",2023,"Jan","Weekday",33,0
"631","Supplemental",2023,"Jan","Weekday",173,0
"638","Supplemental",2023,"Jan","Weekday",88,0
"641","Supplemental",2023,"Jan","Weekday",155,0
"642","Supplemental",2023,"Jan","Weekday",62,0
"646","Supplemental",2023,"Jan","Weekday",285,0
"648","Supplemental",2023,"Jan","Weekday",129,0
"649","Supplemental",2023,"Jan","Weekday",77,0
"65","Local",2023,"Jan","Weekday",333,0
"650","Supplemental",2023,"Jan","Weekday",40,0
"652","Supplemental",2023,"Jan","Weekday",85,0
"653","Supplemental",2023,"Jan","Weekday",83,0
"654","Supplemental",2023,"Jan","Weekday",290,0
"655","Supplemental",2023,"Jan","Weekday",103,0
"657","Supplemental",2023,"Jan","Weekday",229,0
"658","Supplemental",2023,"Jan","Weekday",201,0
"660","Supplemental",2023,"Jan","Weekday",58.6666666666667,0
"662","Supplemental",2023,"Jan","Weekday",89,0
"663","Supplemental",2023,"Jan","Weekday",47,0
"667","Supplemental",2023,"Jan","Weekday",67.6666666666667,0
"669","Supplemental",2023,"Jan","Weekday",76.25,0
"67","Local",2023,"Jan","Weekday",329,0
"671","Supplemental",2023,"Jan","Weekday",87.5,0
"672","Supplemental",2023,"Jan","Weekday",21,0
"675","Supplemental",2023,"Jan","Weekday",246.545454545455,0
"676","Supplemental",2023,"Jan","Weekday",103.333333333333,0
"677","Supplemental",2023,"Jan","Weekday",109,0
"680","Supplemental",2023,"Jan","Weekday",52,0
"681","Supplemental",2023,"Jan","Weekday",29,0
"682","Supplemental",2023,"Jan","Weekday",234,0
"684","Supplemental",2023,"Jan","Weekday",128.333333333333,0
"687","Supplemental",2023,"Jan","Weekday",170,0
"688","Supplemental",2023,"Jan","Weekday",61,0
"696","Supplemental",2023,"Jan","Weekday",33,0
"7","Local",2023,"Jan","Weekday",451.526315789474,0
"70","Local",2023,"Jan","Saturday",252,1
"70","Local",2023,"Jan","Sunday",241,1
"70","Local",2023,"Jan","Weekday",309,1
"701","M-Transbay",2023,"Jan","Weekday",51,0
"702","M-Transbay",2023,"Jan","Weekday",17,0
"703","M-Transbay",2023,"Jan","Weekday",10,0
"706","M-Transbay",2023,"Jan","Weekday",10,0
"707","M-Transbay",2023,"Jan","Weekday",2,0
"71","Local",2023,"Jan","Saturday",308,1
"71","Local",2023,"Jan","Sunday",291,1
"71","Local",2023,"Jan","Weekday",764,1
"72","Local",2023,"Jan","Saturday",1994,1
"72","Local",2023,"Jan","Sunday",1840,1
"72","Local",2023,"Jan","Weekday",2394,1
"72M","Local",2023,"Jan","Saturday",1791,1
"72M","Local",2023,"Jan","Sunday",1607,1
"72M","Local",2023,"Jan","Weekday",2302,1
"72R","Local",2023,"Jan","Saturday",2278,1
"72R","Local",2023,"Jan","Sunday",1974,1
"72R","Local",2023,"Jan","Weekday",3492,1
"73","Local",2023,"Jan","Saturday",1184,1
"73","Local",2023,"Jan","Sunday",1058,1
"73","Local",2023,"Jan","Weekday",1764,1
"74","Local",2023,"Jan","Saturday",327,1
"74","Local",2023,"Jan","Sunday",319,1
"74","Local",2023,"Jan","Weekday",873,1
"76","Local",2023,"Jan","Saturday",849,1
"76","Local",2023,"Jan","Sunday",819,1
"76","Local",2023,"Jan","Weekday",1603.23529411765,1
"78","Local",2023,"Jan","Weekday",141,0
"79","Local",2023,"Jan","Saturday",1215,1
"79","Local",2023,"Jan","Sunday",1099,1
"79","Local",2023,"Jan","Weekday",1707,1
"800","All Nighter",2023,"Jan","Saturday",436.066666666667,1
"800","All Nighter",2023,"Jan","Sunday",293,1
"800","All Nighter",2023,"Jan","Weekday",382,1
"801","All Nighter",2023,"Jan","Saturday",261,1
"801","All Nighter",2023,"Jan","Sunday",322,1
"801","All Nighter",2023,"Jan","Weekday",280,1
"802","All Nighter",2023,"Jan","Saturday",44,1
"802","All Nighter",2023,"Jan","Sunday",62,1
"802","All Nighter",2023,"Jan","Weekday",57,1
"805","All Nighter",2023,"Jan","Saturday",51,1
"805","All Nighter",2023,"Jan","Sunday",69,1
"805","All Nighter",2023,"Jan","Weekday",79,1
"840","All Nighter",2023,"Jan","Saturday",50,1
"840","All Nighter",2023,"Jan","Sunday",52,1
"840","All Nighter",2023,"Jan","Weekday",59,1
"851","All Nighter",2023,"Jan","Saturday",67,1
"851","All Nighter",2023,"Jan","Sunday",55,1
"851","All Nighter",2023,"Jan","Weekday",70,1
"86","Local",2023,"Jan","Saturday",570,1
"86","Local",2023,"Jan","Sunday",557.073529411765,1
"86","Local",2023,"Jan","Weekday",1045,1
"88","Local",2023,"Jan","Saturday",1078.99065420561,1
"88","Local",2023,"Jan","Sunday",875,1
"88","Local",2023,"Jan","Weekday",1797,1
"90","Local",2023,"Jan","Saturday",339.28125,1
"90","Local",2023,"Jan","Sunday",318.830769230769,1
"90","Local",2023,"Jan","Weekday",688,1
"93","Local",2023,"Jan","Saturday",299,1
"93","Local",2023,"Jan","Sunday",273,1
"93","Local",2023,"Jan","Weekday",598.208333333333,1
"95","Local",2023,"Jan","Saturday",111,1
"95","Local",2023,"Jan","Sunday",107,1
"95","Local",2023,"Jan","Weekday",202.818181818182,1
"96","Local",2023,"Jan","Saturday",799,1
"96","Local",2023,"Jan","Sunday",713,1
"96","Local",2023,"Jan","Weekday",1086,1
"97","Local",2023,"Jan","Saturday",1220,1
"97","Local",2023,"Jan","Sunday",1145,1
"97","Local",2023,"Jan","Weekday",2431,1
"98","Local",2023,"Jan","Saturday",435,1
"98","Local",2023,"Jan","Sunday",416,1
"98","Local",2023,"Jan","Weekday",1148,1
"99","Local",2023,"Jan","Saturday",1061,1
"99","Local",2023,"Jan","Sunday",981,1
"99","Local",2023,"Jan","Weekday",1879,1
"E","M-Transbay",2023,"Jan","Weekday",146.25,0
"F","M-Transbay",2023,"Jan","Saturday",1447,1
"F","M-Transbay",2023,"Jan","Sunday",1170,1
"F","M-Transbay",2023,"Jan","Weekday",1778,1
"FS","M-Transbay",2023,"Jan","Weekday",83,0
"G","M-Transbay",2023,"Jan","Weekday",113,0
"J","M-Transbay",2023,"Jan","Weekday",182.4,0
"L","M-Transbay",2023,"Jan","Weekday",129,0
"LA","M-Transbay",2023,"Jan","Weekday",63.75,0
"NL","M-Transbay",2023,"Jan","Saturday",862,1
"NL","M-Transbay",2023,"Jan","Sunday",806,1
"NL","M-Transbay",2023,"Jan","Weekday",1851,1
"NX","M-Transbay",2023,"Jan","Weekday",135,0
"NX3","M-Transbay",2023,"Jan","Weekday",89,0
"O","M-Transbay",2023,"Jan","Saturday",516,1
"O","M-Transbay",2023,"Jan","Sunday",529,1
"O","M-Transbay",2023,"Jan","Weekday",876,1
"OX","M-Transbay",2023,"Jan","Weekday",90,0
"P","M-Transbay",2023,"Jan","Weekday",240.5,0
"U","M-Transbay",2023,"Jan","Weekday",177,0
"V","M-Transbay",2023,"Jan","Weekday",146,0
"W","M-Transbay",2023,"Jan","Weekday",125,0
"10","Local",2023,"Feb","Saturday",1303,1
"10","Local",2023,"Feb","Sunday",1153,1
"10","Local",2023,"Feb","Weekday",1925,1
"12","Local",2023,"Feb","Saturday",1270,1
"12","Local",2023,"Feb","Sunday",1096,1
"12","Local",2023,"Feb","Weekday",2289,1
"14","Local",2023,"Feb","Saturday",1287,1
"14","Local",2023,"Feb","Sunday",1348,1
"14","Local",2023,"Feb","Weekday",2940,1
"18","Local",2023,"Feb","Saturday",2534,1
"18","Local",2023,"Feb","Sunday",2162,1
"18","Local",2023,"Feb","Weekday",3340,1
"19","Local",2023,"Feb","Saturday",170.322580645161,1
"19","Local",2023,"Feb","Sunday",150.096774193548,1
"19","Local",2023,"Feb","Weekday",213,1
"1T","Local",2023,"Feb","Saturday",10437,1
"1T","Local",2023,"Feb","Sunday",10211.6666666667,1
"1T","Local",2023,"Feb","Weekday",14298,1
"20","Local",2023,"Feb","Saturday",1358,1
"20","Local",2023,"Feb","Sunday",1262,1
"20","Local",2023,"Feb","Weekday",1795,1
"200","Local",2023,"Feb","Saturday",969,1
"200","Local",2023,"Feb","Sunday",862,1
"200","Local",2023,"Feb","Weekday",1338,1
"21","Local",2023,"Feb","Saturday",858,1
"21","Local",2023,"Feb","Sunday",777,1
"21","Local",2023,"Feb","Weekday",1343,1
"210","Local",2023,"Feb","Saturday",533,1
"210","Local",2023,"Feb","Sunday",444,1
"210","Local",2023,"Feb","Weekday",956,1
"212","Local",2023,"Feb","Saturday",369,1
"212","Local",2023,"Feb","Sunday",313,1
"212","Local",2023,"Feb","Weekday",412,1
"215","Local",2023,"Feb","Weekday",175,0
"216","Local",2023,"Feb","Saturday",216,1
"216","Local",2023,"Feb","Sunday",168,1
"216","Local",2023,"Feb","Weekday",244,1
"217","Local",2023,"Feb","Saturday",518,1
"217","Local",2023,"Feb","Sunday",490,1
"217","Local",2023,"Feb","Weekday",697.959183673469,1
"232","Local",2023,"Feb","Saturday",153,1
"232","Local",2023,"Feb","Sunday",178,1
"232","Local",2023,"Feb","Weekday",236,1
"239","Local",2023,"Feb","Weekday",542,0
"251","Local",2023,"Feb","Saturday",133,1
"251","Local",2023,"Feb","Sunday",103,1
"251","Local",2023,"Feb","Weekday",167,1
"28","Local",2023,"Feb","Saturday",293,1
"28","Local",2023,"Feb","Sunday",289,1
"28","Local",2023,"Feb","Weekday",469,1
"29","Local",2023,"Feb","Saturday",591,1
"29","Local",2023,"Feb","Sunday",510.84,1
"29","Local",2023,"Feb","Weekday",989,1
"33","Local",2023,"Feb","Saturday",1108,1
"33","Local",2023,"Feb","Sunday",926,1
"33","Local",2023,"Feb","Weekday",2182,1
"34","Local",2023,"Feb","Saturday",481,1
"34","Local",2023,"Feb","Sunday",376,1
"34","Local",2023,"Feb","Weekday",553,1
"35","Local",2023,"Feb","Saturday",446,1
"35","Local",2023,"Feb","Sunday",379,1
"35","Local",2023,"Feb","Weekday",539,1
"36","Local",2023,"Feb","Saturday",1506,1
"36","Local",2023,"Feb","Sunday",1580,1
"36","Local",2023,"Feb","Weekday",2038,1
"376","Local",2023,"Feb","Saturday",163,1
"376","Local",2023,"Feb","Sunday",143,1
"376","Local",2023,"Feb","Weekday",145,1
"39","Local",2023,"Feb","Weekday",459,0
"40","Local",2023,"Feb","Saturday",3150,1
"40","Local",2023,"Feb","Sunday",2560,1
"40","Local",2023,"Feb","Weekday",5889,1
"41","Local",2023,"Feb","Saturday",318,1
"41","Local",2023,"Feb","Sunday",299,1
"41","Local",2023,"Feb","Weekday",513,1
"45","Local",2023,"Feb","Saturday",511,1
"45","Local",2023,"Feb","Sunday",446,1
"45","Local",2023,"Feb","Weekday",1269,1
"46L","Local",2023,"Feb","Weekday",162,0
"51A","Local",2023,"Feb","Saturday",3104,1
"51A","Local",2023,"Feb","Sunday",2681,1
"51A","Local",2023,"Feb","Weekday",5828,1
"51B","Local",2023,"Feb","Saturday",7010,1
"51B","Local",2023,"Feb","Sunday",6298,1
"51B","Local",2023,"Feb","Weekday",8598,1
"52","Local",2023,"Feb","Saturday",1470,1
"52","Local",2023,"Feb","Sunday",1290,1
"52","Local",2023,"Feb","Weekday",3991,1
"54","Local",2023,"Feb","Saturday",556,1
"54","Local",2023,"Feb","Sunday",481,1
"54","Local",2023,"Feb","Weekday",1491,1
"56","Local",2023,"Feb","Saturday",276,1
"56","Local",2023,"Feb","Sunday",247,1
"56","Local",2023,"Feb","Weekday",384,1
"57","Local",2023,"Feb","Saturday",2844.21186440678,1
"57","Local",2023,"Feb","Sunday",2453.25316455696,1
"57","Local",2023,"Feb","Weekday",4205,1
"6","Local",2023,"Feb","Saturday",3646,1
"6","Local",2023,"Feb","Sunday",3072.48322147651,1
"6","Local",2023,"Feb","Weekday",5214,1
"60","Local",2023,"Feb","Saturday",634,1
"60","Local",2023,"Feb","Sunday",565,1
"60","Local",2023,"Feb","Weekday",995,1
"604","Supplemental",2023,"Feb","Weekday",150,0
"605","Supplemental",2023,"Feb","Weekday",45,0
"606","Supplemental",2023,"Feb","Weekday",53,0
"607","Supplemental",2023,"Feb","Weekday",14,0
"617","Supplemental",2023,"Feb","Weekday",108,0
"62","Local",2023,"Feb","Saturday",919,1
"62","Local",2023,"Feb","Sunday",934,1
"62","Local",2023,"Feb","Weekday",2058,1
"620","Supplemental",2023,"Feb","Weekday",59,0
"621","Supplemental",2023,"Feb","Weekday",161,0
"623","Supplemental",2023,"Feb","Weekday",930.583333333333,0
"624","Supplemental",2023,"Feb","Weekday",27,0
"625","Supplemental",2023,"Feb","Weekday",173.75,0
"626","Supplemental",2023,"Feb","Weekday",12,0
"628","Supplemental",2023,"Feb","Weekday",9,0
"629","Supplemental",2023,"Feb","Weekday",32,0
"631","Supplemental",2023,"Feb","Weekday",173,0
"638","Supplemental",2023,"Feb","Weekday",85,0
"641","Supplemental",2023,"Feb","Weekday",153.333333333333,0
"642","Supplemental",2023,"Feb","Weekday",51,0
"646","Supplemental",2023,"Feb","Weekday",319,0
"648","Supplemental",2023,"Feb","Weekday",118,0
"649","Supplemental",2023,"Feb","Weekday",83,0
"65","Local",2023,"Feb","Weekday",333,0
"650","Supplemental",2023,"Feb","Weekday",40,0
"652","Supplemental",2023,"Feb","Weekday",105,0
"653","Supplemental",2023,"Feb","Weekday",82,0
"654","Supplemental",2023,"Feb","Weekday",315,0
"655","Supplemental",2023,"Feb","Weekday",111,0
"657","Supplemental",2023,"Feb","Weekday",301.111111111111,0
"658","Supplemental",2023,"Feb","Weekday",194,0
"660","Supplemental",2023,"Feb","Weekday",103,0
"662","Supplemental",2023,"Feb","Weekday",92,0
"663","Supplemental",2023,"Feb","Weekday",58.6666666666667,0
"667","Supplemental",2023,"Feb","Weekday",115.5,0
"669","Supplemental",2023,"Feb","Weekday",82.5,0
"67","Local",2023,"Feb","Weekday",295.422222222222,0
"671","Supplemental",2023,"Feb","Weekday",140,0
"672","Supplemental",2023,"Feb","Weekday",18,0
"675","Supplemental",2023,"Feb","Weekday",274.8,0
"676","Supplemental",2023,"Feb","Weekday",90,0
"677","Supplemental",2023,"Feb","Weekday",123,0
"680","Supplemental",2023,"Feb","Weekday",42,0
"681","Supplemental",2023,"Feb","Weekday",48,0
"682","Supplemental",2023,"Feb","Weekday",233,0
"684","Supplemental",2023,"Feb","Weekday",155.75,0
"687","Supplemental",2023,"Feb","Weekday",172,0
"688","Supplemental",2023,"Feb","Weekday",54,0
"696","Supplemental",2023,"Feb","Weekday",39,0
"7","Local",2023,"Feb","Weekday",398.666666666667,0
"70","Local",2023,"Feb","Saturday",252,1
"70","Local",2023,"Feb","Sunday",238,1
"70","Local",2023,"Feb","Weekday",330,1
"701","M-Transbay",2023,"Feb","Weekday",47,0
"702","M-Transbay",2023,"Feb","Weekday",17,0
"703","M-Transbay",2023,"Feb","Weekday",8,0
"706","M-Transbay",2023,"Feb","Weekday",13,0
"707","M-Transbay",2023,"Feb","Weekday",2,0
"71","Local",2023,"Feb","Saturday",335,1
"71","Local",2023,"Feb","Sunday",308,1
"71","Local",2023,"Feb","Weekday",793,1
"72","Local",2023,"Feb","Saturday",2259,1
"72","Local",2023,"Feb","Sunday",1902,1
"72","Local",2023,"Feb","Weekday",2485,1
"72M","Local",2023,"Feb","Saturday",1970,1
"72M","Local",2023,"Feb","Sunday",1724,1
"72M","Local",2023,"Feb","Weekday",2486.05555555556,1
"72R","Local",2023,"Feb","Saturday",2539,1
"72R","Local",2023,"Feb","Sunday",2068,1
"72R","Local",2023,"Feb","Weekday",3840,1
"73","Local",2023,"Feb","Saturday",1174,1
"73","Local",2023,"Feb","Sunday",1074.92957746479,1
"73","Local",2023,"Feb","Weekday",1855,1
"74","Local",2023,"Feb","Saturday",349,1
"74","Local",2023,"Feb","Sunday",352.326530612245,1
"74","Local",2023,"Feb","Weekday",889,1
"76","Local",2023,"Feb","Saturday",916,1
"76","Local",2023,"Feb","Sunday",868,1
"76","Local",2023,"Feb","Weekday",1723.98529411765,1
"78","Local",2023,"Feb","Weekday",167,0
"79","Local",2023,"Feb","Saturday",1805,1
"79","Local",2023,"Feb","Sunday",1441,1
"79","Local",2023,"Feb","Weekday",2359,1
"800","All Nighter",2023,"Feb","Saturday",482.566666666667,1
"800","All Nighter",2023,"Feb","Sunday",364.51724137931,1
"800","All Nighter",2023,"Feb","Weekday",371,1
"801","All Nighter",2023,"Feb","Saturday",291,1
"801","All Nighter",2023,"Feb","Sunday",296,1
"801","All Nighter",2023,"Feb","Weekday",276,1
"802","All Nighter",2023,"Feb","Saturday",69,1
"802","All Nighter",2023,"Feb","Sunday",91,1
"802","All Nighter",2023,"Feb","Weekday",60,1
"805","All Nighter",2023,"Feb","Saturday",52,1
"805","All Nighter",2023,"Feb","Sunday",57,1
"805","All Nighter",2023,"Feb","Weekday",72,1
"840","All Nighter",2023,"Feb","Saturday",50,1
"840","All Nighter",2023,"Feb","Sunday",53,1
"840","All Nighter",2023,"Feb","Weekday",60,1
"851","All Nighter",2023,"Feb","Saturday",59,1
"851","All Nighter",2023,"Feb","Sunday",60,1
"851","All Nighter",2023,"Feb","Weekday",60,1
"86","Local",2023,"Feb","Saturday",584,1
"86","Local",2023,"Feb","Sunday",497,1
"86","Local",2023,"Feb","Weekday",1051,1
"88","Local",2023,"Feb","Saturday",1168,1
"88","Local",2023,"Feb","Sunday",967,1
"88","Local",2023,"Feb","Weekday",2026,1
"90","Local",2023,"Feb","Saturday",408.184615384615,1
"90","Local",2023,"Feb","Sunday",437,1
"90","Local",2023,"Feb","Weekday",688,1
"93","Local",2023,"Feb","Saturday",360,1
"93","Local",2023,"Feb","Sunday",303,1
"93","Local",2023,"Feb","Weekday",631.895833333333,1
"95","Local",2023,"Feb","Saturday",130.2,1
"95","Local",2023,"Feb","Sunday",117,1
"95","Local",2023,"Feb","Weekday",198.636363636364,1
"96","Local",2023,"Feb","Saturday",850,1
"96","Local",2023,"Feb","Sunday",805,1
"96","Local",2023,"Feb","Weekday",1197,1
"97","Local",2023,"Feb","Saturday",1246,1
"97","Local",2023,"Feb","Sunday",1155,1
"97","Local",2023,"Feb","Weekday",2663,1
"98","Local",2023,"Feb","Saturday",481,1
"98","Local",2023,"Feb","Sunday",473,1
"98","Local",2023,"Feb","Weekday",1165,1
"99","Local",2023,"Feb","Saturday",1144,1
"99","Local",2023,"Feb","Sunday",1023,1
"99","Local",2023,"Feb","Weekday",1960,1
"E","M-Transbay",2023,"Feb","Weekday",163.125,0
"F","M-Transbay",2023,"Feb","Saturday",1785,1
"F","M-Transbay",2023,"Feb","Sunday",1438,1
"F","M-Transbay",2023,"Feb","Weekday",2215,1
"FS","M-Transbay",2023,"Feb","Weekday",79,0
"G","M-Transbay",2023,"Feb","Weekday",166.6,0
"J","M-Transbay",2023,"Feb","Weekday",221.333333333333,0
"L","M-Transbay",2023,"Feb","Weekday",136,0
"LA","M-Transbay",2023,"Feb","Weekday",65,0
"NL","M-Transbay",2023,"Feb","Saturday",942,1
"NL","M-Transbay",2023,"Feb","Sunday",848,1
"NL","M-Transbay",2023,"Feb","Weekday",1995,1
"NX","M-Transbay",2023,"Feb","Weekday",152,0
"NX3","M-Transbay",2023,"Feb","Weekday",99,0
"O","M-Transbay",2023,"Feb","Saturday",652.78125,1
"O","M-Transbay",2023,"Feb","Sunday",570,1
"O","M-Transbay",2023,"Feb","Weekday",973,1
"OX","M-Transbay",2023,"Feb","Weekday",81,0
"P","M-Transbay",2023,"Feb","Weekday",280.583333333333,0
"U","M-Transbay",2023,"Feb","Weekday",185,0
"V","M-Transbay",2023,"Feb","Weekday",158,0
"W","M-Transbay",2023,"Feb","Weekday",134,0
"10","Local",2023,"Mar","Saturday",1107,1
"10","Local",2023,"Mar","Sunday",1048,1
"10","Local",2023,"Mar","Weekday",1888.14551192146,1
"12","Local",2023,"Mar","Saturday",1066.16666666667,1
"12","Local",2023,"Mar","Sunday",944,1
"12","Local",2023,"Mar","Weekday",2141.52173913043,1
"14","Local",2023,"Mar","Saturday",1046.70833333333,1
"14","Local",2023,"Mar","Sunday",1028,1
"14","Local",2023,"Mar","Weekday",2722.34782608696,1
"18","Local",2023,"Mar","Saturday",2156.97941176471,1
"18","Local",2023,"Mar","Sunday",2012,1
"18","Local",2023,"Mar","Weekday",3239.65217391304,1
"19","Local",2023,"Mar","Saturday",155.153225806452,1
"19","Local",2023,"Mar","Sunday",150.096774193548,1
"19","Local",2023,"Mar","Weekday",196.086956521739,1
"1T","Local",2023,"Mar","Saturday",9056.69444444445,1
"1T","Local",2023,"Mar","Sunday",8963,1
"1T","Local",2023,"Mar","Weekday",13382.8919254658,1
"20","Local",2023,"Mar","Saturday",1152.61016949153,1
"20","Local",2023,"Mar","Sunday",1028,1
"20","Local",2023,"Mar","Weekday",1708.26086956522,1
"200","Local",2023,"Mar","Saturday",839.874807470158,1
"200","Local",2023,"Mar","Sunday",820.669811320755,1
"200","Local",2023,"Mar","Weekday",1223.5652173913,1
"21","Local",2023,"Mar","Saturday",692.037037037037,1
"21","Local",2023,"Mar","Sunday",633,1
"21","Local",2023,"Mar","Weekday",1142.26086956522,1
"210","Local",2023,"Mar","Saturday",428.144444444444,1
"210","Local",2023,"Mar","Sunday",406,1
"210","Local",2023,"Mar","Weekday",919.391304347826,1
"212","Local",2023,"Mar","Saturday",308.984693877551,1
"212","Local",2023,"Mar","Sunday",297,1
"212","Local",2023,"Mar","Weekday",421.913043478261,1
"215","Local",2023,"Mar","Weekday",162.652173913043,0
"216","Local",2023,"Mar","Saturday",149.940476190476,1
"216","Local",2023,"Mar","Sunday",157,1
"216","Local",2023,"Mar","Weekday",229.130434782609,1
"217","Local",2023,"Mar","Saturday",466.125,1
"217","Local",2023,"Mar","Sunday",454,1
"217","Local",2023,"Mar","Weekday",666.060238588189,1
"232","Local",2023,"Mar","Saturday",147.375,1
"232","Local",2023,"Mar","Sunday",151,1
"232","Local",2023,"Mar","Weekday",226.434782608696,1
"239","Local",2023,"Mar","Weekday",545.95652173913,0
"251","Local",2023,"Mar","Saturday",94.7934782608696,1
"251","Local",2023,"Mar","Sunday",97,1
"251","Local",2023,"Mar","Weekday",150.806956521739,1
"28","Local",2023,"Mar","Saturday",297,1
"28","Local",2023,"Mar","Sunday",292,1
"28","Local",2023,"Mar","Weekday",503.869565217391,1
"29","Local",2023,"Mar","Saturday",546.780612244898,1
"29","Local",2023,"Mar","Sunday",532.040816326531,1
"29","Local",2023,"Mar","Weekday",1047.29739130435,1
"33","Local",2023,"Mar","Saturday",885.400485436893,1
"33","Local",2023,"Mar","Sunday",820,1
"33","Local",2023,"Mar","Weekday",2108.30434782609,1
"34","Local",2023,"Mar","Saturday",372.25,1
"34","Local",2023,"Mar","Sunday",344,1
"34","Local",2023,"Mar","Weekday",530.826086956522,1
"35","Local",2023,"Mar","Saturday",400.25,1
"35","Local",2023,"Mar","Sunday",393,1
"35","Local",2023,"Mar","Weekday",523.826086956522,1
"36","Local",2023,"Mar","Saturday",1229.96739130435,1
"36","Local",2023,"Mar","Sunday",1093,1
"36","Local",2023,"Mar","Weekday",1848.90854572714,1
"376","Local",2023,"Mar","Saturday",186.866883116883,1
"376","Local",2023,"Mar","Sunday",186.428571428571,1
"376","Local",2023,"Mar","Weekday",165.860869565217,1
"39","Local",2023,"Mar","Weekday",388.996163682864,0
"40","Local",2023,"Mar","Saturday",2328.32115384615,1
"40","Local",2023,"Mar","Sunday",2175,1
"40","Local",2023,"Mar","Weekday",5398.55368724478,1
"41","Local",2023,"Mar","Saturday",286.25,1
"41","Local",2023,"Mar","Sunday",276,1
"41","Local",2023,"Mar","Weekday",498.130434782609,1
"45","Local",2023,"Mar","Saturday",421.1875,1
"45","Local",2023,"Mar","Sunday",407,1
"45","Local",2023,"Mar","Weekday",1195.86956521739,1
"46L","Local",2023,"Mar","Weekday",140.913043478261,0
"51A","Local",2023,"Mar","Saturday",2399.905,1
"51A","Local",2023,"Mar","Sunday",2151,1
"51A","Local",2023,"Mar","Weekday",5151.00488258545,1
"51B","Local",2023,"Mar","Saturday",6089.09375,1
"51B","Local",2023,"Mar","Sunday",5671.11111111111,1
"51B","Local",2023,"Mar","Weekday",7758.86956521739,1
"52","Local",2023,"Mar","Saturday",1262.5,1
"52","Local",2023,"Mar","Sunday",1170,1
"52","Local",2023,"Mar","Weekday",3636.42730120302,1
"54","Local",2023,"Mar","Saturday",436.955280312907,1
"54","Local",2023,"Mar","Sunday",398.030769230769,1
"54","Local",2023,"Mar","Weekday",1364.76543660943,1
"56","Local",2023,"Mar","Saturday",240.45,1
"56","Local",2023,"Mar","Sunday",222,1
"56","Local",2023,"Mar","Weekday",395.565217391304,1
"57","Local",2023,"Mar","Saturday",2658.46478456439,1
"57","Local",2023,"Mar","Sunday",2614.3671875,1
"57","Local",2023,"Mar","Weekday",4400.01439482961,1
"6","Local",2023,"Mar","Saturday",2800.8277027027,1
"6","Local",2023,"Mar","Sunday",2757.77027027027,1
"6","Local",2023,"Mar","Weekday",4800.6072382803,1
"60","Local",2023,"Mar","Saturday",517.704545454545,1
"60","Local",2023,"Mar","Sunday",489,1
"60","Local",2023,"Mar","Weekday",920.260869565217,1
"604","Supplemental",2023,"Mar","Weekday",80.8695652173913,0
"605","Supplemental",2023,"Mar","Weekday",41.2608695652174,0
"606","Supplemental",2023,"Mar","Weekday",42.5217391304348,0
"607","Supplemental",2023,"Mar","Weekday",12.695652173913,0
"617","Supplemental",2023,"Mar","Weekday",107.119565217391,0
"62","Local",2023,"Mar","Saturday",799.344696969697,1
"62","Local",2023,"Mar","Sunday",769,1
"62","Local",2023,"Mar","Weekday",1958.9396914446,1
"620","Supplemental",2023,"Mar","Weekday",66.0434782608696,0
"621","Supplemental",2023,"Mar","Weekday",175.978260869565,0
"623","Supplemental",2023,"Mar","Weekday",990.83850931677,0
"624","Supplemental",2023,"Mar","Weekday",31.1739130434783,0
"625","Supplemental",2023,"Mar","Weekday",192.608695652174,0
"626","Supplemental",2023,"Mar","Weekday",8.34782608695652,0
"628","Supplemental",2023,"Mar","Weekday",8.91304347826087,0
"629","Supplemental",2023,"Mar","Weekday",26.5217391304348,0
"631","Supplemental",2023,"Mar","Weekday",153.895652173913,0
"638","Supplemental",2023,"Mar","Weekday",85.1521739130435,0
"641","Supplemental",2023,"Mar","Weekday",159.782608695652,0
"642","Supplemental",2023,"Mar","Weekday",57.9565217391304,0
"646","Supplemental",2023,"Mar","Weekday",309.652173913043,0
"648","Supplemental",2023,"Mar","Weekday",117.282608695652,0
"649","Supplemental",2023,"Mar","Weekday",77.695652173913,0
"65","Local",2023,"Mar","Weekday",388.158636897767,0
"650","Supplemental",2023,"Mar","Weekday",37.0434782608696,0
"652","Supplemental",2023,"Mar","Weekday",95.2608695652174,0
"653","Supplemental",2023,"Mar","Weekday",77.9347826086957,0
"654","Supplemental",2023,"Mar","Weekday",296.608695652174,0
"655","Supplemental",2023,"Mar","Weekday",102.434782608696,0
"657","Supplemental",2023,"Mar","Weekday",260.993788819876,0
"658","Supplemental",2023,"Mar","Weekday",204.869565217391,0
"660","Supplemental",2023,"Mar","Weekday",72.5217391304348,0
"662","Supplemental",2023,"Mar","Weekday",75,0
"663","Supplemental",2023,"Mar","Weekday",118.95652173913,0
"667","Supplemental",2023,"Mar","Weekday",110.478260869565,0
"669","Supplemental",2023,"Mar","Weekday",80.6521739130435,0
"67","Local",2023,"Mar","Weekday",341.142028985507,0
"671","Supplemental",2023,"Mar","Weekday",107.739130434783,0
"672","Supplemental",2023,"Mar","Weekday",21.7173913043478,0
"675","Supplemental",2023,"Mar","Weekday",260.645962732919,0
"676","Supplemental",2023,"Mar","Weekday",88.9130434782609,0
"677","Supplemental",2023,"Mar","Weekday",121.869565217391,0
"680","Supplemental",2023,"Mar","Weekday",40.6521739130435,0
"681","Supplemental",2023,"Mar","Weekday",29.7391304347826,0
"682","Supplemental",2023,"Mar","Weekday",226.782608695652,0
"684","Supplemental",2023,"Mar","Weekday",150.753623188406,0
"687","Supplemental",2023,"Mar","Weekday",201.195652173913,0
"688","Supplemental",2023,"Mar","Weekday",49.9130434782609,0
"696","Supplemental",2023,"Mar","Weekday",26.4347826086957,0
"7","Local",2023,"Mar","Weekday",442.434782608696,0
"70","Local",2023,"Mar","Saturday",232.952380952381,1
"70","Local",2023,"Mar","Sunday",219,1
"70","Local",2023,"Mar","Weekday",343.608695652174,1
"701","M-Transbay",2023,"Mar","Weekday",36.0869565217391,0
"702","M-Transbay",2023,"Mar","Weekday",11.5217391304348,0
"703","M-Transbay",2023,"Mar","Weekday",9.26086956521739,0
"706","M-Transbay",2023,"Mar","Weekday",12.7826086956522,0
"707","M-Transbay",2023,"Mar","Weekday",2.8695652173913,0
"71","Local",2023,"Mar","Saturday",296.576086956522,1
"71","Local",2023,"Mar","Sunday",285,1
"71","Local",2023,"Mar","Weekday",794.04347826087,1
"72","Local",2023,"Mar","Saturday",1905.3253968254,1
"72","Local",2023,"Mar","Sunday",1802,1
"72","Local",2023,"Mar","Weekday",2534,1
"72M","Local",2023,"Mar","Saturday",1636.73076923077,1
"72M","Local",2023,"Mar","Sunday",1550,1
"72M","Local",2023,"Mar","Weekday",2462.7481884058,1
"72R","Local",2023,"Mar","Saturday",2076.625,1
"72R","Local",2023,"Mar","Sunday",1993,1
"72R","Local",2023,"Mar","Weekday",3634,1
"73","Local",2023,"Mar","Saturday",971.051685156948,1
"73","Local",2023,"Mar","Sunday",895.216783216783,1
"73","Local",2023,"Mar","Weekday",1693.73913043478,1
"74","Local",2023,"Mar","Saturday",367.833333333333,1
"74","Local",2023,"Mar","Sunday",366,1
"74","Local",2023,"Mar","Weekday",954.969500324465,1
"76","Local",2023,"Mar","Saturday",759.75,1
"76","Local",2023,"Mar","Sunday",713,1
"76","Local",2023,"Mar","Weekday",1760.03612040134,1
"78","Local",2023,"Mar","Weekday",183.721739130435,0
"79","Local",2023,"Mar","Saturday",1451.75,1
"79","Local",2023,"Mar","Sunday",1299,1
"79","Local",2023,"Mar","Weekday",2072.34782608696,1
"800","All Nighter",2023,"Mar","Saturday",386.946428571429,1
"800","All Nighter",2023,"Mar","Sunday",338.785714285714,1
"800","All Nighter",2023,"Mar","Weekday",379.952173913043,1
"801","All Nighter",2023,"Mar","Saturday",286.194444444444,1
"801","All Nighter",2023,"Mar","Sunday",293,1
"801","All Nighter",2023,"Mar","Weekday",281.695652173913,1
"802","All Nighter",2023,"Mar","Saturday",63.6166666666667,1
"802","All Nighter",2023,"Mar","Sunday",50.6,1
"802","All Nighter",2023,"Mar","Weekday",48.4782608695652,1
"805","All Nighter",2023,"Mar","Saturday",73.2727272727273,1
"805","All Nighter",2023,"Mar","Sunday",76.3636363636364,1
"805","All Nighter",2023,"Mar","Weekday",79.5415019762846,1
"840","All Nighter",2023,"Mar","Saturday",57.75,1
"840","All Nighter",2023,"Mar","Sunday",60,1
"840","All Nighter",2023,"Mar","Weekday",52.5652173913044,1
"851","All Nighter",2023,"Mar","Saturday",64.375,1
"851","All Nighter",2023,"Mar","Sunday",65,1
"851","All Nighter",2023,"Mar","Weekday",74.2173913043478,1
"86","Local",2023,"Mar","Saturday",531.027777777778,1
"86","Local",2023,"Mar","Sunday",484,1
"86","Local",2023,"Mar","Weekday",1042.60869565217,1
"88","Local",2023,"Mar","Saturday",1010.50588235294,1
"88","Local",2023,"Mar","Sunday",956,1
"88","Local",2023,"Mar","Weekday",1872.17391304348,1
"90","Local",2023,"Mar","Saturday",333.715144230769,1
"90","Local",2023,"Mar","Sunday",307.3125,1
"90","Local",2023,"Mar","Weekday",632.086956521739,1
"93","Local",2023,"Mar","Saturday",302.5,1
"93","Local",2023,"Mar","Sunday",296,1
"93","Local",2023,"Mar","Weekday",614.201086956522,1
"95","Local",2023,"Mar","Saturday",107.145510835913,1
"95","Local",2023,"Mar","Sunday",101.684210526316,1
"95","Local",2023,"Mar","Weekday",184.873015873016,1
"96","Local",2023,"Mar","Saturday",797.75,1
"96","Local",2023,"Mar","Sunday",808,1
"96","Local",2023,"Mar","Weekday",1120.69565217391,1
"97","Local",2023,"Mar","Saturday",1088.59722222222,1
"97","Local",2023,"Mar","Sunday",1011,1
"97","Local",2023,"Mar","Weekday",2561.12312068265,1
"98","Local",2023,"Mar","Saturday",393.75,1
"98","Local",2023,"Mar","Sunday",356,1
"98","Local",2023,"Mar","Weekday",1077.86956521739,1
"99","Local",2023,"Mar","Saturday",970.857142857143,1
"99","Local",2023,"Mar","Sunday",945,1
"99","Local",2023,"Mar","Weekday",1896.04347826087,1
"E","M-Transbay",2023,"Mar","Weekday",131.711956521739,0
"F","M-Transbay",2023,"Mar","Saturday",1441.5,1
"F","M-Transbay",2023,"Mar","Sunday",1351,1
"F","M-Transbay",2023,"Mar","Weekday",1998.21739130435,1
"FS","M-Transbay",2023,"Mar","Weekday",76.1304347826087,0
"G","M-Transbay",2023,"Mar","Weekday",157.576086956522,0
"J","M-Transbay",2023,"Mar","Weekday",189.101449275362,0
"L","M-Transbay",2023,"Mar","Weekday",117.704347826087,0
"LA","M-Transbay",2023,"Mar","Weekday",69.1847826086957,0
"NL","M-Transbay",2023,"Mar","Saturday",781.006578947368,1
"NL","M-Transbay",2023,"Mar","Sunday",717,1
"NL","M-Transbay",2023,"Mar","Weekday",1923.82608695652,1
"NX","M-Transbay",2023,"Mar","Weekday",139.521739130435,0
"NX3","M-Transbay",2023,"Mar","Weekday",91.7304347826087,0
"O","M-Transbay",2023,"Mar","Saturday",543.833653846154,1
"O","M-Transbay",2023,"Mar","Sunday",518.861538461538,1
"O","M-Transbay",2023,"Mar","Weekday",947.414046822742,1
"OX","M-Transbay",2023,"Mar","Weekday",89,0
"P","M-Transbay",2023,"Mar","Weekday",265.95652173913,0
"U","M-Transbay",2023,"Mar","Weekday",182.565217391304,0
"V","M-Transbay",2023,"Mar","Weekday",150.04347826087,0
"W","M-Transbay",2023,"Mar","Weekday",126.921739130435,0
"10","Local",2023,"Apr","Saturday",1404,1
"10","Local",2023,"Apr","Sunday",1168.82242990654,1
"10","Local",2023,"Apr","Weekday",2004,1
"12","Local",2023,"Apr","Saturday",1554,1
"12","Local",2023,"Apr","Sunday",1203,1
"12","Local",2023,"Apr","Weekday",2148,1
"14","Local",2023,"Apr","Saturday",1422,1
"14","Local",2023,"Apr","Sunday",1148,1
"14","Local",2023,"Apr","Weekday",2897,1
"18","Local",2023,"Apr","Saturday",2632,1
"18","Local",2023,"Apr","Sunday",2209,1
"18","Local",2023,"Apr","Weekday",3419,1
"19","Local",2023,"Apr","Saturday",152.225806451613,1
"19","Local",2023,"Apr","Sunday",150.096774193548,1
"19","Local",2023,"Apr","Weekday",207,1
"1T","Local",2023,"Apr","Saturday",11310,1
"1T","Local",2023,"Apr","Sunday",10046,1
"1T","Local",2023,"Apr","Weekday",13876,1
"20","Local",2023,"Apr","Saturday",1641,1
"20","Local",2023,"Apr","Sunday",1167,1
"20","Local",2023,"Apr","Weekday",1864,1
"200","Local",2023,"Apr","Saturday",1056,1
"200","Local",2023,"Apr","Sunday",903,1
"200","Local",2023,"Apr","Weekday",1330,1
"21","Local",2023,"Apr","Saturday",898,1
"21","Local",2023,"Apr","Sunday",712,1
"21","Local",2023,"Apr","Weekday",1211,1
"210","Local",2023,"Apr","Saturday",597,1
"210","Local",2023,"Apr","Sunday",469,1
"210","Local",2023,"Apr","Weekday",1020,1
"212","Local",2023,"Apr","Saturday",396,1
"212","Local",2023,"Apr","Sunday",326,1
"212","Local",2023,"Apr","Weekday",438,1
"215","Local",2023,"Apr","Weekday",162,0
"216","Local",2023,"Apr","Saturday",193,1
"216","Local",2023,"Apr","Sunday",154,1
"216","Local",2023,"Apr","Weekday",243,1
"217","Local",2023,"Apr","Saturday",524,1
"217","Local",2023,"Apr","Sunday",483,1
"217","Local",2023,"Apr","Weekday",707.222222222222,1
"232","Local",2023,"Apr","Saturday",187,1
"232","Local",2023,"Apr","Sunday",191,1
"232","Local",2023,"Apr","Weekday",246,1
"239","Local",2023,"Apr","Weekday",584,0
"251","Local",2023,"Apr","Saturday",122,1
"251","Local",2023,"Apr","Sunday",90,1
"251","Local",2023,"Apr","Weekday",161,1
"28","Local",2023,"Apr","Saturday",342,1
"28","Local",2023,"Apr","Sunday",346,1
"28","Local",2023,"Apr","Weekday",529,1
"29","Local",2023,"Apr","Saturday",639,1
"29","Local",2023,"Apr","Sunday",506,1
"29","Local",2023,"Apr","Weekday",1019,1
"33","Local",2023,"Apr","Saturday",1108,1
"33","Local",2023,"Apr","Sunday",933,1
"33","Local",2023,"Apr","Weekday",2081,1
"34","Local",2023,"Apr","Saturday",445,1
"34","Local",2023,"Apr","Sunday",364,1
"34","Local",2023,"Apr","Weekday",559,1
"35","Local",2023,"Apr","Saturday",513,1
"35","Local",2023,"Apr","Sunday",401,1
"35","Local",2023,"Apr","Weekday",562,1
"36","Local",2023,"Apr","Saturday",1676,1
"36","Local",2023,"Apr","Sunday",1307,1
"36","Local",2023,"Apr","Weekday",2074,1
"376","Local",2023,"Apr","Saturday",247,1
"376","Local",2023,"Apr","Sunday",206.896551724138,1
"376","Local",2023,"Apr","Weekday",160,1
"39","Local",2023,"Apr","Weekday",383,0
"40","Local",2023,"Apr","Saturday",3021,1
"40","Local",2023,"Apr","Sunday",2504,1
"40","Local",2023,"Apr","Weekday",5699,1
"41","Local",2023,"Apr","Saturday",335,1
"41","Local",2023,"Apr","Sunday",321,1
"41","Local",2023,"Apr","Weekday",529,1
"45","Local",2023,"Apr","Saturday",503,1
"45","Local",2023,"Apr","Sunday",427,1
"45","Local",2023,"Apr","Weekday",1172,1
"46L","Local",2023,"Apr","Weekday",135,0
"51A","Local",2023,"Apr","Saturday",3322,1
"51A","Local",2023,"Apr","Sunday",2577,1
"51A","Local",2023,"Apr","Weekday",5454,1
"51B","Local",2023,"Apr","Saturday",6996,1
"51B","Local",2023,"Apr","Sunday",6530,1
"51B","Local",2023,"Apr","Weekday",9019,1
"52","Local",2023,"Apr","Saturday",1498,1
"52","Local",2023,"Apr","Sunday",1307,1
"52","Local",2023,"Apr","Weekday",3809,1
"54","Local",2023,"Apr","Saturday",586,1
"54","Local",2023,"Apr","Sunday",441,1
"54","Local",2023,"Apr","Weekday",1329,1
"56","Local",2023,"Apr","Saturday",291,1
"56","Local",2023,"Apr","Sunday",224,1
"56","Local",2023,"Apr","Weekday",407,1
"57","Local",2023,"Apr","Saturday",3394.65217391304,1
"57","Local",2023,"Apr","Sunday",2833.38271604938,1
"57","Local",2023,"Apr","Weekday",4482,1
"6","Local",2023,"Apr","Saturday",3801.3422818792,1
"6","Local",2023,"Apr","Sunday",3144,1
"6","Local",2023,"Apr","Weekday",6347,1
"60","Local",2023,"Apr","Saturday",638,1
"60","Local",2023,"Apr","Sunday",476,1
"60","Local",2023,"Apr","Weekday",974,1
"604","Supplemental",2023,"Apr","Weekday",68,0
"605","Supplemental",2023,"Apr","Weekday",38,0
"606","Supplemental",2023,"Apr","Weekday",41,0
"607","Supplemental",2023,"Apr","Weekday",16,0
"617","Supplemental",2023,"Apr","Weekday",101,0
"62","Local",2023,"Apr","Saturday",986,1
"62","Local",2023,"Apr","Sunday",859,1
"62","Local",2023,"Apr","Weekday",1897,1
"620","Supplemental",2023,"Apr","Weekday",57,0
"621","Supplemental",2023,"Apr","Weekday",143,0
"623","Supplemental",2023,"Apr","Weekday",990,0
"624","Supplemental",2023,"Apr","Weekday",34.5,0
"625","Supplemental",2023,"Apr","Weekday",200,0
"626","Supplemental",2023,"Apr","Weekday",9,0
"628","Supplemental",2023,"Apr","Weekday",11,0
"629","Supplemental",2023,"Apr","Weekday",41,0
"631","Supplemental",2023,"Apr","Weekday",186,0
"638","Supplemental",2023,"Apr","Weekday",87,0
"641","Supplemental",2023,"Apr","Weekday",111.666666666667,0
"642","Supplemental",2023,"Apr","Weekday",56,0
"646","Supplemental",2023,"Apr","Weekday",306,0
"648","Supplemental",2023,"Apr","Weekday",118,0
"649","Supplemental",2023,"Apr","Weekday",80,0
"65","Local",2023,"Apr","Weekday",305.027027027027,0
"650","Supplemental",2023,"Apr","Weekday",40,0
"652","Supplemental",2023,"Apr","Weekday",90,0
"653","Supplemental",2023,"Apr","Weekday",77,0
"654","Supplemental",2023,"Apr","Weekday",314,0
"655","Supplemental",2023,"Apr","Weekday",113,0
"657","Supplemental",2023,"Apr","Weekday",255,0
"658","Supplemental",2023,"Apr","Weekday",185,0
"660","Supplemental",2023,"Apr","Weekday",72,0
"662","Supplemental",2023,"Apr","Weekday",72,0
"663","Supplemental",2023,"Apr","Weekday",41,0
"667","Supplemental",2023,"Apr","Weekday",127.4,0
"669","Supplemental",2023,"Apr","Weekday",71.25,0
"67","Local",2023,"Apr","Weekday",354,0
"671","Supplemental",2023,"Apr","Weekday",102.2,0
"672","Supplemental",2023,"Apr","Weekday",18,0
"675","Supplemental",2023,"Apr","Weekday",314.666666666667,0
"676","Supplemental",2023,"Apr","Weekday",83.75,0
"677","Supplemental",2023,"Apr","Weekday",103,0
"680","Supplemental",2023,"Apr","Weekday",57,0
"681","Supplemental",2023,"Apr","Weekday",33,0
"682","Supplemental",2023,"Apr","Weekday",179,0
"684","Supplemental",2023,"Apr","Weekday",131.833333333333,0
"687","Supplemental",2023,"Apr","Weekday",205,0
"688","Supplemental",2023,"Apr","Weekday",48,0
"696","Supplemental",2023,"Apr","Weekday",29,0
"7","Local",2023,"Apr","Weekday",430,0
"70","Local",2023,"Apr","Saturday",320,1
"70","Local",2023,"Apr","Sunday",255,1
"70","Local",2023,"Apr","Weekday",378,1
"701","M-Transbay",2023,"Apr","Weekday",45,0
"702","M-Transbay",2023,"Apr","Weekday",14,0
"703","M-Transbay",2023,"Apr","Weekday",10,0
"706","M-Transbay",2023,"Apr","Weekday",9,0
"707","M-Transbay",2023,"Apr","Weekday",2,0
"71","Local",2023,"Apr","Saturday",373,1
"71","Local",2023,"Apr","Sunday",319,1
"71","Local",2023,"Apr","Weekday",861,1
"72","Local",2023,"Apr","Saturday",2339,1
"72","Local",2023,"Apr","Sunday",1989,1
"72","Local",2023,"Apr","Weekday",2664,1
"72M","Local",2023,"Apr","Saturday",2143,1
"72M","Local",2023,"Apr","Sunday",1806,1
"72M","Local",2023,"Apr","Weekday",2597,1
"72R","Local",2023,"Apr","Saturday",2545,1
"72R","Local",2023,"Apr","Sunday",2207,1
"72R","Local",2023,"Apr","Weekday",3869,1
"73","Local",2023,"Apr","Saturday",1240.61538461538,1
"73","Local",2023,"Apr","Sunday",1022,1
"73","Local",2023,"Apr","Weekday",1817,1
"74","Local",2023,"Apr","Saturday",407,1
"74","Local",2023,"Apr","Sunday",361,1
"74","Local",2023,"Apr","Weekday",994,1
"76","Local",2023,"Apr","Saturday",1001,1
"76","Local",2023,"Apr","Sunday",875,1
"76","Local",2023,"Apr","Weekday",1830,1
"78","Local",2023,"Apr","Weekday",148,0
"79","Local",2023,"Apr","Saturday",1564,1
"79","Local",2023,"Apr","Sunday",1471,1
"79","Local",2023,"Apr","Weekday",2415,1
"800","All Nighter",2023,"Apr","Saturday",481.034482758621,1
"800","All Nighter",2023,"Apr","Sunday",321.758620689655,1
"800","All Nighter",2023,"Apr","Weekday",364.766666666667,1
"801","All Nighter",2023,"Apr","Saturday",325.52,1
"801","All Nighter",2023,"Apr","Sunday",252.416666666667,1
"801","All Nighter",2023,"Apr","Weekday",280,1
"802","All Nighter",2023,"Apr","Saturday",53,1
"802","All Nighter",2023,"Apr","Sunday",75,1
"802","All Nighter",2023,"Apr","Weekday",53,1
"805","All Nighter",2023,"Apr","Saturday",55.6363636363636,1
"805","All Nighter",2023,"Apr","Sunday",66.5454545454545,1
"805","All Nighter",2023,"Apr","Weekday",82.9090909090909,1
"840","All Nighter",2023,"Apr","Saturday",43,1
"840","All Nighter",2023,"Apr","Sunday",55.6363636363636,1
"840","All Nighter",2023,"Apr","Weekday",51,1
"851","All Nighter",2023,"Apr","Saturday",69,1
"851","All Nighter",2023,"Apr","Sunday",66,1
"851","All Nighter",2023,"Apr","Weekday",75,1
"86","Local",2023,"Apr","Saturday",556,1
"86","Local",2023,"Apr","Sunday",478,1
"86","Local",2023,"Apr","Weekday",1070,1
"88","Local",2023,"Apr","Saturday",1214,1
"88","Local",2023,"Apr","Sunday",1101,1
"88","Local",2023,"Apr","Weekday",1943,1
"90","Local",2023,"Apr","Saturday",389,1
"90","Local",2023,"Apr","Sunday",326,1
"90","Local",2023,"Apr","Weekday",655,1
"93","Local",2023,"Apr","Saturday",373,1
"93","Local",2023,"Apr","Sunday",329,1
"93","Local",2023,"Apr","Weekday",673,1
"95","Local",2023,"Apr","Saturday",132,1
"95","Local",2023,"Apr","Sunday",115.756097560976,1
"95","Local",2023,"Apr","Weekday",211.6,1
"96","Local",2023,"Apr","Saturday",845,1
"96","Local",2023,"Apr","Sunday",803,1
"96","Local",2023,"Apr","Weekday",1105,1
"97","Local",2023,"Apr","Saturday",1423,1
"97","Local",2023,"Apr","Sunday",1236,1
"97","Local",2023,"Apr","Weekday",2574,1
"98","Local",2023,"Apr","Saturday",460,1
"98","Local",2023,"Apr","Sunday",405,1
"98","Local",2023,"Apr","Weekday",1084,1
"99","Local",2023,"Apr","Saturday",1230,1
"99","Local",2023,"Apr","Sunday",1027,1
"99","Local",2023,"Apr","Weekday",1906,1
"E","M-Transbay",2023,"Apr","Weekday",124,0
"F","M-Transbay",2023,"Apr","Saturday",1646,1
"F","M-Transbay",2023,"Apr","Sunday",1527,1
"F","M-Transbay",2023,"Apr","Weekday",2225,1
"FS","M-Transbay",2023,"Apr","Weekday",96,0
"G","M-Transbay",2023,"Apr","Weekday",193.2,0
"J","M-Transbay",2023,"Apr","Weekday",192,0
"L","M-Transbay",2023,"Apr","Weekday",114,0
"LA","M-Transbay",2023,"Apr","Weekday",75,0
"NL","M-Transbay",2023,"Apr","Saturday",903,1
"NL","M-Transbay",2023,"Apr","Sunday",836,1
"NL","M-Transbay",2023,"Apr","Weekday",1958,1
"NX","M-Transbay",2023,"Apr","Weekday",139,0
"NX3","M-Transbay",2023,"Apr","Weekday",93,0
"O","M-Transbay",2023,"Apr","Saturday",644,1
"O","M-Transbay",2023,"Apr","Sunday",598,1
"O","M-Transbay",2023,"Apr","Weekday",978,1
"OX","M-Transbay",2023,"Apr","Weekday",89,0
"P","M-Transbay",2023,"Apr","Weekday",237.6,0
"U","M-Transbay",2023,"Apr","Weekday",194,0
"V","M-Transbay",2023,"Apr","Weekday",148,0
"W","M-Transbay",2023,"Apr","Weekday",129,0
"10","Local",2023,"May","Saturday",1290,1
"10","Local",2023,"May","Sunday",1207,1
"10","Local",2023,"May","Weekday",2100,1
"12","Local",2023,"May","Saturday",1391,1
"12","Local",2023,"May","Sunday",1066,1
"12","Local",2023,"May","Weekday",2185,1
"14","Local",2023,"May","Saturday",1451,1
"14","Local",2023,"May","Sunday",1223,1
"14","Local",2023,"May","Weekday",2805,1
"18","Local",2023,"May","Saturday",2292,1
"18","Local",2023,"May","Sunday",1965,1
"18","Local",2023,"May","Weekday",3221,1
"19","Local",2023,"May","Saturday",154,1
"19","Local",2023,"May","Sunday",150.096774193548,1
"19","Local",2023,"May","Weekday",217,1
"1T","Local",2023,"May","Saturday",11194,1
"1T","Local",2023,"May","Sunday",11003,1
"1T","Local",2023,"May","Weekday",13983,1
"20","Local",2023,"May","Saturday",1537,1
"20","Local",2023,"May","Sunday",1340,1
"20","Local",2023,"May","Weekday",1869,1
"200","Local",2023,"May","Saturday",1044,1
"200","Local",2023,"May","Sunday",916,1
"200","Local",2023,"May","Weekday",1424,1
"21","Local",2023,"May","Saturday",876,1
"21","Local",2023,"May","Sunday",725,1
"21","Local",2023,"May","Weekday",1239,1
"210","Local",2023,"May","Saturday",569,1
"210","Local",2023,"May","Sunday",512,1
"210","Local",2023,"May","Weekday",994,1
"212","Local",2023,"May","Saturday",446,1
"212","Local",2023,"May","Sunday",334,1
"212","Local",2023,"May","Weekday",472,1
"215","Local",2023,"May","Weekday",179,0
"216","Local",2023,"May","Saturday",203,1
"216","Local",2023,"May","Sunday",173,1
"216","Local",2023,"May","Weekday",261,1
"217","Local",2023,"May","Saturday",542,1
"217","Local",2023,"May","Sunday",507,1
"217","Local",2023,"May","Weekday",725.166666666667,1
"232","Local",2023,"May","Saturday",210,1
"232","Local",2023,"May","Sunday",204,1
"232","Local",2023,"May","Weekday",268,1
"239","Local",2023,"May","Weekday",621,0
"251","Local",2023,"May","Saturday",122,1
"251","Local",2023,"May","Sunday",94,1
"251","Local",2023,"May","Weekday",162,1
"28","Local",2023,"May","Saturday",331,1
"28","Local",2023,"May","Sunday",357,1
"28","Local",2023,"May","Weekday",538,1
"29","Local",2023,"May","Saturday",611,1
"29","Local",2023,"May","Sunday",539,1
"29","Local",2023,"May","Weekday",1043,1
"33","Local",2023,"May","Saturday",1135,1
"33","Local",2023,"May","Sunday",968,1
"33","Local",2023,"May","Weekday",2030,1
"34","Local",2023,"May","Saturday",449,1
"34","Local",2023,"May","Sunday",376,1
"34","Local",2023,"May","Weekday",576,1
"35","Local",2023,"May","Saturday",432,1
"35","Local",2023,"May","Sunday",411,1
"35","Local",2023,"May","Weekday",582,1
"36","Local",2023,"May","Saturday",1314,1
"36","Local",2023,"May","Sunday",954,1
"36","Local",2023,"May","Weekday",1537,1
"376","Local",2023,"May","Saturday",220,1
"376","Local",2023,"May","Sunday",187,1
"376","Local",2023,"May","Weekday",165,1
"39","Local",2023,"May","Weekday",342,0
"40","Local",2023,"May","Saturday",3017,1
"40","Local",2023,"May","Sunday",2645,1
"40","Local",2023,"May","Weekday",5605,1
"41","Local",2023,"May","Saturday",355,1
"41","Local",2023,"May","Sunday",334,1
"41","Local",2023,"May","Weekday",545,1
"45","Local",2023,"May","Saturday",461,1
"45","Local",2023,"May","Sunday",441,1
"45","Local",2023,"May","Weekday",1101,1
"46L","Local",2023,"May","Weekday",131,0
"51A","Local",2023,"May","Saturday",3203,1
"51A","Local",2023,"May","Sunday",3219,1
"51A","Local",2023,"May","Weekday",5502,1
"51B","Local",2023,"May","Saturday",5037,1
"51B","Local",2023,"May","Sunday",3783,1
"51B","Local",2023,"May","Weekday",6523,1
"52","Local",2023,"May","Saturday",957,1
"52","Local",2023,"May","Sunday",758,1
"52","Local",2023,"May","Weekday",2312,1
"54","Local",2023,"May","Saturday",575,1
"54","Local",2023,"May","Sunday",740,1
"54","Local",2023,"May","Weekday",1269,1
"56","Local",2023,"May","Saturday",272,1
"56","Local",2023,"May","Sunday",257,1
"56","Local",2023,"May","Weekday",424,1
"57","Local",2023,"May","Saturday",3543.74074074074,1
"57","Local",2023,"May","Sunday",2898,1
"57","Local",2023,"May","Weekday",4382,1
"6","Local",2023,"May","Saturday",3433.89261744966,1
"6","Local",2023,"May","Sunday",2998.98648648649,1
"6","Local",2023,"May","Weekday",4685,1
"60","Local",2023,"May","Saturday",565,1
"60","Local",2023,"May","Sunday",544,1
"60","Local",2023,"May","Weekday",923,1
"604","Supplemental",2023,"May","Weekday",72,0
"605","Supplemental",2023,"May","Weekday",51,0
"606","Supplemental",2023,"May","Weekday",58,0
"607","Supplemental",2023,"May","Weekday",11,0
"617","Supplemental",2023,"May","Weekday",86,0
"62","Local",2023,"May","Saturday",1017,1
"62","Local",2023,"May","Sunday",967.25,1
"62","Local",2023,"May","Weekday",2027,1
"620","Supplemental",2023,"May","Weekday",72,0
"621","Supplemental",2023,"May","Weekday",175,0
"623","Supplemental",2023,"May","Weekday",941.416666666667,0
"624","Supplemental",2023,"May","Weekday",28.5,0
"625","Supplemental",2023,"May","Weekday",172,0
"626","Supplemental",2023,"May","Weekday",12,0
"628","Supplemental",2023,"May","Weekday",15,0
"629","Supplemental",2023,"May","Weekday",35,0
"631","Supplemental",2023,"May","Weekday",171,0
"638","Supplemental",2023,"May","Weekday",54,0
"641","Supplemental",2023,"May","Weekday",147.5,0
"642","Supplemental",2023,"May","Weekday",58,0
"646","Supplemental",2023,"May","Weekday",225,0
"648","Supplemental",2023,"May","Weekday",117,0
"649","Supplemental",2023,"May","Weekday",68,0
"65","Local",2023,"May","Weekday",402,0
"650","Supplemental",2023,"May","Weekday",37,0
"652","Supplemental",2023,"May","Weekday",72,0
"653","Supplemental",2023,"May","Weekday",49,0
"654","Supplemental",2023,"May","Weekday",255,0
"655","Supplemental",2023,"May","Weekday",102,0
"657","Supplemental",2023,"May","Weekday",196.666666666667,0
"658","Supplemental",2023,"May","Weekday",156,0
"660","Supplemental",2023,"May","Weekday",61.3333333333333,0
"662","Supplemental",2023,"May","Weekday",59,0
"663","Supplemental",2023,"May","Weekday",71,0
"667","Supplemental",2023,"May","Weekday",107.8,0
"669","Supplemental",2023,"May","Weekday",62.5,0
"67","Local",2023,"May","Weekday",300.533333333333,0
"671","Supplemental",2023,"May","Weekday",109.666666666667,0
"672","Supplemental",2023,"May","Weekday",31,0
"675","Supplemental",2023,"May","Weekday",259,0
"676","Supplemental",2023,"May","Weekday",80,0
"677","Supplemental",2023,"May","Weekday",139,0
"680","Supplemental",2023,"May","Weekday",48,0
"681","Supplemental",2023,"May","Weekday",31.5,0
"682","Supplemental",2023,"May","Weekday",202,0
"684","Supplemental",2023,"May","Weekday",165.666666666667,0
"687","Supplemental",2023,"May","Weekday",196,0
"688","Supplemental",2023,"May","Weekday",49,0
"696","Supplemental",2023,"May","Weekday",18,0
"7","Local",2023,"May","Weekday",407,0
"70","Local",2023,"May","Saturday",273,1
"70","Local",2023,"May","Sunday",243,1
"70","Local",2023,"May","Weekday",370,1
"701","M-Transbay",2023,"May","Weekday",55,0
"702","M-Transbay",2023,"May","Weekday",16,0
"703","M-Transbay",2023,"May","Weekday",10,0
"706","M-Transbay",2023,"May","Weekday",12,0
"707","M-Transbay",2023,"May","Weekday",3,0
"71","Local",2023,"May","Saturday",362,1
"71","Local",2023,"May","Sunday",325,1
"71","Local",2023,"May","Weekday",866,1
"72","Local",2023,"May","Saturday",2468,1
"72","Local",2023,"May","Sunday",2111,1
"72","Local",2023,"May","Weekday",2713,1
"72M","Local",2023,"May","Saturday",2187,1
"72M","Local",2023,"May","Sunday",1852,1
"72M","Local",2023,"May","Weekday",2652,1
"72R","Local",2023,"May","Saturday",2528,1
"72R","Local",2023,"May","Sunday",2191,1
"72R","Local",2023,"May","Weekday",3888,1
"73","Local",2023,"May","Saturday",1229,1
"73","Local",2023,"May","Sunday",1451.07692307692,1
"73","Local",2023,"May","Weekday",1816,1
"74","Local",2023,"May","Saturday",358,1
"74","Local",2023,"May","Sunday",349,1
"74","Local",2023,"May","Weekday",1091,1
"76","Local",2023,"May","Saturday",996,1
"76","Local",2023,"May","Sunday",876,1
"76","Local",2023,"May","Weekday",1951,1
"78","Local",2023,"May","Weekday",168,0
"79","Local",2023,"May","Saturday",1110,1
"79","Local",2023,"May","Sunday",927,1
"79","Local",2023,"May","Weekday",1515,1
"800","All Nighter",2023,"May","Saturday",509.896551724138,1
"800","All Nighter",2023,"May","Sunday",381.620689655172,1
"800","All Nighter",2023,"May","Weekday",379.48275862069,1
"801","All Nighter",2023,"May","Saturday",267.28,1
"801","All Nighter",2023,"May","Sunday",298,1
"801","All Nighter",2023,"May","Weekday",302,1
"802","All Nighter",2023,"May","Saturday",63,1
"802","All Nighter",2023,"May","Sunday",52,1
"802","All Nighter",2023,"May","Weekday",69,1
"805","All Nighter",2023,"May","Saturday",50.1818181818182,1
"805","All Nighter",2023,"May","Sunday",74.1818181818182,1
"805","All Nighter",2023,"May","Weekday",90.5454545454545,1
"840","All Nighter",2023,"May","Saturday",51.6,1
"840","All Nighter",2023,"May","Sunday",59,1
"840","All Nighter",2023,"May","Weekday",58,1
"851","All Nighter",2023,"May","Saturday",70,1
"851","All Nighter",2023,"May","Sunday",57,1
"851","All Nighter",2023,"May","Weekday",65,1
"86","Local",2023,"May","Saturday",614,1
"86","Local",2023,"May","Sunday",527,1
"86","Local",2023,"May","Weekday",1122,1
"88","Local",2023,"May","Saturday",1122,1
"88","Local",2023,"May","Sunday",1011,1
"88","Local",2023,"May","Weekday",1778,1
"90","Local",2023,"May","Saturday",405,1
"90","Local",2023,"May","Sunday",372.646153846154,1
"90","Local",2023,"May","Weekday",691,1
"93","Local",2023,"May","Saturday",387,1
"93","Local",2023,"May","Sunday",323,1
"93","Local",2023,"May","Weekday",714,1
"95","Local",2023,"May","Saturday",141.365853658537,1
"95","Local",2023,"May","Sunday",115,1
"95","Local",2023,"May","Weekday",231.022222222222,1
"96","Local",2023,"May","Saturday",807,1
"96","Local",2023,"May","Sunday",885,1
"96","Local",2023,"May","Weekday",1261,1
"97","Local",2023,"May","Saturday",1447,1
"97","Local",2023,"May","Sunday",1293,1
"97","Local",2023,"May","Weekday",2777,1
"98","Local",2023,"May","Saturday",450,1
"98","Local",2023,"May","Sunday",460,1
"98","Local",2023,"May","Weekday",1078,1
"99","Local",2023,"May","Saturday",1202,1
"99","Local",2023,"May","Sunday",1062,1
"99","Local",2023,"May","Weekday",2062,1
"E","M-Transbay",2023,"May","Weekday",133,0
"F","M-Transbay",2023,"May","Saturday",1326,1
"F","M-Transbay",2023,"May","Sunday",1134,1
"F","M-Transbay",2023,"May","Weekday",1758,1
"FS","M-Transbay",2023,"May","Weekday",97,0
"G","M-Transbay",2023,"May","Weekday",178.5,0
"J","M-Transbay",2023,"May","Weekday",230.857142857143,0
"L","M-Transbay",2023,"May","Weekday",123,0
"LA","M-Transbay",2023,"May","Weekday",76.25,0
"NL","M-Transbay",2023,"May","Saturday",873,1
"NL","M-Transbay",2023,"May","Sunday",807,1
"NL","M-Transbay",2023,"May","Weekday",1935,1
"NX","M-Transbay",2023,"May","Weekday",131,0
"NX3","M-Transbay",2023,"May","Weekday",95,0
"O","M-Transbay",2023,"May","Saturday",590,1
"O","M-Transbay",2023,"May","Sunday",536.380952380952,1
"O","M-Transbay",2023,"May","Weekday",964,1
"OX","M-Transbay",2023,"May","Weekday",95,0
"P","M-Transbay",2023,"May","Weekday",288,0
"U","M-Transbay",2023,"May","Weekday",203,0
"V","M-Transbay",2023,"May","Weekday",158,0
"W","M-Transbay",2023,"May","Weekday",139,0
"10","Local",2023,"Jun","Saturday",1477.6884097035,1
"10","Local",2023,"Jun","Sunday",1239.46666666667,1
"10","Local",2023,"Jun","Weekday",2143,1
"12","Local",2023,"Jun","Saturday",1384,1
"12","Local",2023,"Jun","Sunday",1208.33529411765,1
"12","Local",2023,"Jun","Weekday",2061.66666666667,1
"14","Local",2023,"Jun","Saturday",1437,1
"14","Local",2023,"Jun","Sunday",1326.34237288136,1
"14","Local",2023,"Jun","Weekday",2710.33333333333,1
"18","Local",2023,"Jun","Saturday",2345,1
"18","Local",2023,"Jun","Sunday",2215.14432989691,1
"18","Local",2023,"Jun","Weekday",3036.66666666667,1
"19","Local",2023,"Jun","Saturday",165.973958333333,1
"19","Local",2023,"Jun","Sunday",162.9375,1
"19","Local",2023,"Jun","Weekday",205.333333333333,1
"1T","Local",2023,"Jun","Saturday",11287.3059360731,1
"1T","Local",2023,"Jun","Sunday",10308.1458333333,1
"1T","Local",2023,"Jun","Weekday",14084.6666666667,1
"20","Local",2023,"Jun","Saturday",1659.5,1
"20","Local",2023,"Jun","Sunday",1411.70169491525,1
"20","Local",2023,"Jun","Weekday",1917.33333333333,1
"200","Local",2023,"Jun","Saturday",1049.51886792453,1
"200","Local",2023,"Jun","Sunday",977.248351648352,1
"200","Local",2023,"Jun","Weekday",1425.33333333333,1
"21","Local",2023,"Jun","Saturday",957.450819672131,1
"21","Local",2023,"Jun","Sunday",858.213333333333,1
"21","Local",2023,"Jun","Weekday",1259.66666666667,1
"210","Local",2023,"Jun","Saturday",622.5,1
"210","Local",2023,"Jun","Sunday",558.093617021277,1
"210","Local",2023,"Jun","Weekday",912.333333333333,1
"212","Local",2023,"Jun","Saturday",410.653846153846,1
"212","Local",2023,"Jun","Sunday",394.24,1
"212","Local",2023,"Jun","Weekday",497.333333333333,1
"215","Local",2023,"Jun","Weekday",186.333333333333,0
"216","Local",2023,"Jun","Saturday",212.5,1
"216","Local",2023,"Jun","Sunday",213.328,1
"216","Local",2023,"Jun","Weekday",268,1
"217","Local",2023,"Jun","Saturday",560.948275862069,1
"217","Local",2023,"Jun","Sunday",567.12,1
"217","Local",2023,"Jun","Weekday",657.632653061224,1
"232","Local",2023,"Jun","Saturday",209.166666666667,1
"232","Local",2023,"Jun","Sunday",210.330434782609,1
"232","Local",2023,"Jun","Weekday",265.333333333333,1
"239","Local",2023,"Jun","Weekday",587,0
"251","Local",2023,"Jun","Saturday",110.333333333333,1
"251","Local",2023,"Jun","Sunday",100.654545454545,1
"251","Local",2023,"Jun","Weekday",162.333333333333,1
"28","Local",2023,"Jun","Saturday",378.5,1
"28","Local",2023,"Jun","Sunday",379.306666666667,1
"28","Local",2023,"Jun","Weekday",565.333333333333,1
"29","Local",2023,"Jun","Saturday",613.26,1
"29","Local",2023,"Jun","Sunday",592.2,1
"29","Local",2023,"Jun","Weekday",1041,1
"33","Local",2023,"Jun","Saturday",1229.57352941176,1
"33","Local",2023,"Jun","Sunday",1095.1,1
"33","Local",2023,"Jun","Weekday",1850.4738292011,1
"34","Local",2023,"Jun","Saturday",506.5,1
"34","Local",2023,"Jun","Sunday",410.817391304348,1
"34","Local",2023,"Jun","Weekday",595.333333333333,1
"35","Local",2023,"Jun","Saturday",491,1
"35","Local",2023,"Jun","Sunday",428.069565217391,1
"35","Local",2023,"Jun","Weekday",550,1
"36","Local",2023,"Jun","Saturday",1067.32857142857,1
"36","Local",2023,"Jun","Sunday",963.238356164384,1
"36","Local",2023,"Jun","Weekday",1299.66666666667,1
"376","Local",2023,"Jun","Saturday",222.857142857143,1
"376","Local",2023,"Jun","Sunday",207.285714285714,1
"376","Local",2023,"Jun","Weekday",160.666666666667,1
"39","Local",2023,"Jun","Weekday",227.645833333333,0
"40","Local",2023,"Jun","Saturday",3046.14566929134,1
"40","Local",2023,"Jun","Sunday",2752.61196581197,1
"40","Local",2023,"Jun","Weekday",5166.33333333333,1
"41","Local",2023,"Jun","Saturday",337,1
"41","Local",2023,"Jun","Sunday",345.6375,1
"41","Local",2023,"Jun","Weekday",526.333333333333,1
"45","Local",2023,"Jun","Saturday",517,1
"45","Local",2023,"Jun","Sunday",464,1
"45","Local",2023,"Jun","Weekday",1029,1
"46L","Local",2023,"Jun","Weekday",129.333333333333,0
"51A","Local",2023,"Jun","Saturday",3382.43913043478,1
"51A","Local",2023,"Jun","Sunday",2851.59775280899,1
"51A","Local",2023,"Jun","Weekday",5373.69841269841,1
"51B","Local",2023,"Jun","Saturday",4101.47916666667,1
"51B","Local",2023,"Jun","Sunday",3631.13684210526,1
"51B","Local",2023,"Jun","Weekday",4996.66666666667,1
"52","Local",2023,"Jun","Saturday",749,1
"52","Local",2023,"Jun","Sunday",736.492753623188,1
"52","Local",2023,"Jun","Weekday",1739.33333333333,1
"54","Local",2023,"Jun","Saturday",563.5,1
"54","Local",2023,"Jun","Sunday",570.621538461538,1
"54","Local",2023,"Jun","Weekday",1223.33333333333,1
"56","Local",2023,"Jun","Saturday",285,1
"56","Local",2023,"Jun","Sunday",274.323076923077,1
"56","Local",2023,"Jun","Weekday",426.333333333333,1
"57","Local",2023,"Jun","Saturday",3463.45260093168,1
"57","Local",2023,"Jun","Sunday",3116.07637362637,1
"57","Local",2023,"Jun","Weekday",4391.62139917695,1
"6","Local",2023,"Jun","Saturday",2776.39932885906,1
"6","Local",2023,"Jun","Sunday",2566.63043478261,1
"6","Local",2023,"Jun","Weekday",4137,1
"60","Local",2023,"Jun","Saturday",642.5,1
"60","Local",2023,"Jun","Sunday",567.575510204082,1
"60","Local",2023,"Jun","Weekday",902,1
"604","Supplemental",2023,"Jun","Weekday",0,0
"605","Supplemental",2023,"Jun","Weekday",0,0
"606","Supplemental",2023,"Jun","Weekday",0,0
"607","Supplemental",2023,"Jun","Weekday",0,0
"617","Supplemental",2023,"Jun","Weekday",0,0
"62","Local",2023,"Jun","Saturday",1023,1
"62","Local",2023,"Jun","Sunday",1031.49705882353,1
"62","Local",2023,"Jun","Weekday",1905,1
"620","Supplemental",2023,"Jun","Weekday",0,0
"621","Supplemental",2023,"Jun","Weekday",0,0
"623","Supplemental",2023,"Jun","Weekday",0,0
"624","Supplemental",2023,"Jun","Weekday",0,0
"625","Supplemental",2023,"Jun","Weekday",0,0
"626","Supplemental",2023,"Jun","Weekday",0,0
"628","Supplemental",2023,"Jun","Weekday",0,0
"629","Supplemental",2023,"Jun","Weekday",0,0
"631","Supplemental",2023,"Jun","Weekday",0,0
"638","Supplemental",2023,"Jun","Weekday",0,0
"641","Supplemental",2023,"Jun","Weekday",0,0
"642","Supplemental",2023,"Jun","Weekday",0,0
"646","Supplemental",2023,"Jun","Weekday",0,0
"648","Supplemental",2023,"Jun","Weekday",0,0
"649","Supplemental",2023,"Jun","Weekday",0,0
"65","Local",2023,"Jun","Weekday",224.918918918919,0
"650","Supplemental",2023,"Jun","Weekday",0,0
"652","Supplemental",2023,"Jun","Weekday",0,0
"653","Supplemental",2023,"Jun","Weekday",0,0
"654","Supplemental",2023,"Jun","Weekday",0,0
"655","Supplemental",2023,"Jun","Weekday",0,0
"657","Supplemental",2023,"Jun","Weekday",0,0
"658","Supplemental",2023,"Jun","Weekday",0,0
"660","Supplemental",2023,"Jun","Weekday",0,0
"662","Supplemental",2023,"Jun","Weekday",0,0
"663","Supplemental",2023,"Jun","Weekday",0,0
"667","Supplemental",2023,"Jun","Weekday",0,0
"669","Supplemental",2023,"Jun","Weekday",0,0
"67","Local",2023,"Jun","Weekday",288.19696969697,0
"671","Supplemental",2023,"Jun","Weekday",0,0
"672","Supplemental",2023,"Jun","Weekday",0,0
"675","Supplemental",2023,"Jun","Weekday",0,0
"676","Supplemental",2023,"Jun","Weekday",0,0
"677","Supplemental",2023,"Jun","Weekday",0,0
"680","Supplemental",2023,"Jun","Weekday",0,0
"681","Supplemental",2023,"Jun","Weekday",0,0
"682","Supplemental",2023,"Jun","Weekday",0,0
"684","Supplemental",2023,"Jun","Weekday",0,0
"687","Supplemental",2023,"Jun","Weekday",0,0
"688","Supplemental",2023,"Jun","Weekday",0,0
"696","Supplemental",2023,"Jun","Weekday",0,0
"7","Local",2023,"Jun","Weekday",428.334610472542,0
"70","Local",2023,"Jun","Saturday",301.472527472527,1
"70","Local",2023,"Jun","Sunday",278.657142857143,1
"70","Local",2023,"Jun","Weekday",381.333333333333,1
"701","M-Transbay",2023,"Jun","Weekday",48.5,0
"702","M-Transbay",2023,"Jun","Weekday",14.6666666666667,0
"703","M-Transbay",2023,"Jun","Weekday",10,0
"706","M-Transbay",2023,"Jun","Weekday",11.3333333333333,0
"707","M-Transbay",2023,"Jun","Weekday",2,0
"71","Local",2023,"Jun","Saturday",304.106280193237,1
"71","Local",2023,"Jun","Sunday",317.269565217391,1
"71","Local",2023,"Jun","Weekday",798,1
"72","Local",2023,"Jun","Saturday",2331.93709150327,1
"72","Local",2023,"Jun","Sunday",2073.99420289855,1
"72","Local",2023,"Jun","Weekday",2790.66666666667,1
"72M","Local",2023,"Jun","Saturday",2123.29545454545,1
"72M","Local",2023,"Jun","Sunday",1862.11304347826,1
"72M","Local",2023,"Jun","Weekday",2661.31481481481,1
"72R","Local",2023,"Jun","Saturday",2500.5,1
"72R","Local",2023,"Jun","Sunday",2305.5323943662,1
"72R","Local",2023,"Jun","Weekday",3822.66666666667,1
"73","Local",2023,"Jun","Saturday",1263.41489361702,1
"73","Local",2023,"Jun","Sunday",1229.19183673469,1
"73","Local",2023,"Jun","Weekday",1742.33333333333,1
"74","Local",2023,"Jun","Saturday",411.978723404255,1
"74","Local",2023,"Jun","Sunday",404.225,1
"74","Local",2023,"Jun","Weekday",955.333333333333,1
"76","Local",2023,"Jun","Saturday",1013,1
"76","Local",2023,"Jun","Sunday",956.2,1
"76","Local",2023,"Jun","Weekday",1787.45771144279,1
"78","Local",2023,"Jun","Weekday",153,0
"79","Local",2023,"Jun","Saturday",761,1
"79","Local",2023,"Jun","Sunday",680.185365853659,1
"79","Local",2023,"Jun","Weekday",1042.33333333333,1
"800","All Nighter",2023,"Jun","Saturday",474.459742351047,1
"800","All Nighter",2023,"Jun","Sunday",359.077777777778,1
"800","All Nighter",2023,"Jun","Weekday",370.942528735632,1
"801","All Nighter",2023,"Jun","Saturday",302.388888888889,1
"801","All Nighter",2023,"Jun","Sunday",321.129411764706,1
"801","All Nighter",2023,"Jun","Weekday",316.053333333333,1
"802","All Nighter",2023,"Jun","Saturday",51,1
"802","All Nighter",2023,"Jun","Sunday",60.4,1
"802","All Nighter",2023,"Jun","Weekday",70.3333333333333,1
"805","All Nighter",2023,"Jun","Saturday",57,1
"805","All Nighter",2023,"Jun","Sunday",77,1
"805","All Nighter",2023,"Jun","Weekday",93.2121212121212,1
"840","All Nighter",2023,"Jun","Saturday",41.7575757575758,1
"840","All Nighter",2023,"Jun","Sunday",45.3545454545455,1
"840","All Nighter",2023,"Jun","Weekday",53,1
"851","All Nighter",2023,"Jun","Saturday",65.5,1
"851","All Nighter",2023,"Jun","Sunday",55.45,1
"851","All Nighter",2023,"Jun","Weekday",65,1
"86","Local",2023,"Jun","Saturday",550,1
"86","Local",2023,"Jun","Sunday",605.220895522388,1
"86","Local",2023,"Jun","Weekday",1125.33333333333,1
"88","Local",2023,"Jun","Saturday",1163.32242990654,1
"88","Local",2023,"Jun","Sunday",1072.94545454545,1
"88","Local",2023,"Jun","Weekday",1653.66666666667,1
"90","Local",2023,"Jun","Saturday",405.421875,1
"90","Local",2023,"Jun","Sunday",404.525,1
"90","Local",2023,"Jun","Weekday",661.333333333333,1
"93","Local",2023,"Jun","Saturday",378,1
"93","Local",2023,"Jun","Sunday",340.872727272727,1
"93","Local",2023,"Jun","Weekday",633.666666666667,1
"95","Local",2023,"Jun","Saturday",153.268292682927,1
"95","Local",2023,"Jun","Sunday",135.310344827586,1
"95","Local",2023,"Jun","Weekday",214.787878787879,1
"96","Local",2023,"Jun","Saturday",917,1
"96","Local",2023,"Jun","Sunday",854.076190476191,1
"96","Local",2023,"Jun","Weekday",1176.33333333333,1
"97","Local",2023,"Jun","Saturday",1445.5,1
"97","Local",2023,"Jun","Sunday",1344.26829268293,1
"97","Local",2023,"Jun","Weekday",2431.20325203252,1
"98","Local",2023,"Jun","Saturday",505,1
"98","Local",2023,"Jun","Sunday",505.686153846154,1
"98","Local",2023,"Jun","Weekday",1005.43365695793,1
"99","Local",2023,"Jun","Saturday",1257.5,1
"99","Local",2023,"Jun","Sunday",1156.56949152542,1
"99","Local",2023,"Jun","Weekday",2000.33333333333,1
"E","M-Transbay",2023,"Jun","Weekday",116.095238095238,0
"F","M-Transbay",2023,"Jun","Saturday",1298.97368421053,1
"F","M-Transbay",2023,"Jun","Sunday",1288.27082184225,1
"F","M-Transbay",2023,"Jun","Weekday",1554,1
"FS","M-Transbay",2023,"Jun","Weekday",98,0
"G","M-Transbay",2023,"Jun","Weekday",161.6,0
"J","M-Transbay",2023,"Jun","Weekday",215.047619047619,0
"L","M-Transbay",2023,"Jun","Weekday",119,0
"LA","M-Transbay",2023,"Jun","Weekday",63.75,0
"NL","M-Transbay",2023,"Jun","Saturday",1040,1
"NL","M-Transbay",2023,"Jun","Sunday",907.4,1
"NL","M-Transbay",2023,"Jun","Weekday",1900,1
"NX","M-Transbay",2023,"Jun","Weekday",122.333333333333,0
"NX3","M-Transbay",2023,"Jun","Weekday",98.3333333333333,0
"O","M-Transbay",2023,"Jun","Saturday",656.779326923077,1
"O","M-Transbay",2023,"Jun","Sunday",675.675,1
"O","M-Transbay",2023,"Jun","Weekday",951,1
"OX","M-Transbay",2023,"Jun","Weekday",89.6666666666667,0
"P","M-Transbay",2023,"Jun","Weekday",239.666666666667,0
"U","M-Transbay",2023,"Jun","Weekday",194,0
"V","M-Transbay",2023,"Jun","Weekday",139.333333333333,0
"W","M-Transbay",2023,"Jun","Weekday",120,0
"10","Local",2023,"Jul","Saturday",1436,1
"10","Local",2023,"Jul","Sunday",1275.81308411215,1
"10","Local",2023,"Jul","Weekday",1957,1
"12","Local",2023,"Jul","Saturday",1609,1
"12","Local",2023,"Jul","Sunday",1209,1
"12","Local",2023,"Jul","Weekday",2099,1
"14","Local",2023,"Jul","Saturday",1460,1
"14","Local",2023,"Jul","Sunday",1182,1
"14","Local",2023,"Jul","Weekday",2486,1
"18","Local",2023,"Jul","Saturday",2437,1
"18","Local",2023,"Jul","Sunday",1975,1
"18","Local",2023,"Jul","Weekday",3083,1
"19","Local",2023,"Jul","Saturday",167.0625,1
"19","Local",2023,"Jul","Sunday",156.75,1
"19","Local",2023,"Jul","Weekday",230,1
"1T","Local",2023,"Jul","Saturday",11116,1
"1T","Local",2023,"Jul","Sunday",10141,1
"1T","Local",2023,"Jul","Weekday",13575,1
"20","Local",2023,"Jul","Saturday",1686,1
"20","Local",2023,"Jul","Sunday",1341,1
"20","Local",2023,"Jul","Weekday",1868,1
"200","Local",2023,"Jul","Saturday",1029,1
"200","Local",2023,"Jul","Sunday",951,1
"200","Local",2023,"Jul","Weekday",1357,1
"21","Local",2023,"Jul","Saturday",951.344262295082,1
"21","Local",2023,"Jul","Sunday",777.540983606557,1
"21","Local",2023,"Jul","Weekday",1244,1
"210","Local",2023,"Jul","Saturday",568,1
"210","Local",2023,"Jul","Sunday",498,1
"210","Local",2023,"Jul","Weekday",930,1
"212","Local",2023,"Jul","Saturday",426,1
"212","Local",2023,"Jul","Sunday",349,1
"212","Local",2023,"Jul","Weekday",508,1
"215","Local",2023,"Jul","Weekday",187,0
"216","Local",2023,"Jul","Saturday",200,1
"216","Local",2023,"Jul","Sunday",193,1
"216","Local",2023,"Jul","Weekday",264,1
"217","Local",2023,"Jul","Saturday",551,1
"217","Local",2023,"Jul","Sunday",491,1
"217","Local",2023,"Jul","Weekday",671.333333333333,1
"232","Local",2023,"Jul","Saturday",205,1
"232","Local",2023,"Jul","Sunday",195,1
"232","Local",2023,"Jul","Weekday",272,1
"239","Local",2023,"Jul","Weekday",535,0
"251","Local",2023,"Jul","Saturday",103,1
"251","Local",2023,"Jul","Sunday",92,1
"251","Local",2023,"Jul","Weekday",160,1
"28","Local",2023,"Jul","Saturday",385,1
"28","Local",2023,"Jul","Sunday",363,1
"28","Local",2023,"Jul","Weekday",532,1
"29","Local",2023,"Jul","Saturday",673,1
"29","Local",2023,"Jul","Sunday",550,1
"29","Local",2023,"Jul","Weekday",1008,1
"33","Local",2023,"Jul","Saturday",1237,1
"33","Local",2023,"Jul","Sunday",1137,1
"33","Local",2023,"Jul","Weekday",1754,1
"34","Local",2023,"Jul","Saturday",458,1
"34","Local",2023,"Jul","Sunday",391,1
"34","Local",2023,"Jul","Weekday",594,1
"35","Local",2023,"Jul","Saturday",504,1
"35","Local",2023,"Jul","Sunday",438,1
"35","Local",2023,"Jul","Weekday",562,1
"36","Local",2023,"Jul","Saturday",1190,1
"36","Local",2023,"Jul","Sunday",1051,1
"36","Local",2023,"Jul","Weekday",1421,1
"376","Local",2023,"Jul","Saturday",187,1
"376","Local",2023,"Jul","Sunday",185,1
"376","Local",2023,"Jul","Weekday",159,1
"39","Local",2023,"Jul","Weekday",224,0
"40","Local",2023,"Jul","Saturday",3076,1
"40","Local",2023,"Jul","Sunday",2564,1
"40","Local",2023,"Jul","Weekday",4805,1
"41","Local",2023,"Jul","Saturday",351,1
"41","Local",2023,"Jul","Sunday",301,1
"41","Local",2023,"Jul","Weekday",498,1
"45","Local",2023,"Jul","Saturday",534,1
"45","Local",2023,"Jul","Sunday",479,1
"45","Local",2023,"Jul","Weekday",1051,1
"46L","Local",2023,"Jul","Weekday",108,0
"51A","Local",2023,"Jul","Saturday",3411,1
"51A","Local",2023,"Jul","Sunday",2811,1
"51A","Local",2023,"Jul","Weekday",5173,1
"51B","Local",2023,"Jul","Saturday",4341,1
"51B","Local",2023,"Jul","Sunday",3906,1
"51B","Local",2023,"Jul","Weekday",5771,1
"52","Local",2023,"Jul","Saturday",928,1
"52","Local",2023,"Jul","Sunday",767,1
"52","Local",2023,"Jul","Weekday",2032,1
"54","Local",2023,"Jul","Saturday",611,1
"54","Local",2023,"Jul","Sunday",509,1
"54","Local",2023,"Jul","Weekday",1245,1
"56","Local",2023,"Jul","Saturday",289,1
"56","Local",2023,"Jul","Sunday",245,1
"56","Local",2023,"Jul","Weekday",388,1
"57","Local",2023,"Jul","Saturday",3730.88888888889,1
"57","Local",2023,"Jul","Sunday",3084.92592592593,1
"57","Local",2023,"Jul","Weekday",4028,1
"6","Local",2023,"Jul","Saturday",2854,1
"6","Local",2023,"Jul","Sunday",2492,1
"6","Local",2023,"Jul","Weekday",4577,1
"60","Local",2023,"Jul","Saturday",611,1
"60","Local",2023,"Jul","Sunday",527,1
"60","Local",2023,"Jul","Weekday",861,1
"62","Local",2023,"Jul","Saturday",1033,1
"62","Local",2023,"Jul","Sunday",899,1
"62","Local",2023,"Jul","Weekday",1809,1
"65","Local",2023,"Jul","Weekday",236.444444444444,0
"67","Local",2023,"Jul","Weekday",237.155555555556,0
"7","Local",2023,"Jul","Weekday",407.866666666667,0
"70","Local",2023,"Jul","Saturday",297,1
"70","Local",2023,"Jul","Sunday",266,1
"70","Local",2023,"Jul","Weekday",373,1
"701","M-Transbay",2023,"Jul","Weekday",42,0
"702","M-Transbay",2023,"Jul","Weekday",13,0
"703","M-Transbay",2023,"Jul","Weekday",10,0
"706","M-Transbay",2023,"Jul","Weekday",11,0
"707","M-Transbay",2023,"Jul","Weekday",2,0
"71","Local",2023,"Jul","Saturday",381,1
"71","Local",2023,"Jul","Sunday",300,1
"71","Local",2023,"Jul","Weekday",745,1
"72","Local",2023,"Jul","Saturday",2476,1
"72","Local",2023,"Jul","Sunday",1991,1
"72","Local",2023,"Jul","Weekday",2568,1
"72M","Local",2023,"Jul","Saturday",2194,1
"72M","Local",2023,"Jul","Sunday",1750,1
"72M","Local",2023,"Jul","Weekday",2540,1
"72R","Local",2023,"Jul","Saturday",2575,1
"72R","Local",2023,"Jul","Sunday",2172,1
"72R","Local",2023,"Jul","Weekday",3703,1
"73","Local",2023,"Jul","Saturday",1232.55944055944,1
"73","Local",2023,"Jul","Sunday",1105.67832167832,1
"73","Local",2023,"Jul","Weekday",1810.57342657343,1
"74","Local",2023,"Jul","Saturday",428,1
"74","Local",2023,"Jul","Sunday",371,1
"74","Local",2023,"Jul","Weekday",760,1
"76","Local",2023,"Jul","Saturday",989,1
"76","Local",2023,"Jul","Sunday",845,1
"76","Local",2023,"Jul","Weekday",1424,1
"78","Local",2023,"Jul","Weekday",126,0
"79","Local",2023,"Jul","Saturday",897,1
"79","Local",2023,"Jul","Sunday",784,1
"79","Local",2023,"Jul","Weekday",1195,1
"800","All Nighter",2023,"Jul","Saturday",455,1
"800","All Nighter",2023,"Jul","Sunday",374,1
"800","All Nighter",2023,"Jul","Weekday",347,1
"801","All Nighter",2023,"Jul","Saturday",278.909090909091,1
"801","All Nighter",2023,"Jul","Sunday",261,1
"801","All Nighter",2023,"Jul","Weekday",305,1
"802","All Nighter",2023,"Jul","Saturday",59,1
"802","All Nighter",2023,"Jul","Sunday",62,1
"802","All Nighter",2023,"Jul","Weekday",65,1
"805","All Nighter",2023,"Jul","Saturday",80,1
"805","All Nighter",2023,"Jul","Sunday",88,1
"805","All Nighter",2023,"Jul","Weekday",89,1
"840","All Nighter",2023,"Jul","Saturday",46.6666666666667,1
"840","All Nighter",2023,"Jul","Sunday",46.6666666666667,1
"840","All Nighter",2023,"Jul","Weekday",48,1
"851","All Nighter",2023,"Jul","Saturday",59,1
"851","All Nighter",2023,"Jul","Sunday",85,1
"851","All Nighter",2023,"Jul","Weekday",73,1
"86","Local",2023,"Jul","Saturday",594,1
"86","Local",2023,"Jul","Sunday",480,1
"86","Local",2023,"Jul","Weekday",1073,1
"88","Local",2023,"Jul","Saturday",1173.8691588785,1
"88","Local",2023,"Jul","Sunday",1101,1
"88","Local",2023,"Jul","Weekday",1578,1
"90","Local",2023,"Jul","Saturday",407,1
"90","Local",2023,"Jul","Sunday",329,1
"90","Local",2023,"Jul","Weekday",625,1
"93","Local",2023,"Jul","Saturday",384,1
"93","Local",2023,"Jul","Sunday",330,1
"93","Local",2023,"Jul","Weekday",604,1
"95","Local",2023,"Jul","Saturday",151,1
"95","Local",2023,"Jul","Sunday",137,1
"95","Local",2023,"Jul","Weekday",190,1
"96","Local",2023,"Jul","Saturday",1228,1
"96","Local",2023,"Jul","Sunday",872,1
"96","Local",2023,"Jul","Weekday",1234,1
"97","Local",2023,"Jul","Saturday",1444,1
"97","Local",2023,"Jul","Sunday",1291,1
"97","Local",2023,"Jul","Weekday",2297,1
"98","Local",2023,"Jul","Saturday",449,1
"98","Local",2023,"Jul","Sunday",415,1
"98","Local",2023,"Jul","Weekday",908,1
"99","Local",2023,"Jul","Saturday",1267,1
"99","Local",2023,"Jul","Sunday",1061,1
"99","Local",2023,"Jul","Weekday",1832,1
"E","M-Transbay",2023,"Jul","Weekday",124,0
"F","M-Transbay",2023,"Jul","Saturday",1510,1
"F","M-Transbay",2023,"Jul","Sunday",1451,1
"F","M-Transbay",2023,"Jul","Weekday",1796,1
"FS","M-Transbay",2023,"Jul","Weekday",89,0
"G","M-Transbay",2023,"Jul","Weekday",154,0
"J","M-Transbay",2023,"Jul","Weekday",208,0
"L","M-Transbay",2023,"Jul","Weekday",122,0
"LA","M-Transbay",2023,"Jul","Weekday",67.5,0
"NL","M-Transbay",2023,"Jul","Saturday",1002,1
"NL","M-Transbay",2023,"Jul","Sunday",892,1
"NL","M-Transbay",2023,"Jul","Weekday",1801,1
"NX","M-Transbay",2023,"Jul","Weekday",104,0
"NX3","M-Transbay",2023,"Jul","Weekday",91,0
"O","M-Transbay",2023,"Jul","Saturday",642,1
"O","M-Transbay",2023,"Jul","Sunday",629,1
"O","M-Transbay",2023,"Jul","Weekday",940,1
"OX","M-Transbay",2023,"Jul","Weekday",87,0
"P","M-Transbay",2023,"Jul","Weekday",257,0
"U","M-Transbay",2023,"Jul","Weekday",202,0
"V","M-Transbay",2023,"Jul","Weekday",151,0
"W","M-Transbay",2023,"Jul","Weekday",111,0
"10","Local",2023,"Aug","Saturday",1487.97580645161,1
"10","Local",2023,"Aug","Sunday",1231,1
"10","Local",2023,"Aug","Weekday",2097.09408967391,1
"12","Local",2023,"Aug","Saturday",1735.85576923077,1
"12","Local",2023,"Aug","Sunday",1434,1
"12","Local",2023,"Aug","Weekday",2288.73646850044,1
"14","Local",2023,"Aug","Saturday",1522.5078125,1
"14","Local",2023,"Aug","Sunday",1236,1
"14","Local",2023,"Aug","Weekday",2956.36231884058,1
"18","Local",2023,"Aug","Saturday",2510.76013513513,1
"18","Local",2023,"Aug","Sunday",3365,1
"18","Local",2023,"Aug","Weekday",3668.46376811594,1
"19","Local",2023,"Aug","Saturday",189.515625,1
"19","Local",2023,"Aug","Sunday",192.84375,1
"19","Local",2023,"Aug","Weekday",212.554722638681,1
"1T","Local",2023,"Aug","Saturday",12064.9133932963,1
"1T","Local",2023,"Aug","Sunday",10761.8446601942,1
"1T","Local",2023,"Aug","Weekday",14932.4477498093,1
"20","Local",2023,"Aug","Saturday",1770.83898305085,1
"20","Local",2023,"Aug","Sunday",1429,1
"20","Local",2023,"Aug","Weekday",1918.10144927536,1
"200","Local",2023,"Aug","Saturday",1089.1125,1
"200","Local",2023,"Aug","Sunday",913,1
"200","Local",2023,"Aug","Weekday",1370.31884057971,1
"21","Local",2023,"Aug","Saturday",967.181034482759,1
"21","Local",2023,"Aug","Sunday",783.509433962264,1
"21","Local",2023,"Aug","Weekday",1251.7977703456,1
"210","Local",2023,"Aug","Saturday",668.607142857143,1
"210","Local",2023,"Aug","Sunday",548,1
"210","Local",2023,"Aug","Weekday",1004.21479558728,1
"212","Local",2023,"Aug","Saturday",430.846153846154,1
"212","Local",2023,"Aug","Sunday",401,1
"212","Local",2023,"Aug","Weekday",497.192113245703,1
"215","Local",2023,"Aug","Weekday",185.347826086957,0
"216","Local",2023,"Aug","Saturday",208.118421052632,1
"216","Local",2023,"Aug","Sunday",210,1
"216","Local",2023,"Aug","Weekday",283.782608695652,1
"217","Local",2023,"Aug","Saturday",550.5,1
"217","Local",2023,"Aug","Sunday",499,1
"217","Local",2023,"Aug","Weekday",750.92863002461,1
"232","Local",2023,"Aug","Saturday",208.227272727273,1
"232","Local",2023,"Aug","Sunday",233,1
"232","Local",2023,"Aug","Weekday",279.391304347826,1
"239","Local",2023,"Aug","Weekday",588.098652428172,0
"251","Local",2023,"Aug","Saturday",105.67,1
"251","Local",2023,"Aug","Sunday",93,1
"251","Local",2023,"Aug","Weekday",172.226086956522,1
"28","Local",2023,"Aug","Saturday",426.25,1
"28","Local",2023,"Aug","Sunday",386,1
"28","Local",2023,"Aug","Weekday",595.405797101449,1
"29","Local",2023,"Aug","Saturday",799.04,1
"29","Local",2023,"Aug","Sunday",568,1
"29","Local",2023,"Aug","Weekday",1152.94202898551,1
"33","Local",2023,"Aug","Saturday",1203.39393939394,1
"33","Local",2023,"Aug","Sunday",1019,1
"33","Local",2023,"Aug","Weekday",2549.34782608696,1
"34","Local",2023,"Aug","Saturday",511.870689655172,1
"34","Local",2023,"Aug","Sunday",414,1
"34","Local",2023,"Aug","Weekday",613.420289855072,1
"35","Local",2023,"Aug","Saturday",489.5,1
"35","Local",2023,"Aug","Sunday",450,1
"35","Local",2023,"Aug","Weekday",592.797101449275,1
"36","Local",2023,"Aug","Saturday",1750.55612244898,1
"36","Local",2023,"Aug","Sunday",1555,1
"36","Local",2023,"Aug","Weekday",1894.05717689101,1
"376","Local",2023,"Aug","Saturday",167.142857142857,1
"376","Local",2023,"Aug","Sunday",128,1
"376","Local",2023,"Aug","Weekday",133.946859903382,1
"39","Local",2023,"Aug","Weekday",459.753623188406,0
"40","Local",2023,"Aug","Saturday",3183.70634920635,1
"40","Local",2023,"Aug","Sunday",2750,1
"40","Local",2023,"Aug","Weekday",5847.5872553414,1
"41","Local",2023,"Aug","Saturday",368.566666666667,1
"41","Local",2023,"Aug","Sunday",329,1
"41","Local",2023,"Aug","Weekday",532.869565217391,1
"45","Local",2023,"Aug","Saturday",599.916666666667,1
"45","Local",2023,"Aug","Sunday",430,1
"45","Local",2023,"Aug","Weekday",1196.28933747412,1
"46L","Local",2023,"Aug","Weekday",166.492753623188,0
"51A","Local",2023,"Aug","Saturday",3651.65503875969,1
"51A","Local",2023,"Aug","Sunday",2911,1
"51A","Local",2023,"Aug","Weekday",5731.72463768116,1
"51B","Local",2023,"Aug","Saturday",6895.1204379562,1
"51B","Local",2023,"Aug","Sunday",6739,1
"51B","Local",2023,"Aug","Weekday",8246.01892109501,1
"52","Local",2023,"Aug","Saturday",1409.89130434783,1
"52","Local",2023,"Aug","Sunday",1430.15384615385,1
"52","Local",2023,"Aug","Weekday",2857.30900621118,1
"54","Local",2023,"Aug","Saturday",625.5,1
"54","Local",2023,"Aug","Sunday",497,1
"54","Local",2023,"Aug","Weekday",1355.14492753623,1
"56","Local",2023,"Aug","Saturday",305.838709677419,1
"56","Local",2023,"Aug","Sunday",265,1
"56","Local",2023,"Aug","Weekday",409.347826086957,1
"57","Local",2023,"Aug","Saturday",4573.45982142857,1
"57","Local",2023,"Aug","Sunday",3543.16025641026,1
"57","Local",2023,"Aug","Weekday",4847.22312351287,1
"6","Local",2023,"Aug","Saturday",3822.99856184084,1
"6","Local",2023,"Aug","Sunday",3146.97986577181,1
"6","Local",2023,"Aug","Weekday",5589.79426767063,1
"60","Local",2023,"Aug","Saturday",661.840909090909,1
"60","Local",2023,"Aug","Sunday",557,1
"60","Local",2023,"Aug","Weekday",1074.65217391304,1
"604","Supplemental",2023,"Aug","Weekday",65.2608695652174,0
"605","Supplemental",2023,"Aug","Weekday",40.4782608695652,0
"606","Supplemental",2023,"Aug","Weekday",35.5217391304348,0
"607","Supplemental",2023,"Aug","Weekday",9.91304347826087,0
"617","Supplemental",2023,"Aug","Weekday",105.739130434783,0
"62","Local",2023,"Aug","Saturday",1045.91666666667,1
"62","Local",2023,"Aug","Sunday",942,1
"62","Local",2023,"Aug","Weekday",2014.66525586764,1
"620","Supplemental",2023,"Aug","Weekday",30.5652173913043,0
"621","Supplemental",2023,"Aug","Weekday",190.826086956522,0
"623","Supplemental",2023,"Aug","Weekday",955.782608695652,0
"624","Supplemental",2023,"Aug","Weekday",19.8260869565217,0
"625","Supplemental",2023,"Aug","Weekday",170.173913043478,0
"626","Supplemental",2023,"Aug","Weekday",8.26086956521739,0
"628","Supplemental",2023,"Aug","Weekday",12.3913043478261,0
"629","Supplemental",2023,"Aug","Weekday",31.3913043478261,0
"631","Supplemental",2023,"Aug","Weekday",218.086956521739,0
"638","Supplemental",2023,"Aug","Weekday",66.0869565217391,0
"641","Supplemental",2023,"Aug","Weekday",159.021739130435,0
"642","Supplemental",2023,"Aug","Weekday",49.5652173913044,0
"646","Supplemental",2023,"Aug","Weekday",313.913043478261,0
"648","Supplemental",2023,"Aug","Weekday",133.826086956522,0
"649","Supplemental",2023,"Aug","Weekday",71.8695652173913,0
"65","Local",2023,"Aug","Weekday",418.357226792009,0
"650","Supplemental",2023,"Aug","Weekday",46.2608695652174,0
"651","Supplemental",2023,"Aug","Weekday",80.5434782608696,0
"652","Supplemental",2023,"Aug","Weekday",67.7391304347826,0
"653","Supplemental",2023,"Aug","Weekday",66.9130434782609,0
"654","Supplemental",2023,"Aug","Weekday",225.521739130435,0
"655","Supplemental",2023,"Aug","Weekday",123.086956521739,0
"657","Supplemental",2023,"Aug","Weekday",192.478260869565,0
"658","Supplemental",2023,"Aug","Weekday",210.652173913043,0
"660","Supplemental",2023,"Aug","Weekday",53.695652173913,0
"662","Supplemental",2023,"Aug","Weekday",93.3478260869565,0
"663","Supplemental",2023,"Aug","Weekday",55.0724637681159,0
"667","Supplemental",2023,"Aug","Weekday",94.4492753623188,0
"669","Supplemental",2023,"Aug","Weekday",47.9130434782609,0
"67","Local",2023,"Aug","Weekday",335.982608695652,0
"671","Supplemental",2023,"Aug","Weekday",83.8478260869565,0
"672","Supplemental",2023,"Aug","Weekday",12.3913043478261,0
"675","Supplemental",2023,"Aug","Weekday",199.162055335968,0
"676","Supplemental",2023,"Aug","Weekday",67.7391304347826,0
"677","Supplemental",2023,"Aug","Weekday",81.7826086956522,0
"680","Supplemental",2023,"Aug","Weekday",60.304347826087,0
"681","Supplemental",2023,"Aug","Weekday",13.2173913043478,0
"682","Supplemental",2023,"Aug","Weekday",208.173913043478,0
"683","Supplemental",2023,"Aug","Weekday",38,0
"684","Supplemental",2023,"Aug","Weekday",165.768115942029,0
"687","Supplemental",2023,"Aug","Weekday",138.782608695652,0
"688","Supplemental",2023,"Aug","Weekday",35.5217391304348,0
"696","Supplemental",2023,"Aug","Weekday",33.0434782608696,0
"7","Local",2023,"Aug","Saturday",0,1
"7","Local",2023,"Aug","Sunday",1420.8,1
"7","Local",2023,"Aug","Weekday",1679.19420289855,1
"70","Local",2023,"Aug","Saturday",333.65625,1
"70","Local",2023,"Aug","Sunday",272,1
"70","Local",2023,"Aug","Weekday",388.392914653784,1
"701","M-Transbay",2023,"Aug","Weekday",49.8840579710145,0
"702","M-Transbay",2023,"Aug","Weekday",13.304347826087,0
"703","M-Transbay",2023,"Aug","Weekday",12.1304347826087,0
"706","M-Transbay",2023,"Aug","Weekday",10.0579710144928,0
"707","M-Transbay",2023,"Aug","Weekday",8.60869565217391,0
"71","Local",2023,"Aug","Saturday",350.0625,1
"71","Local",2023,"Aug","Sunday",326,1
"71","Local",2023,"Aug","Weekday",845.798951588036,1
"72","Local",2023,"Aug","Saturday",2595.55311223264,1
"72","Local",2023,"Aug","Sunday",2148,1
"72","Local",2023,"Aug","Weekday",2866.66564605021,1
"72M","Local",2023,"Aug","Saturday",2319.9375,1
"72M","Local",2023,"Aug","Sunday",1961,1
"72M","Local",2023,"Aug","Weekday",2732.12339544513,1
"72R","Local",2023,"Aug","Saturday",2772.36842105263,1
"72R","Local",2023,"Aug","Sunday",2362,1
"72R","Local",2023,"Aug","Weekday",3835.42586064064,1
"73","Local",2023,"Aug","Saturday",1332.12875673944,1
"73","Local",2023,"Aug","Sunday",1131,1
"73","Local",2023,"Aug","Weekday",1920.6124491711,1
"74","Local",2023,"Aug","Saturday",428.83064516129,1
"74","Local",2023,"Aug","Sunday",372,1
"74","Local",2023,"Aug","Weekday",951.422101449275,1
"76","Local",2023,"Aug","Saturday",1061.78571428571,1
"76","Local",2023,"Aug","Sunday",889,1
"76","Local",2023,"Aug","Weekday",1810.42724637681,1
"78","Local",2023,"Aug","Weekday",23.2028985507246,0
"79","Local",2023,"Aug","Saturday",1545.27631578947,1
"79","Local",2023,"Aug","Sunday",1141,1
"79","Local",2023,"Aug","Weekday",2237.31884057971,1
"800","All Nighter",2023,"Aug","Saturday",472.068181818182,1
"800","All Nighter",2023,"Aug","Sunday",348,1
"800","All Nighter",2023,"Aug","Weekday",365.469461697723,1
"801","All Nighter",2023,"Aug","Saturday",287.114285714286,1
"801","All Nighter",2023,"Aug","Sunday",307,1
"801","All Nighter",2023,"Aug","Weekday",323.869565217391,1
"802","All Nighter",2023,"Aug","Saturday",71.05,1
"802","All Nighter",2023,"Aug","Sunday",49,1
"802","All Nighter",2023,"Aug","Weekday",59.1014492753623,1
"805","All Nighter",2023,"Aug","Saturday",67.75,1
"805","All Nighter",2023,"Aug","Sunday",89,1
"805","All Nighter",2023,"Aug","Weekday",94.6231884057971,1
"840","All Nighter",2023,"Aug","Saturday",39,1
"840","All Nighter",2023,"Aug","Sunday",56,1
"840","All Nighter",2023,"Aug","Weekday",53.8405797101449,1
"851","All Nighter",2023,"Aug","Saturday",80.25,1
"851","All Nighter",2023,"Aug","Sunday",76,1
"851","All Nighter",2023,"Aug","Weekday",94.0434782608696,1
"86","Local",2023,"Aug","Saturday",679.13671875,1
"86","Local",2023,"Aug","Sunday",524,1
"86","Local",2023,"Aug","Weekday",1128.47826086957,1
"88","Local",2023,"Aug","Saturday",1358.01428571429,1
"88","Local",2023,"Aug","Sunday",1140,1
"88","Local",2023,"Aug","Weekday",1944.68115942029,1
"90","Local",2023,"Aug","Saturday",420.025862068966,1
"90","Local",2023,"Aug","Sunday",333,1
"90","Local",2023,"Aug","Weekday",687.289855072464,1
"93","Local",2023,"Aug","Saturday",400.78125,1
"93","Local",2023,"Aug","Sunday",340,1
"93","Local",2023,"Aug","Weekday",716.724637681159,1
"95","Local",2023,"Aug","Saturday",126.158177905308,1
"95","Local",2023,"Aug","Sunday",127,1
"95","Local",2023,"Aug","Weekday",223.801296099918,1
"96","Local",2023,"Aug","Saturday",969,1
"96","Local",2023,"Aug","Sunday",997,1
"96","Local",2023,"Aug","Weekday",1348.57971014493,1
"97","Local",2023,"Aug","Saturday",1544.78985507246,1
"97","Local",2023,"Aug","Sunday",1353,1
"97","Local",2023,"Aug","Weekday",2723.5652173913,1
"98","Local",2023,"Aug","Saturday",491.48275862069,1
"98","Local",2023,"Aug","Sunday",416,1
"98","Local",2023,"Aug","Weekday",1164.69565217391,1
"99","Local",2023,"Aug","Saturday",1308.9897260274,1
"99","Local",2023,"Aug","Sunday",1131,1
"99","Local",2023,"Aug","Weekday",2030.75362318841,1
"E","M-Transbay",2023,"Aug","Weekday",128.623188405797,0
"F","M-Transbay",2023,"Aug","Saturday",1969.75,1
"F","M-Transbay",2023,"Aug","Sunday",1787,1
"F","M-Transbay",2023,"Aug","Weekday",2160.47000805153,1
"FS","M-Transbay",2023,"Aug","Weekday",94.2608695652174,0
"G","M-Transbay",2023,"Aug","Weekday",188.666666666667,0
"J","M-Transbay",2023,"Aug","Weekday",217.178053830228,0
"L","M-Transbay",2023,"Aug","Weekday",133.521739130435,0
"LA","M-Transbay",2023,"Aug","Weekday",76.4057971014493,0
"NL","M-Transbay",2023,"Aug","Saturday",1068.91071428571,1
"NL","M-Transbay",2023,"Aug","Sunday",956,1
"NL","M-Transbay",2023,"Aug","Weekday",2043.91304347826,1
"NX","M-Transbay",2023,"Aug","Weekday",125.768115942029,0
"NX3","M-Transbay",2023,"Aug","Weekday",94.5739130434783,0
"O","M-Transbay",2023,"Aug","Saturday",718.675,1
"O","M-Transbay",2023,"Aug","Sunday",592,1
"O","M-Transbay",2023,"Aug","Weekday",1038.14492753623,1
"OX","M-Transbay",2023,"Aug","Weekday",86.4223602484472,0
"P","M-Transbay",2023,"Aug","Weekday",289.608695652174,0
"U","M-Transbay",2023,"Aug","Weekday",204.68115942029,0
"V","M-Transbay",2023,"Aug","Weekday",150.768115942029,0
"W","M-Transbay",2023,"Aug","Weekday",122.686956521739,0
"10","Local",2023,"Sep","Saturday",1448,1
"10","Local",2023,"Sep","Sunday",1298,1
"10","Local",2023,"Sep","Weekday",2256,1
"12","Local",2023,"Sep","Saturday",1958,1
"12","Local",2023,"Sep","Sunday",1308,1
"12","Local",2023,"Sep","Weekday",2559,1
"14","Local",2023,"Sep","Saturday",1481,1
"14","Local",2023,"Sep","Sunday",1274,1
"14","Local",2023,"Sep","Weekday",3154,1
"18","Local",2023,"Sep","Saturday",2695,1
"18","Local",2023,"Sep","Sunday",2425,1
"18","Local",2023,"Sep","Weekday",3734,1
"19","Local",2023,"Sep","Saturday",206,1
"19","Local",2023,"Sep","Sunday",176,1
"19","Local",2023,"Sep","Weekday",231,1
"1T","Local",2023,"Sep","Saturday",12119.2233009709,1
"1T","Local",2023,"Sep","Sunday",11250,1
"1T","Local",2023,"Sep","Weekday",15825,1
"20","Local",2023,"Sep","Saturday",1721,1
"20","Local",2023,"Sep","Sunday",1412,1
"20","Local",2023,"Sep","Weekday",2024,1
"200","Local",2023,"Sep","Saturday",1091,1
"200","Local",2023,"Sep","Sunday",914,1
"200","Local",2023,"Sep","Weekday",1411,1
"21","Local",2023,"Sep","Saturday",956,1
"21","Local",2023,"Sep","Sunday",804,1
"21","Local",2023,"Sep","Weekday",1277,1
"210","Local",2023,"Sep","Saturday",625,1
"210","Local",2023,"Sep","Sunday",572,1
"210","Local",2023,"Sep","Weekday",1289,1
"212","Local",2023,"Sep","Saturday",440,1
"212","Local",2023,"Sep","Sunday",367,1
"212","Local",2023,"Sep","Weekday",537,1
"215","Local",2023,"Sep","Weekday",182,0
"216","Local",2023,"Sep","Saturday",210,1
"216","Local",2023,"Sep","Sunday",247,1
"216","Local",2023,"Sep","Weekday",298,1
"217","Local",2023,"Sep","Saturday",557,1
"217","Local",2023,"Sep","Sunday",506,1
"217","Local",2023,"Sep","Weekday",906.722222222222,1
"232","Local",2023,"Sep","Saturday",215,1
"232","Local",2023,"Sep","Sunday",197,1
"232","Local",2023,"Sep","Weekday",299,1
"239","Local",2023,"Sep","Weekday",645,0
"251","Local",2023,"Sep","Saturday",117,1
"251","Local",2023,"Sep","Sunday",105,1
"251","Local",2023,"Sep","Weekday",188,1
"28","Local",2023,"Sep","Saturday",437,1
"28","Local",2023,"Sep","Sunday",379,1
"28","Local",2023,"Sep","Weekday",661,1
"29","Local",2023,"Sep","Saturday",725,1
"29","Local",2023,"Sep","Sunday",615.323076923077,1
"29","Local",2023,"Sep","Weekday",1179,1
"33","Local",2023,"Sep","Saturday",1257,1
"33","Local",2023,"Sep","Sunday",1023,1
"33","Local",2023,"Sep","Weekday",2295,1
"34","Local",2023,"Sep","Saturday",525,1
"34","Local",2023,"Sep","Sunday",421,1
"34","Local",2023,"Sep","Weekday",635,1
"35","Local",2023,"Sep","Saturday",516,1
"35","Local",2023,"Sep","Sunday",419,1
"35","Local",2023,"Sep","Weekday",618,1
"36","Local",2023,"Sep","Saturday",2304,1
"36","Local",2023,"Sep","Sunday",1548,1
"36","Local",2023,"Sep","Weekday",2417,1
"376","Local",2023,"Sep","Saturday",136,1
"376","Local",2023,"Sep","Sunday",133,1
"376","Local",2023,"Sep","Weekday",119,1
"39","Local",2023,"Sep","Weekday",522,0
"40","Local",2023,"Sep","Saturday",3210,1
"40","Local",2023,"Sep","Sunday",2765,1
"40","Local",2023,"Sep","Weekday",6380,1
"41","Local",2023,"Sep","Saturday",389,1
"41","Local",2023,"Sep","Sunday",344,1
"41","Local",2023,"Sep","Weekday",587,1
"45","Local",2023,"Sep","Saturday",561,1
"45","Local",2023,"Sep","Sunday",450,1
"45","Local",2023,"Sep","Weekday",1257,1
"46L","Local",2023,"Sep","Weekday",190,0
"51A","Local",2023,"Sep","Saturday",3623,1
"51A","Local",2023,"Sep","Sunday",2891,1
"51A","Local",2023,"Sep","Weekday",6029,1
"51B","Local",2023,"Sep","Saturday",8637,1
"51B","Local",2023,"Sep","Sunday",7143,1
"51B","Local",2023,"Sep","Weekday",10769,1
"52","Local",2023,"Sep","Saturday",1722,1
"52","Local",2023,"Sep","Sunday",1458,1
"52","Local",2023,"Sep","Weekday",4470,1
"54","Local",2023,"Sep","Saturday",598,1
"54","Local",2023,"Sep","Sunday",522,1
"54","Local",2023,"Sep","Weekday",1419,1
"56","Local",2023,"Sep","Saturday",313,1
"56","Local",2023,"Sep","Sunday",306,1
"56","Local",2023,"Sep","Weekday",449,1
"57","Local",2023,"Sep","Saturday",3876,1
"57","Local",2023,"Sep","Sunday",3683.5987654321,1
"57","Local",2023,"Sep","Weekday",5156,1
"6","Local",2023,"Sep","Saturday",4154.69798657718,1
"6","Local",2023,"Sep","Sunday",3344,1
"6","Local",2023,"Sep","Weekday",6124,1
"60","Local",2023,"Sep","Saturday",659,1
"60","Local",2023,"Sep","Sunday",581,1
"60","Local",2023,"Sep","Weekday",1203,1
"604","Supplemental",2023,"Sep","Weekday",89,0
"605","Supplemental",2023,"Sep","Weekday",59,0
"606","Supplemental",2023,"Sep","Weekday",56,0
"607","Supplemental",2023,"Sep","Weekday",10,0
"617","Supplemental",2023,"Sep","Weekday",122,0
"62","Local",2023,"Sep","Saturday",1047,1
"62","Local",2023,"Sep","Sunday",970,1
"62","Local",2023,"Sep","Weekday",2096,1
"620","Supplemental",2023,"Sep","Weekday",43,0
"621","Supplemental",2023,"Sep","Weekday",289,0
"623","Supplemental",2023,"Sep","Weekday",1167,0
"624","Supplemental",2023,"Sep","Weekday",42,0
"625","Supplemental",2023,"Sep","Weekday",240,0
"626","Supplemental",2023,"Sep","Weekday",12,0
"628","Supplemental",2023,"Sep","Weekday",16,0
"629","Supplemental",2023,"Sep","Weekday",18,0
"631","Supplemental",2023,"Sep","Weekday",235,0
"638","Supplemental",2023,"Sep","Weekday",79,0
"641","Supplemental",2023,"Sep","Weekday",212.5,0
"642","Supplemental",2023,"Sep","Weekday",73,0
"646","Supplemental",2023,"Sep","Weekday",398,0
"648","Supplemental",2023,"Sep","Weekday",155,0
"649","Supplemental",2023,"Sep","Weekday",94,0
"65","Local",2023,"Sep","Weekday",490,0
"650","Supplemental",2023,"Sep","Weekday",59,0
"651","Supplemental",2023,"Sep","Weekday",97,0
"652","Supplemental",2023,"Sep","Weekday",86,0
"653","Supplemental",2023,"Sep","Weekday",89,0
"654","Supplemental",2023,"Sep","Weekday",316,0
"655","Supplemental",2023,"Sep","Weekday",129,0
"657","Supplemental",2023,"Sep","Weekday",238,0
"658","Supplemental",2023,"Sep","Weekday",214,0
"660","Supplemental",2023,"Sep","Weekday",81,0
"662","Supplemental",2023,"Sep","Weekday",99,0
"663","Supplemental",2023,"Sep","Weekday",62,0
"667","Supplemental",2023,"Sep","Weekday",133,0
"669","Supplemental",2023,"Sep","Weekday",61,0
"67","Local",2023,"Sep","Weekday",368,0
"671","Supplemental",2023,"Sep","Weekday",119,0
"672","Supplemental",2023,"Sep","Weekday",19,0
"675","Supplemental",2023,"Sep","Weekday",276,0
"676","Supplemental",2023,"Sep","Weekday",77,0
"677","Supplemental",2023,"Sep","Weekday",96,0
"680","Supplemental",2023,"Sep","Weekday",72,0
"681","Supplemental",2023,"Sep","Weekday",18,0
"682","Supplemental",2023,"Sep","Weekday",239,0
"683","Supplemental",2023,"Sep","Weekday",42,0
"684","Supplemental",2023,"Sep","Weekday",211,0
"687","Supplemental",2023,"Sep","Weekday",176,0
"688","Supplemental",2023,"Sep","Weekday",84,0
"696","Supplemental",2023,"Sep","Weekday",43,0
"7","Local",2023,"Sep","Saturday",2191,1
"7","Local",2023,"Sep","Sunday",2797.88235294118,1
"7","Local",2023,"Sep","Weekday",3018,1
"70","Local",2023,"Sep","Saturday",326,1
"70","Local",2023,"Sep","Sunday",277,1
"70","Local",2023,"Sep","Weekday",425,1
"701","M-Transbay",2023,"Sep","Weekday",50,0
"702","M-Transbay",2023,"Sep","Weekday",14,0
"703","M-Transbay",2023,"Sep","Weekday",9,0
"706","M-Transbay",2023,"Sep","Weekday",11,0
"707","M-Transbay",2023,"Sep","Weekday",5,0
"71","Local",2023,"Sep","Saturday",393,1
"71","Local",2023,"Sep","Sunday",342,1
"71","Local",2023,"Sep","Weekday",957,1
"72","Local",2023,"Sep","Saturday",2574,1
"72","Local",2023,"Sep","Sunday",2178,1
"72","Local",2023,"Sep","Weekday",3068,1
"72M","Local",2023,"Sep","Saturday",2278,1
"72M","Local",2023,"Sep","Sunday",1894,1
"72M","Local",2023,"Sep","Weekday",2840.91666666667,1
"72R","Local",2023,"Sep","Saturday",2761.17525773196,1
"72R","Local",2023,"Sep","Sunday",2418,1
"72R","Local",2023,"Sep","Weekday",4100.50819672131,1
"73","Local",2023,"Sep","Saturday",1347,1
"73","Local",2023,"Sep","Sunday",1196,1
"73","Local",2023,"Sep","Weekday",2039,1
"74","Local",2023,"Sep","Saturday",416,1
"74","Local",2023,"Sep","Sunday",360,1
"74","Local",2023,"Sep","Weekday",1213,1
"76","Local",2023,"Sep","Saturday",1061,1
"76","Local",2023,"Sep","Sunday",953,1
"76","Local",2023,"Sep","Weekday",2044.05970149254,1
"79","Local",2023,"Sep","Saturday",1473,1
"79","Local",2023,"Sep","Sunday",1402,1
"79","Local",2023,"Sep","Weekday",2951,1
"800","All Nighter",2023,"Sep","Saturday",538,1
"800","All Nighter",2023,"Sep","Sunday",370,1
"800","All Nighter",2023,"Sep","Weekday",413,1
"801","All Nighter",2023,"Sep","Saturday",243,1
"801","All Nighter",2023,"Sep","Sunday",324,1
"801","All Nighter",2023,"Sep","Weekday",307,1
"802","All Nighter",2023,"Sep","Saturday",65,1
"802","All Nighter",2023,"Sep","Sunday",56,1
"802","All Nighter",2023,"Sep","Weekday",55,1
"805","All Nighter",2023,"Sep","Saturday",62,1
"805","All Nighter",2023,"Sep","Sunday",84,1
"805","All Nighter",2023,"Sep","Weekday",103,1
"840","All Nighter",2023,"Sep","Saturday",50,1
"840","All Nighter",2023,"Sep","Sunday",55,1
"840","All Nighter",2023,"Sep","Weekday",59,1
"851","All Nighter",2023,"Sep","Saturday",93,1
"851","All Nighter",2023,"Sep","Sunday",72,1
"851","All Nighter",2023,"Sep","Weekday",95,1
"86","Local",2023,"Sep","Saturday",629,1
"86","Local",2023,"Sep","Sunday",550,1
"86","Local",2023,"Sep","Weekday",1177,1
"88","Local",2023,"Sep","Saturday",1235,1
"88","Local",2023,"Sep","Sunday",1132,1
"88","Local",2023,"Sep","Weekday",2229,1
"90","Local",2023,"Sep","Saturday",411,1
"90","Local",2023,"Sep","Sunday",360,1
"90","Local",2023,"Sep","Weekday",715,1
"93","Local",2023,"Sep","Saturday",431,1
"93","Local",2023,"Sep","Sunday",362,1
"93","Local",2023,"Sep","Weekday",794,1
"95","Local",2023,"Sep","Saturday",157,1
"95","Local",2023,"Sep","Sunday",146,1
"95","Local",2023,"Sep","Weekday",286.222222222222,1
"96","Local",2023,"Sep","Saturday",996,1
"96","Local",2023,"Sep","Sunday",917,1
"96","Local",2023,"Sep","Weekday",1553,1
"97","Local",2023,"Sep","Saturday",1478,1
"97","Local",2023,"Sep","Sunday",1319,1
"97","Local",2023,"Sep","Weekday",3082,1
"98","Local",2023,"Sep","Saturday",463,1
"98","Local",2023,"Sep","Sunday",427,1
"98","Local",2023,"Sep","Weekday",1235,1
"99","Local",2023,"Sep","Saturday",1271,1
"99","Local",2023,"Sep","Sunday",1171,1
"99","Local",2023,"Sep","Weekday",2205,1
"E","M-Transbay",2023,"Sep","Weekday",139,0
"F","M-Transbay",2023,"Sep","Saturday",1871,1
"F","M-Transbay",2023,"Sep","Sunday",1724,1
"F","M-Transbay",2023,"Sep","Weekday",2600,1
"FS","M-Transbay",2023,"Sep","Weekday",88,0
"G","M-Transbay",2023,"Sep","Weekday",200,0
"J","M-Transbay",2023,"Sep","Weekday",213,0
"L","M-Transbay",2023,"Sep","Weekday",126,0
"LA","M-Transbay",2023,"Sep","Weekday",79,0
"NL","M-Transbay",2023,"Sep","Saturday",1183,1
"NL","M-Transbay",2023,"Sep","Sunday",983,1
"NL","M-Transbay",2023,"Sep","Weekday",2188,1
"NX","M-Transbay",2023,"Sep","Weekday",146,0
"NX3","M-Transbay",2023,"Sep","Weekday",109,0
"O","M-Transbay",2023,"Sep","Saturday",700,1
"O","M-Transbay",2023,"Sep","Sunday",614,1
"O","M-Transbay",2023,"Sep","Weekday",1075,1
"OX","M-Transbay",2023,"Sep","Weekday",93,0
"P","M-Transbay",2023,"Sep","Weekday",288,0
"U","M-Transbay",2023,"Sep","Weekday",215,0
"V","M-Transbay",2023,"Sep","Weekday",148,0
"W","M-Transbay",2023,"Sep","Weekday",118,0
"10","Local",2023,"Oct","Saturday",1446,1
"10","Local",2023,"Oct","Sunday",1263,1
"10","Local",2023,"Oct","Weekday",2276,1
"12","Local",2023,"Oct","Saturday",1673,1
"12","Local",2023,"Oct","Sunday",1278,1
"12","Local",2023,"Oct","Weekday",2437,1
"14","Local",2023,"Oct","Saturday",1469,1
"14","Local",2023,"Oct","Sunday",1257,1
"14","Local",2023,"Oct","Weekday",3225,1
"18","Local",2023,"Oct","Saturday",3916,1
"18","Local",2023,"Oct","Sunday",2479,1
"18","Local",2023,"Oct","Weekday",4170,1
"19","Local",2023,"Oct","Saturday",176,1
"19","Local",2023,"Oct","Sunday",200,1
"19","Local",2023,"Oct","Weekday",233,1
"1T","Local",2023,"Oct","Saturday",12340.6572769953,1
"1T","Local",2023,"Oct","Sunday",11252,1
"1T","Local",2023,"Oct","Weekday",15885,1
"20","Local",2023,"Oct","Saturday",1632,1
"20","Local",2023,"Oct","Sunday",1371,1
"20","Local",2023,"Oct","Weekday",1942,1
"200","Local",2023,"Oct","Saturday",973,1
"200","Local",2023,"Oct","Sunday",843,1
"200","Local",2023,"Oct","Weekday",1391,1
"21","Local",2023,"Oct","Saturday",943,1
"21","Local",2023,"Oct","Sunday",824.264150943396,1
"21","Local",2023,"Oct","Weekday",1286,1
"210","Local",2023,"Oct","Saturday",645,1
"210","Local",2023,"Oct","Sunday",561,1
"210","Local",2023,"Oct","Weekday",1235,1
"212","Local",2023,"Oct","Saturday",429,1
"212","Local",2023,"Oct","Sunday",387,1
"212","Local",2023,"Oct","Weekday",559,1
"215","Local",2023,"Oct","Weekday",194,0
"216","Local",2023,"Oct","Saturday",221,1
"216","Local",2023,"Oct","Sunday",191,1
"216","Local",2023,"Oct","Weekday",321,1
"217","Local",2023,"Oct","Saturday",589,1
"217","Local",2023,"Oct","Sunday",547,1
"217","Local",2023,"Oct","Weekday",913.14,1
"232","Local",2023,"Oct","Saturday",190,1
"232","Local",2023,"Oct","Sunday",200,1
"232","Local",2023,"Oct","Weekday",292,1
"239","Local",2023,"Oct","Weekday",634,0
"251","Local",2023,"Oct","Saturday",104,1
"251","Local",2023,"Oct","Sunday",88,1
"251","Local",2023,"Oct","Weekday",188,1
"28","Local",2023,"Oct","Saturday",433,1
"28","Local",2023,"Oct","Sunday",356,1
"28","Local",2023,"Oct","Weekday",680,1
"29","Local",2023,"Oct","Saturday",718.235294117647,1
"29","Local",2023,"Oct","Sunday",710.470588235294,1
"29","Local",2023,"Oct","Weekday",1249,1
"33","Local",2023,"Oct","Saturday",1461,1
"33","Local",2023,"Oct","Sunday",1104,1
"33","Local",2023,"Oct","Weekday",2360,1
"34","Local",2023,"Oct","Saturday",549,1
"34","Local",2023,"Oct","Sunday",415,1
"34","Local",2023,"Oct","Weekday",680,1
"35","Local",2023,"Oct","Saturday",552,1
"35","Local",2023,"Oct","Sunday",440,1
"35","Local",2023,"Oct","Weekday",657,1
"36","Local",2023,"Oct","Saturday",1986,1
"36","Local",2023,"Oct","Sunday",1602,1
"36","Local",2023,"Oct","Weekday",2579,1
"376","Local",2023,"Oct","Saturday",129,1
"376","Local",2023,"Oct","Sunday",124,1
"376","Local",2023,"Oct","Weekday",132,1
"39","Local",2023,"Oct","Weekday",541,0
"40","Local",2023,"Oct","Saturday",3231,1
"40","Local",2023,"Oct","Sunday",2651,1
"40","Local",2023,"Oct","Weekday",6251,1
"41","Local",2023,"Oct","Saturday",406,1
"41","Local",2023,"Oct","Sunday",336,1
"41","Local",2023,"Oct","Weekday",596,1
"45","Local",2023,"Oct","Saturday",558,1
"45","Local",2023,"Oct","Sunday",461,1
"45","Local",2023,"Oct","Weekday",1261,1
"46L","Local",2023,"Oct","Weekday",172,0
"51A","Local",2023,"Oct","Saturday",3834.92125984252,1
"51A","Local",2023,"Oct","Sunday",2882,1
"51A","Local",2023,"Oct","Weekday",6061,1
"51B","Local",2023,"Oct","Saturday",8270.29411764706,1
"51B","Local",2023,"Oct","Sunday",6768,1
"51B","Local",2023,"Oct","Weekday",10063,1
"52","Local",2023,"Oct","Saturday",1522,1
"52","Local",2023,"Oct","Sunday",1478,1
"52","Local",2023,"Oct","Weekday",4099,1
"54","Local",2023,"Oct","Saturday",596,1
"54","Local",2023,"Oct","Sunday",471,1
"54","Local",2023,"Oct","Weekday",1416,1
"56","Local",2023,"Oct","Saturday",318,1
"56","Local",2023,"Oct","Sunday",285,1
"56","Local",2023,"Oct","Weekday",442,1
"57","Local",2023,"Oct","Saturday",4681.72222222222,1
"57","Local",2023,"Oct","Sunday",3130.2037037037,1
"57","Local",2023,"Oct","Weekday",5278,1
"6","Local",2023,"Oct","Saturday",4175.8389261745,1
"6","Local",2023,"Oct","Sunday",3414,1
"6","Local",2023,"Oct","Weekday",5803,1
"60","Local",2023,"Oct","Saturday",669,1
"60","Local",2023,"Oct","Sunday",575,1
"60","Local",2023,"Oct","Weekday",1205,1
"604","Supplemental",2023,"Oct","Weekday",85,0
"605","Supplemental",2023,"Oct","Weekday",64,0
"606","Supplemental",2023,"Oct","Weekday",59,0
"607","Supplemental",2023,"Oct","Weekday",12,0
"617","Supplemental",2023,"Oct","Weekday",115,0
"62","Local",2023,"Oct","Saturday",1031,1
"62","Local",2023,"Oct","Sunday",867,1
"62","Local",2023,"Oct","Weekday",2028,1
"620","Supplemental",2023,"Oct","Weekday",45,0
"621","Supplemental",2023,"Oct","Weekday",223,0
"623","Supplemental",2023,"Oct","Weekday",1043,0
"624","Supplemental",2023,"Oct","Weekday",42,0
"625","Supplemental",2023,"Oct","Weekday",201.25,0
"626","Supplemental",2023,"Oct","Weekday",11,0
"628","Supplemental",2023,"Oct","Weekday",17,0
"629","Supplemental",2023,"Oct","Weekday",24,0
"631","Supplemental",2023,"Oct","Weekday",247,0
"638","Supplemental",2023,"Oct","Weekday",75,0
"641","Supplemental",2023,"Oct","Weekday",251.25,0
"642","Supplemental",2023,"Oct","Weekday",68,0
"646","Supplemental",2023,"Oct","Weekday",421,0
"648","Supplemental",2023,"Oct","Weekday",155,0
"649","Supplemental",2023,"Oct","Weekday",95,0
"65","Local",2023,"Oct","Weekday",1444,0
"650","Supplemental",2023,"Oct","Weekday",62,0
"651","Supplemental",2023,"Oct","Weekday",98.75,0
"652","Supplemental",2023,"Oct","Weekday",87,0
"653","Supplemental",2023,"Oct","Weekday",96,0
"654","Supplemental",2023,"Oct","Weekday",302,0
"655","Supplemental",2023,"Oct","Weekday",138,0
"657","Supplemental",2023,"Oct","Weekday",240,0
"658","Supplemental",2023,"Oct","Weekday",210,0
"660","Supplemental",2023,"Oct","Weekday",83,0
"662","Supplemental",2023,"Oct","Weekday",103,0
"663","Supplemental",2023,"Oct","Weekday",93,0
"667","Supplemental",2023,"Oct","Weekday",125,0
"669","Supplemental",2023,"Oct","Weekday",68.75,0
"67","Local",2023,"Oct","Weekday",368,0
"671","Supplemental",2023,"Oct","Weekday",101.5,0
"672","Supplemental",2023,"Oct","Weekday",15,0
"675","Supplemental",2023,"Oct","Weekday",310,0
"676","Supplemental",2023,"Oct","Weekday",89,0
"677","Supplemental",2023,"Oct","Weekday",118,0
"680","Supplemental",2023,"Oct","Weekday",71,0
"681","Supplemental",2023,"Oct","Weekday",21,0
"682","Supplemental",2023,"Oct","Weekday",251,0
"683","Supplemental",2023,"Oct","Weekday",30,0
"684","Supplemental",2023,"Oct","Weekday",204.166666666667,0
"687","Supplemental",2023,"Oct","Weekday",182,0
"688","Supplemental",2023,"Oct","Weekday",84,0
"696","Supplemental",2023,"Oct","Weekday",65,0
"7","Local",2023,"Oct","Saturday",2433,1
"7","Local",2023,"Oct","Sunday",2509,1
"7","Local",2023,"Oct","Weekday",3072,1
"70","Local",2023,"Oct","Saturday",347,1
"70","Local",2023,"Oct","Sunday",283,1
"70","Local",2023,"Oct","Weekday",429,1
"701","M-Transbay",2023,"Oct","Weekday",58,0
"702","M-Transbay",2023,"Oct","Weekday",14,0
"703","M-Transbay",2023,"Oct","Weekday",9,0
"706","M-Transbay",2023,"Oct","Weekday",11,0
"707","M-Transbay",2023,"Oct","Weekday",2,0
"71","Local",2023,"Oct","Saturday",397,1
"71","Local",2023,"Oct","Sunday",345,1
"71","Local",2023,"Oct","Weekday",960,1
"72","Local",2023,"Oct","Saturday",2512,1
"72","Local",2023,"Oct","Sunday",2017.2602739726,1
"72","Local",2023,"Oct","Weekday",2871,1
"72M","Local",2023,"Oct","Saturday",2114,1
"72M","Local",2023,"Oct","Sunday",1807.09459459459,1
"72M","Local",2023,"Oct","Weekday",2664,1
"72R","Local",2023,"Oct","Saturday",2613,1
"72R","Local",2023,"Oct","Sunday",2399,1
"72R","Local",2023,"Oct","Weekday",3904.89344262295,1
"73","Local",2023,"Oct","Saturday",1292,1
"73","Local",2023,"Oct","Sunday",1119,1
"73","Local",2023,"Oct","Weekday",1970,1
"74","Local",2023,"Oct","Saturday",453,1
"74","Local",2023,"Oct","Sunday",364,1
"74","Local",2023,"Oct","Weekday",1113,1
"76","Local",2023,"Oct","Saturday",1058,1
"76","Local",2023,"Oct","Sunday",940.415094339623,1
"76","Local",2023,"Oct","Weekday",2020,1
"79","Local",2023,"Oct","Saturday",1512,1
"79","Local",2023,"Oct","Sunday",1724,1
"79","Local",2023,"Oct","Weekday",2758,1
"800","All Nighter",2023,"Oct","Saturday",612.692307692308,1
"800","All Nighter",2023,"Oct","Sunday",336.461538461539,1
"800","All Nighter",2023,"Oct","Weekday",413,1
"801","All Nighter",2023,"Oct","Saturday",281,1
"801","All Nighter",2023,"Oct","Sunday",280,1
"801","All Nighter",2023,"Oct","Weekday",306,1
"802","All Nighter",2023,"Oct","Saturday",46,1
"802","All Nighter",2023,"Oct","Sunday",61,1
"802","All Nighter",2023,"Oct","Weekday",61,1
"805","All Nighter",2023,"Oct","Saturday",73,1
"805","All Nighter",2023,"Oct","Sunday",94,1
"805","All Nighter",2023,"Oct","Weekday",111,1
"840","All Nighter",2023,"Oct","Saturday",49,1
"840","All Nighter",2023,"Oct","Sunday",64,1
"840","All Nighter",2023,"Oct","Weekday",60,1
"851","All Nighter",2023,"Oct","Saturday",116,1
"851","All Nighter",2023,"Oct","Sunday",74,1
"851","All Nighter",2023,"Oct","Weekday",95,1
"86","Local",2023,"Oct","Saturday",639,1
"86","Local",2023,"Oct","Sunday",502,1
"86","Local",2023,"Oct","Weekday",1171,1
"88","Local",2023,"Oct","Saturday",1117,1
"88","Local",2023,"Oct","Sunday",1419,1
"88","Local",2023,"Oct","Weekday",2064,1
"90","Local",2023,"Oct","Saturday",402,1
"90","Local",2023,"Oct","Sunday",340,1
"90","Local",2023,"Oct","Weekday",720,1
"93","Local",2023,"Oct","Saturday",397,1
"93","Local",2023,"Oct","Sunday",339,1
"93","Local",2023,"Oct","Weekday",795,1
"95","Local",2023,"Oct","Saturday",161,1
"95","Local",2023,"Oct","Sunday",140,1
"95","Local",2023,"Oct","Weekday",271.911111111111,1
"96","Local",2023,"Oct","Saturday",1028,1
"96","Local",2023,"Oct","Sunday",829,1
"96","Local",2023,"Oct","Weekday",1297,1
"97","Local",2023,"Oct","Saturday",1477,1
"97","Local",2023,"Oct","Sunday",1217,1
"97","Local",2023,"Oct","Weekday",3077,1
"98","Local",2023,"Oct","Saturday",501,1
"98","Local",2023,"Oct","Sunday",439,1
"98","Local",2023,"Oct","Weekday",1289,1
"99","Local",2023,"Oct","Saturday",1313,1
"99","Local",2023,"Oct","Sunday",1158,1
"99","Local",2023,"Oct","Weekday",2214,1
"E","M-Transbay",2023,"Oct","Weekday",138,0
"F","M-Transbay",2023,"Oct","Saturday",2001,1
"F","M-Transbay",2023,"Oct","Sunday",1592,1
"F","M-Transbay",2023,"Oct","Weekday",2518,1
"FS","M-Transbay",2023,"Oct","Weekday",98,0
"G","M-Transbay",2023,"Oct","Weekday",201,0
"J","M-Transbay",2023,"Oct","Weekday",220,0
"L","M-Transbay",2023,"Oct","Weekday",135,0
"LA","M-Transbay",2023,"Oct","Weekday",77,0
"NL","M-Transbay",2023,"Oct","Saturday",1131,1
"NL","M-Transbay",2023,"Oct","Sunday",957,1
"NL","M-Transbay",2023,"Oct","Weekday",2195,1
"NX","M-Transbay",2023,"Oct","Weekday",131,0
"NX3","M-Transbay",2023,"Oct","Weekday",115,0
"O","M-Transbay",2023,"Oct","Saturday",698,1
"O","M-Transbay",2023,"Oct","Sunday",599,1
"O","M-Transbay",2023,"Oct","Weekday",1055,1
"OX","M-Transbay",2023,"Oct","Weekday",94,0
"P","M-Transbay",2023,"Oct","Weekday",310,0
"U","M-Transbay",2023,"Oct","Weekday",232.1,0
"V","M-Transbay",2023,"Oct","Weekday",149,0
"W","M-Transbay",2023,"Oct","Weekday",138,0
"10","Local",2023,"Nov","Saturday",1430,1
"10","Local",2023,"Nov","Sunday",1216.26168224299,1
"10","Local",2023,"Nov","Weekday",2191,1
"12","Local",2023,"Nov","Saturday",1550,1
"12","Local",2023,"Nov","Sunday",1211,1
"12","Local",2023,"Nov","Weekday",2330,1
"14","Local",2023,"Nov","Saturday",1376,1
"14","Local",2023,"Nov","Sunday",1142,1
"14","Local",2023,"Nov","Weekday",2992,1
"18","Local",2023,"Nov","Saturday",2389,1
"18","Local",2023,"Nov","Sunday",2273,1
"18","Local",2023,"Nov","Weekday",3545,1
"19","Local",2023,"Nov","Saturday",176,1
"19","Local",2023,"Nov","Sunday",160,1
"19","Local",2023,"Nov","Weekday",217,1
"1T","Local",2023,"Nov","Saturday",11180.8219178082,1
"1T","Local",2023,"Nov","Sunday",10671,1
"1T","Local",2023,"Nov","Weekday",15347,1
"20","Local",2023,"Nov","Saturday",1529.49253731343,1
"20","Local",2023,"Nov","Sunday",1225.77049180328,1
"20","Local",2023,"Nov","Weekday",1887,1
"200","Local",2023,"Nov","Saturday",904,1
"200","Local",2023,"Nov","Sunday",824,1
"200","Local",2023,"Nov","Weekday",1315,1
"21","Local",2023,"Nov","Saturday",896,1
"21","Local",2023,"Nov","Sunday",742.754716981132,1
"21","Local",2023,"Nov","Weekday",1231,1
"210","Local",2023,"Nov","Saturday",614,1
"210","Local",2023,"Nov","Sunday",504,1
"210","Local",2023,"Nov","Weekday",1112,1
"212","Local",2023,"Nov","Saturday",409,1
"212","Local",2023,"Nov","Sunday",370,1
"212","Local",2023,"Nov","Weekday",531,1
"215","Local",2023,"Nov","Weekday",170,0
"216","Local",2023,"Nov","Saturday",194,1
"216","Local",2023,"Nov","Sunday",175,1
"216","Local",2023,"Nov","Weekday",276,1
"217","Local",2023,"Nov","Saturday",555,1
"217","Local",2023,"Nov","Sunday",468,1
"217","Local",2023,"Nov","Weekday",868.981132075472,1
"232","Local",2023,"Nov","Saturday",176,1
"232","Local",2023,"Nov","Sunday",186,1
"232","Local",2023,"Nov","Weekday",281,1
"239","Local",2023,"Nov","Weekday",570,0
"251","Local",2023,"Nov","Saturday",103,1
"251","Local",2023,"Nov","Sunday",88,1
"251","Local",2023,"Nov","Weekday",177,1
"28","Local",2023,"Nov","Saturday",409,1
"28","Local",2023,"Nov","Sunday",372,1
"28","Local",2023,"Nov","Weekday",610,1
"29","Local",2023,"Nov","Saturday",671,1
"29","Local",2023,"Nov","Sunday",676,1
"29","Local",2023,"Nov","Weekday",1229,1
"33","Local",2023,"Nov","Saturday",1183,1
"33","Local",2023,"Nov","Sunday",1058,1
"33","Local",2023,"Nov","Weekday",2217,1
"34","Local",2023,"Nov","Saturday",519,1
"34","Local",2023,"Nov","Sunday",366,1
"34","Local",2023,"Nov","Weekday",639,1
"35","Local",2023,"Nov","Saturday",490,1
"35","Local",2023,"Nov","Sunday",393,1
"35","Local",2023,"Nov","Weekday",619,1
"36","Local",2023,"Nov","Saturday",1480,1
"36","Local",2023,"Nov","Sunday",1176,1
"36","Local",2023,"Nov","Weekday",2225,1
"376","Local",2023,"Nov","Saturday",157,1
"376","Local",2023,"Nov","Sunday",137,1
"376","Local",2023,"Nov","Weekday",131,1
"39","Local",2023,"Nov","Weekday",448,0
"40","Local",2023,"Nov","Saturday",2899,1
"40","Local",2023,"Nov","Sunday",2577,1
"40","Local",2023,"Nov","Weekday",5682,1
"41","Local",2023,"Nov","Saturday",377,1
"41","Local",2023,"Nov","Sunday",339,1
"41","Local",2023,"Nov","Weekday",563,1
"45","Local",2023,"Nov","Saturday",517,1
"45","Local",2023,"Nov","Sunday",438,1
"45","Local",2023,"Nov","Weekday",1182,1
"46L","Local",2023,"Nov","Weekday",172,0
"51A","Local",2023,"Nov","Saturday",3363,1
"51A","Local",2023,"Nov","Sunday",2588,1
"51A","Local",2023,"Nov","Weekday",5658,1
"51B","Local",2023,"Nov","Saturday",6095,1
"51B","Local",2023,"Nov","Sunday",4689,1
"51B","Local",2023,"Nov","Weekday",9317,1
"52","Local",2023,"Nov","Saturday",1278,1
"52","Local",2023,"Nov","Sunday",1098,1
"52","Local",2023,"Nov","Weekday",3511,1
"54","Local",2023,"Nov","Saturday",571,1
"54","Local",2023,"Nov","Sunday",459,1
"54","Local",2023,"Nov","Weekday",1306,1
"56","Local",2023,"Nov","Saturday",290,1
"56","Local",2023,"Nov","Sunday",249,1
"56","Local",2023,"Nov","Weekday",429,1
"57","Local",2023,"Nov","Saturday",3644,1
"57","Local",2023,"Nov","Sunday",2922,1
"57","Local",2023,"Nov","Weekday",5112,1
"6","Local",2023,"Nov","Saturday",3645,1
"6","Local",2023,"Nov","Sunday",3868,1
"6","Local",2023,"Nov","Weekday",5411,1
"60","Local",2023,"Nov","Saturday",674,1
"60","Local",2023,"Nov","Sunday",552,1
"60","Local",2023,"Nov","Weekday",1104,1
"604","Supplemental",2023,"Nov","Weekday",84,0
"605","Supplemental",2023,"Nov","Weekday",59,0
"606","Supplemental",2023,"Nov","Weekday",58,0
"607","Supplemental",2023,"Nov","Weekday",21,0
"617","Supplemental",2023,"Nov","Weekday",129,0
"62","Local",2023,"Nov","Saturday",986,1
"62","Local",2023,"Nov","Sunday",842,1
"62","Local",2023,"Nov","Weekday",1934,1
"620","Supplemental",2023,"Nov","Weekday",48,0
"621","Supplemental",2023,"Nov","Weekday",222,0
"623","Supplemental",2023,"Nov","Weekday",979,0
"624","Supplemental",2023,"Nov","Weekday",16.5,0
"625","Supplemental",2023,"Nov","Weekday",238,0
"626","Supplemental",2023,"Nov","Weekday",11,0
"628","Supplemental",2023,"Nov","Weekday",16,0
"629","Supplemental",2023,"Nov","Weekday",26,0
"631","Supplemental",2023,"Nov","Weekday",241,0
"638","Supplemental",2023,"Nov","Weekday",80,0
"641","Supplemental",2023,"Nov","Weekday",117.5,0
"642","Supplemental",2023,"Nov","Weekday",68,0
"646","Supplemental",2023,"Nov","Weekday",401,0
"648","Supplemental",2023,"Nov","Weekday",152,0
"649","Supplemental",2023,"Nov","Weekday",99,0
"65","Local",2023,"Nov","Weekday",1444,0
"650","Supplemental",2023,"Nov","Weekday",66,0
"651","Supplemental",2023,"Nov","Weekday",107,0
"652","Supplemental",2023,"Nov","Weekday",87,0
"653","Supplemental",2023,"Nov","Weekday",89,0
"654","Supplemental",2023,"Nov","Weekday",288,0
"655","Supplemental",2023,"Nov","Weekday",144,0
"657","Supplemental",2023,"Nov","Weekday",307,0
"658","Supplemental",2023,"Nov","Weekday",201,0
"660","Supplemental",2023,"Nov","Weekday",89,0
"662","Supplemental",2023,"Nov","Weekday",91,0
"663","Supplemental",2023,"Nov","Weekday",103,0
"667","Supplemental",2023,"Nov","Weekday",128,0
"669","Supplemental",2023,"Nov","Weekday",63.75,0
"67","Local",2023,"Nov","Weekday",368,0
"671","Supplemental",2023,"Nov","Weekday",107.333333333333,0
"672","Supplemental",2023,"Nov","Weekday",12,0
"675","Supplemental",2023,"Nov","Weekday",315.6,0
"676","Supplemental",2023,"Nov","Weekday",93,0
"677","Supplemental",2023,"Nov","Weekday",99,0
"680","Supplemental",2023,"Nov","Weekday",69,0
"681","Supplemental",2023,"Nov","Weekday",19.5,0
"682","Supplemental",2023,"Nov","Weekday",249,0
"683","Supplemental",2023,"Nov","Weekday",28,0
"684","Supplemental",2023,"Nov","Weekday",196,0
"687","Supplemental",2023,"Nov","Weekday",180,0
"688","Supplemental",2023,"Nov","Weekday",87,0
"696","Supplemental",2023,"Nov","Weekday",45,0
"7","Local",2023,"Nov","Saturday",2000.30769230769,1
"7","Local",2023,"Nov","Sunday",1599.88888888889,1
"7","Local",2023,"Nov","Weekday",2367,1
"70","Local",2023,"Nov","Saturday",318,1
"70","Local",2023,"Nov","Sunday",274,1
"70","Local",2023,"Nov","Weekday",408,1
"701","M-Transbay",2023,"Nov","Weekday",44,0
"702","M-Transbay",2023,"Nov","Weekday",20,0
"703","M-Transbay",2023,"Nov","Weekday",8,0
"706","M-Transbay",2023,"Nov","Weekday",13,0
"707","M-Transbay",2023,"Nov","Weekday",5,0
"71","Local",2023,"Nov","Saturday",370,1
"71","Local",2023,"Nov","Sunday",315,1
"71","Local",2023,"Nov","Weekday",879,1
"72","Local",2023,"Nov","Saturday",2306,1
"72","Local",2023,"Nov","Sunday",1815,1
"72","Local",2023,"Nov","Weekday",2821,1
"72M","Local",2023,"Nov","Saturday",2065,1
"72M","Local",2023,"Nov","Sunday",1607,1
"72M","Local",2023,"Nov","Weekday",2578.31944444444,1
"72R","Local",2023,"Nov","Saturday",2453,1
"72R","Local",2023,"Nov","Sunday",2090,1
"72R","Local",2023,"Nov","Weekday",3773.77868852459,1
"73","Local",2023,"Nov","Saturday",1219,1
"73","Local",2023,"Nov","Sunday",1107.69230769231,1
"73","Local",2023,"Nov","Weekday",1908,1
"74","Local",2023,"Nov","Saturday",396,1
"74","Local",2023,"Nov","Sunday",363,1
"74","Local",2023,"Nov","Weekday",992,1
"76","Local",2023,"Nov","Saturday",975,1
"76","Local",2023,"Nov","Sunday",876,1
"76","Local",2023,"Nov","Weekday",1888.77611940299,1
"79","Local",2023,"Nov","Saturday",1117,1
"79","Local",2023,"Nov","Sunday",999,1
"79","Local",2023,"Nov","Weekday",2373,1
"800","All Nighter",2023,"Nov","Saturday",459,1
"800","All Nighter",2023,"Nov","Sunday",325,1
"800","All Nighter",2023,"Nov","Weekday",376,1
"801","All Nighter",2023,"Nov","Saturday",284,1
"801","All Nighter",2023,"Nov","Sunday",283,1
"801","All Nighter",2023,"Nov","Weekday",291,1
"802","All Nighter",2023,"Nov","Saturday",49,1
"802","All Nighter",2023,"Nov","Sunday",81,1
"802","All Nighter",2023,"Nov","Weekday",68,1
"805","All Nighter",2023,"Nov","Saturday",61,1
"805","All Nighter",2023,"Nov","Sunday",93,1
"805","All Nighter",2023,"Nov","Weekday",105,1
"840","All Nighter",2023,"Nov","Saturday",52,1
"840","All Nighter",2023,"Nov","Sunday",61,1
"840","All Nighter",2023,"Nov","Weekday",59,1
"851","All Nighter",2023,"Nov","Saturday",122,1
"851","All Nighter",2023,"Nov","Sunday",65,1
"851","All Nighter",2023,"Nov","Weekday",87,1
"86","Local",2023,"Nov","Saturday",624,1
"86","Local",2023,"Nov","Sunday",499,1
"86","Local",2023,"Nov","Weekday",1124,1
"88","Local",2023,"Nov","Saturday",1025,1
"88","Local",2023,"Nov","Sunday",928,1
"88","Local",2023,"Nov","Weekday",1997,1
"90","Local",2023,"Nov","Saturday",349,1
"90","Local",2023,"Nov","Sunday",321,1
"90","Local",2023,"Nov","Weekday",666,1
"93","Local",2023,"Nov","Saturday",401,1
"93","Local",2023,"Nov","Sunday",345,1
"93","Local",2023,"Nov","Weekday",730,1
"95","Local",2023,"Nov","Saturday",135,1
"95","Local",2023,"Nov","Sunday",114,1
"95","Local",2023,"Nov","Weekday",244.636363636364,1
"96","Local",2023,"Nov","Saturday",1017,1
"96","Local",2023,"Nov","Sunday",855,1
"96","Local",2023,"Nov","Weekday",1300,1
"97","Local",2023,"Nov","Saturday",1360,1
"97","Local",2023,"Nov","Sunday",1146,1
"97","Local",2023,"Nov","Weekday",2823,1
"98","Local",2023,"Nov","Saturday",451,1
"98","Local",2023,"Nov","Sunday",380,1
"98","Local",2023,"Nov","Weekday",1111,1
"99","Local",2023,"Nov","Saturday",1294,1
"99","Local",2023,"Nov","Sunday",1088.27160493827,1
"99","Local",2023,"Nov","Weekday",2094,1
"E","M-Transbay",2023,"Nov","Weekday",115,0
"F","M-Transbay",2023,"Nov","Saturday",1569,1
"F","M-Transbay",2023,"Nov","Sunday",1295,1
"F","M-Transbay",2023,"Nov","Weekday",2205,1
"FS","M-Transbay",2023,"Nov","Weekday",88,0
"G","M-Transbay",2023,"Nov","Weekday",156,0
"J","M-Transbay",2023,"Nov","Weekday",177,0
"L","M-Transbay",2023,"Nov","Weekday",128,0
"LA","M-Transbay",2023,"Nov","Weekday",60,0
"NL","M-Transbay",2023,"Nov","Saturday",1038,1
"NL","M-Transbay",2023,"Nov","Sunday",891,1
"NL","M-Transbay",2023,"Nov","Weekday",2034,1
"NX","M-Transbay",2023,"Nov","Weekday",125,0
"NX3","M-Transbay",2023,"Nov","Weekday",86,0
"O","M-Transbay",2023,"Nov","Saturday",638,1
"O","M-Transbay",2023,"Nov","Sunday",551,1
"O","M-Transbay",2023,"Nov","Weekday",967,1
"OX","M-Transbay",2023,"Nov","Weekday",83,0
"P","M-Transbay",2023,"Nov","Weekday",242,0
"U","M-Transbay",2023,"Nov","Weekday",217,0
"V","M-Transbay",2023,"Nov","Weekday",131,0
"W","M-Transbay",2023,"Nov","Weekday",115,0
"10","Local",2023,"Dec","Saturday",1461.33636363636,1
"10","Local",2023,"Dec","Sunday",1134,1
"10","Local",2023,"Dec","Weekday",2146.96590909091,1
"12","Local",2023,"Dec","Saturday",1412.14482758621,1
"12","Local",2023,"Dec","Sunday",956,1
"12","Local",2023,"Dec","Weekday",2034.57528409091,1
"14","Local",2023,"Dec","Saturday",1423.9,1
"14","Local",2023,"Dec","Sunday",1063,1
"14","Local",2023,"Dec","Weekday",2905.20731707317,1
"18","Local",2023,"Dec","Saturday",2480.26086956522,1
"18","Local",2023,"Dec","Sunday",1723,1
"18","Local",2023,"Dec","Weekday",3342.04545454545,1
"19","Local",2023,"Dec","Saturday",187.709677419355,1
"19","Local",2023,"Dec","Sunday",152,1
"19","Local",2023,"Dec","Weekday",208.603896103896,1
"1T","Local",2023,"Dec","Saturday",11867.5734434125,1
"1T","Local",2023,"Dec","Sunday",9540,1
"1T","Local",2023,"Dec","Weekday",14796.5757575758,1
"20","Local",2023,"Dec","Saturday",1535.5619047619,1
"20","Local",2023,"Dec","Sunday",1163,1
"20","Local",2023,"Dec","Weekday",1806.05865102639,1
"200","Local",2023,"Dec","Saturday",884.096385542169,1
"200","Local",2023,"Dec","Sunday",720,1
"200","Local",2023,"Dec","Weekday",1219.44444444444,1
"21","Local",2023,"Dec","Saturday",929.192452830189,1
"21","Local",2023,"Dec","Sunday",710,1
"21","Local",2023,"Dec","Weekday",1181.6652892562,1
"210","Local",2023,"Dec","Saturday",608.888888888889,1
"210","Local",2023,"Dec","Sunday",465,1
"210","Local",2023,"Dec","Weekday",985.164335664336,1
"212","Local",2023,"Dec","Saturday",423.104347826087,1
"212","Local",2023,"Dec","Sunday",350,1
"212","Local",2023,"Dec","Weekday",564.590909090909,1
"215","Local",2023,"Dec","Weekday",168.996865203762,0
"216","Local",2023,"Dec","Saturday",195.2,1
"216","Local",2023,"Dec","Sunday",144,1
"216","Local",2023,"Dec","Weekday",253.227272727273,1
"217","Local",2023,"Dec","Saturday",544.926315789474,1
"217","Local",2023,"Dec","Sunday",504,1
"217","Local",2023,"Dec","Weekday",715.982727272727,1
"232","Local",2023,"Dec","Saturday",193.072727272727,1
"232","Local",2023,"Dec","Sunday",190,1
"232","Local",2023,"Dec","Weekday",256.090909090909,1
"239","Local",2023,"Dec","Weekday",609.614393939394,0
"251","Local",2023,"Dec","Saturday",107.163636363636,1
"251","Local",2023,"Dec","Sunday",89,1
"251","Local",2023,"Dec","Weekday",163.92,1
"28","Local",2023,"Dec","Saturday",422.533333333333,1
"28","Local",2023,"Dec","Sunday",352,1
"28","Local",2023,"Dec","Weekday",611.52479338843,1
"29","Local",2023,"Dec","Saturday",708.125,1
"29","Local",2023,"Dec","Sunday",516,1
"29","Local",2023,"Dec","Weekday",1181.77272727273,1
"33","Local",2023,"Dec","Saturday",1151.64466019417,1
"33","Local",2023,"Dec","Sunday",944,1
"33","Local",2023,"Dec","Weekday",2422.75974025974,1
"34","Local",2023,"Dec","Saturday",539.6,1
"34","Local",2023,"Dec","Sunday",388,1
"34","Local",2023,"Dec","Weekday",604.227272727273,1
"35","Local",2023,"Dec","Saturday",509.260606060606,1
"35","Local",2023,"Dec","Sunday",384,1
"35","Local",2023,"Dec","Weekday",606.229946524064,1
"36","Local",2023,"Dec","Saturday",1335.39428571429,1
"36","Local",2023,"Dec","Sunday",949,1
"36","Local",2023,"Dec","Weekday",1603.28873239437,1
"376","Local",2023,"Dec","Saturday",112.631578947368,1
"376","Local",2023,"Dec","Sunday",99,1
"376","Local",2023,"Dec","Weekday",113.136363636364,1
"39","Local",2023,"Dec","Weekday",456.463636363636,0
"40","Local",2023,"Dec","Saturday",3106.48679245283,1
"40","Local",2023,"Dec","Sunday",2334,1
"40","Local",2023,"Dec","Weekday",5467.45165289256,1
"41","Local",2023,"Dec","Saturday",413.4,1
"41","Local",2023,"Dec","Sunday",307,1
"41","Local",2023,"Dec","Weekday",534.496363636364,1
"45","Local",2023,"Dec","Saturday",529.387755102041,1
"45","Local",2023,"Dec","Sunday",369,1
"45","Local",2023,"Dec","Weekday",1093.56904487917,1
"46L","Local",2023,"Dec","Weekday",146.716783216783,0
"51A","Local",2023,"Dec","Saturday",3325.26557377049,1
"51A","Local",2023,"Dec","Sunday",2399,1
"51A","Local",2023,"Dec","Weekday",5544.02194357367,1
"51B","Local",2023,"Dec","Saturday",5190.3937007874,1
"51B","Local",2023,"Dec","Sunday",4704,1
"51B","Local",2023,"Dec","Weekday",6520.12669245648,1
"52","Local",2023,"Dec","Saturday",1133.45,1
"52","Local",2023,"Dec","Sunday",749,1
"52","Local",2023,"Dec","Weekday",1884.62577833126,1
"54","Local",2023,"Dec","Saturday",592.8,1
"54","Local",2023,"Dec","Sunday",448,1
"54","Local",2023,"Dec","Weekday",1198.47846889952,1
"56","Local",2023,"Dec","Saturday",310.537931034483,1
"56","Local",2023,"Dec","Sunday",228,1
"56","Local",2023,"Dec","Weekday",395.893939393939,1
"57","Local",2023,"Dec","Saturday",4387.98777603895,1
"57","Local",2023,"Dec","Sunday",3330,1
"57","Local",2023,"Dec","Weekday",4837.67112299465,1
"6","Local",2023,"Dec","Saturday",2958.77419354839,1
"6","Local",2023,"Dec","Sunday",2147.31543624161,1
"6","Local",2023,"Dec","Weekday",4318.50974025974,1
"60","Local",2023,"Dec","Saturday",763.005714285714,1
"60","Local",2023,"Dec","Sunday",523,1
"60","Local",2023,"Dec","Weekday",921.015734265734,1
"604","Supplemental",2023,"Dec","Weekday",123.204545454545,0
"605","Supplemental",2023,"Dec","Weekday",54.7727272727273,0
"606","Supplemental",2023,"Dec","Weekday",60.6818181818182,0
"607","Supplemental",2023,"Dec","Weekday",10.5,0
"617","Supplemental",2023,"Dec","Weekday",96.1363636363636,0
"62","Local",2023,"Dec","Saturday",984.6,1
"62","Local",2023,"Dec","Sunday",751,1
"62","Local",2023,"Dec","Weekday",1900.54033290653,1
"620","Supplemental",2023,"Dec","Weekday",43.3636363636364,0
"621","Supplemental",2023,"Dec","Weekday",143.931818181818,0
"623","Supplemental",2023,"Dec","Weekday",908.113636363636,0
"624","Supplemental",2023,"Dec","Weekday",46.5681818181818,0
"625","Supplemental",2023,"Dec","Weekday",204.590909090909,0
"626","Supplemental",2023,"Dec","Weekday",10.0454545454545,0
"628","Supplemental",2023,"Dec","Weekday",16.3636363636364,0
"629","Supplemental",2023,"Dec","Weekday",26,0
"631","Supplemental",2023,"Dec","Weekday",163.909090909091,0
"638","Supplemental",2023,"Dec","Weekday",83.8181818181818,0
"641","Supplemental",2023,"Dec","Weekday",129.318181818182,0
"642","Supplemental",2023,"Dec","Weekday",61.8181818181818,0
"646","Supplemental",2023,"Dec","Weekday",371.227272727273,0
"648","Supplemental",2023,"Dec","Weekday",153.272727272727,0
"649","Supplemental",2023,"Dec","Weekday",92.1136363636364,0
"65","Local",2023,"Dec","Weekday",475.971590909091,0
"650","Supplemental",2023,"Dec","Weekday",67.8409090909091,0
"651","Supplemental",2023,"Dec","Weekday",107.272727272727,0
"652","Supplemental",2023,"Dec","Weekday",86.5909090909091,0
"653","Supplemental",2023,"Dec","Weekday",77.5454545454545,0
"654","Supplemental",2023,"Dec","Weekday",272.181818181818,0
"655","Supplemental",2023,"Dec","Weekday",134.727272727273,0
"657","Supplemental",2023,"Dec","Weekday",243.636363636364,0
"658","Supplemental",2023,"Dec","Weekday",211.136363636364,0
"660","Supplemental",2023,"Dec","Weekday",78,0
"662","Supplemental",2023,"Dec","Weekday",96.75,0
"663","Supplemental",2023,"Dec","Weekday",68.4090909090909,0
"667","Supplemental",2023,"Dec","Weekday",120.909090909091,0
"669","Supplemental",2023,"Dec","Weekday",75.8181818181818,0
"67","Local",2023,"Dec","Weekday",368,0
"671","Supplemental",2023,"Dec","Weekday",102.878787878788,0
"672","Supplemental",2023,"Dec","Weekday",16.7727272727273,0
"675","Supplemental",2023,"Dec","Weekday",292.492561983471,0
"676","Supplemental",2023,"Dec","Weekday",122.590909090909,0
"677","Supplemental",2023,"Dec","Weekday",89.9318181818182,0
"680","Supplemental",2023,"Dec","Weekday",49.9090909090909,0
"681","Supplemental",2023,"Dec","Weekday",20.9318181818182,0
"682","Supplemental",2023,"Dec","Weekday",201.272727272727,0
"683","Supplemental",2023,"Dec","Weekday",18.4545454545455,0
"684","Supplemental",2023,"Dec","Weekday",175.106060606061,0
"687","Supplemental",2023,"Dec","Weekday",193.636363636364,0
"688","Supplemental",2023,"Dec","Weekday",74.5909090909091,0
"696","Supplemental",2023,"Dec","Weekday",27.8181818181818,0
"7","Local",2023,"Dec","Saturday",1712.92857142857,1
"7","Local",2023,"Dec","Sunday",1579,1
"7","Local",2023,"Dec","Weekday",2037.72727272727,1
"70","Local",2023,"Dec","Saturday",328.88,1
"70","Local",2023,"Dec","Sunday",253,1
"70","Local",2023,"Dec","Weekday",385.409090909091,1
"701","M-Transbay",2023,"Dec","Weekday",42.9545454545455,0
"702","M-Transbay",2023,"Dec","Weekday",14.7727272727273,0
"703","M-Transbay",2023,"Dec","Weekday",4.18181818181818,0
"706","M-Transbay",2023,"Dec","Weekday",11.6363636363636,0
"707","M-Transbay",2023,"Dec","Weekday",2.13636363636364,0
"71","Local",2023,"Dec","Saturday",391.529411764706,1
"71","Local",2023,"Dec","Sunday",295,1
"71","Local",2023,"Dec","Weekday",814.520833333333,1
"72","Local",2023,"Dec","Saturday",2447.79016393443,1
"72","Local",2023,"Dec","Sunday",1899,1
"72","Local",2023,"Dec","Weekday",2765.342138035,1
"72M","Local",2023,"Dec","Saturday",2067.83076923077,1
"72M","Local",2023,"Dec","Sunday",1714,1
"72M","Local",2023,"Dec","Weekday",2483.93801652893,1
"72R","Local",2023,"Dec","Saturday",2596.52903225806,1
"72R","Local",2023,"Dec","Sunday",2058,1
"72R","Local",2023,"Dec","Weekday",3750.65056818182,1
"73","Local",2023,"Dec","Saturday",1283.8273381295,1
"73","Local",2023,"Dec","Sunday",1098,1
"73","Local",2023,"Dec","Weekday",1875.1185770751,1
"74","Local",2023,"Dec","Saturday",401.328,1
"74","Local",2023,"Dec","Sunday",362,1
"74","Local",2023,"Dec","Weekday",883.712121212121,1
"76","Local",2023,"Dec","Saturday",979.1,1
"76","Local",2023,"Dec","Sunday",752,1
"76","Local",2023,"Dec","Weekday",1734.93325791855,1
"79","Local",2023,"Dec","Saturday",965.721212121212,1
"79","Local",2023,"Dec","Sunday",731,1
"79","Local",2023,"Dec","Weekday",1415.5,1
"800","All Nighter",2023,"Dec","Saturday",461.353846153846,1
"800","All Nighter",2023,"Dec","Sunday",325,1
"800","All Nighter",2023,"Dec","Weekday",344.650568181818,1
"801","All Nighter",2023,"Dec","Saturday",262.9,1
"801","All Nighter",2023,"Dec","Sunday",246,1
"801","All Nighter",2023,"Dec","Weekday",269.441818181818,1
"802","All Nighter",2023,"Dec","Saturday",45.0333333333333,1
"802","All Nighter",2023,"Dec","Sunday",61,1
"802","All Nighter",2023,"Dec","Weekday",64.2020202020202,1
"805","All Nighter",2023,"Dec","Saturday",85.76,1
"805","All Nighter",2023,"Dec","Sunday",80,1
"805","All Nighter",2023,"Dec","Weekday",103.909090909091,1
"840","All Nighter",2023,"Dec","Saturday",53.76,1
"840","All Nighter",2023,"Dec","Sunday",52,1
"840","All Nighter",2023,"Dec","Weekday",60,1
"851","All Nighter",2023,"Dec","Saturday",69.8666666666667,1
"851","All Nighter",2023,"Dec","Sunday",82,1
"851","All Nighter",2023,"Dec","Weekday",86,1
"86","Local",2023,"Dec","Saturday",675.390769230769,1
"86","Local",2023,"Dec","Sunday",517,1
"86","Local",2023,"Dec","Weekday",1143.28202479339,1
"88","Local",2023,"Dec","Saturday",1102.90754716981,1
"88","Local",2023,"Dec","Sunday",900,1
"88","Local",2023,"Dec","Weekday",1573.13933729822,1
"90","Local",2023,"Dec","Saturday",389.558620689655,1
"90","Local",2023,"Dec","Sunday",310,1
"90","Local",2023,"Dec","Weekday",623.009090909091,1
"93","Local",2023,"Dec","Saturday",388.2,1
"93","Local",2023,"Dec","Sunday",303,1
"93","Local",2023,"Dec","Weekday",723.5,1
"95","Local",2023,"Dec","Saturday",144.190243902439,1
"95","Local",2023,"Dec","Sunday",116,1
"95","Local",2023,"Dec","Weekday",232.69696969697,1
"96","Local",2023,"Dec","Saturday",916.669565217391,1
"96","Local",2023,"Dec","Sunday",785,1
"96","Local",2023,"Dec","Weekday",1259.8,1
"97","Local",2023,"Dec","Saturday",1472.4,1
"97","Local",2023,"Dec","Sunday",1089,1
"97","Local",2023,"Dec","Weekday",2647.65606060606,1
"98","Local",2023,"Dec","Saturday",471.323076923077,1
"98","Local",2023,"Dec","Sunday",399,1
"98","Local",2023,"Dec","Weekday",1094.16042780749,1
"99","Local",2023,"Dec","Saturday",1360.77611940298,1
"99","Local",2023,"Dec","Sunday",1038,1
"99","Local",2023,"Dec","Weekday",2014.23140495868,1
"E","M-Transbay",2023,"Dec","Weekday",105.287878787879,0
"F","M-Transbay",2023,"Dec","Saturday",1271.69473684211,1
"F","M-Transbay",2023,"Dec","Sunday",1208,1
"F","M-Transbay",2023,"Dec","Weekday",1565.46478873239,1
"FS","M-Transbay",2023,"Dec","Weekday",70.1363636363636,0
"G","M-Transbay",2023,"Dec","Weekday",142.636363636364,0
"J","M-Transbay",2023,"Dec","Weekday",202.753246753247,0
"L","M-Transbay",2023,"Dec","Weekday",106.909090909091,0
"LA","M-Transbay",2023,"Dec","Weekday",58.9583333333333,0
"NL","M-Transbay",2023,"Dec","Saturday",976.2,1
"NL","M-Transbay",2023,"Dec","Sunday",861,1
"NL","M-Transbay",2023,"Dec","Weekday",1942.3803030303,1
"NX","M-Transbay",2023,"Dec","Weekday",120.352272727273,0
"NX3","M-Transbay",2023,"Dec","Weekday",77.7,0
"O","M-Transbay",2023,"Dec","Saturday",620.075,1
"O","M-Transbay",2023,"Dec","Sunday",585,1
"O","M-Transbay",2023,"Dec","Weekday",946.172147001934,1
"OX","M-Transbay",2023,"Dec","Weekday",80.3030303030303,0
"P","M-Transbay",2023,"Dec","Weekday",228.709090909091,0
"U","M-Transbay",2023,"Dec","Weekday",205.060606060606,0
"V","M-Transbay",2023,"Dec","Weekday",137.772727272727,0
"W","M-Transbay",2023,"Dec","Weekday",99.9727272727273,0
"10","Local",2024,"Jan","Saturday",1282,1
"10","Local",2024,"Jan","Sunday",1299,1
"10","Local",2024,"Jan","Weekday",2166,1
"12","Local",2024,"Jan","Saturday",1477.10144927536,1
"12","Local",2024,"Jan","Sunday",1427,1
"12","Local",2024,"Jan","Weekday",2407,1
"14","Local",2024,"Jan","Saturday",1309,1
"14","Local",2024,"Jan","Sunday",1217,1
"14","Local",2024,"Jan","Weekday",2998,1
"18","Local",2024,"Jan","Saturday",2549,1
"18","Local",2024,"Jan","Sunday",2388,1
"18","Local",2024,"Jan","Weekday",3800,1
"19","Local",2024,"Jan","Saturday",171,1
"19","Local",2024,"Jan","Sunday",175,1
"19","Local",2024,"Jan","Weekday",219,1
"1T","Local",2024,"Jan","Saturday",10374.0845070423,1
"1T","Local",2024,"Jan","Sunday",11013.3644859813,1
"1T","Local",2024,"Jan","Weekday",15185,1
"20","Local",2024,"Jan","Saturday",1328,1
"20","Local",2024,"Jan","Sunday",1346,1
"20","Local",2024,"Jan","Weekday",1795,1
"200","Local",2024,"Jan","Saturday",775,1
"200","Local",2024,"Jan","Sunday",819,1
"200","Local",2024,"Jan","Weekday",1219,1
"21","Local",2024,"Jan","Saturday",844,1
"21","Local",2024,"Jan","Sunday",795.735849056604,1
"21","Local",2024,"Jan","Weekday",1159,1
"210","Local",2024,"Jan","Saturday",560,1
"210","Local",2024,"Jan","Sunday",555,1
"210","Local",2024,"Jan","Weekday",1044,1
"212","Local",2024,"Jan","Saturday",377,1
"212","Local",2024,"Jan","Sunday",365,1
"212","Local",2024,"Jan","Weekday",548,1
"215","Local",2024,"Jan","Weekday",180,0
"216","Local",2024,"Jan","Saturday",178,1
"216","Local",2024,"Jan","Sunday",170,1
"216","Local",2024,"Jan","Weekday",258,1
"217","Local",2024,"Jan","Saturday",497,1
"217","Local",2024,"Jan","Sunday",524,1
"217","Local",2024,"Jan","Weekday",789,1
"232","Local",2024,"Jan","Saturday",166,1
"232","Local",2024,"Jan","Sunday",193,1
"232","Local",2024,"Jan","Weekday",265,1
"239","Local",2024,"Jan","Weekday",632,0
"251","Local",2024,"Jan","Saturday",101,1
"251","Local",2024,"Jan","Sunday",89,1
"251","Local",2024,"Jan","Weekday",162,1
"28","Local",2024,"Jan","Saturday",383,1
"28","Local",2024,"Jan","Sunday",338,1
"28","Local",2024,"Jan","Weekday",576,1
"29","Local",2024,"Jan","Saturday",699,1
"29","Local",2024,"Jan","Sunday",601,1
"29","Local",2024,"Jan","Weekday",1334,1
"33","Local",2024,"Jan","Saturday",1563,1
"33","Local",2024,"Jan","Sunday",945,1
"33","Local",2024,"Jan","Weekday",2455,1
"34","Local",2024,"Jan","Saturday",437,1
"34","Local",2024,"Jan","Sunday",412,1
"34","Local",2024,"Jan","Weekday",627,1
"35","Local",2024,"Jan","Saturday",398,1
"35","Local",2024,"Jan","Sunday",441,1
"35","Local",2024,"Jan","Weekday",578,1
"36","Local",2024,"Jan","Saturday",1291,1
"36","Local",2024,"Jan","Sunday",1159,1
"36","Local",2024,"Jan","Weekday",1653,1
"376","Local",2024,"Jan","Saturday",110,1
"376","Local",2024,"Jan","Sunday",102,1
"376","Local",2024,"Jan","Weekday",118,1
"39","Local",2024,"Jan","Weekday",455,0
"40","Local",2024,"Jan","Saturday",2588,1
"40","Local",2024,"Jan","Sunday",2540,1
"40","Local",2024,"Jan","Weekday",5499,1
"41","Local",2024,"Jan","Saturday",345,1
"41","Local",2024,"Jan","Sunday",331,1
"41","Local",2024,"Jan","Weekday",547,1
"45","Local",2024,"Jan","Saturday",454,1
"45","Local",2024,"Jan","Sunday",424,1
"45","Local",2024,"Jan","Weekday",1115,1
"46L","Local",2024,"Jan","Weekday",157,0
"51A","Local",2024,"Jan","Saturday",3315,1
"51A","Local",2024,"Jan","Sunday",2765,1
"51A","Local",2024,"Jan","Weekday",5465,1
"51B","Local",2024,"Jan","Saturday",6763.30935251799,1
"51B","Local",2024,"Jan","Sunday",5073,1
"51B","Local",2024,"Jan","Weekday",7096,1
"52","Local",2024,"Jan","Saturday",991.159420289855,1
"52","Local",2024,"Jan","Sunday",1047,1
"52","Local",2024,"Jan","Weekday",2534,1
"54","Local",2024,"Jan","Saturday",553,1
"54","Local",2024,"Jan","Sunday",500,1
"54","Local",2024,"Jan","Weekday",1222,1
"56","Local",2024,"Jan","Saturday",271,1
"56","Local",2024,"Jan","Sunday",257,1
"56","Local",2024,"Jan","Weekday",411,1
"57","Local",2024,"Jan","Saturday",3707,1
"57","Local",2024,"Jan","Sunday",3360,1
"57","Local",2024,"Jan","Weekday",4651,1
"6","Local",2024,"Jan","Saturday",3277.85234899329,1
"6","Local",2024,"Jan","Sunday",2952,1
"6","Local",2024,"Jan","Weekday",4726,1
"60","Local",2024,"Jan","Saturday",590,1
"60","Local",2024,"Jan","Sunday",558,1
"60","Local",2024,"Jan","Weekday",963,1
"604","Supplemental",2024,"Jan","Weekday",109,0
"605","Supplemental",2024,"Jan","Weekday",52,0
"606","Supplemental",2024,"Jan","Weekday",50,0
"607","Supplemental",2024,"Jan","Weekday",7,0
"617","Supplemental",2024,"Jan","Weekday",105,0
"62","Local",2024,"Jan","Saturday",903,1
"62","Local",2024,"Jan","Sunday",880,1
"62","Local",2024,"Jan","Weekday",1897,1
"620","Supplemental",2024,"Jan","Weekday",56,0
"621","Supplemental",2024,"Jan","Weekday",162,0
"623","Supplemental",2024,"Jan","Weekday",1039,0
"624","Supplemental",2024,"Jan","Weekday",43.5,0
"625","Supplemental",2024,"Jan","Weekday",158,0
"626","Supplemental",2024,"Jan","Weekday",8,0
"628","Supplemental",2024,"Jan","Weekday",15,0
"629","Supplemental",2024,"Jan","Weekday",34,0
"631","Supplemental",2024,"Jan","Weekday",228,0
"638","Supplemental",2024,"Jan","Weekday",77,0
"641","Supplemental",2024,"Jan","Weekday",238.333333333333,0
"642","Supplemental",2024,"Jan","Weekday",57,0
"646","Supplemental",2024,"Jan","Weekday",403,0
"648","Supplemental",2024,"Jan","Weekday",153,0
"649","Supplemental",2024,"Jan","Weekday",89,0
"65","Local",2024,"Jan","Weekday",1064,0
"650","Supplemental",2024,"Jan","Weekday",69,0
"651","Supplemental",2024,"Jan","Weekday",95,0
"652","Supplemental",2024,"Jan","Weekday",78,0
"653","Supplemental",2024,"Jan","Weekday",94,0
"654","Supplemental",2024,"Jan","Weekday",376,0
"655","Supplemental",2024,"Jan","Weekday",134,0
"657","Supplemental",2024,"Jan","Weekday",257,0
"658","Supplemental",2024,"Jan","Weekday",197,0
"660","Supplemental",2024,"Jan","Weekday",64,0
"662","Supplemental",2024,"Jan","Weekday",79,0
"663","Supplemental",2024,"Jan","Weekday",71,0
"667","Supplemental",2024,"Jan","Weekday",140,0
"669","Supplemental",2024,"Jan","Weekday",61,0
"67","Local",2024,"Jan","Weekday",368,0
"671","Supplemental",2024,"Jan","Weekday",112,0
"672","Supplemental",2024,"Jan","Weekday",16,0
"675","Supplemental",2024,"Jan","Weekday",319,0
"676","Supplemental",2024,"Jan","Weekday",104,0
"677","Supplemental",2024,"Jan","Weekday",109,0
"680","Supplemental",2024,"Jan","Weekday",66,0
"681","Supplemental",2024,"Jan","Weekday",27,0
"682","Supplemental",2024,"Jan","Weekday",217,0
"683","Supplemental",2024,"Jan","Weekday",28,0
"684","Supplemental",2024,"Jan","Weekday",210,0
"687","Supplemental",2024,"Jan","Weekday",205,0
"688","Supplemental",2024,"Jan","Weekday",71,0
"696","Supplemental",2024,"Jan","Weekday",39,0
"7","Local",2024,"Jan","Saturday",2305,1
"7","Local",2024,"Jan","Sunday",2124,1
"7","Local",2024,"Jan","Weekday",2682,1
"70","Local",2024,"Jan","Saturday",285,1
"70","Local",2024,"Jan","Sunday",278,1
"70","Local",2024,"Jan","Weekday",362,1
"701","M-Transbay",2024,"Jan","Weekday",56,0
"702","M-Transbay",2024,"Jan","Weekday",18,0
"703","M-Transbay",2024,"Jan","Weekday",6,0
"706","M-Transbay",2024,"Jan","Weekday",12,0
"707","M-Transbay",2024,"Jan","Weekday",2,0
"71","Local",2024,"Jan","Saturday",363,1
"71","Local",2024,"Jan","Sunday",336,1
"71","Local",2024,"Jan","Weekday",904,1
"72","Local",2024,"Jan","Saturday",2183.50684931507,1
"72","Local",2024,"Jan","Sunday",1991,1
"72","Local",2024,"Jan","Weekday",2801.71232876712,1
"72M","Local",2024,"Jan","Saturday",1948.98648648649,1
"72M","Local",2024,"Jan","Sunday",1852,1
"72M","Local",2024,"Jan","Weekday",2573,1
"72R","Local",2024,"Jan","Saturday",2354,1
"72R","Local",2024,"Jan","Sunday",2239,1
"72R","Local",2024,"Jan","Weekday",3924,1
"73","Local",2024,"Jan","Saturday",1084,1
"73","Local",2024,"Jan","Sunday",1101.65034965035,1
"73","Local",2024,"Jan","Weekday",1807,1
"74","Local",2024,"Jan","Saturday",357,1
"74","Local",2024,"Jan","Sunday",371,1
"74","Local",2024,"Jan","Weekday",1046,1
"76","Local",2024,"Jan","Saturday",848,1
"76","Local",2024,"Jan","Sunday",797,1
"76","Local",2024,"Jan","Weekday",1843,1
"79","Local",2024,"Jan","Saturday",1756,1
"79","Local",2024,"Jan","Sunday",1093,1
"79","Local",2024,"Jan","Weekday",1797,1
"800","All Nighter",2024,"Jan","Saturday",420.576923076923,1
"800","All Nighter",2024,"Jan","Sunday",319,1
"800","All Nighter",2024,"Jan","Weekday",361,1
"801","All Nighter",2024,"Jan","Saturday",242,1
"801","All Nighter",2024,"Jan","Sunday",265,1
"801","All Nighter",2024,"Jan","Weekday",278,1
"802","All Nighter",2024,"Jan","Saturday",52,1
"802","All Nighter",2024,"Jan","Sunday",52,1
"802","All Nighter",2024,"Jan","Weekday",86,1
"805","All Nighter",2024,"Jan","Saturday",69,1
"805","All Nighter",2024,"Jan","Sunday",80,1
"805","All Nighter",2024,"Jan","Weekday",90,1
"840","All Nighter",2024,"Jan","Saturday",47,1
"840","All Nighter",2024,"Jan","Sunday",67,1
"840","All Nighter",2024,"Jan","Weekday",57,1
"851","All Nighter",2024,"Jan","Saturday",63,1
"851","All Nighter",2024,"Jan","Sunday",71,1
"851","All Nighter",2024,"Jan","Weekday",81,1
"86","Local",2024,"Jan","Saturday",609,1
"86","Local",2024,"Jan","Sunday",546,1
"86","Local",2024,"Jan","Weekday",1195,1
"88","Local",2024,"Jan","Saturday",1284,1
"88","Local",2024,"Jan","Sunday",1202,1
"88","Local",2024,"Jan","Weekday",2014,1
"90","Local",2024,"Jan","Saturday",323,1
"90","Local",2024,"Jan","Sunday",311,1
"90","Local",2024,"Jan","Weekday",618,1
"93","Local",2024,"Jan","Saturday",358,1
"93","Local",2024,"Jan","Sunday",330,1
"93","Local",2024,"Jan","Weekday",756,1
"95","Local",2024,"Jan","Saturday",106.702702702703,1
"95","Local",2024,"Jan","Sunday",132,1
"95","Local",2024,"Jan","Weekday",235.227272727273,1
"96","Local",2024,"Jan","Saturday",834,1
"96","Local",2024,"Jan","Sunday",813,1
"96","Local",2024,"Jan","Weekday",1373,1
"97","Local",2024,"Jan","Saturday",1239,1
"97","Local",2024,"Jan","Sunday",1230,1
"97","Local",2024,"Jan","Weekday",2723,1
"98","Local",2024,"Jan","Saturday",401,1
"98","Local",2024,"Jan","Sunday",427,1
"98","Local",2024,"Jan","Weekday",1139,1
"99","Local",2024,"Jan","Saturday",1110,1
"99","Local",2024,"Jan","Sunday",1091,1
"99","Local",2024,"Jan","Weekday",2064,1
"E","M-Transbay",2024,"Jan","Weekday",138,0
"F","M-Transbay",2024,"Jan","Saturday",1466,1
"F","M-Transbay",2024,"Jan","Sunday",1352,1
"F","M-Transbay",2024,"Jan","Weekday",1924,1
"FS","M-Transbay",2024,"Jan","Weekday",93,0
"G","M-Transbay",2024,"Jan","Weekday",217,0
"J","M-Transbay",2024,"Jan","Weekday",225,0
"L","M-Transbay",2024,"Jan","Weekday",150,0
"LA","M-Transbay",2024,"Jan","Weekday",72.5,0
"NL","M-Transbay",2024,"Jan","Saturday",1066,1
"NL","M-Transbay",2024,"Jan","Sunday",906,1
"NL","M-Transbay",2024,"Jan","Weekday",2067,1
"NX","M-Transbay",2024,"Jan","Weekday",164,0
"NX3","M-Transbay",2024,"Jan","Weekday",102,0
"O","M-Transbay",2024,"Jan","Saturday",537,1
"O","M-Transbay",2024,"Jan","Sunday",595,1
"O","M-Transbay",2024,"Jan","Weekday",1025,1
"OX","M-Transbay",2024,"Jan","Weekday",92,0
"P","M-Transbay",2024,"Jan","Weekday",319,0
"U","M-Transbay",2024,"Jan","Weekday",181,0
"V","M-Transbay",2024,"Jan","Weekday",163,0
"W","M-Transbay",2024,"Jan","Weekday",126,0
"10","Local",2024,"Feb","Saturday",1450,1
"10","Local",2024,"Feb","Sunday",1249,1
"10","Local",2024,"Feb","Weekday",2164,1
"12","Local",2024,"Feb","Saturday",1614,1
"12","Local",2024,"Feb","Sunday",1414,1
"12","Local",2024,"Feb","Weekday",2639,1
"14","Local",2024,"Feb","Saturday",1550,1
"14","Local",2024,"Feb","Sunday",1248,1
"14","Local",2024,"Feb","Weekday",3262,1
"18","Local",2024,"Feb","Saturday",3174,1
"18","Local",2024,"Feb","Sunday",2690,1
"18","Local",2024,"Feb","Weekday",4041,1
"19","Local",2024,"Feb","Saturday",186,1
"19","Local",2024,"Feb","Sunday",164,1
"19","Local",2024,"Feb","Weekday",235,1
"1T","Local",2024,"Feb","Saturday",12257.2946859903,1
"1T","Local",2024,"Feb","Sunday",10970,1
"1T","Local",2024,"Feb","Weekday",16196,1
"20","Local",2024,"Feb","Saturday",1533,1
"20","Local",2024,"Feb","Sunday",1256,1
"20","Local",2024,"Feb","Weekday",1914,1
"200","Local",2024,"Feb","Saturday",865,1
"200","Local",2024,"Feb","Sunday",784,1
"200","Local",2024,"Feb","Weekday",1283,1
"21","Local",2024,"Feb","Saturday",882,1
"21","Local",2024,"Feb","Sunday",752,1
"21","Local",2024,"Feb","Weekday",1204,1
"210","Local",2024,"Feb","Saturday",659,1
"210","Local",2024,"Feb","Sunday",509,1
"210","Local",2024,"Feb","Weekday",1184,1
"212","Local",2024,"Feb","Saturday",442,1
"212","Local",2024,"Feb","Sunday",373,1
"212","Local",2024,"Feb","Weekday",576,1
"215","Local",2024,"Feb","Weekday",183,0
"216","Local",2024,"Feb","Saturday",180,1
"216","Local",2024,"Feb","Sunday",156,1
"216","Local",2024,"Feb","Weekday",279,1
"217","Local",2024,"Feb","Saturday",580,1
"217","Local",2024,"Feb","Sunday",506,1
"217","Local",2024,"Feb","Weekday",930,1
"232","Local",2024,"Feb","Saturday",216,1
"232","Local",2024,"Feb","Sunday",197,1
"232","Local",2024,"Feb","Weekday",313,1
"239","Local",2024,"Feb","Weekday",691,0
"251","Local",2024,"Feb","Saturday",116,1
"251","Local",2024,"Feb","Sunday",94,1
"251","Local",2024,"Feb","Weekday",166,1
"28","Local",2024,"Feb","Saturday",400,1
"28","Local",2024,"Feb","Sunday",338,1
"28","Local",2024,"Feb","Weekday",595,1
"29","Local",2024,"Feb","Saturday",1680.89361702128,1
"29","Local",2024,"Feb","Sunday",925.03125,1
"29","Local",2024,"Feb","Weekday",1406,1
"33","Local",2024,"Feb","Saturday",1162,1
"33","Local",2024,"Feb","Sunday",964,1
"33","Local",2024,"Feb","Weekday",2704,1
"34","Local",2024,"Feb","Saturday",503,1
"34","Local",2024,"Feb","Sunday",421,1
"34","Local",2024,"Feb","Weekday",623,1
"35","Local",2024,"Feb","Saturday",481,1
"35","Local",2024,"Feb","Sunday",400,1
"35","Local",2024,"Feb","Weekday",605,1
"36","Local",2024,"Feb","Saturday",1486,1
"36","Local",2024,"Feb","Sunday",1240,1
"36","Local",2024,"Feb","Weekday",2287,1
"376","Local",2024,"Feb","Saturday",114.444444444444,1
"376","Local",2024,"Feb","Sunday",102,1
"376","Local",2024,"Feb","Weekday",118,1
"39","Local",2024,"Feb","Weekday",479,0
"40","Local",2024,"Feb","Saturday",2967,1
"40","Local",2024,"Feb","Sunday",2495,1
"40","Local",2024,"Feb","Weekday",5878,1
"41","Local",2024,"Feb","Saturday",386,1
"41","Local",2024,"Feb","Sunday",316,1
"41","Local",2024,"Feb","Weekday",550,1
"45","Local",2024,"Feb","Saturday",532,1
"45","Local",2024,"Feb","Sunday",405,1
"45","Local",2024,"Feb","Weekday",1254,1
"46L","Local",2024,"Feb","Weekday",186,0
"51A","Local",2024,"Feb","Saturday",3438,1
"51A","Local",2024,"Feb","Sunday",2683,1
"51A","Local",2024,"Feb","Weekday",5850,1
"51B","Local",2024,"Feb","Saturday",6931.01449275362,1
"51B","Local",2024,"Feb","Sunday",5785,1
"51B","Local",2024,"Feb","Weekday",9114,1
"52","Local",2024,"Feb","Saturday",1500.75757575758,1
"52","Local",2024,"Feb","Sunday",1266,1
"52","Local",2024,"Feb","Weekday",3633,1
"54","Local",2024,"Feb","Saturday",620,1
"54","Local",2024,"Feb","Sunday",502,1
"54","Local",2024,"Feb","Weekday",1374,1
"56","Local",2024,"Feb","Saturday",271,1
"56","Local",2024,"Feb","Sunday",258,1
"56","Local",2024,"Feb","Weekday",403,1
"57","Local",2024,"Feb","Saturday",3820.43827160494,1
"57","Local",2024,"Feb","Sunday",2965,1
"57","Local",2024,"Feb","Weekday",4892,1
"6","Local",2024,"Feb","Saturday",4294.63087248322,1
"6","Local",2024,"Feb","Sunday",3103.84615384615,1
"6","Local",2024,"Feb","Weekday",5655,1
"60","Local",2024,"Feb","Saturday",741,1
"60","Local",2024,"Feb","Sunday",565,1
"60","Local",2024,"Feb","Weekday",1030,1
"604","Supplemental",2024,"Feb","Weekday",117,0
"605","Supplemental",2024,"Feb","Weekday",60,0
"606","Supplemental",2024,"Feb","Weekday",56,0
"607","Supplemental",2024,"Feb","Weekday",10,0
"617","Supplemental",2024,"Feb","Weekday",101,0
"62","Local",2024,"Feb","Saturday",1054,1
"62","Local",2024,"Feb","Sunday",898,1
"62","Local",2024,"Feb","Weekday",2087,1
"620","Supplemental",2024,"Feb","Weekday",50,0
"621","Supplemental",2024,"Feb","Weekday",141,0
"623","Supplemental",2024,"Feb","Weekday",1005,0
"624","Supplemental",2024,"Feb","Weekday",136,0
"625","Supplemental",2024,"Feb","Weekday",141,0
"626","Supplemental",2024,"Feb","Weekday",11,0
"628","Supplemental",2024,"Feb","Weekday",13,0
"629","Supplemental",2024,"Feb","Weekday",35,0
"631","Supplemental",2024,"Feb","Weekday",207,0
"638","Supplemental",2024,"Feb","Weekday",76,0
"641","Supplemental",2024,"Feb","Weekday",246.666666666667,0
"642","Supplemental",2024,"Feb","Weekday",48,0
"646","Supplemental",2024,"Feb","Weekday",409,0
"648","Supplemental",2024,"Feb","Weekday",148,0
"649","Supplemental",2024,"Feb","Weekday",88,0
"65","Local",2024,"Feb","Weekday",1064,0
"650","Supplemental",2024,"Feb","Weekday",67,0
"651","Supplemental",2024,"Feb","Weekday",111.25,0
"652","Supplemental",2024,"Feb","Weekday",79,0
"653","Supplemental",2024,"Feb","Weekday",98,0
"654","Supplemental",2024,"Feb","Weekday",279,0
"655","Supplemental",2024,"Feb","Weekday",131,0
"657","Supplemental",2024,"Feb","Weekday",238,0
"658","Supplemental",2024,"Feb","Weekday",188,0
"660","Supplemental",2024,"Feb","Weekday",70.6666666666667,0
"662","Supplemental",2024,"Feb","Weekday",80,0
"663","Supplemental",2024,"Feb","Weekday",78,0
"667","Supplemental",2024,"Feb","Weekday",148,0
"669","Supplemental",2024,"Feb","Weekday",76.25,0
"67","Local",2024,"Feb","Weekday",368,0
"671","Supplemental",2024,"Feb","Weekday",117.6,0
"672","Supplemental",2024,"Feb","Weekday",13,0
"675","Supplemental",2024,"Feb","Weekday",336,0
"676","Supplemental",2024,"Feb","Weekday",205,0
"677","Supplemental",2024,"Feb","Weekday",107,0
"680","Supplemental",2024,"Feb","Weekday",58,0
"681","Supplemental",2024,"Feb","Weekday",28,0
"682","Supplemental",2024,"Feb","Weekday",213,0
"683","Supplemental",2024,"Feb","Weekday",28,0
"684","Supplemental",2024,"Feb","Weekday",213,0
"687","Supplemental",2024,"Feb","Weekday",224,0
"688","Supplemental",2024,"Feb","Weekday",69,0
"696","Supplemental",2024,"Feb","Weekday",32,0
"7","Local",2024,"Feb","Saturday",3758,1
"7","Local",2024,"Feb","Sunday",1850,1
"7","Local",2024,"Feb","Weekday",3206,1
"70","Local",2024,"Feb","Saturday",329,1
"70","Local",2024,"Feb","Sunday",266,1
"70","Local",2024,"Feb","Weekday",384,1
"701","M-Transbay",2024,"Feb","Weekday",58,0
"702","M-Transbay",2024,"Feb","Weekday",16,0
"703","M-Transbay",2024,"Feb","Weekday",7,0
"706","M-Transbay",2024,"Feb","Weekday",10,0
"707","M-Transbay",2024,"Feb","Weekday",2,0
"71","Local",2024,"Feb","Saturday",354,1
"71","Local",2024,"Feb","Sunday",313,1
"71","Local",2024,"Feb","Weekday",906,1
"72","Local",2024,"Feb","Saturday",2351,1
"72","Local",2024,"Feb","Sunday",1894,1
"72","Local",2024,"Feb","Weekday",2923.97260273973,1
"72M","Local",2024,"Feb","Saturday",1985,1
"72M","Local",2024,"Feb","Sunday",1942,1
"72M","Local",2024,"Feb","Weekday",2639,1
"72R","Local",2024,"Feb","Saturday",2745,1
"72R","Local",2024,"Feb","Sunday",2178,1
"72R","Local",2024,"Feb","Weekday",4065,1
"73","Local",2024,"Feb","Saturday",1267,1
"73","Local",2024,"Feb","Sunday",1083.52447552448,1
"73","Local",2024,"Feb","Weekday",1883,1
"74","Local",2024,"Feb","Saturday",444,1
"74","Local",2024,"Feb","Sunday",365,1
"74","Local",2024,"Feb","Weekday",1064,1
"76","Local",2024,"Feb","Saturday",947,1
"76","Local",2024,"Feb","Sunday",810,1
"76","Local",2024,"Feb","Weekday",1920,1
"79","Local",2024,"Feb","Saturday",1414,1
"79","Local",2024,"Feb","Sunday",1408,1
"79","Local",2024,"Feb","Weekday",2313,1
"800","All Nighter",2024,"Feb","Saturday",461,1
"800","All Nighter",2024,"Feb","Sunday",335,1
"800","All Nighter",2024,"Feb","Weekday",368,1
"801","All Nighter",2024,"Feb","Saturday",277,1
"801","All Nighter",2024,"Feb","Sunday",283,1
"801","All Nighter",2024,"Feb","Weekday",293,1
"802","All Nighter",2024,"Feb","Saturday",62.3333333333333,1
"802","All Nighter",2024,"Feb","Sunday",60,1
"802","All Nighter",2024,"Feb","Weekday",74,1
"805","All Nighter",2024,"Feb","Saturday",74,1
"805","All Nighter",2024,"Feb","Sunday",71,1
"805","All Nighter",2024,"Feb","Weekday",95,1
"840","All Nighter",2024,"Feb","Saturday",56,1
"840","All Nighter",2024,"Feb","Sunday",53,1
"840","All Nighter",2024,"Feb","Weekday",62,1
"851","All Nighter",2024,"Feb","Saturday",81,1
"851","All Nighter",2024,"Feb","Sunday",80,1
"851","All Nighter",2024,"Feb","Weekday",85,1
"86","Local",2024,"Feb","Saturday",641.294117647059,1
"86","Local",2024,"Feb","Sunday",511.411764705882,1
"86","Local",2024,"Feb","Weekday",1212,1
"88","Local",2024,"Feb","Saturday",1273,1
"88","Local",2024,"Feb","Sunday",1043.75471698113,1
"88","Local",2024,"Feb","Weekday",2375,1
"90","Local",2024,"Feb","Saturday",333.969230769231,1
"90","Local",2024,"Feb","Sunday",346.166666666667,1
"90","Local",2024,"Feb","Weekday",671,1
"93","Local",2024,"Feb","Saturday",381,1
"93","Local",2024,"Feb","Sunday",292,1
"93","Local",2024,"Feb","Weekday",773,1
"95","Local",2024,"Feb","Saturday",143,1
"95","Local",2024,"Feb","Sunday",128.048780487805,1
"95","Local",2024,"Feb","Weekday",236.133333333333,1
"96","Local",2024,"Feb","Saturday",994,1
"96","Local",2024,"Feb","Sunday",985,1
"96","Local",2024,"Feb","Weekday",1481,1
"97","Local",2024,"Feb","Saturday",1381,1
"97","Local",2024,"Feb","Sunday",1158,1
"97","Local",2024,"Feb","Weekday",2835,1
"98","Local",2024,"Feb","Saturday",450.47619047619,1
"98","Local",2024,"Feb","Sunday",419,1
"98","Local",2024,"Feb","Weekday",1244,1
"99","Local",2024,"Feb","Saturday",1268,1
"99","Local",2024,"Feb","Sunday",1099,1
"99","Local",2024,"Feb","Weekday",2193,1
"E","M-Transbay",2024,"Feb","Weekday",145,0
"F","M-Transbay",2024,"Feb","Saturday",1780,1
"F","M-Transbay",2024,"Feb","Sunday",1429.34782608696,1
"F","M-Transbay",2024,"Feb","Weekday",2259,1
"FS","M-Transbay",2024,"Feb","Weekday",95,0
"G","M-Transbay",2024,"Feb","Weekday",199,0
"J","M-Transbay",2024,"Feb","Weekday",217,0
"L","M-Transbay",2024,"Feb","Weekday",144,0
"LA","M-Transbay",2024,"Feb","Weekday",71.25,0
"NL","M-Transbay",2024,"Feb","Saturday",1141,1
"NL","M-Transbay",2024,"Feb","Sunday",917,1
"NL","M-Transbay",2024,"Feb","Weekday",2175,1
"NX","M-Transbay",2024,"Feb","Weekday",167,0
"NX3","M-Transbay",2024,"Feb","Weekday",103,0
"O","M-Transbay",2024,"Feb","Saturday",653,1
"O","M-Transbay",2024,"Feb","Sunday",575,1
"O","M-Transbay",2024,"Feb","Weekday",1044,1
"OX","M-Transbay",2024,"Feb","Weekday",92,0
"P","M-Transbay",2024,"Feb","Weekday",279,0
"U","M-Transbay",2024,"Feb","Weekday",235,0
"V","M-Transbay",2024,"Feb","Weekday",188,0
"W","M-Transbay",2024,"Feb","Weekday",127,0
"10","Local",2024,"Mar","Saturday",1466.16470588235,1
"10","Local",2024,"Mar","Sunday",1327.28971962617,1
"10","Local",2024,"Mar","Weekday",2309.81583476764,1
"12","Local",2024,"Mar","Saturday",1579.84615384615,1
"12","Local",2024,"Mar","Sunday",1153,1
"12","Local",2024,"Mar","Weekday",2400.06968641115,1
"14","Local",2024,"Mar","Saturday",1478,1
"14","Local",2024,"Mar","Sunday",1277,1
"14","Local",2024,"Mar","Weekday",3281.71209633279,1
"18","Local",2024,"Mar","Saturday",2496.52,1
"18","Local",2024,"Mar","Sunday",2089,1
"18","Local",2024,"Mar","Weekday",3448.06349206349,1
"19","Local",2024,"Mar","Saturday",191.6,1
"19","Local",2024,"Mar","Sunday",158,1
"19","Local",2024,"Mar","Weekday",239.314285714286,1
"1T","Local",2024,"Mar","Saturday",12432.5565217391,1
"1T","Local",2024,"Mar","Sunday",11323,1
"1T","Local",2024,"Mar","Weekday",16476.1273666093,1
"20","Local",2024,"Mar","Saturday",1699.6,1
"20","Local",2024,"Mar","Sunday",1432,1
"20","Local",2024,"Mar","Weekday",1989.71428571429,1
"200","Local",2024,"Mar","Saturday",906.6,1
"200","Local",2024,"Mar","Sunday",840,1
"200","Local",2024,"Mar","Weekday",1318.7671957672,1
"21","Local",2024,"Mar","Saturday",958.257142857143,1
"21","Local",2024,"Mar","Sunday",768,1
"21","Local",2024,"Mar","Weekday",1305.6162464986,1
"210","Local",2024,"Mar","Saturday",635.333333333333,1
"210","Local",2024,"Mar","Sunday",569,1
"210","Local",2024,"Mar","Weekday",1160.90043290043,1
"212","Local",2024,"Mar","Saturday",384.4,1
"212","Local",2024,"Mar","Sunday",352,1
"212","Local",2024,"Mar","Weekday",564.636591478697,1
"215","Local",2024,"Mar","Weekday",187.777777777778,0
"216","Local",2024,"Mar","Saturday",177.4,1
"216","Local",2024,"Mar","Sunday",159,1
"216","Local",2024,"Mar","Weekday",284.714285714286,1
"217","Local",2024,"Mar","Saturday",634.4,1
"217","Local",2024,"Mar","Sunday",538,1
"217","Local",2024,"Mar","Weekday",871.288888888889,1
"232","Local",2024,"Mar","Saturday",214,1
"232","Local",2024,"Mar","Sunday",238,1
"232","Local",2024,"Mar","Weekday",317.163265306122,1
"239","Local",2024,"Mar","Weekday",705.82905982906,0
"251","Local",2024,"Mar","Saturday",88.6666666666667,1
"251","Local",2024,"Mar","Sunday",87,1
"251","Local",2024,"Mar","Weekday",168.690476190476,1
"28","Local",2024,"Mar","Saturday",409.6,1
"28","Local",2024,"Mar","Sunday",351,1
"28","Local",2024,"Mar","Weekday",643.424430641822,1
"29","Local",2024,"Mar","Saturday",916.978723404255,1
"29","Local",2024,"Mar","Sunday",602.8,1
"29","Local",2024,"Mar","Weekday",1189.03663003663,1
"33","Local",2024,"Mar","Saturday",1224.13076923077,1
"33","Local",2024,"Mar","Sunday",958,1
"33","Local",2024,"Mar","Weekday",2251.33221288515,1
"34","Local",2024,"Mar","Saturday",536.6,1
"34","Local",2024,"Mar","Sunday",425,1
"34","Local",2024,"Mar","Weekday",669.555555555556,1
"35","Local",2024,"Mar","Saturday",520.2,1
"35","Local",2024,"Mar","Sunday",439,1
"35","Local",2024,"Mar","Weekday",659.70695970696,1
"36","Local",2024,"Mar","Saturday",1437.15789473684,1
"36","Local",2024,"Mar","Sunday",1554,1
"36","Local",2024,"Mar","Weekday",1840.12698412698,1
"376","Local",2024,"Mar","Saturday",130.678362573099,1
"376","Local",2024,"Mar","Sunday",113,1
"376","Local",2024,"Mar","Weekday",120.571428571429,1
"39","Local",2024,"Mar","Weekday",489.749373433584,0
"40","Local",2024,"Mar","Saturday",3111,1
"40","Local",2024,"Mar","Sunday",2623.04651162791,1
"40","Local",2024,"Mar","Weekday",6179.85984848485,1
"41","Local",2024,"Mar","Saturday",397.2,1
"41","Local",2024,"Mar","Sunday",346,1
"41","Local",2024,"Mar","Weekday",604.285714285714,1
"45","Local",2024,"Mar","Saturday",532.8,1
"45","Local",2024,"Mar","Sunday",434,1
"45","Local",2024,"Mar","Weekday",1283.14285714286,1
"46L","Local",2024,"Mar","Weekday",185.811594202899,0
"51A","Local",2024,"Mar","Saturday",3562.8,1
"51A","Local",2024,"Mar","Sunday",2882,1
"51A","Local",2024,"Mar","Weekday",6080.4380952381,1
"51B","Local",2024,"Mar","Saturday",6121.77777777778,1
"51B","Local",2024,"Mar","Sunday",4916,1
"51B","Local",2024,"Mar","Weekday",7916.20879120879,1
"52","Local",2024,"Mar","Saturday",1260.95151515152,1
"52","Local",2024,"Mar","Sunday",1026,1
"52","Local",2024,"Mar","Weekday",2986.9293078056,1
"54","Local",2024,"Mar","Saturday",633.6,1
"54","Local",2024,"Mar","Sunday",487,1
"54","Local",2024,"Mar","Weekday",1309.06864564007,1
"56","Local",2024,"Mar","Saturday",312.5,1
"56","Local",2024,"Mar","Sunday",263,1
"56","Local",2024,"Mar","Weekday",442.037267080745,1
"57","Local",2024,"Mar","Saturday",3704.21142251174,1
"57","Local",2024,"Mar","Sunday",3018.51851851852,1
"57","Local",2024,"Mar","Weekday",4911.99470899471,1
"6","Local",2024,"Mar","Saturday",3515.18796992481,1
"6","Local",2024,"Mar","Sunday",3105.22388059701,1
"6","Local",2024,"Mar","Weekday",5146.23015873016,1
"60","Local",2024,"Mar","Saturday",753,1
"60","Local",2024,"Mar","Sunday",585,1
"60","Local",2024,"Mar","Weekday",1071.90476190476,1
"604","Supplemental",2024,"Mar","Weekday",138.857142857143,0
"605","Supplemental",2024,"Mar","Weekday",50.1428571428571,0
"606","Supplemental",2024,"Mar","Weekday",49.3333333333333,0
"607","Supplemental",2024,"Mar","Weekday",8.95238095238095,0
"617","Supplemental",2024,"Mar","Weekday",96.6666666666667,0
"62","Local",2024,"Mar","Saturday",1014.8,1
"62","Local",2024,"Mar","Sunday",873,1
"62","Local",2024,"Mar","Weekday",2093.03865546219,1
"620","Supplemental",2024,"Mar","Weekday",46.5714285714286,0
"621","Supplemental",2024,"Mar","Weekday",263.714285714286,0
"623","Supplemental",2024,"Mar","Weekday",1029.04761904762,0
"624","Supplemental",2024,"Mar","Weekday",52.1904761904762,0
"625","Supplemental",2024,"Mar","Weekday",253.275132275132,0
"626","Supplemental",2024,"Mar","Weekday",9.80952380952381,0
"628","Supplemental",2024,"Mar","Weekday",10.952380952381,0
"629","Supplemental",2024,"Mar","Weekday",39.9047619047619,0
"631","Supplemental",2024,"Mar","Weekday",216.095238095238,0
"638","Supplemental",2024,"Mar","Weekday",85.3333333333333,0
"641","Supplemental",2024,"Mar","Weekday",203.650793650794,0
"642","Supplemental",2024,"Mar","Weekday",66.1904761904762,0
"646","Supplemental",2024,"Mar","Weekday",433.619047619048,0
"648","Supplemental",2024,"Mar","Weekday",145.904761904762,0
"649","Supplemental",2024,"Mar","Weekday",89.1904761904762,0
"65","Local",2024,"Mar","Weekday",1064,0
"650","Supplemental",2024,"Mar","Weekday",70.1666666666667,0
"651","Supplemental",2024,"Mar","Weekday",86.9047619047619,0
"652","Supplemental",2024,"Mar","Weekday",74.1428571428571,0
"653","Supplemental",2024,"Mar","Weekday",96.9523809523809,0
"654","Supplemental",2024,"Mar","Weekday",269.285714285714,0
"655","Supplemental",2024,"Mar","Weekday",133.666666666667,0
"657","Supplemental",2024,"Mar","Weekday",227.142857142857,0
"658","Supplemental",2024,"Mar","Weekday",205.809523809524,0
"660","Supplemental",2024,"Mar","Weekday",70.0952380952381,0
"662","Supplemental",2024,"Mar","Weekday",75.9523809523809,0
"663","Supplemental",2024,"Mar","Weekday",60.8571428571429,0
"667","Supplemental",2024,"Mar","Weekday",160.84126984127,0
"669","Supplemental",2024,"Mar","Weekday",73.2142857142857,0
"67","Local",2024,"Mar","Weekday",368,0
"671","Supplemental",2024,"Mar","Weekday",100.333333333333,0
"672","Supplemental",2024,"Mar","Weekday",11.1904761904762,0
"675","Supplemental",2024,"Mar","Weekday",322.147186147186,0
"676","Supplemental",2024,"Mar","Weekday",105.15873015873,0
"677","Supplemental",2024,"Mar","Weekday",82.2619047619048,0
"680","Supplemental",2024,"Mar","Weekday",49.8571428571429,0
"681","Supplemental",2024,"Mar","Weekday",24.4285714285714,0
"682","Supplemental",2024,"Mar","Weekday",203.154761904762,0
"683","Supplemental",2024,"Mar","Weekday",20.8095238095238,0
"684","Supplemental",2024,"Mar","Weekday",163.444444444444,0
"687","Supplemental",2024,"Mar","Weekday",240.47619047619,0
"688","Supplemental",2024,"Mar","Weekday",58.5238095238095,0
"696","Supplemental",2024,"Mar","Weekday",28.1904761904762,0
"7","Local",2024,"Mar","Saturday",2089.6,1
"7","Local",2024,"Mar","Sunday",1762,1
"7","Local",2024,"Mar","Weekday",2369.2380952381,1
"70","Local",2024,"Mar","Saturday",308,1
"70","Local",2024,"Mar","Sunday",302,1
"70","Local",2024,"Mar","Weekday",396.985347985348,1
"701","M-Transbay",2024,"Mar","Weekday",42.7619047619048,0
"702","M-Transbay",2024,"Mar","Weekday",10.2857142857143,0
"703","M-Transbay",2024,"Mar","Weekday",7,0
"706","M-Transbay",2024,"Mar","Weekday",10.952380952381,0
"707","M-Transbay",2024,"Mar","Weekday",2,0
"71","Local",2024,"Mar","Saturday",397,1
"71","Local",2024,"Mar","Sunday",355,1
"71","Local",2024,"Mar","Weekday",949.619047619048,1
"72","Local",2024,"Mar","Saturday",2500.72,1
"72","Local",2024,"Mar","Sunday",1934,1
"72","Local",2024,"Mar","Weekday",2830.76076320939,1
"72M","Local",2024,"Mar","Saturday",2225.6,1
"72M","Local",2024,"Mar","Sunday",1821,1
"72M","Local",2024,"Mar","Weekday",2615.08963585434,1
"72R","Local",2024,"Mar","Saturday",2614.8,1
"72R","Local",2024,"Mar","Sunday",2255,1
"72R","Local",2024,"Mar","Weekday",4010.58503401361,1
"73","Local",2024,"Mar","Saturday",1249.4,1
"73","Local",2024,"Mar","Sunday",1080.5034965035,1
"73","Local",2024,"Mar","Weekday",1945.24444444444,1
"74","Local",2024,"Mar","Saturday",392,1
"74","Local",2024,"Mar","Sunday",339,1
"74","Local",2024,"Mar","Weekday",1070.71861471861,1
"76","Local",2024,"Mar","Saturday",998.2,1
"76","Local",2024,"Mar","Sunday",838,1
"76","Local",2024,"Mar","Weekday",1936.12380952381,1
"79","Local",2024,"Mar","Saturday",1140.4,1
"79","Local",2024,"Mar","Sunday",1031,1
"79","Local",2024,"Mar","Weekday",1895.45112781955,1
"800","All Nighter",2024,"Mar","Saturday",465.8,1
"800","All Nighter",2024,"Mar","Sunday",342,1
"800","All Nighter",2024,"Mar","Weekday",408.619047619048,1
"801","All Nighter",2024,"Mar","Saturday",277.8,1
"801","All Nighter",2024,"Mar","Sunday",263.12,1
"801","All Nighter",2024,"Mar","Weekday",279.666666666667,1
"802","All Nighter",2024,"Mar","Saturday",52.8,1
"802","All Nighter",2024,"Mar","Sunday",46.2,1
"802","All Nighter",2024,"Mar","Weekday",67.3333333333333,1
"805","All Nighter",2024,"Mar","Saturday",74,1
"805","All Nighter",2024,"Mar","Sunday",67,1
"805","All Nighter",2024,"Mar","Weekday",91.4285714285714,1
"840","All Nighter",2024,"Mar","Saturday",56.8,1
"840","All Nighter",2024,"Mar","Sunday",52,1
"840","All Nighter",2024,"Mar","Weekday",58.4761904761905,1
"851","All Nighter",2024,"Mar","Saturday",71.8666666666667,1
"851","All Nighter",2024,"Mar","Sunday",55,1
"851","All Nighter",2024,"Mar","Weekday",81.1904761904762,1
"86","Local",2024,"Mar","Saturday",614.658823529412,1
"86","Local",2024,"Mar","Sunday",510,1
"86","Local",2024,"Mar","Weekday",1277.72380952381,1
"88","Local",2024,"Mar","Saturday",1416.975,1
"88","Local",2024,"Mar","Sunday",978.141509433962,1
"88","Local",2024,"Mar","Weekday",1835.20995670996,1
"90","Local",2024,"Mar","Saturday",352.393846153846,1
"90","Local",2024,"Mar","Sunday",322,1
"90","Local",2024,"Mar","Weekday",679.126805778491,1
"93","Local",2024,"Mar","Saturday",394.6,1
"93","Local",2024,"Mar","Sunday",329,1
"93","Local",2024,"Mar","Weekday",792.52380952381,1
"95","Local",2024,"Mar","Saturday",139.234146341463,1
"95","Local",2024,"Mar","Sunday",137.846153846154,1
"95","Local",2024,"Mar","Weekday",286.757671957672,1
"96","Local",2024,"Mar","Saturday",920.8,1
"96","Local",2024,"Mar","Sunday",818,1
"96","Local",2024,"Mar","Weekday",1312.38095238095,1
"97","Local",2024,"Mar","Saturday",1412.2,1
"97","Local",2024,"Mar","Sunday",1201,1
"97","Local",2024,"Mar","Weekday",2915.30357142857,1
"98","Local",2024,"Mar","Saturday",475.695238095238,1
"98","Local",2024,"Mar","Sunday",404,1
"98","Local",2024,"Mar","Weekday",1246.54545454545,1
"99","Local",2024,"Mar","Saturday",1255.86666666667,1
"99","Local",2024,"Mar","Sunday",1186,1
"99","Local",2024,"Mar","Weekday",2238.97802197802,1
"E","M-Transbay",2024,"Mar","Weekday",126.666666666667,0
"F","M-Transbay",2024,"Mar","Saturday",1614.33636363636,1
"F","M-Transbay",2024,"Mar","Sunday",1292,1
"F","M-Transbay",2024,"Mar","Weekday",1987.16715257532,1
"FS","M-Transbay",2024,"Mar","Weekday",80.7142857142857,0
"G","M-Transbay",2024,"Mar","Weekday",195.678571428571,0
"J","M-Transbay",2024,"Mar","Weekday",214.380952380952,0
"L","M-Transbay",2024,"Mar","Weekday",148,0
"LA","M-Transbay",2024,"Mar","Weekday",71.5476190476191,0
"NL","M-Transbay",2024,"Mar","Saturday",1095.46666666667,1
"NL","M-Transbay",2024,"Mar","Sunday",920,1
"NL","M-Transbay",2024,"Mar","Weekday",2214.33082706767,1
"NX","M-Transbay",2024,"Mar","Weekday",153.714285714286,0
"NX3","M-Transbay",2024,"Mar","Weekday",91.015873015873,0
"O","M-Transbay",2024,"Mar","Saturday",614.24,1
"O","M-Transbay",2024,"Mar","Sunday",646,1
"O","M-Transbay",2024,"Mar","Weekday",1041.18452380952,1
"OX","M-Transbay",2024,"Mar","Weekday",95.1428571428571,0
"P","M-Transbay",2024,"Mar","Weekday",308,0
"U","M-Transbay",2024,"Mar","Weekday",229.730158730159,0
"V","M-Transbay",2024,"Mar","Weekday",169.84126984127,0
"W","M-Transbay",2024,"Mar","Weekday",117.485714285714,0
"10","Local",2024,"Apr","Saturday",1604,1
"10","Local",2024,"Apr","Sunday",1327,1
"10","Local",2024,"Apr","Weekday",2372,1
"12","Local",2024,"Apr","Saturday",1653,1
"12","Local",2024,"Apr","Sunday",1385,1
"12","Local",2024,"Apr","Weekday",2413,1
"14","Local",2024,"Apr","Saturday",1594,1
"14","Local",2024,"Apr","Sunday",1372,1
"14","Local",2024,"Apr","Weekday",3258,1
"18","Local",2024,"Apr","Saturday",2889,1
"18","Local",2024,"Apr","Sunday",2315,1
"18","Local",2024,"Apr","Weekday",3733,1
"19","Local",2024,"Apr","Saturday",201,1
"19","Local",2024,"Apr","Sunday",164,1
"19","Local",2024,"Apr","Weekday",246,1
"1T","Local",2024,"Apr","Saturday",13125.6481481481,1
"1T","Local",2024,"Apr","Sunday",13501.6831683168,1
"1T","Local",2024,"Apr","Weekday",17486,1
"20","Local",2024,"Apr","Saturday",1695,1
"20","Local",2024,"Apr","Sunday",1479,1
"20","Local",2024,"Apr","Weekday",2118,1
"200","Local",2024,"Apr","Saturday",942,1
"200","Local",2024,"Apr","Sunday",949,1
"200","Local",2024,"Apr","Weekday",1352,1
"21","Local",2024,"Apr","Saturday",954,1
"21","Local",2024,"Apr","Sunday",828.339622641509,1
"21","Local",2024,"Apr","Weekday",1281,1
"210","Local",2024,"Apr","Saturday",619,1
"210","Local",2024,"Apr","Sunday",642,1
"210","Local",2024,"Apr","Weekday",1210,1
"212","Local",2024,"Apr","Saturday",461,1
"212","Local",2024,"Apr","Sunday",385,1
"212","Local",2024,"Apr","Weekday",611,1
"215","Local",2024,"Apr","Weekday",184,0
"216","Local",2024,"Apr","Saturday",193,1
"216","Local",2024,"Apr","Sunday",189,1
"216","Local",2024,"Apr","Weekday",292,1
"217","Local",2024,"Apr","Saturday",637,1
"217","Local",2024,"Apr","Sunday",584,1
"217","Local",2024,"Apr","Weekday",896.166666666667,1
"232","Local",2024,"Apr","Saturday",204,1
"232","Local",2024,"Apr","Sunday",228,1
"232","Local",2024,"Apr","Weekday",312,1
"239","Local",2024,"Apr","Weekday",701,0
"251","Local",2024,"Apr","Saturday",124,1
"251","Local",2024,"Apr","Sunday",98,1
"251","Local",2024,"Apr","Weekday",179,1
"28","Local",2024,"Apr","Saturday",416,1
"28","Local",2024,"Apr","Sunday",379,1
"28","Local",2024,"Apr","Weekday",669,1
"29","Local",2024,"Apr","Saturday",726,1
"29","Local",2024,"Apr","Sunday",647.625,1
"29","Local",2024,"Apr","Weekday",1306.48275862069,1
"33","Local",2024,"Apr","Saturday",1226.68269230769,1
"33","Local",2024,"Apr","Sunday",1081,1
"33","Local",2024,"Apr","Weekday",2371,1
"34","Local",2024,"Apr","Saturday",518,1
"34","Local",2024,"Apr","Sunday",466,1
"34","Local",2024,"Apr","Weekday",703,1
"35","Local",2024,"Apr","Saturday",535,1
"35","Local",2024,"Apr","Sunday",488,1
"35","Local",2024,"Apr","Weekday",675,1
"36","Local",2024,"Apr","Saturday",1745,1
"36","Local",2024,"Apr","Sunday",1508,1
"36","Local",2024,"Apr","Weekday",2097,1
"376","Local",2024,"Apr","Saturday",125,1
"376","Local",2024,"Apr","Sunday",106.315789473684,1
"376","Local",2024,"Apr","Weekday",122,1
"39","Local",2024,"Apr","Weekday",480,0
"40","Local",2024,"Apr","Saturday",3130,1
"40","Local",2024,"Apr","Sunday",2819.07874015748,1
"40","Local",2024,"Apr","Weekday",6126,1
"41","Local",2024,"Apr","Saturday",400,1
"41","Local",2024,"Apr","Sunday",321,1
"41","Local",2024,"Apr","Weekday",596,1
"45","Local",2024,"Apr","Saturday",543,1
"45","Local",2024,"Apr","Sunday",480,1
"45","Local",2024,"Apr","Weekday",1338,1
"46L","Local",2024,"Apr","Weekday",178,0
"51A","Local",2024,"Apr","Saturday",3574,1
"51A","Local",2024,"Apr","Sunday",3087,1
"51A","Local",2024,"Apr","Weekday",6103,1
"51B","Local",2024,"Apr","Saturday",7842.27642276423,1
"51B","Local",2024,"Apr","Sunday",6971,1
"51B","Local",2024,"Apr","Weekday",8535,1
"52","Local",2024,"Apr","Saturday",1507,1
"52","Local",2024,"Apr","Sunday",1322,1
"52","Local",2024,"Apr","Weekday",3581,1
"54","Local",2024,"Apr","Saturday",660,1
"54","Local",2024,"Apr","Sunday",506,1
"54","Local",2024,"Apr","Weekday",1377,1
"56","Local",2024,"Apr","Saturday",327,1
"56","Local",2024,"Apr","Sunday",281,1
"56","Local",2024,"Apr","Weekday",469,1
"57","Local",2024,"Apr","Saturday",3743.96913580247,1
"57","Local",2024,"Apr","Sunday",3238,1
"57","Local",2024,"Apr","Weekday",4963,1
"6","Local",2024,"Apr","Saturday",6022,1
"6","Local",2024,"Apr","Sunday",3243.62416107383,1
"6","Local",2024,"Apr","Weekday",5520,1
"60","Local",2024,"Apr","Saturday",759,1
"60","Local",2024,"Apr","Sunday",580,1
"60","Local",2024,"Apr","Weekday",1030,1
"604","Supplemental",2024,"Apr","Weekday",119,0
"605","Supplemental",2024,"Apr","Weekday",61,0
"606","Supplemental",2024,"Apr","Weekday",47,0
"607","Supplemental",2024,"Apr","Weekday",9,0
"617","Supplemental",2024,"Apr","Weekday",102,0
"62","Local",2024,"Apr","Saturday",1056,1
"62","Local",2024,"Apr","Sunday",973,1
"62","Local",2024,"Apr","Weekday",2124,1
"620","Supplemental",2024,"Apr","Weekday",66,0
"621","Supplemental",2024,"Apr","Weekday",288,0
"623","Supplemental",2024,"Apr","Weekday",1030.61538461538,0
"624","Supplemental",2024,"Apr","Weekday",57,0
"625","Supplemental",2024,"Apr","Weekday",324,0
"626","Supplemental",2024,"Apr","Weekday",15,0
"628","Supplemental",2024,"Apr","Weekday",17,0
"629","Supplemental",2024,"Apr","Weekday",32,0
"631","Supplemental",2024,"Apr","Weekday",215,0
"638","Supplemental",2024,"Apr","Weekday",81,0
"641","Supplemental",2024,"Apr","Weekday",158.333333333333,0
"642","Supplemental",2024,"Apr","Weekday",65,0
"646","Supplemental",2024,"Apr","Weekday",406,0
"648","Supplemental",2024,"Apr","Weekday",157,0
"649","Supplemental",2024,"Apr","Weekday",101,0
"65","Local",2024,"Apr","Weekday",1064,0
"650","Supplemental",2024,"Apr","Weekday",80,0
"651","Supplemental",2024,"Apr","Weekday",109,0
"652","Supplemental",2024,"Apr","Weekday",77,0
"653","Supplemental",2024,"Apr","Weekday",104,0
"654","Supplemental",2024,"Apr","Weekday",270,0
"655","Supplemental",2024,"Apr","Weekday",124,0
"657","Supplemental",2024,"Apr","Weekday",324,0
"658","Supplemental",2024,"Apr","Weekday",186,0
"660","Supplemental",2024,"Apr","Weekday",75,0
"662","Supplemental",2024,"Apr","Weekday",75,0
"663","Supplemental",2024,"Apr","Weekday",54,0
"667","Supplemental",2024,"Apr","Weekday",170,0
"669","Supplemental",2024,"Apr","Weekday",81,0
"67","Local",2024,"Apr","Weekday",368,0
"671","Supplemental",2024,"Apr","Weekday",119,0
"672","Supplemental",2024,"Apr","Weekday",16,0
"675","Supplemental",2024,"Apr","Weekday",370.8,0
"676","Supplemental",2024,"Apr","Weekday",103,0
"677","Supplemental",2024,"Apr","Weekday",86,0
"680","Supplemental",2024,"Apr","Weekday",48,0
"681","Supplemental",2024,"Apr","Weekday",19,0
"682","Supplemental",2024,"Apr","Weekday",208,0
"683","Supplemental",2024,"Apr","Weekday",25,0
"684","Supplemental",2024,"Apr","Weekday",169,0
"687","Supplemental",2024,"Apr","Weekday",199,0
"688","Supplemental",2024,"Apr","Weekday",61,0
"696","Supplemental",2024,"Apr","Weekday",35,0
"7","Local",2024,"Apr","Saturday",2508,1
"7","Local",2024,"Apr","Sunday",2129,1
"7","Local",2024,"Apr","Weekday",2759,1
"70","Local",2024,"Apr","Saturday",311,1
"70","Local",2024,"Apr","Sunday",305,1
"70","Local",2024,"Apr","Weekday",434,1
"701","M-Transbay",2024,"Apr","Weekday",49,0
"702","M-Transbay",2024,"Apr","Weekday",13,0
"703","M-Transbay",2024,"Apr","Weekday",5,0
"706","M-Transbay",2024,"Apr","Weekday",11,0
"707","M-Transbay",2024,"Apr","Weekday",2,0
"71","Local",2024,"Apr","Saturday",369,1
"71","Local",2024,"Apr","Sunday",361,1
"71","Local",2024,"Apr","Weekday",966,1
"72","Local",2024,"Apr","Saturday",2368,1
"72","Local",2024,"Apr","Sunday",2001,1
"72","Local",2024,"Apr","Weekday",2877.7397260274,1
"72M","Local",2024,"Apr","Saturday",2061,1
"72M","Local",2024,"Apr","Sunday",1926,1
"72M","Local",2024,"Apr","Weekday",2601.94117647059,1
"72R","Local",2024,"Apr","Saturday",2644,1
"72R","Local",2024,"Apr","Sunday",2273,1
"72R","Local",2024,"Apr","Weekday",4108,1
"73","Local",2024,"Apr","Saturday",1304,1
"73","Local",2024,"Apr","Sunday",1139,1
"73","Local",2024,"Apr","Weekday",1977,1
"74","Local",2024,"Apr","Saturday",405,1
"74","Local",2024,"Apr","Sunday",354,1
"74","Local",2024,"Apr","Weekday",1045,1
"76","Local",2024,"Apr","Saturday",974,1
"76","Local",2024,"Apr","Sunday",918,1
"76","Local",2024,"Apr","Weekday",1905,1
"79","Local",2024,"Apr","Saturday",1415,1
"79","Local",2024,"Apr","Sunday",1361,1
"79","Local",2024,"Apr","Weekday",2156,1
"800","All Nighter",2024,"Apr","Saturday",515,1
"800","All Nighter",2024,"Apr","Sunday",403.961538461539,1
"800","All Nighter",2024,"Apr","Weekday",410,1
"801","All Nighter",2024,"Apr","Saturday",295.904761904762,1
"801","All Nighter",2024,"Apr","Sunday",314.08,1
"801","All Nighter",2024,"Apr","Weekday",296,1
"802","All Nighter",2024,"Apr","Saturday",191,1
"802","All Nighter",2024,"Apr","Sunday",58,1
"802","All Nighter",2024,"Apr","Weekday",63,1
"805","All Nighter",2024,"Apr","Saturday",63,1
"805","All Nighter",2024,"Apr","Sunday",70,1
"805","All Nighter",2024,"Apr","Weekday",89,1
"840","All Nighter",2024,"Apr","Saturday",50,1
"840","All Nighter",2024,"Apr","Sunday",60,1
"840","All Nighter",2024,"Apr","Weekday",61,1
"851","All Nighter",2024,"Apr","Saturday",75,1
"851","All Nighter",2024,"Apr","Sunday",71,1
"851","All Nighter",2024,"Apr","Weekday",87,1
"86","Local",2024,"Apr","Saturday",692,1
"86","Local",2024,"Apr","Sunday",538.808823529412,1
"86","Local",2024,"Apr","Weekday",1317,1
"88","Local",2024,"Apr","Saturday",1223,1
"88","Local",2024,"Apr","Sunday",1052,1
"88","Local",2024,"Apr","Weekday",1934,1
"90","Local",2024,"Apr","Saturday",366.469696969697,1
"90","Local",2024,"Apr","Sunday",317,1
"90","Local",2024,"Apr","Weekday",711,1
"93","Local",2024,"Apr","Saturday",393,1
"93","Local",2024,"Apr","Sunday",336,1
"93","Local",2024,"Apr","Weekday",797,1
"95","Local",2024,"Apr","Saturday",142,1
"95","Local",2024,"Apr","Sunday",134.4,1
"95","Local",2024,"Apr","Weekday",286,1
"96","Local",2024,"Apr","Saturday",1070.81355932203,1
"96","Local",2024,"Apr","Sunday",961,1
"96","Local",2024,"Apr","Weekday",1308,1
"97","Local",2024,"Apr","Saturday",1557,1
"97","Local",2024,"Apr","Sunday",1321.61428571429,1
"97","Local",2024,"Apr","Weekday",2927,1
"98","Local",2024,"Apr","Saturday",509,1
"98","Local",2024,"Apr","Sunday",407,1
"98","Local",2024,"Apr","Weekday",1242,1
"99","Local",2024,"Apr","Saturday",1354,1
"99","Local",2024,"Apr","Sunday",1192,1
"99","Local",2024,"Apr","Weekday",2273,1
"E","M-Transbay",2024,"Apr","Weekday",147,0
"F","M-Transbay",2024,"Apr","Saturday",1790,1
"F","M-Transbay",2024,"Apr","Sunday",1658,1
"F","M-Transbay",2024,"Apr","Weekday",2210,1
"FS","M-Transbay",2024,"Apr","Weekday",93,0
"G","M-Transbay",2024,"Apr","Weekday",198,0
"J","M-Transbay",2024,"Apr","Weekday",220,0
"L","M-Transbay",2024,"Apr","Weekday",154,0
"LA","M-Transbay",2024,"Apr","Weekday",71.25,0
"NL","M-Transbay",2024,"Apr","Saturday",1133,1
"NL","M-Transbay",2024,"Apr","Sunday",987,1
"NL","M-Transbay",2024,"Apr","Weekday",2177,1
"NX","M-Transbay",2024,"Apr","Weekday",169,0
"NX3","M-Transbay",2024,"Apr","Weekday",103,0
"O","M-Transbay",2024,"Apr","Saturday",677,1
"O","M-Transbay",2024,"Apr","Sunday",669,1
"O","M-Transbay",2024,"Apr","Weekday",1356,1
"OX","M-Transbay",2024,"Apr","Weekday",95,0
"P","M-Transbay",2024,"Apr","Weekday",297,0
"U","M-Transbay",2024,"Apr","Weekday",211,0
"V","M-Transbay",2024,"Apr","Weekday",157,0
"W","M-Transbay",2024,"Apr","Weekday",110,0
"10","Local",2024,"May","Saturday",1438,1
"10","Local",2024,"May","Sunday",1451,1
"10","Local",2024,"May","Weekday",2485,1
"12","Local",2024,"May","Saturday",1630,1
"12","Local",2024,"May","Sunday",1314,1
"12","Local",2024,"May","Weekday",2545,1
"14","Local",2024,"May","Saturday",1522,1
"14","Local",2024,"May","Sunday",1320,1
"14","Local",2024,"May","Weekday",3501,1
"18","Local",2024,"May","Saturday",2400,1
"18","Local",2024,"May","Sunday",2122,1
"18","Local",2024,"May","Weekday",3580,1
"19","Local",2024,"May","Saturday",221,1
"19","Local",2024,"May","Sunday",168,1
"19","Local",2024,"May","Weekday",237,1
"1T","Local",2024,"May","Saturday",12822,1
"1T","Local",2024,"May","Sunday",12287,1
"1T","Local",2024,"May","Weekday",18094,1
"20","Local",2024,"May","Saturday",1725,1
"20","Local",2024,"May","Sunday",1591,1
"20","Local",2024,"May","Weekday",2249,1
"200","Local",2024,"May","Saturday",992,1
"200","Local",2024,"May","Sunday",944,1
"200","Local",2024,"May","Weekday",1403,1
"21","Local",2024,"May","Saturday",935,1
"21","Local",2024,"May","Sunday",884,1
"21","Local",2024,"May","Weekday",1394,1
"210","Local",2024,"May","Saturday",621,1
"210","Local",2024,"May","Sunday",611,1
"210","Local",2024,"May","Weekday",1194,1
"212","Local",2024,"May","Saturday",450,1
"212","Local",2024,"May","Sunday",383,1
"212","Local",2024,"May","Weekday",614,1
"215","Local",2024,"May","Weekday",201,0
"216","Local",2024,"May","Saturday",238,1
"216","Local",2024,"May","Sunday",183,1
"216","Local",2024,"May","Weekday",293,1
"217","Local",2024,"May","Saturday",620,1
"217","Local",2024,"May","Sunday",579,1
"217","Local",2024,"May","Weekday",853.944444444444,1
"232","Local",2024,"May","Saturday",238,1
"232","Local",2024,"May","Sunday",243,1
"232","Local",2024,"May","Weekday",337,1
"239","Local",2024,"May","Weekday",732,0
"251","Local",2024,"May","Saturday",97,1
"251","Local",2024,"May","Sunday",103,1
"251","Local",2024,"May","Weekday",180,1
"28","Local",2024,"May","Saturday",397,1
"28","Local",2024,"May","Sunday",410,1
"28","Local",2024,"May","Weekday",694,1
"29","Local",2024,"May","Saturday",806,1
"29","Local",2024,"May","Sunday",654.84375,1
"29","Local",2024,"May","Weekday",1258,1
"33","Local",2024,"May","Saturday",1173.17307692308,1
"33","Local",2024,"May","Sunday",1029,1
"33","Local",2024,"May","Weekday",2654,1
"34","Local",2024,"May","Saturday",544,1
"34","Local",2024,"May","Sunday",480,1
"34","Local",2024,"May","Weekday",710,1
"35","Local",2024,"May","Saturday",554,1
"35","Local",2024,"May","Sunday",493,1
"35","Local",2024,"May","Weekday",727,1
"36","Local",2024,"May","Saturday",1462.13793103448,1
"36","Local",2024,"May","Sunday",1099,1
"36","Local",2024,"May","Weekday",1594,1
"376","Local",2024,"May","Saturday",123.157894736842,1
"376","Local",2024,"May","Sunday",112,1
"376","Local",2024,"May","Weekday",124,1
"39","Local",2024,"May","Weekday",553,0
"40","Local",2024,"May","Saturday",3167,1
"40","Local",2024,"May","Sunday",2922,1
"40","Local",2024,"May","Weekday",6574,1
"41","Local",2024,"May","Saturday",400,1
"41","Local",2024,"May","Sunday",393,1
"41","Local",2024,"May","Weekday",626,1
"45","Local",2024,"May","Saturday",561,1
"45","Local",2024,"May","Sunday",485,1
"45","Local",2024,"May","Weekday",1408,1
"46L","Local",2024,"May","Weekday",187,0
"51A","Local",2024,"May","Saturday",3770,1
"51A","Local",2024,"May","Sunday",3016,1
"51A","Local",2024,"May","Weekday",6496,1
"51B","Local",2024,"May","Saturday",6967,1
"51B","Local",2024,"May","Sunday",8020.32432432432,1
"51B","Local",2024,"May","Weekday",6362,1
"52","Local",2024,"May","Saturday",1003,1
"52","Local",2024,"May","Sunday",880,1
"52","Local",2024,"May","Weekday",2170,1
"54","Local",2024,"May","Saturday",615,1
"54","Local",2024,"May","Sunday",573,1
"54","Local",2024,"May","Weekday",1411,1
"56","Local",2024,"May","Saturday",312,1
"56","Local",2024,"May","Sunday",299,1
"56","Local",2024,"May","Weekday",458,1
"57","Local",2024,"May","Saturday",3662.46913580247,1
"57","Local",2024,"May","Sunday",3494,1
"57","Local",2024,"May","Weekday",5408,1
"6","Local",2024,"May","Saturday",3213.22314049587,1
"6","Local",2024,"May","Sunday",3065.43624161074,1
"6","Local",2024,"May","Weekday",5041,1
"60","Local",2024,"May","Saturday",725,1
"60","Local",2024,"May","Sunday",635,1
"60","Local",2024,"May","Weekday",1063,1
"604","Supplemental",2024,"May","Weekday",131,0
"605","Supplemental",2024,"May","Weekday",52,0
"606","Supplemental",2024,"May","Weekday",54,0
"607","Supplemental",2024,"May","Weekday",10,0
"617","Supplemental",2024,"May","Weekday",98,0
"62","Local",2024,"May","Saturday",1100,1
"62","Local",2024,"May","Sunday",1008,1
"62","Local",2024,"May","Weekday",2212,1
"620","Supplemental",2024,"May","Weekday",52,0
"621","Supplemental",2024,"May","Weekday",301,0
"623","Supplemental",2024,"May","Weekday",1038,0
"624","Supplemental",2024,"May","Weekday",40.5,0
"625","Supplemental",2024,"May","Weekday",292,0
"626","Supplemental",2024,"May","Weekday",13,0
"628","Supplemental",2024,"May","Weekday",13,0
"629","Supplemental",2024,"May","Weekday",39,0
"631","Supplemental",2024,"May","Weekday",219,0
"638","Supplemental",2024,"May","Weekday",72,0
"641","Supplemental",2024,"May","Weekday",193.333333333333,0
"642","Supplemental",2024,"May","Weekday",61,0
"646","Supplemental",2024,"May","Weekday",386,0
"648","Supplemental",2024,"May","Weekday",141,0
"649","Supplemental",2024,"May","Weekday",87,0
"65","Local",2024,"May","Weekday",1064,0
"650","Supplemental",2024,"May","Weekday",75,0
"651","Supplemental",2024,"May","Weekday",97,0
"652","Supplemental",2024,"May","Weekday",83,0
"653","Supplemental",2024,"May","Weekday",98,0
"654","Supplemental",2024,"May","Weekday",279,0
"655","Supplemental",2024,"May","Weekday",129,0
"657","Supplemental",2024,"May","Weekday",247,0
"658","Supplemental",2024,"May","Weekday",201,0
"660","Supplemental",2024,"May","Weekday",80,0
"662","Supplemental",2024,"May","Weekday",79,0
"663","Supplemental",2024,"May","Weekday",68,0
"667","Supplemental",2024,"May","Weekday",157,0
"669","Supplemental",2024,"May","Weekday",87,0
"67","Local",2024,"May","Weekday",368,0
"671","Supplemental",2024,"May","Weekday",110.6,0
"672","Supplemental",2024,"May","Weekday",21,0
"675","Supplemental",2024,"May","Weekday",341.454545454545,0
"676","Supplemental",2024,"May","Weekday",102,0
"677","Supplemental",2024,"May","Weekday",81,0
"680","Supplemental",2024,"May","Weekday",45,0
"681","Supplemental",2024,"May","Weekday",27,0
"682","Supplemental",2024,"May","Weekday",185,0
"683","Supplemental",2024,"May","Weekday",30,0
"684","Supplemental",2024,"May","Weekday",191,0
"687","Supplemental",2024,"May","Weekday",212,0
"688","Supplemental",2024,"May","Weekday",63,0
"696","Supplemental",2024,"May","Weekday",29,0
"7","Local",2024,"May","Saturday",1946,1
"7","Local",2024,"May","Sunday",1441,1
"7","Local",2024,"May","Weekday",2131,1
"70","Local",2024,"May","Saturday",326,1
"70","Local",2024,"May","Sunday",322,1
"70","Local",2024,"May","Weekday",438,1
"701","M-Transbay",2024,"May","Weekday",48,0
"702","M-Transbay",2024,"May","Weekday",14,0
"703","M-Transbay",2024,"May","Weekday",6,0
"706","M-Transbay",2024,"May","Weekday",11,0
"707","M-Transbay",2024,"May","Weekday",2,0
"71","Local",2024,"May","Saturday",385,1
"71","Local",2024,"May","Sunday",377,1
"71","Local",2024,"May","Weekday",1062,1
"72","Local",2024,"May","Saturday",2453.15068493151,1
"72","Local",2024,"May","Sunday",2066,1
"72","Local",2024,"May","Weekday",3294,1
"72M","Local",2024,"May","Saturday",2188,1
"72M","Local",2024,"May","Sunday",2006,1
"72M","Local",2024,"May","Weekday",2836.91304347826,1
"72R","Local",2024,"May","Saturday",2570,1
"72R","Local",2024,"May","Sunday",2425,1
"72R","Local",2024,"May","Weekday",4443,1
"73","Local",2024,"May","Saturday",1390,1
"73","Local",2024,"May","Sunday",1228,1
"73","Local",2024,"May","Weekday",2140,1
"74","Local",2024,"May","Saturday",428,1
"74","Local",2024,"May","Sunday",412,1
"74","Local",2024,"May","Weekday",1186,1
"76","Local",2024,"May","Saturday",937,1
"76","Local",2024,"May","Sunday",906,1
"76","Local",2024,"May","Weekday",2138,1
"79","Local",2024,"May","Saturday",1062,1
"79","Local",2024,"May","Sunday",669,1
"79","Local",2024,"May","Weekday",1464,1
"800","All Nighter",2024,"May","Saturday",530,1
"800","All Nighter",2024,"May","Sunday",347,1
"800","All Nighter",2024,"May","Weekday",426,1
"801","All Nighter",2024,"May","Saturday",304,1
"801","All Nighter",2024,"May","Sunday",294.32,1
"801","All Nighter",2024,"May","Weekday",308,1
"802","All Nighter",2024,"May","Saturday",58,1
"802","All Nighter",2024,"May","Sunday",41,1
"802","All Nighter",2024,"May","Weekday",70,1
"805","All Nighter",2024,"May","Saturday",59,1
"805","All Nighter",2024,"May","Sunday",78,1
"805","All Nighter",2024,"May","Weekday",99,1
"840","All Nighter",2024,"May","Saturday",64,1
"840","All Nighter",2024,"May","Sunday",62,1
"840","All Nighter",2024,"May","Weekday",68,1
"851","All Nighter",2024,"May","Saturday",63,1
"851","All Nighter",2024,"May","Sunday",62,1
"851","All Nighter",2024,"May","Weekday",79,1
"86","Local",2024,"May","Saturday",666,1
"86","Local",2024,"May","Sunday",597,1
"86","Local",2024,"May","Weekday",1362,1
"88","Local",2024,"May","Saturday",1047,1
"88","Local",2024,"May","Sunday",1035,1
"88","Local",2024,"May","Weekday",1977,1
"90","Local",2024,"May","Saturday",369,1
"90","Local",2024,"May","Sunday",349.212121212121,1
"90","Local",2024,"May","Weekday",761,1
"93","Local",2024,"May","Saturday",383,1
"93","Local",2024,"May","Sunday",357,1
"93","Local",2024,"May","Weekday",846,1
"95","Local",2024,"May","Saturday",125,1
"95","Local",2024,"May","Sunday",142.8,1
"95","Local",2024,"May","Weekday",276,1
"96","Local",2024,"May","Saturday",1044,1
"96","Local",2024,"May","Sunday",929,1
"96","Local",2024,"May","Weekday",1385,1
"97","Local",2024,"May","Saturday",1386,1
"97","Local",2024,"May","Sunday",1421,1
"97","Local",2024,"May","Weekday",3049,1
"98","Local",2024,"May","Saturday",489,1
"98","Local",2024,"May","Sunday",409,1
"98","Local",2024,"May","Weekday",1332,1
"99","Local",2024,"May","Saturday",1429,1
"99","Local",2024,"May","Sunday",1231,1
"99","Local",2024,"May","Weekday",2455,1
"E","M-Transbay",2024,"May","Weekday",153,0
"F","M-Transbay",2024,"May","Saturday",1211,1
"F","M-Transbay",2024,"May","Sunday",1269,1
"F","M-Transbay",2024,"May","Weekday",1819,1
"FS","M-Transbay",2024,"May","Weekday",108,0
"G","M-Transbay",2024,"May","Weekday",220,0
"J","M-Transbay",2024,"May","Weekday",227,0
"L","M-Transbay",2024,"May","Weekday",180,0
"LA","M-Transbay",2024,"May","Weekday",79,0
"NL","M-Transbay",2024,"May","Saturday",1070,1
"NL","M-Transbay",2024,"May","Sunday",1039,1
"NL","M-Transbay",2024,"May","Weekday",2310,1
"NX","M-Transbay",2024,"May","Weekday",164,0
"NX3","M-Transbay",2024,"May","Weekday",98,0
"O","M-Transbay",2024,"May","Saturday",649,1
"O","M-Transbay",2024,"May","Sunday",674,1
"O","M-Transbay",2024,"May","Weekday",1131,1
"OX","M-Transbay",2024,"May","Weekday",99,0
"P","M-Transbay",2024,"May","Weekday",334,0
"U","M-Transbay",2024,"May","Weekday",233,0
"V","M-Transbay",2024,"May","Weekday",171,0
"W","M-Transbay",2024,"May","Weekday",111,0
"10","Local",2024,"Jun","Saturday",1658,1
"10","Local",2024,"Jun","Sunday",1482.62264150943,1
"10","Local",2024,"Jun","Weekday",2344,1
"12","Local",2024,"Jun","Saturday",1799.2,1
"12","Local",2024,"Jun","Sunday",1487.2,1
"12","Local",2024,"Jun","Weekday",2377.5,1
"14","Local",2024,"Jun","Saturday",1626.8,1
"14","Local",2024,"Jun","Sunday",1528.14426229508,1
"14","Local",2024,"Jun","Weekday",3285.5,1
"18","Local",2024,"Jun","Saturday",2575,1
"18","Local",2024,"Jun","Sunday",2452.47524752475,1
"18","Local",2024,"Jun","Weekday",3318,1
"19","Local",2024,"Jun","Saturday",204.2,1
"19","Local",2024,"Jun","Sunday",174.8,1
"19","Local",2024,"Jun","Weekday",244,1
"1T","Local",2024,"Jun","Saturday",12463.2854271357,1
"1T","Local",2024,"Jun","Sunday",12878.0921601534,1
"1T","Local",2024,"Jun","Weekday",15986.2110091743,1
"20","Local",2024,"Jun","Saturday",1866.2328358209,1
"20","Local",2024,"Jun","Sunday",1583.79310344828,1
"20","Local",2024,"Jun","Weekday",2103.5,1
"200","Local",2024,"Jun","Saturday",991.2,1
"200","Local",2024,"Jun","Sunday",957.47191011236,1
"200","Local",2024,"Jun","Weekday",1361.5,1
"21","Local",2024,"Jun","Saturday",1066.99512195122,1
"21","Local",2024,"Jun","Sunday",906.792452830189,1
"21","Local",2024,"Jun","Weekday",1332.5,1
"210","Local",2024,"Jun","Saturday",676.152,1
"210","Local",2024,"Jun","Sunday",668,1
"210","Local",2024,"Jun","Weekday",1121,1
"212","Local",2024,"Jun","Saturday",458.2,1
"212","Local",2024,"Jun","Sunday",464.8,1
"212","Local",2024,"Jun","Weekday",596,1
"215","Local",2024,"Jun","Weekday",212,0
"216","Local",2024,"Jun","Saturday",231.4,1
"216","Local",2024,"Jun","Sunday",208.4,1
"216","Local",2024,"Jun","Weekday",289.5,1
"217","Local",2024,"Jun","Saturday",646,1
"217","Local",2024,"Jun","Sunday",600.4,1
"217","Local",2024,"Jun","Weekday",828.888888888889,1
"232","Local",2024,"Jun","Saturday",225.4,1
"232","Local",2024,"Jun","Sunday",233.6,1
"232","Local",2024,"Jun","Weekday",319,1
"239","Local",2024,"Jun","Weekday",653.5,0
"251","Local",2024,"Jun","Saturday",115.8,1
"251","Local",2024,"Jun","Sunday",95.8,1
"251","Local",2024,"Jun","Weekday",182.5,1
"28","Local",2024,"Jun","Saturday",430.4,1
"28","Local",2024,"Jun","Sunday",414.4,1
"28","Local",2024,"Jun","Weekday",625,1
"29","Local",2024,"Jun","Saturday",896.2,1
"29","Local",2024,"Jun","Sunday",783.2,1
"29","Local",2024,"Jun","Weekday",1267,1
"33","Local",2024,"Jun","Saturday",1320.4,1
"33","Local",2024,"Jun","Sunday",1150.60975609756,1
"33","Local",2024,"Jun","Weekday",2096.5,1
"34","Local",2024,"Jun","Saturday",583.4,1
"34","Local",2024,"Jun","Sunday",491.2,1
"34","Local",2024,"Jun","Weekday",686.5,1
"35","Local",2024,"Jun","Saturday",556.4,1
"35","Local",2024,"Jun","Sunday",504.4,1
"35","Local",2024,"Jun","Weekday",671.5,1
"36","Local",2024,"Jun","Saturday",1153.99754651401,1
"36","Local",2024,"Jun","Sunday",1046.4,1
"36","Local",2024,"Jun","Weekday",1382.5,1
"376","Local",2024,"Jun","Saturday",153.263157894737,1
"376","Local",2024,"Jun","Sunday",126.084210526316,1
"376","Local",2024,"Jun","Weekday",132.5,1
"39","Local",2024,"Jun","Weekday",331.225,0
"40","Local",2024,"Jun","Saturday",3356.4,1
"40","Local",2024,"Jun","Sunday",3284.38064516129,1
"40","Local",2024,"Jun","Weekday",5565.5,1
"41","Local",2024,"Jun","Saturday",448.333333333333,1
"41","Local",2024,"Jun","Sunday",369,1
"41","Local",2024,"Jun","Weekday",607,1
"45","Local",2024,"Jun","Saturday",585.8,1
"45","Local",2024,"Jun","Sunday",522.780952380952,1
"45","Local",2024,"Jun","Weekday",1137,1
"46L","Local",2024,"Jun","Weekday",182,0
"51A","Local",2024,"Jun","Saturday",4011.88854961832,1
"51A","Local",2024,"Jun","Sunday",3259.64427480916,1
"51A","Local",2024,"Jun","Weekday",5784,1
"51B","Local",2024,"Jun","Saturday",3601.78048780488,1
"51B","Local",2024,"Jun","Sunday",3404,1
"51B","Local",2024,"Jun","Weekday",5127.5,1
"52","Local",2024,"Jun","Saturday",816.335294117647,1
"52","Local",2024,"Jun","Sunday",731,1
"52","Local",2024,"Jun","Weekday",1840.5,1
"54","Local",2024,"Jun","Saturday",653.113846153846,1
"54","Local",2024,"Jun","Sunday",597.351724137931,1
"54","Local",2024,"Jun","Weekday",1283,1
"56","Local",2024,"Jun","Saturday",334.4,1
"56","Local",2024,"Jun","Sunday",298.2,1
"56","Local",2024,"Jun","Weekday",443,1
"57","Local",2024,"Jun","Saturday",4012.65035833732,1
"57","Local",2024,"Jun","Sunday",3494.36058394161,1
"57","Local",2024,"Jun","Weekday",4920.58333333333,1
"6","Local",2024,"Jun","Saturday",3181.77980429325,1
"6","Local",2024,"Jun","Sunday",2622.17837837838,1
"6","Local",2024,"Jun","Weekday",4382.5,1
"60","Local",2024,"Jun","Saturday",765.2,1
"60","Local",2024,"Jun","Sunday",650.730612244898,1
"60","Local",2024,"Jun","Weekday",948,1
"604","Supplemental",2024,"Jun","Weekday",110.666666666667,0
"605","Supplemental",2024,"Jun","Weekday",29,0
"606","Supplemental",2024,"Jun","Weekday",39,0
"607","Supplemental",2024,"Jun","Weekday",21,0
"62","Local",2024,"Jun","Saturday",1094.4,1
"62","Local",2024,"Jun","Sunday",1091.70588235294,1
"62","Local",2024,"Jun","Weekday",2045,1
"631","Supplemental",2024,"Jun","Weekday",108,0
"642","Supplemental",2024,"Jun","Weekday",0,0
"646","Supplemental",2024,"Jun","Weekday",276,0
"65","Local",2024,"Jun","Weekday",1064,0
"651","Supplemental",2024,"Jun","Weekday",63.3333333333333,0
"657","Supplemental",2024,"Jun","Weekday",226.666666666667,0
"660","Supplemental",2024,"Jun","Weekday",104,0
"662","Supplemental",2024,"Jun","Weekday",18,0
"663","Supplemental",2024,"Jun","Weekday",42,0
"667","Supplemental",2024,"Jun","Weekday",125,0
"669","Supplemental",2024,"Jun","Weekday",102,0
"67","Local",2024,"Jun","Weekday",368,0
"671","Supplemental",2024,"Jun","Weekday",109.2,0
"672","Supplemental",2024,"Jun","Weekday",9,0
"675","Supplemental",2024,"Jun","Weekday",276,0
"676","Supplemental",2024,"Jun","Weekday",88,0
"681","Supplemental",2024,"Jun","Weekday",18,0
"683","Supplemental",2024,"Jun","Weekday",38,0
"684","Supplemental",2024,"Jun","Weekday",207.2,0
"687","Supplemental",2024,"Jun","Weekday",88.75,0
"688","Supplemental",2024,"Jun","Weekday",34,0
"7","Local",2024,"Jun","Saturday",1533.19448275862,1
"7","Local",2024,"Jun","Sunday",1325.54117647059,1
"7","Local",2024,"Jun","Weekday",1742.5,1
"70","Local",2024,"Jun","Saturday",345.8,1
"70","Local",2024,"Jun","Sunday",326.7,1
"70","Local",2024,"Jun","Weekday",424.5,1
"701","M-Transbay",2024,"Jun","Weekday",62.5,0
"702","M-Transbay",2024,"Jun","Weekday",11.5,0
"703","M-Transbay",2024,"Jun","Weekday",4.5,0
"706","M-Transbay",2024,"Jun","Weekday",12.5,0
"707","M-Transbay",2024,"Jun","Weekday",2,0
"71","Local",2024,"Jun","Saturday",433.2,1
"71","Local",2024,"Jun","Sunday",388.8,1
"71","Local",2024,"Jun","Weekday",932,1
"72","Local",2024,"Jun","Saturday",2586.2,1
"72","Local",2024,"Jun","Sunday",2197.10857142857,1
"72","Local",2024,"Jun","Weekday",2942.97945205479,1
"72M","Local",2024,"Jun","Saturday",2308.6,1
"72M","Local",2024,"Jun","Sunday",2101.33432835821,1
"72M","Local",2024,"Jun","Weekday",2698.75373134328,1
"72R","Local",2024,"Jun","Saturday",2798.2,1
"72R","Local",2024,"Jun","Sunday",2509.2,1
"72R","Local",2024,"Jun","Weekday",4184,1
"73","Local",2024,"Jun","Saturday",1514.6,1
"73","Local",2024,"Jun","Sunday",1327.37746478873,1
"73","Local",2024,"Jun","Weekday",2011,1
"74","Local",2024,"Jun","Saturday",477.4,1
"74","Local",2024,"Jun","Sunday",411.6,1
"74","Local",2024,"Jun","Weekday",904,1
"76","Local",2024,"Jun","Saturday",1028.18490566038,1
"76","Local",2024,"Jun","Sunday",885,1
"76","Local",2024,"Jun","Weekday",1713.69852941176,1
"79","Local",2024,"Jun","Saturday",695.473469387755,1
"79","Local",2024,"Jun","Sunday",637.2,1
"79","Local",2024,"Jun","Weekday",1028.5,1
"800","All Nighter",2024,"Jun","Saturday",638.6,1
"800","All Nighter",2024,"Jun","Sunday",400.909090909091,1
"800","All Nighter",2024,"Jun","Weekday",441,1
"801","All Nighter",2024,"Jun","Saturday",293.2,1
"801","All Nighter",2024,"Jun","Sunday",302.095238095238,1
"801","All Nighter",2024,"Jun","Weekday",291.5,1
"802","All Nighter",2024,"Jun","Saturday",59.88,1
"802","All Nighter",2024,"Jun","Sunday",60.4,1
"802","All Nighter",2024,"Jun","Weekday",53.5,1
"805","All Nighter",2024,"Jun","Saturday",88,1
"805","All Nighter",2024,"Jun","Sunday",91.4,1
"805","All Nighter",2024,"Jun","Weekday",104,1
"840","All Nighter",2024,"Jun","Saturday",58.4,1
"840","All Nighter",2024,"Jun","Sunday",80.4,1
"840","All Nighter",2024,"Jun","Weekday",68.5,1
"851","All Nighter",2024,"Jun","Saturday",62.8,1
"851","All Nighter",2024,"Jun","Sunday",77.6,1
"851","All Nighter",2024,"Jun","Weekday",74.5,1
"86","Local",2024,"Jun","Saturday",675.2,1
"86","Local",2024,"Jun","Sunday",641.8,1
"86","Local",2024,"Jun","Weekday",1313,1
"88","Local",2024,"Jun","Saturday",1214.06666666667,1
"88","Local",2024,"Jun","Sunday",1134.06285714286,1
"88","Local",2024,"Jun","Weekday",1693,1
"90","Local",2024,"Jun","Saturday",374.516923076923,1
"90","Local",2024,"Jun","Sunday",360.474576271186,1
"90","Local",2024,"Jun","Weekday",703,1
"93","Local",2024,"Jun","Saturday",407.8,1
"93","Local",2024,"Jun","Sunday",382,1
"93","Local",2024,"Jun","Weekday",735.5,1
"95","Local",2024,"Jun","Saturday",146.6,1
"95","Local",2024,"Jun","Sunday",144.776796308504,1
"95","Local",2024,"Jun","Weekday",219.386363636364,1
"96","Local",2024,"Jun","Saturday",1042.47058823529,1
"96","Local",2024,"Jun","Sunday",1010.59130434783,1
"96","Local",2024,"Jun","Weekday",1285,1
"97","Local",2024,"Jun","Saturday",1561.92307692308,1
"97","Local",2024,"Jun","Sunday",1368.8,1
"97","Local",2024,"Jun","Weekday",2512,1
"98","Local",2024,"Jun","Saturday",483.2,1
"98","Local",2024,"Jun","Sunday",510.48,1
"98","Local",2024,"Jun","Weekday",1135,1
"99","Local",2024,"Jun","Saturday",1467.8,1
"99","Local",2024,"Jun","Sunday",1310.03950617284,1
"99","Local",2024,"Jun","Weekday",2234,1
"E","M-Transbay",2024,"Jun","Weekday",163,0
"F","M-Transbay",2024,"Jun","Saturday",1450.8,1
"F","M-Transbay",2024,"Jun","Sunday",1417.4,1
"F","M-Transbay",2024,"Jun","Weekday",1733,1
"FS","M-Transbay",2024,"Jun","Weekday",101.5,0
"G","M-Transbay",2024,"Jun","Weekday",197,0
"J","M-Transbay",2024,"Jun","Weekday",246.5,0
"L","M-Transbay",2024,"Jun","Weekday",140.4,0
"LA","M-Transbay",2024,"Jun","Weekday",71.25,0
"NL","M-Transbay",2024,"Jun","Saturday",1152.4,1
"NL","M-Transbay",2024,"Jun","Sunday",1162,1
"NL","M-Transbay",2024,"Jun","Weekday",2276,1
"NX","M-Transbay",2024,"Jun","Weekday",158,0
"NX3","M-Transbay",2024,"Jun","Weekday",110.5,0
"O","M-Transbay",2024,"Jun","Saturday",740.2,1
"O","M-Transbay",2024,"Jun","Sunday",749.6,1
"O","M-Transbay",2024,"Jun","Weekday",1103.7109375,1
"OX","M-Transbay",2024,"Jun","Weekday",98,0
"P","M-Transbay",2024,"Jun","Weekday",278,0
"U","M-Transbay",2024,"Jun","Weekday",246.5,0
"V","M-Transbay",2024,"Jun","Weekday",179,0
"W","M-Transbay",2024,"Jun","Weekday",115.5,0
"10","Local",2024,"Jul","Saturday",1545,1
"10","Local",2024,"Jul","Sunday",1342,1
"10","Local",2024,"Jul","Weekday",2241,1
"12","Local",2024,"Jul","Saturday",1761,1
"12","Local",2024,"Jul","Sunday",1315,1
"12","Local",2024,"Jul","Weekday",2261,1
"14","Local",2024,"Jul","Saturday",1782,1
"14","Local",2024,"Jul","Sunday",1419,1
"14","Local",2024,"Jul","Weekday",2959,1
"18","Local",2024,"Jul","Saturday",2317,1
"18","Local",2024,"Jul","Sunday",2001,1
"18","Local",2024,"Jul","Weekday",3375,1
"19","Local",2024,"Jul","Saturday",186,1
"19","Local",2024,"Jul","Sunday",170,1
"19","Local",2024,"Jul","Weekday",241,1
"1T","Local",2024,"Jul","Saturday",12573,1
"1T","Local",2024,"Jul","Sunday",11669.0410958904,1
"1T","Local",2024,"Jul","Weekday",14494,1
"20","Local",2024,"Jul","Saturday",1722,1
"20","Local",2024,"Jul","Sunday",1399,1
"20","Local",2024,"Jul","Weekday",1990,1
"200","Local",2024,"Jul","Saturday",935,1
"200","Local",2024,"Jul","Sunday",926,1
"200","Local",2024,"Jul","Weekday",1293,1
"21","Local",2024,"Jul","Saturday",927,1
"21","Local",2024,"Jul","Sunday",817.132075471698,1
"21","Local",2024,"Jul","Weekday",1256,1
"210","Local",2024,"Jul","Saturday",673,1
"210","Local",2024,"Jul","Sunday",585,1
"210","Local",2024,"Jul","Weekday",1075,1
"212","Local",2024,"Jul","Saturday",460,1
"212","Local",2024,"Jul","Sunday",390,1
"212","Local",2024,"Jul","Weekday",612,1
"215","Local",2024,"Jul","Weekday",204,0
"216","Local",2024,"Jul","Saturday",209,1
"216","Local",2024,"Jul","Sunday",182,1
"216","Local",2024,"Jul","Weekday",264,1
"217","Local",2024,"Jul","Saturday",618,1
"217","Local",2024,"Jul","Sunday",574,1
"217","Local",2024,"Jul","Weekday",842,1
"232","Local",2024,"Jul","Saturday",213,1
"232","Local",2024,"Jul","Sunday",220,1
"232","Local",2024,"Jul","Weekday",295,1
"239","Local",2024,"Jul","Weekday",619,0
"251","Local",2024,"Jul","Saturday",104,1
"251","Local",2024,"Jul","Sunday",93,1
"251","Local",2024,"Jul","Weekday",167,1
"28","Local",2024,"Jul","Saturday",444,1
"28","Local",2024,"Jul","Sunday",410,1
"28","Local",2024,"Jul","Weekday",626,1
"29","Local",2024,"Jul","Saturday",1024,1
"29","Local",2024,"Jul","Sunday",691,1
"29","Local",2024,"Jul","Weekday",1157,1
"33","Local",2024,"Jul","Saturday",1207,1
"33","Local",2024,"Jul","Sunday",1123,1
"33","Local",2024,"Jul","Weekday",1962,1
"34","Local",2024,"Jul","Saturday",561,1
"34","Local",2024,"Jul","Sunday",455,1
"34","Local",2024,"Jul","Weekday",657,1
"35","Local",2024,"Jul","Saturday",562,1
"35","Local",2024,"Jul","Sunday",495,1
"35","Local",2024,"Jul","Weekday",652,1
"36","Local",2024,"Jul","Saturday",1385,1
"36","Local",2024,"Jul","Sunday",976,1
"36","Local",2024,"Jul","Weekday",1425,1
"376","Local",2024,"Jul","Saturday",130,1
"376","Local",2024,"Jul","Sunday",123,1
"376","Local",2024,"Jul","Weekday",129,1
"39","Local",2024,"Jul","Weekday",285,0
"40","Local",2024,"Jul","Saturday",3216,1
"40","Local",2024,"Jul","Sunday",2709,1
"40","Local",2024,"Jul","Weekday",4892,1
"41","Local",2024,"Jul","Saturday",447,1
"41","Local",2024,"Jul","Sunday",361,1
"41","Local",2024,"Jul","Weekday",603,1
"45","Local",2024,"Jul","Saturday",590,1
"45","Local",2024,"Jul","Sunday",486,1
"45","Local",2024,"Jul","Weekday",1076,1
"46L","Local",2024,"Jul","Weekday",126,0
"51A","Local",2024,"Jul","Saturday",3877,1
"51A","Local",2024,"Jul","Sunday",3095,1
"51A","Local",2024,"Jul","Weekday",5450,1
"51B","Local",2024,"Jul","Saturday",4093,1
"51B","Local",2024,"Jul","Sunday",3541,1
"51B","Local",2024,"Jul","Weekday",5355,1
"52","Local",2024,"Jul","Saturday",877,1
"52","Local",2024,"Jul","Sunday",754,1
"52","Local",2024,"Jul","Weekday",1938,1
"54","Local",2024,"Jul","Saturday",637,1
"54","Local",2024,"Jul","Sunday",515,1
"54","Local",2024,"Jul","Weekday",1200,1
"56","Local",2024,"Jul","Saturday",320,1
"56","Local",2024,"Jul","Sunday",293,1
"56","Local",2024,"Jul","Weekday",451,1
"57","Local",2024,"Jul","Saturday",4301,1
"57","Local",2024,"Jul","Sunday",3319,1
"57","Local",2024,"Jul","Weekday",4437,1
"6","Local",2024,"Jul","Saturday",2808.72483221477,1
"6","Local",2024,"Jul","Sunday",2744.29530201342,1
"6","Local",2024,"Jul","Weekday",3878,1
"60","Local",2024,"Jul","Saturday",753,1
"60","Local",2024,"Jul","Sunday",578,1
"60","Local",2024,"Jul","Weekday",970,1
"62","Local",2024,"Jul","Saturday",1195,1
"62","Local",2024,"Jul","Sunday",952,1
"62","Local",2024,"Jul","Weekday",1901,1
"65","Local",2024,"Jul","Weekday",1064,0
"67","Local",2024,"Jul","Weekday",368,0
"7","Local",2024,"Jul","Saturday",1673,1
"7","Local",2024,"Jul","Sunday",1416,1
"7","Local",2024,"Jul","Weekday",1823,1
"70","Local",2024,"Jul","Saturday",335,1
"70","Local",2024,"Jul","Sunday",283,1
"70","Local",2024,"Jul","Weekday",421,1
"701","M-Transbay",2024,"Jul","Weekday",57,0
"702","M-Transbay",2024,"Jul","Weekday",11,0
"703","M-Transbay",2024,"Jul","Weekday",4,0
"706","M-Transbay",2024,"Jul","Weekday",10,0
"707","M-Transbay",2024,"Jul","Weekday",2,0
"71","Local",2024,"Jul","Saturday",387,1
"71","Local",2024,"Jul","Sunday",327,1
"71","Local",2024,"Jul","Weekday",835,1
"72","Local",2024,"Jul","Saturday",2449.09589041096,1
"72","Local",2024,"Jul","Sunday",1973,1
"72","Local",2024,"Jul","Weekday",2831.50684931507,1
"72M","Local",2024,"Jul","Saturday",2191.43835616438,1
"72M","Local",2024,"Jul","Sunday",2010,1
"72M","Local",2024,"Jul","Weekday",2699,1
"72R","Local",2024,"Jul","Saturday",2634,1
"72R","Local",2024,"Jul","Sunday",2177,1
"72R","Local",2024,"Jul","Weekday",4007,1
"73","Local",2024,"Jul","Saturday",1478,1
"73","Local",2024,"Jul","Sunday",1231,1
"73","Local",2024,"Jul","Weekday",1942,1
"74","Local",2024,"Jul","Saturday",440,1
"74","Local",2024,"Jul","Sunday",375,1
"74","Local",2024,"Jul","Weekday",748,1
"76","Local",2024,"Jul","Saturday",984,1
"76","Local",2024,"Jul","Sunday",858,1
"76","Local",2024,"Jul","Weekday",1511,1
"79","Local",2024,"Jul","Saturday",741.836734693878,1
"79","Local",2024,"Jul","Sunday",723,1
"79","Local",2024,"Jul","Weekday",1145,1
"800","All Nighter",2024,"Jul","Saturday",585,1
"800","All Nighter",2024,"Jul","Sunday",350,1
"800","All Nighter",2024,"Jul","Weekday",424,1
"801","All Nighter",2024,"Jul","Saturday",280,1
"801","All Nighter",2024,"Jul","Sunday",262,1
"801","All Nighter",2024,"Jul","Weekday",295,1
"802","All Nighter",2024,"Jul","Saturday",61,1
"802","All Nighter",2024,"Jul","Sunday",43,1
"802","All Nighter",2024,"Jul","Weekday",60,1
"805","All Nighter",2024,"Jul","Saturday",86,1
"805","All Nighter",2024,"Jul","Sunday",86,1
"805","All Nighter",2024,"Jul","Weekday",102,1
"840","All Nighter",2024,"Jul","Saturday",67,1
"840","All Nighter",2024,"Jul","Sunday",61,1
"840","All Nighter",2024,"Jul","Weekday",67,1
"851","All Nighter",2024,"Jul","Saturday",64,1
"851","All Nighter",2024,"Jul","Sunday",87,1
"851","All Nighter",2024,"Jul","Weekday",86,1
"86","Local",2024,"Jul","Saturday",743,1
"86","Local",2024,"Jul","Sunday",566,1
"86","Local",2024,"Jul","Weekday",1297,1
"88","Local",2024,"Jul","Saturday",1215,1
"88","Local",2024,"Jul","Sunday",1004,1
"88","Local",2024,"Jul","Weekday",1566,1
"90","Local",2024,"Jul","Saturday",353,1
"90","Local",2024,"Jul","Sunday",302.515151515152,1
"90","Local",2024,"Jul","Weekday",640,1
"93","Local",2024,"Jul","Saturday",398,1
"93","Local",2024,"Jul","Sunday",361,1
"93","Local",2024,"Jul","Weekday",663,1
"95","Local",2024,"Jul","Saturday",136,1
"95","Local",2024,"Jul","Sunday",125,1
"95","Local",2024,"Jul","Weekday",187,1
"96","Local",2024,"Jul","Saturday",1125,1
"96","Local",2024,"Jul","Sunday",1014,1
"96","Local",2024,"Jul","Weekday",1293,1
"97","Local",2024,"Jul","Saturday",1457,1
"97","Local",2024,"Jul","Sunday",1304,1
"97","Local",2024,"Jul","Weekday",2468,1
"98","Local",2024,"Jul","Saturday",457,1
"98","Local",2024,"Jul","Sunday",432,1
"98","Local",2024,"Jul","Weekday",971,1
"99","Local",2024,"Jul","Saturday",1415,1
"99","Local",2024,"Jul","Sunday",1224,1
"99","Local",2024,"Jul","Weekday",2084,1
"E","M-Transbay",2024,"Jul","Weekday",150,0
"F","M-Transbay",2024,"Jul","Saturday",1690,1
"F","M-Transbay",2024,"Jul","Sunday",1509,1
"F","M-Transbay",2024,"Jul","Weekday",1839,1
"FS","M-Transbay",2024,"Jul","Weekday",100,0
"G","M-Transbay",2024,"Jul","Weekday",188,0
"J","M-Transbay",2024,"Jul","Weekday",239,0
"L","M-Transbay",2024,"Jul","Weekday",148,0
"LA","M-Transbay",2024,"Jul","Weekday",73.75,0
"NL","M-Transbay",2024,"Jul","Saturday",1280,1
"NL","M-Transbay",2024,"Jul","Sunday",990,1
"NL","M-Transbay",2024,"Jul","Weekday",2041,1
"NX","M-Transbay",2024,"Jul","Weekday",154,0
"NX3","M-Transbay",2024,"Jul","Weekday",101,0
"O","M-Transbay",2024,"Jul","Saturday",813,1
"O","M-Transbay",2024,"Jul","Sunday",700,1
"O","M-Transbay",2024,"Jul","Weekday",1075,1
"OX","M-Transbay",2024,"Jul","Weekday",99,0
"P","M-Transbay",2024,"Jul","Weekday",283,0
"U","M-Transbay",2024,"Jul","Weekday",260,0
"V","M-Transbay",2024,"Jul","Weekday",199,0
"W","M-Transbay",2024,"Jul","Weekday",123,0
"10","Local",2024,"Aug","Saturday",1647.85794392523,1
"10","Local",2024,"Aug","Sunday",1382.19095640859,1
"10","Local",2024,"Aug","Weekday",2406.54545454545,1
"12","Local",2024,"Aug","Saturday",1765.35362318841,1
"12","Local",2024,"Aug","Sunday",1432.91810344828,1
"12","Local",2024,"Aug","Weekday",2528.68181818182,1
"14","Local",2024,"Aug","Saturday",1614.4,1
"14","Local",2024,"Aug","Sunday",1337.02040816327,1
"14","Local",2024,"Aug","Weekday",3355.22727272727,1
"18","Local",2024,"Aug","Saturday",2543.20830188679,1
"18","Local",2024,"Aug","Sunday",2348.953125,1
"18","Local",2024,"Aug","Weekday",3924.68181818182,1
"19","Local",2024,"Aug","Saturday",204.070588235294,1
"19","Local",2024,"Aug","Sunday",189.8203125,1
"19","Local",2024,"Aug","Weekday",261.454545454545,1
"1T","Local",2024,"Aug","Saturday",12094.821252639,1
"1T","Local",2024,"Aug","Sunday",12273.6170238095,1
"1T","Local",2024,"Aug","Weekday",15735.162800614,1
"20","Local",2024,"Aug","Saturday",1888.13134328358,1
"20","Local",2024,"Aug","Sunday",1436.80737704918,1
"20","Local",2024,"Aug","Weekday",2061.04545454545,1
"200","Local",2024,"Aug","Saturday",1039.4,1
"200","Local",2024,"Aug","Sunday",960.073170731707,1
"200","Local",2024,"Aug","Weekday",1384.09090909091,1
"21","Local",2024,"Aug","Saturday",959.2,1
"21","Local",2024,"Aug","Sunday",910.485849056604,1
"21","Local",2024,"Aug","Weekday",1327.45454545455,1
"210","Local",2024,"Aug","Saturday",719.514285714286,1
"210","Local",2024,"Aug","Sunday",671.227272727273,1
"210","Local",2024,"Aug","Weekday",1182.59090909091,1
"212","Local",2024,"Aug","Saturday",474.890566037736,1
"212","Local",2024,"Aug","Sunday",393.636554621849,1
"212","Local",2024,"Aug","Weekday",628.590909090909,1
"215","Local",2024,"Aug","Weekday",216.681818181818,0
"216","Local",2024,"Aug","Saturday",221.2,1
"216","Local",2024,"Aug","Sunday",214.588235294118,1
"216","Local",2024,"Aug","Weekday",277.954545454545,1
"217","Local",2024,"Aug","Saturday",649,1
"217","Local",2024,"Aug","Sunday",654.425837320574,1
"217","Local",2024,"Aug","Weekday",917.994417862839,1
"232","Local",2024,"Aug","Saturday",209.4,1
"232","Local",2024,"Aug","Sunday",263.7375,1
"232","Local",2024,"Aug","Weekday",347.136363636364,1
"239","Local",2024,"Aug","Weekday",654.818181818182,0
"251","Local",2024,"Aug","Saturday",114.6,1
"251","Local",2024,"Aug","Sunday",114.221014492754,1
"251","Local",2024,"Aug","Weekday",168.409090909091,1
"28","Local",2024,"Aug","Saturday",487.146666666667,1
"28","Local",2024,"Aug","Sunday",404,1
"28","Local",2024,"Aug","Weekday",693.636363636364,1
"29","Local",2024,"Aug","Saturday",925.632,1
"29","Local",2024,"Aug","Sunday",892.97032967033,1
"29","Local",2024,"Aug","Weekday",1249.86363636364,1
"33","Local",2024,"Aug","Saturday",1405.2,1
"33","Local",2024,"Aug","Sunday",1138.5,1
"33","Local",2024,"Aug","Weekday",2263.54545454545,1
"34","Local",2024,"Aug","Saturday",595.342857142857,1
"34","Local",2024,"Aug","Sunday",462.75,1
"34","Local",2024,"Aug","Weekday",709,1
"35","Local",2024,"Aug","Saturday",588.061538461538,1
"35","Local",2024,"Aug","Sunday",466.5,1
"35","Local",2024,"Aug","Weekday",682.818181818182,1
"36","Local",2024,"Aug","Saturday",1482.79871794872,1
"36","Local",2024,"Aug","Sunday",1413.5625,1
"36","Local",2024,"Aug","Weekday",1677.40909090909,1
"376","Local",2024,"Aug","Saturday",151.8,1
"376","Local",2024,"Aug","Sunday",107.850877192982,1
"376","Local",2024,"Aug","Weekday",136.318181818182,1
"39","Local",2024,"Aug","Weekday",450.123376623377,0
"40","Local",2024,"Aug","Saturday",3484.2,1
"40","Local",2024,"Aug","Sunday",3075.05625,1
"40","Local",2024,"Aug","Weekday",6110.09090909091,1
"41","Local",2024,"Aug","Saturday",485.514285714286,1
"41","Local",2024,"Aug","Sunday",398.5,1
"41","Local",2024,"Aug","Weekday",652.227272727273,1
"45","Local",2024,"Aug","Saturday",612.2,1
"45","Local",2024,"Aug","Sunday",545.186388508892,1
"45","Local",2024,"Aug","Weekday",1346.77272727273,1
"46L","Local",2024,"Aug","Weekday",163.227272727273,0
"51A","Local",2024,"Aug","Saturday",3891,1
"51A","Local",2024,"Aug","Sunday",3295.92769533616,1
"51A","Local",2024,"Aug","Weekday",6106.77272727273,1
"51B","Local",2024,"Aug","Saturday",5432.4056423942,1
"51B","Local",2024,"Aug","Sunday",4742.29032258064,1
"51B","Local",2024,"Aug","Weekday",7076.77272727273,1
"52","Local",2024,"Aug","Saturday",1410.112,1
"52","Local",2024,"Aug","Sunday",1156.79411764706,1
"52","Local",2024,"Aug","Weekday",2780.68181818182,1
"54","Local",2024,"Aug","Saturday",696,1
"54","Local",2024,"Aug","Sunday",528.023076923077,1
"54","Local",2024,"Aug","Weekday",1390.54545454545,1
"56","Local",2024,"Aug","Saturday",328.6,1
"56","Local",2024,"Aug","Sunday",290.026315789474,1
"56","Local",2024,"Aug","Weekday",454.363636363636,1
"57","Local",2024,"Aug","Saturday",4227.69813664596,1
"57","Local",2024,"Aug","Sunday",3612.06481481481,1
"57","Local",2024,"Aug","Weekday",5240.45454545455,1
"6","Local",2024,"Aug","Saturday",3239.28,1
"6","Local",2024,"Aug","Sunday",2472.02985948478,1
"6","Local",2024,"Aug","Weekday",4492.18181818182,1
"60","Local",2024,"Aug","Saturday",806.094339622642,1
"60","Local",2024,"Aug","Sunday",645,1
"60","Local",2024,"Aug","Weekday",1127.72727272727,1
"604","Supplemental",2024,"Aug","Weekday",83,0
"605","Supplemental",2024,"Aug","Weekday",47,0
"606","Supplemental",2024,"Aug","Weekday",55,0
"607","Supplemental",2024,"Aug","Weekday",7,0
"617","Supplemental",2024,"Aug","Weekday",173.25,0
"62","Local",2024,"Aug","Saturday",1094.2,1
"62","Local",2024,"Aug","Sunday",1020.25925925926,1
"62","Local",2024,"Aug","Weekday",2139.95454545455,1
"620","Supplemental",2024,"Aug","Weekday",31,0
"621","Supplemental",2024,"Aug","Weekday",315,0
"623","Supplemental",2024,"Aug","Weekday",1150,0
"624","Supplemental",2024,"Aug","Weekday",141,0
"625","Supplemental",2024,"Aug","Weekday",342,0
"626","Supplemental",2024,"Aug","Weekday",10,0
"628","Supplemental",2024,"Aug","Weekday",12,0
"629","Supplemental",2024,"Aug","Weekday",41,0
"631","Supplemental",2024,"Aug","Weekday",264,0
"638","Supplemental",2024,"Aug","Weekday",110,0
"641","Supplemental",2024,"Aug","Weekday",265,0
"642","Supplemental",2024,"Aug","Weekday",97.5,0
"646","Supplemental",2024,"Aug","Weekday",416.733333333333,0
"648","Supplemental",2024,"Aug","Weekday",195.2,0
"649","Supplemental",2024,"Aug","Weekday",148,0
"65","Local",2024,"Aug","Weekday",468.934579439252,0
"650","Supplemental",2024,"Aug","Weekday",109.333333333333,0
"651","Supplemental",2024,"Aug","Weekday",93,0
"652","Supplemental",2024,"Aug","Weekday",108,0
"653","Supplemental",2024,"Aug","Weekday",160,0
"654","Supplemental",2024,"Aug","Weekday",491.75,0
"655","Supplemental",2024,"Aug","Weekday",254,0
"657","Supplemental",2024,"Aug","Weekday",362.222222222222,0
"658","Supplemental",2024,"Aug","Weekday",217.142857142857,0
"660","Supplemental",2024,"Aug","Weekday",87,0
"662","Supplemental",2024,"Aug","Weekday",90.6666666666667,0
"663","Supplemental",2024,"Aug","Weekday",55,0
"667","Supplemental",2024,"Aug","Weekday",103.833333333333,0
"669","Supplemental",2024,"Aug","Weekday",86,0
"67","Local",2024,"Aug","Weekday",337.504672897196,0
"671","Supplemental",2024,"Aug","Weekday",108.5,0
"672","Supplemental",2024,"Aug","Weekday",15,0
"675","Supplemental",2024,"Aug","Weekday",245.454545454545,0
"676","Supplemental",2024,"Aug","Weekday",96.8333333333333,0
"677","Supplemental",2024,"Aug","Weekday",189.333333333333,0
"680","Supplemental",2024,"Aug","Weekday",63,0
"681","Supplemental",2024,"Aug","Weekday",21,0
"682","Supplemental",2024,"Aug","Weekday",231,0
"683","Supplemental",2024,"Aug","Weekday",46,0
"684","Supplemental",2024,"Aug","Weekday",189,0
"687","Supplemental",2024,"Aug","Weekday",193,0
"688","Supplemental",2024,"Aug","Weekday",18,0
"696","Supplemental",2024,"Aug","Weekday",132,0
"7","Local",2024,"Aug","Saturday",1747.70204081633,1
"7","Local",2024,"Aug","Sunday",1586.37096774194,1
"7","Local",2024,"Aug","Weekday",2277.31818181818,1
"70","Local",2024,"Aug","Saturday",364.4,1
"70","Local",2024,"Aug","Sunday",316.943181818182,1
"70","Local",2024,"Aug","Weekday",421.045454545455,1
"701","M-Transbay",2024,"Aug","Weekday",50.9090909090909,0
"702","M-Transbay",2024,"Aug","Weekday",12.3636363636364,0
"703","M-Transbay",2024,"Aug","Weekday",8.77272727272727,0
"706","M-Transbay",2024,"Aug","Weekday",8,0
"707","M-Transbay",2024,"Aug","Weekday",2,0
"71","Local",2024,"Aug","Saturday",421.6,1
"71","Local",2024,"Aug","Sunday",341.625,1
"71","Local",2024,"Aug","Weekday",909.136363636364,1
"72","Local",2024,"Aug","Saturday",2784.63761904762,1
"72","Local",2024,"Aug","Sunday",2221.51039553753,1
"72","Local",2024,"Aug","Weekday",2943.00747198007,1
"72M","Local",2024,"Aug","Saturday",2399.54207436399,1
"72M","Local",2024,"Aug","Sunday",2084.55594679186,1
"72M","Local",2024,"Aug","Weekday",2908.00275482094,1
"72R","Local",2024,"Aug","Saturday",2793,1
"72R","Local",2024,"Aug","Sunday",2345.51898734177,1
"72R","Local",2024,"Aug","Weekday",4017.95454545455,1
"73","Local",2024,"Aug","Saturday",1474.66853146853,1
"73","Local",2024,"Aug","Sunday",1310.98757249379,1
"73","Local",2024,"Aug","Weekday",2099.54545454545,1
"74","Local",2024,"Aug","Saturday",432.818181818182,1
"74","Local",2024,"Aug","Sunday",377.381578947368,1
"74","Local",2024,"Aug","Weekday",921.409090909091,1
"76","Local",2024,"Aug","Saturday",1066.4,1
"76","Local",2024,"Aug","Sunday",941.843023255814,1
"76","Local",2024,"Aug","Weekday",1816.68181818182,1
"79","Local",2024,"Aug","Saturday",1015.4,1
"79","Local",2024,"Aug","Sunday",1019.23958333333,1
"79","Local",2024,"Aug","Weekday",1617.59090909091,1
"800","All Nighter",2024,"Aug","Saturday",599.835164835165,1
"800","All Nighter",2024,"Aug","Sunday",418.188461538462,1
"800","All Nighter",2024,"Aug","Weekday",442.272727272727,1
"801","All Nighter",2024,"Aug","Saturday",274.796363636364,1
"801","All Nighter",2024,"Aug","Sunday",269.818181818182,1
"801","All Nighter",2024,"Aug","Weekday",282.227272727273,1
"802","All Nighter",2024,"Aug","Saturday",63.0571428571429,1
"802","All Nighter",2024,"Aug","Sunday",58.875,1
"802","All Nighter",2024,"Aug","Weekday",62.3636363636364,1
"805","All Nighter",2024,"Aug","Saturday",90,1
"805","All Nighter",2024,"Aug","Sunday",82,1
"805","All Nighter",2024,"Aug","Weekday",104.409090909091,1
"840","All Nighter",2024,"Aug","Saturday",67,1
"840","All Nighter",2024,"Aug","Sunday",62.3863636363636,1
"840","All Nighter",2024,"Aug","Weekday",73.4090909090909,1
"851","All Nighter",2024,"Aug","Saturday",102.4,1
"851","All Nighter",2024,"Aug","Sunday",84.25,1
"851","All Nighter",2024,"Aug","Weekday",84.5909090909091,1
"86","Local",2024,"Aug","Saturday",808.242010535557,1
"86","Local",2024,"Aug","Sunday",585.386029411765,1
"86","Local",2024,"Aug","Weekday",1391.5,1
"88","Local",2024,"Aug","Saturday",1254.92830188679,1
"88","Local",2024,"Aug","Sunday",1017.04444444444,1
"88","Local",2024,"Aug","Weekday",1894.45454545455,1
"90","Local",2024,"Aug","Saturday",398.187878787879,1
"90","Local",2024,"Aug","Sunday",364.423020527859,1
"90","Local",2024,"Aug","Weekday",663.5,1
"93","Local",2024,"Aug","Saturday",453.6,1
"93","Local",2024,"Aug","Sunday",392.5,1
"93","Local",2024,"Aug","Weekday",854.636363636364,1
"95","Local",2024,"Aug","Saturday",159.775609756098,1
"95","Local",2024,"Aug","Sunday",136.925675675676,1
"95","Local",2024,"Aug","Weekday",232.878099173554,1
"96","Local",2024,"Aug","Saturday",1161.21428571429,1
"96","Local",2024,"Aug","Sunday",1188.40217391304,1
"96","Local",2024,"Aug","Weekday",1439.95454545455,1
"97","Local",2024,"Aug","Saturday",1587.175,1
"97","Local",2024,"Aug","Sunday",1275.2380952381,1
"97","Local",2024,"Aug","Weekday",3058.86363636364,1
"98","Local",2024,"Aug","Saturday",535,1
"98","Local",2024,"Aug","Sunday",472.5,1
"98","Local",2024,"Aug","Weekday",1244.86363636364,1
"99","Local",2024,"Aug","Saturday",1445.21728395062,1
"99","Local",2024,"Aug","Sunday",1206.15032679739,1
"99","Local",2024,"Aug","Weekday",2479.18181818182,1
"E","M-Transbay",2024,"Aug","Weekday",142.363636363636,0
"F","M-Transbay",2024,"Aug","Saturday",1724.32727272727,1
"F","M-Transbay",2024,"Aug","Sunday",1524.07094594595,1
"F","M-Transbay",2024,"Aug","Weekday",2167.27272727273,1
"FS","M-Transbay",2024,"Aug","Weekday",93.0454545454545,0
"G","M-Transbay",2024,"Aug","Weekday",188.045454545455,0
"J","M-Transbay",2024,"Aug","Weekday",251.727272727273,0
"L","M-Transbay",2024,"Aug","Weekday",142.136363636364,0
"LA","M-Transbay",2024,"Aug","Weekday",86.5340909090909,0
"NL","M-Transbay",2024,"Aug","Saturday",1125.34647887324,1
"NL","M-Transbay",2024,"Aug","Sunday",1024,1
"NL","M-Transbay",2024,"Aug","Weekday",2301.54545454545,1
"NX","M-Transbay",2024,"Aug","Weekday",162.272727272727,0
"NX3","M-Transbay",2024,"Aug","Weekday",150.772727272727,0
"O","M-Transbay",2024,"Aug","Saturday",768.4,1
"O","M-Transbay",2024,"Aug","Sunday",709.760204081633,1
"O","M-Transbay",2024,"Aug","Weekday",1163.07741477273,1
"OX","M-Transbay",2024,"Aug","Weekday",102.545454545455,0
"P","M-Transbay",2024,"Aug","Weekday",310.871900826446,0
"U","M-Transbay",2024,"Aug","Weekday",274.409090909091,0
"V","M-Transbay",2024,"Aug","Weekday",196.818181818182,0
"W","M-Transbay",2024,"Aug","Weekday",141.909090909091,0
"10","Local",2024,"Sep","Saturday",1646,1
"10","Local",2024,"Sep","Sunday",1452.44859813084,1
"10","Local",2024,"Sep","Weekday",2574,1
"12","Local",2024,"Sep","Saturday",1899,1
"12","Local",2024,"Sep","Sunday",1463,1
"12","Local",2024,"Sep","Weekday",2644,1
"14","Local",2024,"Sep","Saturday",1651,1
"14","Local",2024,"Sep","Sunday",1411,1
"14","Local",2024,"Sep","Weekday",3465,1
"18","Local",2024,"Sep","Saturday",3125.29166666667,1
"18","Local",2024,"Sep","Sunday",2868,1
"18","Local",2024,"Sep","Weekday",4250,1
"19","Local",2024,"Sep","Saturday",207,1
"19","Local",2024,"Sep","Sunday",175,1
"19","Local",2024,"Sep","Weekday",269,1
"1T","Local",2024,"Sep","Saturday",12014.3157894737,1
"1T","Local",2024,"Sep","Sunday",11859.1666666667,1
"1T","Local",2024,"Sep","Weekday",16903.2796208531,1
"20","Local",2024,"Sep","Saturday",1864,1
"20","Local",2024,"Sep","Sunday",1580,1
"20","Local",2024,"Sep","Weekday",2141,1
"200","Local",2024,"Sep","Saturday",1005,1
"200","Local",2024,"Sep","Sunday",919,1
"200","Local",2024,"Sep","Weekday",1463,1
"21","Local",2024,"Sep","Saturday",988,1
"21","Local",2024,"Sep","Sunday",918,1
"21","Local",2024,"Sep","Weekday",1400,1
"210","Local",2024,"Sep","Saturday",684,1
"210","Local",2024,"Sep","Sunday",630,1
"210","Local",2024,"Sep","Weekday",1453,1
"212","Local",2024,"Sep","Saturday",469,1
"212","Local",2024,"Sep","Sunday",398,1
"212","Local",2024,"Sep","Weekday",688,1
"215","Local",2024,"Sep","Weekday",204,0
"216","Local",2024,"Sep","Saturday",234,1
"216","Local",2024,"Sep","Sunday",206,1
"216","Local",2024,"Sep","Weekday",309,1
"217","Local",2024,"Sep","Saturday",668,1
"217","Local",2024,"Sep","Sunday",576,1
"217","Local",2024,"Sep","Weekday",1100,1
"232","Local",2024,"Sep","Saturday",229,1
"232","Local",2024,"Sep","Sunday",219,1
"232","Local",2024,"Sep","Weekday",337,1
"239","Local",2024,"Sep","Weekday",712,0
"251","Local",2024,"Sep","Saturday",119.6,1
"251","Local",2024,"Sep","Sunday",99,1
"251","Local",2024,"Sep","Weekday",216,1
"28","Local",2024,"Sep","Saturday",487,1
"28","Local",2024,"Sep","Sunday",443,1
"28","Local",2024,"Sep","Weekday",755,1
"29","Local",2024,"Sep","Saturday",884,1
"29","Local",2024,"Sep","Sunday",736,1
"29","Local",2024,"Sep","Weekday",1272,1
"33","Local",2024,"Sep","Saturday",1448,1
"33","Local",2024,"Sep","Sunday",1156,1
"33","Local",2024,"Sep","Weekday",2495,1
"34","Local",2024,"Sep","Saturday",561,1
"34","Local",2024,"Sep","Sunday",498,1
"34","Local",2024,"Sep","Weekday",769,1
"35","Local",2024,"Sep","Saturday",594,1
"35","Local",2024,"Sep","Sunday",463,1
"35","Local",2024,"Sep","Weekday",712,1
"36","Local",2024,"Sep","Saturday",1925,1
"36","Local",2024,"Sep","Sunday",1554,1
"36","Local",2024,"Sep","Weekday",2492,1
"376","Local",2024,"Sep","Saturday",119,1
"376","Local",2024,"Sep","Sunday",139,1
"376","Local",2024,"Sep","Weekday",140,1
"39","Local",2024,"Sep","Weekday",533,0
"40","Local",2024,"Sep","Saturday",3516,1
"40","Local",2024,"Sep","Sunday",2939,1
"40","Local",2024,"Sep","Weekday",6740,1
"41","Local",2024,"Sep","Saturday",478,1
"41","Local",2024,"Sep","Sunday",397,1
"41","Local",2024,"Sep","Weekday",666,1
"45","Local",2024,"Sep","Saturday",623,1
"45","Local",2024,"Sep","Sunday",500,1
"45","Local",2024,"Sep","Weekday",1478,1
"46L","Local",2024,"Sep","Weekday",185,0
"51A","Local",2024,"Sep","Saturday",4051,1
"51A","Local",2024,"Sep","Sunday",3343,1
"51A","Local",2024,"Sep","Weekday",6643,1
"51B","Local",2024,"Sep","Saturday",8107,1
"51B","Local",2024,"Sep","Sunday",6787,1
"51B","Local",2024,"Sep","Weekday",9538,1
"52","Local",2024,"Sep","Saturday",2103,1
"52","Local",2024,"Sep","Sunday",1785,1
"52","Local",2024,"Sep","Weekday",5078,1
"54","Local",2024,"Sep","Saturday",713,1
"54","Local",2024,"Sep","Sunday",520,1
"54","Local",2024,"Sep","Weekday",1493,1
"56","Local",2024,"Sep","Saturday",336,1
"56","Local",2024,"Sep","Sunday",294,1
"56","Local",2024,"Sep","Weekday",509,1
"57","Local",2024,"Sep","Saturday",4146.43827160494,1
"57","Local",2024,"Sep","Sunday",3572,1
"57","Local",2024,"Sep","Weekday",5459,1
"6","Local",2024,"Sep","Saturday",3719.07407407407,1
"6","Local",2024,"Sep","Sunday",3295,1
"6","Local",2024,"Sep","Weekday",5385,1
"60","Local",2024,"Sep","Saturday",761,1
"60","Local",2024,"Sep","Sunday",612,1
"60","Local",2024,"Sep","Weekday",1317,1
"604","Supplemental",2024,"Sep","Weekday",93,0
"605","Supplemental",2024,"Sep","Weekday",54,0
"606","Supplemental",2024,"Sep","Weekday",64,0
"607","Supplemental",2024,"Sep","Weekday",6,0
"617","Supplemental",2024,"Sep","Weekday",126,0
"62","Local",2024,"Sep","Saturday",1132,1
"62","Local",2024,"Sep","Sunday",987,1
"62","Local",2024,"Sep","Weekday",2281,1
"620","Supplemental",2024,"Sep","Weekday",33,0
"621","Supplemental",2024,"Sep","Weekday",344,0
"623","Supplemental",2024,"Sep","Weekday",1080.54545454545,0
"624","Supplemental",2024,"Sep","Weekday",57,0
"625","Supplemental",2024,"Sep","Weekday",339,0
"626","Supplemental",2024,"Sep","Weekday",11,0
"628","Supplemental",2024,"Sep","Weekday",15,0
"629","Supplemental",2024,"Sep","Weekday",42,0
"631","Supplemental",2024,"Sep","Weekday",211,0
"638","Supplemental",2024,"Sep","Weekday",112,0
"641","Supplemental",2024,"Sep","Weekday",247.5,0
"642","Supplemental",2024,"Sep","Weekday",88,0
"646","Supplemental",2024,"Sep","Weekday",422.470588235294,0
"648","Supplemental",2024,"Sep","Weekday",190.857142857143,0
"649","Supplemental",2024,"Sep","Weekday",140.8,0
"65","Local",2024,"Sep","Weekday",468.934579439252,0
"650","Supplemental",2024,"Sep","Weekday",180,0
"651","Supplemental",2024,"Sep","Weekday",178.75,0
"652","Supplemental",2024,"Sep","Weekday",109.333333333333,0
"653","Supplemental",2024,"Sep","Weekday",170.666666666667,0
"654","Supplemental",2024,"Sep","Weekday",445.2,0
"655","Supplemental",2024,"Sep","Weekday",150,0
"657","Supplemental",2024,"Sep","Weekday",295,0
"658","Supplemental",2024,"Sep","Weekday",236,0
"660","Supplemental",2024,"Sep","Weekday",133,0
"662","Supplemental",2024,"Sep","Weekday",118.666666666667,0
"663","Supplemental",2024,"Sep","Weekday",105,0
"667","Supplemental",2024,"Sep","Weekday",105,0
"669","Supplemental",2024,"Sep","Weekday",82,0
"67","Local",2024,"Sep","Weekday",337.504672897196,0
"671","Supplemental",2024,"Sep","Weekday",96.6,0
"672","Supplemental",2024,"Sep","Weekday",9,0
"675","Supplemental",2024,"Sep","Weekday",295.636363636364,0
"676","Supplemental",2024,"Sep","Weekday",74,0
"677","Supplemental",2024,"Sep","Weekday",178,0
"680","Supplemental",2024,"Sep","Weekday",56,0
"681","Supplemental",2024,"Sep","Weekday",10.5,0
"682","Supplemental",2024,"Sep","Weekday",231,0
"683","Supplemental",2024,"Sep","Weekday",38,0
"684","Supplemental",2024,"Sep","Weekday",208,0
"687","Supplemental",2024,"Sep","Weekday",202,0
"688","Supplemental",2024,"Sep","Weekday",81,0
"696","Supplemental",2024,"Sep","Weekday",33,0
"7","Local",2024,"Sep","Saturday",2852,1
"7","Local",2024,"Sep","Sunday",2521,1
"7","Local",2024,"Sep","Weekday",3250,1
"70","Local",2024,"Sep","Saturday",334,1
"70","Local",2024,"Sep","Sunday",333,1
"70","Local",2024,"Sep","Weekday",441,1
"701","M-Transbay",2024,"Sep","Weekday",52,0
"702","M-Transbay",2024,"Sep","Weekday",11,0
"703","M-Transbay",2024,"Sep","Weekday",14,0
"71","Local",2024,"Sep","Saturday",425,1
"71","Local",2024,"Sep","Sunday",383,1
"71","Local",2024,"Sep","Weekday",1060,1
"72","Local",2024,"Sep","Saturday",2703,1
"72","Local",2024,"Sep","Sunday",2360,1
"72","Local",2024,"Sep","Weekday",3033,1
"72M","Local",2024,"Sep","Saturday",2326,1
"72M","Local",2024,"Sep","Sunday",2131,1
"72M","Local",2024,"Sep","Weekday",3078,1
"72R","Local",2024,"Sep","Saturday",2783,1
"72R","Local",2024,"Sep","Sunday",2319,1
"72R","Local",2024,"Sep","Weekday",4300,1
"73","Local",2024,"Sep","Saturday",1527.75,1
"73","Local",2024,"Sep","Sunday",1269,1
"73","Local",2024,"Sep","Weekday",2255,1
"74","Local",2024,"Sep","Saturday",423,1
"74","Local",2024,"Sep","Sunday",390,1
"74","Local",2024,"Sep","Weekday",1159,1
"76","Local",2024,"Sep","Saturday",1033,1
"76","Local",2024,"Sep","Sunday",917,1
"76","Local",2024,"Sep","Weekday",2140,1
"79","Local",2024,"Sep","Saturday",1793,1
"79","Local",2024,"Sep","Sunday",1433,1
"79","Local",2024,"Sep","Weekday",2697,1
"800","All Nighter",2024,"Sep","Saturday",593,1
"800","All Nighter",2024,"Sep","Sunday",416,1
"800","All Nighter",2024,"Sep","Weekday",444,1
"801","All Nighter",2024,"Sep","Saturday",253,1
"801","All Nighter",2024,"Sep","Sunday",322,1
"801","All Nighter",2024,"Sep","Weekday",307,1
"802","All Nighter",2024,"Sep","Saturday",66,1
"802","All Nighter",2024,"Sep","Sunday",62,1
"802","All Nighter",2024,"Sep","Weekday",59,1
"805","All Nighter",2024,"Sep","Saturday",74,1
"805","All Nighter",2024,"Sep","Sunday",76,1
"805","All Nighter",2024,"Sep","Weekday",88,1
"840","All Nighter",2024,"Sep","Saturday",73,1
"840","All Nighter",2024,"Sep","Sunday",62,1
"840","All Nighter",2024,"Sep","Weekday",74,1
"851","All Nighter",2024,"Sep","Saturday",108,1
"851","All Nighter",2024,"Sep","Sunday",92,1
"851","All Nighter",2024,"Sep","Weekday",91,1
"86","Local",2024,"Sep","Saturday",814,1
"86","Local",2024,"Sep","Sunday",623,1
"86","Local",2024,"Sep","Weekday",1540,1
"88","Local",2024,"Sep","Saturday",1368,1
"88","Local",2024,"Sep","Sunday",1218,1
"88","Local",2024,"Sep","Weekday",2101,1
"90","Local",2024,"Sep","Saturday",426,1
"90","Local",2024,"Sep","Sunday",366,1
"90","Local",2024,"Sep","Weekday",749,1
"93","Local",2024,"Sep","Saturday",463,1
"93","Local",2024,"Sep","Sunday",380,1
"93","Local",2024,"Sep","Weekday",967,1
"95","Local",2024,"Sep","Saturday",177.219512195122,1
"95","Local",2024,"Sep","Sunday",144,1
"95","Local",2024,"Sep","Weekday",289,1
"96","Local",2024,"Sep","Saturday",1125,1
"96","Local",2024,"Sep","Sunday",1038,1
"96","Local",2024,"Sep","Weekday",1471,1
"97","Local",2024,"Sep","Saturday",1600,1
"97","Local",2024,"Sep","Sunday",1471,1
"97","Local",2024,"Sep","Weekday",3428,1
"98","Local",2024,"Sep","Saturday",557,1
"98","Local",2024,"Sep","Sunday",495,1
"98","Local",2024,"Sep","Weekday",1410,1
"99","Local",2024,"Sep","Saturday",1482,1
"99","Local",2024,"Sep","Sunday",1256,1
"99","Local",2024,"Sep","Weekday",2659,1
"E","M-Transbay",2024,"Sep","Weekday",151,0
"F","M-Transbay",2024,"Sep","Saturday",2153,1
"F","M-Transbay",2024,"Sep","Sunday",1892,1
"F","M-Transbay",2024,"Sep","Weekday",2664,1
"FS","M-Transbay",2024,"Sep","Weekday",97,0
"G","M-Transbay",2024,"Sep","Weekday",212,0
"J","M-Transbay",2024,"Sep","Weekday",254.444444444444,0
"L","M-Transbay",2024,"Sep","Weekday",137,0
"LA","M-Transbay",2024,"Sep","Weekday",83.3333333333333,0
"NL","M-Transbay",2024,"Sep","Saturday",1171,1
"NL","M-Transbay",2024,"Sep","Sunday",1041,1
"NL","M-Transbay",2024,"Sep","Weekday",2464,1
"NX","M-Transbay",2024,"Sep","Weekday",178,0
"NX3","M-Transbay",2024,"Sep","Weekday",143,0
"O","M-Transbay",2024,"Sep","Saturday",796,1
"O","M-Transbay",2024,"Sep","Sunday",781,1
"O","M-Transbay",2024,"Sep","Weekday",1167,1
"OX","M-Transbay",2024,"Sep","Weekday",95,0
"P","M-Transbay",2024,"Sep","Weekday",339,0
"U","M-Transbay",2024,"Sep","Weekday",260,0
"V","M-Transbay",2024,"Sep","Weekday",181,0
"W","M-Transbay",2024,"Sep","Weekday",149,0
"10","Local",2024,"Oct","Saturday",1645,1
"10","Local",2024,"Oct","Sunday",1361.60747663551,1
"10","Local",2024,"Oct","Weekday",2546,1
"12","Local",2024,"Oct","Saturday",1899,1
"12","Local",2024,"Oct","Sunday",1545.38461538462,1
"12","Local",2024,"Oct","Weekday",2689,1
"14","Local",2024,"Oct","Saturday",1694,1
"14","Local",2024,"Oct","Sunday",1429,1
"14","Local",2024,"Oct","Weekday",3537,1
"18","Local",2024,"Oct","Saturday",2952,1
"18","Local",2024,"Oct","Sunday",2528.02197802198,1
"18","Local",2024,"Oct","Weekday",4244,1
"19","Local",2024,"Oct","Saturday",179,1
"19","Local",2024,"Oct","Sunday",175,1
"19","Local",2024,"Oct","Weekday",255,1
"1T","Local",2024,"Oct","Saturday",11482.9239130435,1
"1T","Local",2024,"Oct","Sunday",12520.8554913295,1
"1T","Local",2024,"Oct","Weekday",17575.8483412322,1
"20","Local",2024,"Oct","Saturday",1794,1
"20","Local",2024,"Oct","Sunday",1531,1
"20","Local",2024,"Oct","Weekday",2176,1
"200","Local",2024,"Oct","Saturday",997,1
"200","Local",2024,"Oct","Sunday",956,1
"200","Local",2024,"Oct","Weekday",1631,1
"21","Local",2024,"Oct","Saturday",986,1
"21","Local",2024,"Oct","Sunday",940,1
"21","Local",2024,"Oct","Weekday",1437,1
"210","Local",2024,"Oct","Saturday",691,1
"210","Local",2024,"Oct","Sunday",681,1
"210","Local",2024,"Oct","Weekday",1389,1
"212","Local",2024,"Oct","Saturday",456,1
"212","Local",2024,"Oct","Sunday",424,1
"212","Local",2024,"Oct","Weekday",665,1
"215","Local",2024,"Oct","Weekday",199,0
"216","Local",2024,"Oct","Saturday",249,1
"216","Local",2024,"Oct","Sunday",175,1
"216","Local",2024,"Oct","Weekday",305,1
"217","Local",2024,"Oct","Saturday",649,1
"217","Local",2024,"Oct","Sunday",544,1
"217","Local",2024,"Oct","Weekday",1076,1
"232","Local",2024,"Oct","Saturday",217,1
"232","Local",2024,"Oct","Sunday",231,1
"232","Local",2024,"Oct","Weekday",322,1
"239","Local",2024,"Oct","Weekday",683,0
"251","Local",2024,"Oct","Saturday",131,1
"251","Local",2024,"Oct","Sunday",99,1
"251","Local",2024,"Oct","Weekday",209,1
"28","Local",2024,"Oct","Saturday",505,1
"28","Local",2024,"Oct","Sunday",445,1
"28","Local",2024,"Oct","Weekday",721,1
"29","Local",2024,"Oct","Saturday",897,1
"29","Local",2024,"Oct","Sunday",814,1
"29","Local",2024,"Oct","Weekday",1289,1
"33","Local",2024,"Oct","Saturday",1394,1
"33","Local",2024,"Oct","Sunday",1315.52884615385,1
"33","Local",2024,"Oct","Weekday",2595,1
"34","Local",2024,"Oct","Saturday",545,1
"34","Local",2024,"Oct","Sunday",484,1
"34","Local",2024,"Oct","Weekday",762,1
"35","Local",2024,"Oct","Saturday",582,1
"35","Local",2024,"Oct","Sunday",499,1
"35","Local",2024,"Oct","Weekday",691,1
"36","Local",2024,"Oct","Saturday",1937,1
"36","Local",2024,"Oct","Sunday",1747,1
"36","Local",2024,"Oct","Weekday",2497,1
"376","Local",2024,"Oct","Saturday",127,1
"376","Local",2024,"Oct","Sunday",135.789473684211,1
"376","Local",2024,"Oct","Weekday",139,1
"39","Local",2024,"Oct","Weekday",511.2,0
"40","Local",2024,"Oct","Saturday",3621,1
"40","Local",2024,"Oct","Sunday",3080,1
"40","Local",2024,"Oct","Weekday",7144,1
"41","Local",2024,"Oct","Saturday",477,1
"41","Local",2024,"Oct","Sunday",398,1
"41","Local",2024,"Oct","Weekday",705,1
"45","Local",2024,"Oct","Saturday",640,1
"45","Local",2024,"Oct","Sunday",548,1
"45","Local",2024,"Oct","Weekday",1471,1
"46L","Local",2024,"Oct","Weekday",196,0
"51A","Local",2024,"Oct","Saturday",3906,1
"51A","Local",2024,"Oct","Sunday",3420,1
"51A","Local",2024,"Oct","Weekday",6772,1
"51B","Local",2024,"Oct","Saturday",7185.32374100719,1
"51B","Local",2024,"Oct","Sunday",6409.12592592593,1
"51B","Local",2024,"Oct","Weekday",9244,1
"52","Local",2024,"Oct","Saturday",1819,1
"52","Local",2024,"Oct","Sunday",1870,1
"52","Local",2024,"Oct","Weekday",4949,1
"54","Local",2024,"Oct","Saturday",677,1
"54","Local",2024,"Oct","Sunday",573.375,1
"54","Local",2024,"Oct","Weekday",1492,1
"56","Local",2024,"Oct","Saturday",325,1
"56","Local",2024,"Oct","Sunday",310,1
"56","Local",2024,"Oct","Weekday",512,1
"57","Local",2024,"Oct","Saturday",4182.9875,1
"57","Local",2024,"Oct","Sunday",3599,1
"57","Local",2024,"Oct","Weekday",5539,1
"6","Local",2024,"Oct","Saturday",3825.6711409396,1
"6","Local",2024,"Oct","Sunday",3023,1
"6","Local",2024,"Oct","Weekday",5491,1
"60","Local",2024,"Oct","Saturday",834,1
"60","Local",2024,"Oct","Sunday",619,1
"60","Local",2024,"Oct","Weekday",1311,1
"604","Supplemental",2024,"Oct","Weekday",81,0
"605","Supplemental",2024,"Oct","Weekday",50,0
"606","Supplemental",2024,"Oct","Weekday",54,0
"607","Supplemental",2024,"Oct","Weekday",9,0
"617","Supplemental",2024,"Oct","Weekday",141.4,0
"62","Local",2024,"Oct","Saturday",1180,1
"62","Local",2024,"Oct","Sunday",991,1
"62","Local",2024,"Oct","Weekday",2334,1
"620","Supplemental",2024,"Oct","Weekday",40.5,0
"621","Supplemental",2024,"Oct","Weekday",359,0
"623","Supplemental",2024,"Oct","Weekday",998.666666666667,0
"624","Supplemental",2024,"Oct","Weekday",61,0
"625","Supplemental",2024,"Oct","Weekday",361,0
"626","Supplemental",2024,"Oct","Weekday",12,0
"628","Supplemental",2024,"Oct","Weekday",15,0
"629","Supplemental",2024,"Oct","Weekday",46,0
"631","Supplemental",2024,"Oct","Weekday",287,0
"638","Supplemental",2024,"Oct","Weekday",116,0
"641","Supplemental",2024,"Oct","Weekday",256.25,0
"642","Supplemental",2024,"Oct","Weekday",101,0
"646","Supplemental",2024,"Oct","Weekday",437,0
"648","Supplemental",2024,"Oct","Weekday",210.285714285714,0
"649","Supplemental",2024,"Oct","Weekday",148.571428571429,0
"65","Local",2024,"Oct","Weekday",412,0
"650","Supplemental",2024,"Oct","Weekday",191,0
"651","Supplemental",2024,"Oct","Weekday",185,0
"652","Supplemental",2024,"Oct","Weekday",104,0
"653","Supplemental",2024,"Oct","Weekday",152,0
"654","Supplemental",2024,"Oct","Weekday",476,0
"655","Supplemental",2024,"Oct","Weekday",156,0
"657","Supplemental",2024,"Oct","Weekday",329,0
"658","Supplemental",2024,"Oct","Weekday",252.571428571429,0
"660","Supplemental",2024,"Oct","Weekday",145,0
"662","Supplemental",2024,"Oct","Weekday",96,0
"663","Supplemental",2024,"Oct","Weekday",62,0
"667","Supplemental",2024,"Oct","Weekday",123,0
"669","Supplemental",2024,"Oct","Weekday",98,0
"67","Local",2024,"Oct","Weekday",299,0
"671","Supplemental",2024,"Oct","Weekday",128.8,0
"672","Supplemental",2024,"Oct","Weekday",19.5,0
"675","Supplemental",2024,"Oct","Weekday",304,0
"676","Supplemental",2024,"Oct","Weekday",94,0
"677","Supplemental",2024,"Oct","Weekday",177,0
"680","Supplemental",2024,"Oct","Weekday",59,0
"681","Supplemental",2024,"Oct","Weekday",13.5,0
"682","Supplemental",2024,"Oct","Weekday",219,0
"683","Supplemental",2024,"Oct","Weekday",35,0
"684","Supplemental",2024,"Oct","Weekday",247,0
"687","Supplemental",2024,"Oct","Weekday",194,0
"688","Supplemental",2024,"Oct","Weekday",70,0
"696","Supplemental",2024,"Oct","Weekday",27,0
"7","Local",2024,"Oct","Saturday",2661,1
"7","Local",2024,"Oct","Sunday",2319,1
"7","Local",2024,"Oct","Weekday",3162,1
"70","Local",2024,"Oct","Saturday",339,1
"70","Local",2024,"Oct","Sunday",304,1
"70","Local",2024,"Oct","Weekday",439,1
"701","M-Transbay",2024,"Oct","Weekday",36,0
"702","M-Transbay",2024,"Oct","Weekday",12,0
"703","M-Transbay",2024,"Oct","Weekday",12,0
"71","Local",2024,"Oct","Saturday",470,1
"71","Local",2024,"Oct","Sunday",406,1
"71","Local",2024,"Oct","Weekday",1076,1
"72","Local",2024,"Oct","Saturday",2638,1
"72","Local",2024,"Oct","Sunday",2282.37142857143,1
"72","Local",2024,"Oct","Weekday",3071,1
"72M","Local",2024,"Oct","Saturday",2285,1
"72M","Local",2024,"Oct","Sunday",2090.07352941176,1
"72M","Local",2024,"Oct","Weekday",3063,1
"72R","Local",2024,"Oct","Saturday",2677,1
"72R","Local",2024,"Oct","Sunday",2250,1
"72R","Local",2024,"Oct","Weekday",4355,1
"73","Local",2024,"Oct","Saturday",1489,1
"73","Local",2024,"Oct","Sunday",1372.53146853147,1
"73","Local",2024,"Oct","Weekday",2242,1
"74","Local",2024,"Oct","Saturday",476,1
"74","Local",2024,"Oct","Sunday",422,1
"74","Local",2024,"Oct","Weekday",1191,1
"76","Local",2024,"Oct","Saturday",1070,1
"76","Local",2024,"Oct","Sunday",948,1
"76","Local",2024,"Oct","Weekday",2150,1
"79","Local",2024,"Oct","Saturday",1681,1
"79","Local",2024,"Oct","Sunday",1557,1
"79","Local",2024,"Oct","Weekday",2592,1
"800","All Nighter",2024,"Oct","Saturday",609,1
"800","All Nighter",2024,"Oct","Sunday",401,1
"800","All Nighter",2024,"Oct","Weekday",450,1
"801","All Nighter",2024,"Oct","Saturday",311,1
"801","All Nighter",2024,"Oct","Sunday",281,1
"801","All Nighter",2024,"Oct","Weekday",297,1
"802","All Nighter",2024,"Oct","Saturday",56,1
"802","All Nighter",2024,"Oct","Sunday",75,1
"802","All Nighter",2024,"Oct","Weekday",61,1
"805","All Nighter",2024,"Oct","Saturday",75,1
"805","All Nighter",2024,"Oct","Sunday",80,1
"805","All Nighter",2024,"Oct","Weekday",97,1
"840","All Nighter",2024,"Oct","Saturday",71,1
"840","All Nighter",2024,"Oct","Sunday",69,1
"840","All Nighter",2024,"Oct","Weekday",77,1
"851","All Nighter",2024,"Oct","Saturday",125,1
"851","All Nighter",2024,"Oct","Sunday",123,1
"851","All Nighter",2024,"Oct","Weekday",94,1
"86","Local",2024,"Oct","Saturday",768,1
"86","Local",2024,"Oct","Sunday",608.641791044776,1
"86","Local",2024,"Oct","Weekday",1578,1
"88","Local",2024,"Oct","Saturday",1237,1
"88","Local",2024,"Oct","Sunday",1046,1
"88","Local",2024,"Oct","Weekday",2102,1
"90","Local",2024,"Oct","Saturday",408,1
"90","Local",2024,"Oct","Sunday",358.707692307692,1
"90","Local",2024,"Oct","Weekday",773,1
"93","Local",2024,"Oct","Saturday",455,1
"93","Local",2024,"Oct","Sunday",410,1
"93","Local",2024,"Oct","Weekday",981,1
"95","Local",2024,"Oct","Saturday",139.317073170732,1
"95","Local",2024,"Oct","Sunday",137.268292682927,1
"95","Local",2024,"Oct","Weekday",282,1
"96","Local",2024,"Oct","Saturday",1189,1
"96","Local",2024,"Oct","Sunday",1069,1
"96","Local",2024,"Oct","Weekday",1489,1
"97","Local",2024,"Oct","Saturday",1661,1
"97","Local",2024,"Oct","Sunday",1374,1
"97","Local",2024,"Oct","Weekday",3393,1
"98","Local",2024,"Oct","Saturday",564,1
"98","Local",2024,"Oct","Sunday",454,1
"98","Local",2024,"Oct","Weekday",1491,1
"99","Local",2024,"Oct","Saturday",1595,1
"99","Local",2024,"Oct","Sunday",1358,1
"99","Local",2024,"Oct","Weekday",2646,1
"E","M-Transbay",2024,"Oct","Weekday",166,0
"F","M-Transbay",2024,"Oct","Saturday",2153,1
"F","M-Transbay",2024,"Oct","Sunday",1640,1
"F","M-Transbay",2024,"Oct","Weekday",2620,1
"FS","M-Transbay",2024,"Oct","Weekday",94,0
"G","M-Transbay",2024,"Oct","Weekday",253.714285714286,0
"J","M-Transbay",2024,"Oct","Weekday",262.222222222222,0
"L","M-Transbay",2024,"Oct","Weekday",135,0
"LA","M-Transbay",2024,"Oct","Weekday",78.75,0
"NL","M-Transbay",2024,"Oct","Saturday",1361,1
"NL","M-Transbay",2024,"Oct","Sunday",1139,1
"NL","M-Transbay",2024,"Oct","Weekday",2518,1
"NX","M-Transbay",2024,"Oct","Weekday",175,0
"NX3","M-Transbay",2024,"Oct","Weekday",136,0
"O","M-Transbay",2024,"Oct","Saturday",851,1
"O","M-Transbay",2024,"Oct","Sunday",775,1
"O","M-Transbay",2024,"Oct","Weekday",1201,1
"OX","M-Transbay",2024,"Oct","Weekday",117,0
"P","M-Transbay",2024,"Oct","Weekday",359,0
"U","M-Transbay",2024,"Oct","Weekday",280,0
"V","M-Transbay",2024,"Oct","Weekday",239,0
"W","M-Transbay",2024,"Oct","Weekday",158,0
"10","Local",2024,"Nov","Saturday",1444,1
"10","Local",2024,"Nov","Sunday",1389,1
"10","Local",2024,"Nov","Weekday",2193,1
"12","Local",2024,"Nov","Saturday",1704,1
"12","Local",2024,"Nov","Sunday",1400,1
"12","Local",2024,"Nov","Weekday",2358,1
"14","Local",2024,"Nov","Saturday",1554,1
"14","Local",2024,"Nov","Sunday",1333,1
"14","Local",2024,"Nov","Weekday",3037,1
"18","Local",2024,"Nov","Saturday",2700,1
"18","Local",2024,"Nov","Sunday",2458,1
"18","Local",2024,"Nov","Weekday",3986,1
"19","Local",2024,"Nov","Saturday",190,1
"19","Local",2024,"Nov","Sunday",171,1
"19","Local",2024,"Nov","Weekday",241,1
"1T","Local",2024,"Nov","Saturday",11709.2380952381,1
"1T","Local",2024,"Nov","Sunday",12195.7473684211,1
"1T","Local",2024,"Nov","Weekday",15734.2180094787,1
"20","Local",2024,"Nov","Saturday",1766.98507462687,1
"20","Local",2024,"Nov","Sunday",1532,1
"20","Local",2024,"Nov","Weekday",1900,1
"200","Local",2024,"Nov","Saturday",947,1
"200","Local",2024,"Nov","Sunday",837,1
"200","Local",2024,"Nov","Weekday",1233,1
"21","Local",2024,"Nov","Saturday",959,1
"21","Local",2024,"Nov","Sunday",842,1
"21","Local",2024,"Nov","Weekday",1189,1
"210","Local",2024,"Nov","Saturday",689,1
"210","Local",2024,"Nov","Sunday",601,1
"210","Local",2024,"Nov","Weekday",1183,1
"212","Local",2024,"Nov","Saturday",476,1
"212","Local",2024,"Nov","Sunday",389,1
"212","Local",2024,"Nov","Weekday",641,1
"215","Local",2024,"Nov","Weekday",178,0
"216","Local",2024,"Nov","Saturday",195,1
"216","Local",2024,"Nov","Sunday",193,1
"216","Local",2024,"Nov","Weekday",290,1
"217","Local",2024,"Nov","Saturday",593,1
"217","Local",2024,"Nov","Sunday",527,1
"217","Local",2024,"Nov","Weekday",948,1
"232","Local",2024,"Nov","Saturday",220,1
"232","Local",2024,"Nov","Sunday",199,1
"232","Local",2024,"Nov","Weekday",298,1
"239","Local",2024,"Nov","Weekday",600,0
"251","Local",2024,"Nov","Saturday",120,1
"251","Local",2024,"Nov","Sunday",93,1
"251","Local",2024,"Nov","Weekday",181,1
"28","Local",2024,"Nov","Saturday",433,1
"28","Local",2024,"Nov","Sunday",375,1
"28","Local",2024,"Nov","Weekday",577,1
"29","Local",2024,"Nov","Saturday",815,1
"29","Local",2024,"Nov","Sunday",783,1
"29","Local",2024,"Nov","Weekday",1161,1
"33","Local",2024,"Nov","Saturday",1317.54807692308,1
"33","Local",2024,"Nov","Sunday",1102,1
"33","Local",2024,"Nov","Weekday",2301,1
"34","Local",2024,"Nov","Saturday",567,1
"34","Local",2024,"Nov","Sunday",447,1
"34","Local",2024,"Nov","Weekday",661,1
"35","Local",2024,"Nov","Saturday",561,1
"35","Local",2024,"Nov","Sunday",479,1
"35","Local",2024,"Nov","Weekday",630,1
"36","Local",2024,"Nov","Saturday",1647.2602739726,1
"36","Local",2024,"Nov","Sunday",1392,1
"36","Local",2024,"Nov","Weekday",2023,1
"376","Local",2024,"Nov","Saturday",136.666666666667,1
"376","Local",2024,"Nov","Sunday",127,1
"376","Local",2024,"Nov","Weekday",135,1
"39","Local",2024,"Nov","Weekday",458,0
"40","Local",2024,"Nov","Saturday",3503,1
"40","Local",2024,"Nov","Sunday",2996,1
"40","Local",2024,"Nov","Weekday",6055,1
"41","Local",2024,"Nov","Saturday",456,1
"41","Local",2024,"Nov","Sunday",400,1
"41","Local",2024,"Nov","Weekday",595,1
"45","Local",2024,"Nov","Saturday",576,1
"45","Local",2024,"Nov","Sunday",514,1
"45","Local",2024,"Nov","Weekday",1209,1
"46L","Local",2024,"Nov","Weekday",176,0
"51A","Local",2024,"Nov","Saturday",3879,1
"51A","Local",2024,"Nov","Sunday",3331.38461538462,1
"51A","Local",2024,"Nov","Weekday",5882,1
"51B","Local",2024,"Nov","Saturday",6191,1
"51B","Local",2024,"Nov","Sunday",5730.54545454545,1
"51B","Local",2024,"Nov","Weekday",8112,1
"52","Local",2024,"Nov","Saturday",1781,1
"52","Local",2024,"Nov","Sunday",1470,1
"52","Local",2024,"Nov","Weekday",4222,1
"54","Local",2024,"Nov","Saturday",622,1
"54","Local",2024,"Nov","Sunday",472,1
"54","Local",2024,"Nov","Weekday",1250,1
"56","Local",2024,"Nov","Saturday",326,1
"56","Local",2024,"Nov","Sunday",271,1
"56","Local",2024,"Nov","Weekday",432,1
"57","Local",2024,"Nov","Saturday",4058,1
"57","Local",2024,"Nov","Sunday",3332,1
"57","Local",2024,"Nov","Weekday",4914.14814814815,1
"6","Local",2024,"Nov","Saturday",3770.97333333333,1
"6","Local",2024,"Nov","Sunday",2926.76510067114,1
"6","Local",2024,"Nov","Weekday",4737,1
"60","Local",2024,"Nov","Saturday",719,1
"60","Local",2024,"Nov","Sunday",611,1
"60","Local",2024,"Nov","Weekday",1075,1
"604","Supplemental",2024,"Nov","Weekday",79,0
"605","Supplemental",2024,"Nov","Weekday",51,0
"606","Supplemental",2024,"Nov","Weekday",57,0
"607","Supplemental",2024,"Nov","Weekday",7,0
"617","Supplemental",2024,"Nov","Weekday",130,0
"62","Local",2024,"Nov","Saturday",1032,1
"62","Local",2024,"Nov","Sunday",975,1
"62","Local",2024,"Nov","Weekday",2030,1
"620","Supplemental",2024,"Nov","Weekday",23,0
"621","Supplemental",2024,"Nov","Weekday",339,0
"623","Supplemental",2024,"Nov","Weekday",1110,0
"624","Supplemental",2024,"Nov","Weekday",58,0
"625","Supplemental",2024,"Nov","Weekday",312,0
"626","Supplemental",2024,"Nov","Weekday",10,0
"628","Supplemental",2024,"Nov","Weekday",12,0
"629","Supplemental",2024,"Nov","Weekday",49,0
"631","Supplemental",2024,"Nov","Weekday",179,0
"638","Supplemental",2024,"Nov","Weekday",112,0
"641","Supplemental",2024,"Nov","Weekday",172.5,0
"642","Supplemental",2024,"Nov","Weekday",83,0
"646","Supplemental",2024,"Nov","Weekday",439.375,0
"648","Supplemental",2024,"Nov","Weekday",180.571428571429,0
"649","Supplemental",2024,"Nov","Weekday",156.571428571429,0
"65","Local",2024,"Nov","Weekday",334,0
"650","Supplemental",2024,"Nov","Weekday",132,0
"651","Supplemental",2024,"Nov","Weekday",96,0
"652","Supplemental",2024,"Nov","Weekday",102.666666666667,0
"653","Supplemental",2024,"Nov","Weekday",162.666666666667,0
"654","Supplemental",2024,"Nov","Weekday",437.818181818182,0
"655","Supplemental",2024,"Nov","Weekday",148,0
"657","Supplemental",2024,"Nov","Weekday",295.555555555556,0
"658","Supplemental",2024,"Nov","Weekday",201.333333333333,0
"660","Supplemental",2024,"Nov","Weekday",119,0
"662","Supplemental",2024,"Nov","Weekday",116,0
"663","Supplemental",2024,"Nov","Weekday",67,0
"667","Supplemental",2024,"Nov","Weekday",133,0
"669","Supplemental",2024,"Nov","Weekday",59,0
"67","Local",2024,"Nov","Weekday",350,0
"671","Supplemental",2024,"Nov","Weekday",117.25,0
"672","Supplemental",2024,"Nov","Weekday",19.5,0
"675","Supplemental",2024,"Nov","Weekday",288,0
"676","Supplemental",2024,"Nov","Weekday",101.5,0
"677","Supplemental",2024,"Nov","Weekday",133,0
"680","Supplemental",2024,"Nov","Weekday",64,0
"681","Supplemental",2024,"Nov","Weekday",12,0
"682","Supplemental",2024,"Nov","Weekday",218,0
"683","Supplemental",2024,"Nov","Weekday",38,0
"684","Supplemental",2024,"Nov","Weekday",187,0
"687","Supplemental",2024,"Nov","Weekday",182,0
"688","Supplemental",2024,"Nov","Weekday",60,0
"696","Supplemental",2024,"Nov","Weekday",31,0
"7","Local",2024,"Nov","Saturday",2378,1
"7","Local",2024,"Nov","Sunday",1980,1
"7","Local",2024,"Nov","Weekday",2513,1
"70","Local",2024,"Nov","Saturday",334,1
"70","Local",2024,"Nov","Sunday",294,1
"70","Local",2024,"Nov","Weekday",374,1
"701","M-Transbay",2024,"Nov","Weekday",48,0
"702","M-Transbay",2024,"Nov","Weekday",14,0
"703","M-Transbay",2024,"Nov","Weekday",10,0
"71","Local",2024,"Nov","Saturday",430,1
"71","Local",2024,"Nov","Sunday",391,1
"71","Local",2024,"Nov","Weekday",968,1
"72","Local",2024,"Nov","Saturday",2562,1
"72","Local",2024,"Nov","Sunday",2299,1
"72","Local",2024,"Nov","Weekday",2835,1
"72M","Local",2024,"Nov","Saturday",2220,1
"72M","Local",2024,"Nov","Sunday",2026,1
"72M","Local",2024,"Nov","Weekday",2830,1
"72R","Local",2024,"Nov","Saturday",2735,1
"72R","Local",2024,"Nov","Sunday",2299,1
"72R","Local",2024,"Nov","Weekday",3944,1
"73","Local",2024,"Nov","Saturday",1372,1
"73","Local",2024,"Nov","Sunday",1255.72027972028,1
"73","Local",2024,"Nov","Weekday",1943,1
"74","Local",2024,"Nov","Saturday",418,1
"74","Local",2024,"Nov","Sunday",363,1
"74","Local",2024,"Nov","Weekday",966,1
"76","Local",2024,"Nov","Saturday",1092,1
"76","Local",2024,"Nov","Sunday",958,1
"76","Local",2024,"Nov","Weekday",1847,1
"79","Local",2024,"Nov","Saturday",1326,1
"79","Local",2024,"Nov","Sunday",1312,1
"79","Local",2024,"Nov","Weekday",2105,1
"800","All Nighter",2024,"Nov","Saturday",632.739130434783,1
"800","All Nighter",2024,"Nov","Sunday",359,1
"800","All Nighter",2024,"Nov","Weekday",431,1
"801","All Nighter",2024,"Nov","Saturday",252,1
"801","All Nighter",2024,"Nov","Sunday",264,1
"801","All Nighter",2024,"Nov","Weekday",270,1
"802","All Nighter",2024,"Nov","Saturday",44,1
"802","All Nighter",2024,"Nov","Sunday",58,1
"802","All Nighter",2024,"Nov","Weekday",66,1
"805","All Nighter",2024,"Nov","Saturday",72,1
"805","All Nighter",2024,"Nov","Sunday",83,1
"805","All Nighter",2024,"Nov","Weekday",90,1
"840","All Nighter",2024,"Nov","Saturday",58,1
"840","All Nighter",2024,"Nov","Sunday",61,1
"840","All Nighter",2024,"Nov","Weekday",66,1
"851","All Nighter",2024,"Nov","Saturday",87,1
"851","All Nighter",2024,"Nov","Sunday",96,1
"851","All Nighter",2024,"Nov","Weekday",92,1
"86","Local",2024,"Nov","Saturday",700,1
"86","Local",2024,"Nov","Sunday",612.761194029851,1
"86","Local",2024,"Nov","Weekday",1312,1
"88","Local",2024,"Nov","Saturday",1131.14285714286,1
"88","Local",2024,"Nov","Sunday",1077,1
"88","Local",2024,"Nov","Weekday",1871,1
"90","Local",2024,"Nov","Saturday",352,1
"90","Local",2024,"Nov","Sunday",369.515151515152,1
"90","Local",2024,"Nov","Weekday",655,1
"93","Local",2024,"Nov","Saturday",419,1
"93","Local",2024,"Nov","Sunday",370,1
"93","Local",2024,"Nov","Weekday",850,1
"95","Local",2024,"Nov","Saturday",130.09756097561,1
"95","Local",2024,"Nov","Sunday",111,1
"95","Local",2024,"Nov","Weekday",242.266666666667,1
"96","Local",2024,"Nov","Saturday",1183.63636363636,1
"96","Local",2024,"Nov","Sunday",950,1
"96","Local",2024,"Nov","Weekday",1319,1
"97","Local",2024,"Nov","Saturday",1541,1
"97","Local",2024,"Nov","Sunday",1356,1
"97","Local",2024,"Nov","Weekday",2880,1
"98","Local",2024,"Nov","Saturday",539,1
"98","Local",2024,"Nov","Sunday",446,1
"98","Local",2024,"Nov","Weekday",1198,1
"99","Local",2024,"Nov","Saturday",1425,1
"99","Local",2024,"Nov","Sunday",1209,1
"99","Local",2024,"Nov","Weekday",2299,1
"E","M-Transbay",2024,"Nov","Weekday",145,0
"F","M-Transbay",2024,"Nov","Saturday",1702,1
"F","M-Transbay",2024,"Nov","Sunday",1680,1
"F","M-Transbay",2024,"Nov","Weekday",2252,1
"FS","M-Transbay",2024,"Nov","Weekday",89,0
"G","M-Transbay",2024,"Nov","Weekday",189.333333333333,0
"J","M-Transbay",2024,"Nov","Weekday",240,0
"L","M-Transbay",2024,"Nov","Weekday",116,0
"LA","M-Transbay",2024,"Nov","Weekday",68.75,0
"NL","M-Transbay",2024,"Nov","Saturday",1219,1
"NL","M-Transbay",2024,"Nov","Sunday",1066,1
"NL","M-Transbay",2024,"Nov","Weekday",2294,1
"NX","M-Transbay",2024,"Nov","Weekday",151,0
"NX3","M-Transbay",2024,"Nov","Weekday",92,0
"O","M-Transbay",2024,"Nov","Saturday",745,1
"O","M-Transbay",2024,"Nov","Sunday",727,1
"O","M-Transbay",2024,"Nov","Weekday",1103,1
"OX","M-Transbay",2024,"Nov","Weekday",107,0
"P","M-Transbay",2024,"Nov","Weekday",291,0
"U","M-Transbay",2024,"Nov","Weekday",219,0
"V","M-Transbay",2024,"Nov","Weekday",203,0
"W","M-Transbay",2024,"Nov","Weekday",166,0
"10","Local",2024,"Dec","Saturday",1430.25420560748,1
"10","Local",2024,"Dec","Sunday",1162.76635514019,1
"10","Local",2024,"Dec","Weekday",2230.57142857143,1
"12","Local",2024,"Dec","Saturday",1485.33333333333,1
"12","Local",2024,"Dec","Sunday",1141,1
"12","Local",2024,"Dec","Weekday",2329.95238095238,1
"14","Local",2024,"Dec","Saturday",1348.29332552693,1
"14","Local",2024,"Dec","Sunday",1158.1693989071,1
"14","Local",2024,"Dec","Weekday",3026.03225806452,1
"18","Local",2024,"Dec","Saturday",2361.64893617021,1
"18","Local",2024,"Dec","Sunday",1939.92698412698,1
"18","Local",2024,"Dec","Weekday",3548,1
"19","Local",2024,"Dec","Saturday",211,1
"19","Local",2024,"Dec","Sunday",182,1
"19","Local",2024,"Dec","Weekday",235.619047619048,1
"1T","Local",2024,"Dec","Saturday",12997.0448275862,1
"1T","Local",2024,"Dec","Sunday",11774.6834010678,1
"1T","Local",2024,"Dec","Weekday",16737.2058063792,1
"20","Local",2024,"Dec","Saturday",1606.95309168444,1
"20","Local",2024,"Dec","Sunday",1268.47798742138,1
"20","Local",2024,"Dec","Weekday",1936.57142857143,1
"200","Local",2024,"Dec","Saturday",856,1
"200","Local",2024,"Dec","Sunday",601.40074906367,1
"200","Local",2024,"Dec","Weekday",1244.80952380952,1
"21","Local",2024,"Dec","Saturday",935.867924528302,1
"21","Local",2024,"Dec","Sunday",777.056603773585,1
"21","Local",2024,"Dec","Weekday",1217.57142857143,1
"210","Local",2024,"Dec","Saturday",607.5,1
"210","Local",2024,"Dec","Sunday",423.333333333333,1
"210","Local",2024,"Dec","Weekday",1043.09523809524,1
"212","Local",2024,"Dec","Saturday",455.39320754717,1
"212","Local",2024,"Dec","Sunday",235.666666666667,1
"212","Local",2024,"Dec","Weekday",635.333333333333,1
"215","Local",2024,"Dec","Weekday",175.761904761905,0
"216","Local",2024,"Dec","Saturday",187.5,1
"216","Local",2024,"Dec","Sunday",368.333333333333,1
"216","Local",2024,"Dec","Weekday",281.142857142857,1
"217","Local",2024,"Dec","Saturday",524.48275862069,1
"217","Local",2024,"Dec","Sunday",290.576271186441,1
"217","Local",2024,"Dec","Weekday",813.238095238095,1
"232","Local",2024,"Dec","Saturday",192.478260869565,1
"232","Local",2024,"Dec","Sunday",136.333333333333,1
"232","Local",2024,"Dec","Weekday",291.380952380952,1
"239","Local",2024,"Dec","Weekday",574.857142857143,0
"251","Local",2024,"Dec","Saturday",115.458333333333,1
"251","Local",2024,"Dec","Sunday",124.017543859649,1
"251","Local",2024,"Dec","Weekday",173.714285714286,1
"28","Local",2024,"Dec","Saturday",378.5,1
"28","Local",2024,"Dec","Sunday",350.333333333333,1
"28","Local",2024,"Dec","Weekday",583.47619047619,1
"29","Local",2024,"Dec","Saturday",765.760975609756,1
"29","Local",2024,"Dec","Sunday",650.106666666667,1
"29","Local",2024,"Dec","Weekday",1142.52380952381,1
"33","Local",2024,"Dec","Saturday",1218.82868775446,1
"33","Local",2024,"Dec","Sunday",952.403846153846,1
"33","Local",2024,"Dec","Weekday",2114.38095238095,1
"34","Local",2024,"Dec","Saturday",506.222222222222,1
"34","Local",2024,"Dec","Sunday",412,1
"34","Local",2024,"Dec","Weekday",683.428571428571,1
"35","Local",2024,"Dec","Saturday",521.535714285714,1
"35","Local",2024,"Dec","Sunday",432.666666666667,1
"35","Local",2024,"Dec","Weekday",625.380952380952,1
"36","Local",2024,"Dec","Saturday",1331.64520547945,1
"36","Local",2024,"Dec","Sunday",967,1
"36","Local",2024,"Dec","Weekday",1688.09523809524,1
"376","Local",2024,"Dec","Saturday",120,1
"376","Local",2024,"Dec","Sunday",1175,1
"376","Local",2024,"Dec","Weekday",133.095238095238,1
"39","Local",2024,"Dec","Weekday",421.299319727891,0
"40","Local",2024,"Dec","Saturday",3244.5,1
"40","Local",2024,"Dec","Sunday",2974.8,1
"40","Local",2024,"Dec","Weekday",6243.14285714286,1
"41","Local",2024,"Dec","Saturday",440,1
"41","Local",2024,"Dec","Sunday",340,1
"41","Local",2024,"Dec","Weekday",594,1
"45","Local",2024,"Dec","Saturday",516.5,1
"45","Local",2024,"Dec","Sunday",448.463768115942,1
"45","Local",2024,"Dec","Weekday",1212.61904761905,1
"46L","Local",2024,"Dec","Weekday",173.47619047619,0
"51A","Local",2024,"Dec","Saturday",3663.15982142857,1
"51A","Local",2024,"Dec","Sunday",2920.33333333333,1
"51A","Local",2024,"Dec","Weekday",5770.8442886357,1
"51B","Local",2024,"Dec","Saturday",4854.27563754748,1
"51B","Local",2024,"Dec","Sunday",3299.91026878418,1
"51B","Local",2024,"Dec","Weekday",6359.71428571429,1
"52","Local",2024,"Dec","Saturday",1295.46376811594,1
"52","Local",2024,"Dec","Sunday",977.666666666667,1
"52","Local",2024,"Dec","Weekday",2861.19047619048,1
"54","Local",2024,"Dec","Saturday",548.354838709677,1
"54","Local",2024,"Dec","Sunday",420.928205128205,1
"54","Local",2024,"Dec","Weekday",1161.52380952381,1
"56","Local",2024,"Dec","Saturday",315.845117845118,1
"56","Local",2024,"Dec","Sunday",247.666666666667,1
"56","Local",2024,"Dec","Weekday",403.285714285714,1
"57","Local",2024,"Dec","Saturday",3438.63450782998,1
"57","Local",2024,"Dec","Sunday",3039.59901444261,1
"57","Local",2024,"Dec","Weekday",4788.38095238095,1
"6","Local",2024,"Dec","Saturday",2704.18656517094,1
"6","Local",2024,"Dec","Sunday",2085.2049382716,1
"6","Local",2024,"Dec","Weekday",4146.42857142857,1
"60","Local",2024,"Dec","Saturday",687,1
"60","Local",2024,"Dec","Sunday",565.666666666667,1
"60","Local",2024,"Dec","Weekday",1015.95238095238,1
"604","Supplemental",2024,"Dec","Weekday",94.2857142857143,0
"605","Supplemental",2024,"Dec","Weekday",38.1428571428571,0
"606","Supplemental",2024,"Dec","Weekday",51.9047619047619,0
"607","Supplemental",2024,"Dec","Weekday",15.7619047619048,0
"617","Supplemental",2024,"Dec","Weekday",112.642857142857,0
"62","Local",2024,"Dec","Saturday",948.832261029412,1
"62","Local",2024,"Dec","Sunday",845.378787878788,1
"62","Local",2024,"Dec","Weekday",2011.47619047619,1
"620","Supplemental",2024,"Dec","Weekday",45.2142857142857,0
"621","Supplemental",2024,"Dec","Weekday",315.904761904762,0
"623","Supplemental",2024,"Dec","Weekday",892.478632478632,0
"624","Supplemental",2024,"Dec","Weekday",57.2380952380952,0
"625","Supplemental",2024,"Dec","Weekday",365.26455026455,0
"626","Supplemental",2024,"Dec","Weekday",7,0
"628","Supplemental",2024,"Dec","Weekday",11.3809523809524,0
"629","Supplemental",2024,"Dec","Weekday",45.0476190476191,0
"631","Supplemental",2024,"Dec","Weekday",210.785714285714,0
"638","Supplemental",2024,"Dec","Weekday",95.3809523809524,0
"641","Supplemental",2024,"Dec","Weekday",190.357142857143,0
"642","Supplemental",2024,"Dec","Weekday",82.6666666666667,0
"646","Supplemental",2024,"Dec","Weekday",331.115646258503,0
"648","Supplemental",2024,"Dec","Weekday",196.142857142857,0
"649","Supplemental",2024,"Dec","Weekday",142.952380952381,0
"65","Local",2024,"Dec","Weekday",346.222222222222,0
"650","Supplemental",2024,"Dec","Weekday",100.333333333333,0
"651","Supplemental",2024,"Dec","Weekday",85.8571428571429,0
"652","Supplemental",2024,"Dec","Weekday",87.1904761904762,0
"653","Supplemental",2024,"Dec","Weekday",135,0
"654","Supplemental",2024,"Dec","Weekday",331.571428571429,0
"655","Supplemental",2024,"Dec","Weekday",193.12380952381,0
"657","Supplemental",2024,"Dec","Weekday",249.714285714286,0
"658","Supplemental",2024,"Dec","Weekday",233.741496598639,0
"660","Supplemental",2024,"Dec","Weekday",110.809523809524,0
"662","Supplemental",2024,"Dec","Weekday",91.5714285714286,0
"663","Supplemental",2024,"Dec","Weekday",51.3333333333333,0
"667","Supplemental",2024,"Dec","Weekday",119.622222222222,0
"669","Supplemental",2024,"Dec","Weekday",85.6666666666667,0
"67","Local",2024,"Dec","Weekday",350,0
"671","Supplemental",2024,"Dec","Weekday",83.5238095238095,0
"672","Supplemental",2024,"Dec","Weekday",16.9047619047619,0
"675","Supplemental",2024,"Dec","Weekday",325.551020408163,0
"676","Supplemental",2024,"Dec","Weekday",98.2857142857143,0
"677","Supplemental",2024,"Dec","Weekday",122.507936507937,0
"680","Supplemental",2024,"Dec","Weekday",33.7619047619048,0
"681","Supplemental",2024,"Dec","Weekday",11.8571428571429,0
"682","Supplemental",2024,"Dec","Weekday",138.968253968254,0
"683","Supplemental",2024,"Dec","Weekday",27.3333333333333,0
"684","Supplemental",2024,"Dec","Weekday",161.095238095238,0
"687","Supplemental",2024,"Dec","Weekday",170.952380952381,0
"688","Supplemental",2024,"Dec","Weekday",64.9047619047619,0
"696","Supplemental",2024,"Dec","Weekday",24.1904761904762,0
"7","Local",2024,"Dec","Saturday",1610.15384615385,1
"7","Local",2024,"Dec","Sunday",1345.33333333333,1
"7","Local",2024,"Dec","Weekday",2052.66666666667,1
"70","Local",2024,"Dec","Saturday",268.5,1
"70","Local",2024,"Dec","Sunday",245.666666666667,1
"70","Local",2024,"Dec","Weekday",385.380952380952,1
"701","M-Transbay",2024,"Dec","Weekday",55.1904761904762,0
"702","M-Transbay",2024,"Dec","Weekday",11.3809523809524,0
"703","M-Transbay",2024,"Dec","Weekday",8.95238095238095,0
"71","Local",2024,"Dec","Saturday",404.5,1
"71","Local",2024,"Dec","Sunday",333,1
"71","Local",2024,"Dec","Weekday",953.52380952381,1
"72","Local",2024,"Dec","Saturday",2410.12554112554,1
"72","Local",2024,"Dec","Sunday",2042.52173913043,1
"72","Local",2024,"Dec","Weekday",2902.47619047619,1
"72M","Local",2024,"Dec","Saturday",2179.06460502143,1
"72M","Local",2024,"Dec","Sunday",1943.9362745098,1
"72M","Local",2024,"Dec","Weekday",2865.61904761905,1
"72R","Local",2024,"Dec","Saturday",2256.81531305004,1
"72R","Local",2024,"Dec","Sunday",1457.66666666667,1
"72R","Local",2024,"Dec","Weekday",4109.38095238095,1
"73","Local",2024,"Dec","Saturday",1258.14376078206,1
"73","Local",2024,"Dec","Sunday",679.591397849462,1
"73","Local",2024,"Dec","Weekday",1924.7619047619,1
"74","Local",2024,"Dec","Saturday",381.833333333333,1
"74","Local",2024,"Dec","Sunday",632,1
"74","Local",2024,"Dec","Weekday",934.333333333333,1
"76","Local",2024,"Dec","Saturday",892,1
"76","Local",2024,"Dec","Sunday",676.333333333333,1
"76","Local",2024,"Dec","Weekday",1788.28571428571,1
"79","Local",2024,"Dec","Saturday",1110.5,1
"79","Local",2024,"Dec","Sunday",728.10101010101,1
"79","Local",2024,"Dec","Weekday",1633.09523809524,1
"800","All Nighter",2024,"Dec","Saturday",536.3,1
"800","All Nighter",2024,"Dec","Sunday",382.846153846154,1
"800","All Nighter",2024,"Dec","Weekday",424.714285714286,1
"801","All Nighter",2024,"Dec","Saturday",249,1
"801","All Nighter",2024,"Dec","Sunday",257,1
"801","All Nighter",2024,"Dec","Weekday",265.666666666667,1
"802","All Nighter",2024,"Dec","Saturday",79,1
"802","All Nighter",2024,"Dec","Sunday",56.9333333333333,1
"802","All Nighter",2024,"Dec","Weekday",64.7619047619048,1
"805","All Nighter",2024,"Dec","Saturday",87.5,1
"805","All Nighter",2024,"Dec","Sunday",74.2222222222222,1
"805","All Nighter",2024,"Dec","Weekday",84.2380952380952,1
"840","All Nighter",2024,"Dec","Saturday",63.6,1
"840","All Nighter",2024,"Dec","Sunday",67.1111111111111,1
"840","All Nighter",2024,"Dec","Weekday",63.1428571428571,1
"851","All Nighter",2024,"Dec","Saturday",88.5,1
"851","All Nighter",2024,"Dec","Sunday",74.6666666666667,1
"851","All Nighter",2024,"Dec","Weekday",98.0476190476191,1
"86","Local",2024,"Dec","Saturday",626.985074626866,1
"86","Local",2024,"Dec","Sunday",757.808823529412,1
"86","Local",2024,"Dec","Weekday",1338.04761904762,1
"88","Local",2024,"Dec","Saturday",1081.43329525985,1
"88","Local",2024,"Dec","Sunday",545.304900860456,1
"88","Local",2024,"Dec","Weekday",1686.69959946595,1
"90","Local",2024,"Dec","Saturday",375.114102564103,1
"90","Local",2024,"Dec","Sunday",352.513227513227,1
"90","Local",2024,"Dec","Weekday",664.952380952381,1
"93","Local",2024,"Dec","Saturday",389.5,1
"93","Local",2024,"Dec","Sunday",203.589743589744,1
"93","Local",2024,"Dec","Weekday",834.666666666667,1
"95","Local",2024,"Dec","Saturday",137.72027027027,1
"95","Local",2024,"Dec","Sunday",662.606060606061,1
"95","Local",2024,"Dec","Weekday",230.647186147186,1
"96","Local",2024,"Dec","Saturday",896.630434782609,1
"96","Local",2024,"Dec","Sunday",1040.33333333333,1
"96","Local",2024,"Dec","Weekday",1266.47619047619,1
"97","Local",2024,"Dec","Saturday",1401,1
"97","Local",2024,"Dec","Sunday",714.255208333333,1
"97","Local",2024,"Dec","Weekday",2810.57923497268,1
"98","Local",2024,"Dec","Saturday",451.440677966102,1
"98","Local",2024,"Dec","Sunday",852.666666666667,1
"98","Local",2024,"Dec","Weekday",1203.61904761905,1
"99","Local",2024,"Dec","Saturday",1312.33198380567,1
"99","Local",2024,"Dec","Sunday",857.666666666667,1
"99","Local",2024,"Dec","Weekday",2166.95238095238,1
"E","M-Transbay",2024,"Dec","Weekday",113.333333333333,0
"F","M-Transbay",2024,"Dec","Saturday",1486,1
"F","M-Transbay",2024,"Dec","Sunday",1151,1
"F","M-Transbay",2024,"Dec","Weekday",1809.01098901099,1
"FS","M-Transbay",2024,"Dec","Weekday",74.1428571428571,0
"G","M-Transbay",2024,"Dec","Weekday",168.990476190476,0
"J","M-Transbay",2024,"Dec","Weekday",171.957671957672,0
"L","M-Transbay",2024,"Dec","Weekday",102.380952380952,0
"LA","M-Transbay",2024,"Dec","Weekday",56.3095238095238,0
"NL","M-Transbay",2024,"Dec","Saturday",1072.37068965517,1
"NL","M-Transbay",2024,"Dec","Sunday",935.666666666667,1
"NL","M-Transbay",2024,"Dec","Weekday",2233.38095238095,1
"NX","M-Transbay",2024,"Dec","Weekday",136.571428571429,0
"NX3","M-Transbay",2024,"Dec","Weekday",99.6071428571429,0
"O","M-Transbay",2024,"Dec","Saturday",726,1
"O","M-Transbay",2024,"Dec","Sunday",691,1
"O","M-Transbay",2024,"Dec","Weekday",1110.02270011947,1
"OX","M-Transbay",2024,"Dec","Weekday",98.1133786848073,0
"P","M-Transbay",2024,"Dec","Weekday",364.142857142857,0
"U","M-Transbay",2024,"Dec","Weekday",209.733333333333,0
"V","M-Transbay",2024,"Dec","Weekday",161.238095238095,0
"W","M-Transbay",2024,"Dec","Weekday",148.047619047619,0
"10","Local",2025,"Jan","Saturday",1489.15384615385,1
"10","Local",2025,"Jan","Sunday",1282.5,1
"10","Local",2025,"Jan","Weekday",2355.51968503937,1
"12","Local",2025,"Jan","Saturday",1667,1
"12","Local",2025,"Jan","Sunday",1273,1
"12","Local",2025,"Jan","Weekday",2701.68888888889,1
"14","Local",2025,"Jan","Saturday",1403,1
"14","Local",2025,"Jan","Sunday",1191,1
"14","Local",2025,"Jan","Weekday",3114.43548387097,1
"18","Local",2025,"Jan","Saturday",2415.14285714286,1
"18","Local",2025,"Jan","Sunday",2195.02857142857,1
"18","Local",2025,"Jan","Weekday",3625.16058394161,1
"19","Local",2025,"Jan","Saturday",227,1
"19","Local",2025,"Jan","Sunday",163,1
"19","Local",2025,"Jan","Weekday",252,1
"1T","Local",2025,"Jan","Saturday",13329.2063492063,1
"1T","Local",2025,"Jan","Sunday",11884.6073298429,1
"1T","Local",2025,"Jan","Weekday",16626.4207920792,1
"20","Local",2025,"Jan","Saturday",1610.03076923077,1
"20","Local",2025,"Jan","Sunday",1313.36666666667,1
"20","Local",2025,"Jan","Weekday",1938.50746268657,1
"200","Local",2025,"Jan","Saturday",912.134831460674,1
"200","Local",2025,"Jan","Sunday",774.606741573034,1
"200","Local",2025,"Jan","Weekday",1294.54545454545,1
"21","Local",2025,"Jan","Saturday",973.018867924528,1
"21","Local",2025,"Jan","Sunday",815.094339622642,1
"21","Local",2025,"Jan","Weekday",1256,1
"210","Local",2025,"Jan","Saturday",622.869565217391,1
"210","Local",2025,"Jan","Sunday",569,1
"210","Local",2025,"Jan","Weekday",1127,1
"212","Local",2025,"Jan","Saturday",457,1
"212","Local",2025,"Jan","Sunday",373,1
"212","Local",2025,"Jan","Weekday",640,1
"215","Local",2025,"Jan","Weekday",177,0
"216","Local",2025,"Jan","Saturday",204,1
"216","Local",2025,"Jan","Sunday",172,1
"216","Local",2025,"Jan","Weekday",288,1
"217","Local",2025,"Jan","Saturday",565,1
"217","Local",2025,"Jan","Sunday",507,1
"217","Local",2025,"Jan","Weekday",892,1
"232","Local",2025,"Jan","Saturday",182,1
"232","Local",2025,"Jan","Sunday",183,1
"232","Local",2025,"Jan","Weekday",302,1
"239","Local",2025,"Jan","Weekday",599,0
"251","Local",2025,"Jan","Saturday",118,1
"251","Local",2025,"Jan","Sunday",100,1
"251","Local",2025,"Jan","Weekday",182,1
"28","Local",2025,"Jan","Saturday",399,1
"28","Local",2025,"Jan","Sunday",359,1
"28","Local",2025,"Jan","Weekday",627,1
"29","Local",2025,"Jan","Saturday",831,1
"29","Local",2025,"Jan","Sunday",817,1
"29","Local",2025,"Jan","Weekday",1342,1
"33","Local",2025,"Jan","Saturday",1244,1
"33","Local",2025,"Jan","Sunday",1015,1
"33","Local",2025,"Jan","Weekday",2254,1
"34","Local",2025,"Jan","Saturday",539,1
"34","Local",2025,"Jan","Sunday",489,1
"34","Local",2025,"Jan","Weekday",664,1
"35","Local",2025,"Jan","Saturday",485,1
"35","Local",2025,"Jan","Sunday",427,1
"35","Local",2025,"Jan","Weekday",610,1
"36","Local",2025,"Jan","Saturday",1226.44117647059,1
"36","Local",2025,"Jan","Sunday",1170.25714285714,1
"36","Local",2025,"Jan","Weekday",1645.15942028986,1
"376","Local",2025,"Jan","Saturday",144,1
"376","Local",2025,"Jan","Sunday",142.222222222222,1
"376","Local",2025,"Jan","Weekday",154,1
"39","Local",2025,"Jan","Weekday",476,0
"40","Local",2025,"Jan","Saturday",3347.55384615385,1
"40","Local",2025,"Jan","Sunday",2761.07692307692,1
"40","Local",2025,"Jan","Weekday",6445.4358974359,1
"41","Local",2025,"Jan","Saturday",430,1
"41","Local",2025,"Jan","Sunday",375,1
"41","Local",2025,"Jan","Weekday",634,1
"45","Local",2025,"Jan","Saturday",513,1
"45","Local",2025,"Jan","Sunday",454,1
"45","Local",2025,"Jan","Weekday",1289,1
"46L","Local",2025,"Jan","Weekday",195,0
"51A","Local",2025,"Jan","Saturday",3770.5671641791,1
"51A","Local",2025,"Jan","Sunday",3139.44881889764,1
"51A","Local",2025,"Jan","Weekday",6211.98830409357,1
"51B","Local",2025,"Jan","Saturday",4323.40740740741,1
"51B","Local",2025,"Jan","Sunday",4572.34108527132,1
"51B","Local",2025,"Jan","Weekday",5877.10588235294,1
"52","Local",2025,"Jan","Saturday",1263,1
"52","Local",2025,"Jan","Sunday",1060,1
"52","Local",2025,"Jan","Weekday",3155,1
"54","Local",2025,"Jan","Saturday",582,1
"54","Local",2025,"Jan","Sunday",419,1
"54","Local",2025,"Jan","Weekday",1255,1
"56","Local",2025,"Jan","Saturday",332,1
"56","Local",2025,"Jan","Sunday",263,1
"56","Local",2025,"Jan","Weekday",423,1
"57","Local",2025,"Jan","Saturday",3896.32692307692,1
"57","Local",2025,"Jan","Sunday",3271.56774193548,1
"57","Local",2025,"Jan","Weekday",5199.38853503185,1
"6","Local",2025,"Jan","Saturday",2693.00689655172,1
"6","Local",2025,"Jan","Sunday",2588.86896551724,1
"6","Local",2025,"Jan","Weekday",4266.9880239521,1
"60","Local",2025,"Jan","Saturday",721.358490566038,1
"60","Local",2025,"Jan","Sunday",551.207547169811,1
"60","Local",2025,"Jan","Weekday",1075,1
"604","Supplemental",2025,"Jan","Weekday",121,0
"605","Supplemental",2025,"Jan","Weekday",40,0
"606","Supplemental",2025,"Jan","Weekday",53,0
"607","Supplemental",2025,"Jan","Weekday",26,0
"617","Supplemental",2025,"Jan","Weekday",76,0
"62","Local",2025,"Jan","Saturday",1024.05633802817,1
"62","Local",2025,"Jan","Sunday",893.478873239437,1
"62","Local",2025,"Jan","Weekday",2158.81081081081,1
"620","Supplemental",2025,"Jan","Weekday",55,0
"621","Supplemental",2025,"Jan","Weekday",395,0
"623","Supplemental",2025,"Jan","Weekday",929.6,0
"624","Supplemental",2025,"Jan","Weekday",62,0
"625","Supplemental",2025,"Jan","Weekday",255,0
"626","Supplemental",2025,"Jan","Weekday",9,0
"628","Supplemental",2025,"Jan","Weekday",11,0
"629","Supplemental",2025,"Jan","Weekday",51,0
"631","Supplemental",2025,"Jan","Weekday",218.75,0
"638","Supplemental",2025,"Jan","Weekday",83,0
"641","Supplemental",2025,"Jan","Weekday",231,0
"642","Supplemental",2025,"Jan","Weekday",59,0
"646","Supplemental",2025,"Jan","Weekday",339,0
"648","Supplemental",2025,"Jan","Weekday",196,0
"649","Supplemental",2025,"Jan","Weekday",94,0
"65","Local",2025,"Jan","Weekday",615.189189189189,0
"650","Supplemental",2025,"Jan","Weekday",83,0
"651","Supplemental",2025,"Jan","Weekday",190,0
"652","Supplemental",2025,"Jan","Weekday",83,0
"653","Supplemental",2025,"Jan","Weekday",114,0
"654","Supplemental",2025,"Jan","Weekday",263,0
"655","Supplemental",2025,"Jan","Weekday",187,0
"657","Supplemental",2025,"Jan","Weekday",265,0
"658","Supplemental",2025,"Jan","Weekday",156,0
"660","Supplemental",2025,"Jan","Weekday",111,0
"662","Supplemental",2025,"Jan","Weekday",88,0
"663","Supplemental",2025,"Jan","Weekday",31,0
"667","Supplemental",2025,"Jan","Weekday",144.666666666667,0
"669","Supplemental",2025,"Jan","Weekday",97,0
"67","Local",2025,"Jan","Weekday",274,0
"671","Supplemental",2025,"Jan","Weekday",74,0
"672","Supplemental",2025,"Jan","Weekday",30,0
"675","Supplemental",2025,"Jan","Weekday",300,0
"676","Supplemental",2025,"Jan","Weekday",127,0
"677","Supplemental",2025,"Jan","Weekday",103,0
"680","Supplemental",2025,"Jan","Weekday",46,0
"681","Supplemental",2025,"Jan","Weekday",13,0
"682","Supplemental",2025,"Jan","Weekday",210,0
"683","Supplemental",2025,"Jan","Weekday",35,0
"684","Supplemental",2025,"Jan","Weekday",196,0
"687","Supplemental",2025,"Jan","Weekday",227,0
"688","Supplemental",2025,"Jan","Weekday",71,0
"696","Supplemental",2025,"Jan","Weekday",24,0
"7","Local",2025,"Jan","Saturday",1605,1
"7","Local",2025,"Jan","Sunday",1560,1
"7","Local",2025,"Jan","Weekday",2162,1
"70","Local",2025,"Jan","Saturday",331,1
"70","Local",2025,"Jan","Sunday",275,1
"70","Local",2025,"Jan","Weekday",395,1
"701","M-Transbay",2025,"Jan","Weekday",49,0
"702","M-Transbay",2025,"Jan","Weekday",12,0
"703","M-Transbay",2025,"Jan","Weekday",8,0
"71","Local",2025,"Jan","Saturday",418,1
"71","Local",2025,"Jan","Sunday",343,1
"71","Local",2025,"Jan","Weekday",984,1
"72","Local",2025,"Jan","Saturday",2526.27777777778,1
"72","Local",2025,"Jan","Sunday",2151.06849315068,1
"72","Local",2025,"Jan","Weekday",2895.20547945205,1
"72M","Local",2025,"Jan","Saturday",2434.85915492958,1
"72M","Local",2025,"Jan","Sunday",1988.02816901408,1
"72M","Local",2025,"Jan","Weekday",2878,1
"72R","Local",2025,"Jan","Saturday",2638,1
"72R","Local",2025,"Jan","Sunday",2115,1
"72R","Local",2025,"Jan","Weekday",4219,1
"73","Local",2025,"Jan","Saturday",1314.9197080292,1
"73","Local",2025,"Jan","Sunday",1169.86861313869,1
"73","Local",2025,"Jan","Weekday",2058.35294117647,1
"74","Local",2025,"Jan","Saturday",371,1
"74","Local",2025,"Jan","Sunday",337,1
"74","Local",2025,"Jan","Weekday",1036,1
"76","Local",2025,"Jan","Saturday",969,1
"76","Local",2025,"Jan","Sunday",843,1
"76","Local",2025,"Jan","Weekday",1865,1
"79","Local",2025,"Jan","Saturday",881,1
"79","Local",2025,"Jan","Sunday",1128,1
"79","Local",2025,"Jan","Weekday",1602,1
"800","All Nighter",2025,"Jan","Saturday",484,1
"800","All Nighter",2025,"Jan","Sunday",372.807692307692,1
"800","All Nighter",2025,"Jan","Weekday",419,1
"801","All Nighter",2025,"Jan","Saturday",239,1
"801","All Nighter",2025,"Jan","Sunday",250,1
"801","All Nighter",2025,"Jan","Weekday",259,1
"802","All Nighter",2025,"Jan","Saturday",79,1
"802","All Nighter",2025,"Jan","Sunday",59.4,1
"802","All Nighter",2025,"Jan","Weekday",60,1
"805","All Nighter",2025,"Jan","Saturday",107,1
"805","All Nighter",2025,"Jan","Sunday",74,1
"805","All Nighter",2025,"Jan","Weekday",79,1
"840","All Nighter",2025,"Jan","Saturday",67.2,1
"840","All Nighter",2025,"Jan","Sunday",68,1
"840","All Nighter",2025,"Jan","Weekday",56,1
"851","All Nighter",2025,"Jan","Saturday",71,1
"851","All Nighter",2025,"Jan","Sunday",72,1
"851","All Nighter",2025,"Jan","Weekday",89,1
"86","Local",2025,"Jan","Saturday",619.985294117647,1
"86","Local",2025,"Jan","Sunday",560,1
"86","Local",2025,"Jan","Weekday",1389,1
"88","Local",2025,"Jan","Saturday",1115,1
"88","Local",2025,"Jan","Sunday",958,1
"88","Local",2025,"Jan","Weekday",1920,1
"90","Local",2025,"Jan","Saturday",366,1
"90","Local",2025,"Jan","Sunday",309,1
"90","Local",2025,"Jan","Weekday",665.6,1
"93","Local",2025,"Jan","Saturday",410,1
"93","Local",2025,"Jan","Sunday",336,1
"93","Local",2025,"Jan","Weekday",867,1
"95","Local",2025,"Jan","Saturday",140,1
"95","Local",2025,"Jan","Sunday",111,1
"95","Local",2025,"Jan","Weekday",248,1
"96","Local",2025,"Jan","Saturday",999,1
"96","Local",2025,"Jan","Sunday",884,1
"96","Local",2025,"Jan","Weekday",1262,1
"97","Local",2025,"Jan","Saturday",1449,1
"97","Local",2025,"Jan","Sunday",1259,1
"97","Local",2025,"Jan","Weekday",2785.46341463415,1
"98","Local",2025,"Jan","Saturday",482.307692307692,1
"98","Local",2025,"Jan","Sunday",427.476923076923,1
"98","Local",2025,"Jan","Weekday",1272.47058823529,1
"99","Local",2025,"Jan","Saturday",1447.9746835443,1
"99","Local",2025,"Jan","Sunday",1165.64556962025,1
"99","Local",2025,"Jan","Weekday",2267.08771929825,1
"E","M-Transbay",2025,"Jan","Weekday",170,0
"F","M-Transbay",2025,"Jan","Saturday",1441.43835616438,1
"F","M-Transbay",2025,"Jan","Sunday",1326.3698630137,1
"F","M-Transbay",2025,"Jan","Weekday",2028.42105263158,1
"FS","M-Transbay",2025,"Jan","Weekday",111,0
"G","M-Transbay",2025,"Jan","Weekday",245.333333333333,0
"J","M-Transbay",2025,"Jan","Weekday",263.333333333333,0
"L","M-Transbay",2025,"Jan","Weekday",143,0
"LA","M-Transbay",2025,"Jan","Weekday",63.75,0
"NL","M-Transbay",2025,"Jan","Saturday",1113.85135135135,1
"NL","M-Transbay",2025,"Jan","Sunday",1025.67567567568,1
"NL","M-Transbay",2025,"Jan","Weekday",2385.10714285714,1
"NX","M-Transbay",2025,"Jan","Weekday",202,0
"NX3","M-Transbay",2025,"Jan","Weekday",187.833333333333,0
"O","M-Transbay",2025,"Jan","Saturday",740,1
"O","M-Transbay",2025,"Jan","Sunday",686,1
"O","M-Transbay",2025,"Jan","Weekday",1065.71875,1
"OX","M-Transbay",2025,"Jan","Weekday",95,0
"P","M-Transbay",2025,"Jan","Weekday",354,0
"U","M-Transbay",2025,"Jan","Weekday",296.4,0
"V","M-Transbay",2025,"Jan","Weekday",214,0
"W","M-Transbay",2025,"Jan","Weekday",162,0
"10","Local",2025,"Feb","Saturday",1516.15384615385,1
"10","Local",2025,"Feb","Sunday",1394.65384615385,1
"10","Local",2025,"Feb","Weekday",2359.2890625,1
"12","Local",2025,"Feb","Saturday",1790,1
"12","Local",2025,"Feb","Sunday",1410,1
"12","Local",2025,"Feb","Weekday",2706.74444444444,1
"14","Local",2025,"Feb","Saturday",1430,1
"14","Local",2025,"Feb","Sunday",1248,1
"14","Local",2025,"Feb","Weekday",3144.91935483871,1
"18","Local",2025,"Feb","Saturday",2976.6380952381,1
"18","Local",2025,"Feb","Sunday",2578.19047619048,1
"18","Local",2025,"Feb","Weekday",4126.37226277372,1
"19","Local",2025,"Feb","Saturday",207,1
"19","Local",2025,"Feb","Sunday",181,1
"19","Local",2025,"Feb","Weekday",270,1
"1T","Local",2025,"Feb","Saturday",12291.1111111111,1
"1T","Local",2025,"Feb","Sunday",12902.4210526316,1
"1T","Local",2025,"Feb","Weekday",16294.5,1
"20","Local",2025,"Feb","Saturday",1601.66153846154,1
"20","Local",2025,"Feb","Sunday",1405.33333333333,1
"20","Local",2025,"Feb","Weekday",1825.85074626866,1
"200","Local",2025,"Feb","Saturday",892.921348314607,1
"200","Local",2025,"Feb","Sunday",827,1
"200","Local",2025,"Feb","Weekday",1275,1
"21","Local",2025,"Feb","Saturday",945.509433962264,1
"21","Local",2025,"Feb","Sunday",825.283018867925,1
"21","Local",2025,"Feb","Weekday",1288,1
"210","Local",2025,"Feb","Saturday",643,1
"210","Local",2025,"Feb","Sunday",585.565217391304,1
"210","Local",2025,"Feb","Weekday",1311,1
"212","Local",2025,"Feb","Saturday",450,1
"212","Local",2025,"Feb","Sunday",404,1
"212","Local",2025,"Feb","Weekday",617,1
"215","Local",2025,"Feb","Weekday",183,0
"216","Local",2025,"Feb","Saturday",193,1
"216","Local",2025,"Feb","Sunday",178,1
"216","Local",2025,"Feb","Weekday",300,1
"217","Local",2025,"Feb","Saturday",575,1
"217","Local",2025,"Feb","Sunday",566,1
"217","Local",2025,"Feb","Weekday",1030,1
"232","Local",2025,"Feb","Saturday",203,1
"232","Local",2025,"Feb","Sunday",204,1
"232","Local",2025,"Feb","Weekday",301,1
"239","Local",2025,"Feb","Weekday",654,0
"251","Local",2025,"Feb","Saturday",130,1
"251","Local",2025,"Feb","Sunday",113,1
"251","Local",2025,"Feb","Weekday",197,1
"28","Local",2025,"Feb","Saturday",403,1
"28","Local",2025,"Feb","Sunday",364,1
"28","Local",2025,"Feb","Weekday",635,1
"29","Local",2025,"Feb","Saturday",928,1
"29","Local",2025,"Feb","Sunday",827,1
"29","Local",2025,"Feb","Weekday",1292,1
"33","Local",2025,"Feb","Saturday",1307,1
"33","Local",2025,"Feb","Sunday",1074,1
"33","Local",2025,"Feb","Weekday",2484,1
"34","Local",2025,"Feb","Saturday",524,1
"34","Local",2025,"Feb","Sunday",464,1
"34","Local",2025,"Feb","Weekday",643,1
"35","Local",2025,"Feb","Saturday",513,1
"35","Local",2025,"Feb","Sunday",436,1
"35","Local",2025,"Feb","Weekday",624,1
"36","Local",2025,"Feb","Saturday",1759.91304347826,1
"36","Local",2025,"Feb","Sunday",1496.91428571429,1
"36","Local",2025,"Feb","Weekday",2492.40579710145,1
"376","Local",2025,"Feb","Saturday",150,1
"376","Local",2025,"Feb","Sunday",134,1
"376","Local",2025,"Feb","Weekday",148,1
"39","Local",2025,"Feb","Weekday",462,0
"40","Local",2025,"Feb","Saturday",3302.20769230769,1
"40","Local",2025,"Feb","Sunday",3023.07692307692,1
"40","Local",2025,"Feb","Weekday",6327.2358974359,1
"41","Local",2025,"Feb","Saturday",423,1
"41","Local",2025,"Feb","Sunday",378,1
"41","Local",2025,"Feb","Weekday",597,1
"45","Local",2025,"Feb","Saturday",543,1
"45","Local",2025,"Feb","Sunday",505,1
"45","Local",2025,"Feb","Weekday",1293,1
"46L","Local",2025,"Feb","Weekday",200,0
"51A","Local",2025,"Feb","Saturday",3884.05223880597,1
"51A","Local",2025,"Feb","Sunday",3289.609375,1
"51A","Local",2025,"Feb","Weekday",6222.22222222222,1
"51B","Local",2025,"Feb","Saturday",7621.64179104478,1
"51B","Local",2025,"Feb","Sunday",6107.63636363636,1
"51B","Local",2025,"Feb","Weekday",8696.94736842105,1
"52","Local",2025,"Feb","Saturday",1837,1
"52","Local",2025,"Feb","Sunday",1725,1
"52","Local",2025,"Feb","Weekday",5178,1
"54","Local",2025,"Feb","Saturday",624,1
"54","Local",2025,"Feb","Sunday",461,1
"54","Local",2025,"Feb","Weekday",1337,1
"56","Local",2025,"Feb","Saturday",298,1
"56","Local",2025,"Feb","Sunday",283,1
"56","Local",2025,"Feb","Weekday",430,1
"57","Local",2025,"Feb","Saturday",3879.60897435897,1
"57","Local",2025,"Feb","Sunday",3468.51298701299,1
"57","Local",2025,"Feb","Weekday",5330.20382165605,1
"6","Local",2025,"Feb","Saturday",3364.69655172414,1
"6","Local",2025,"Feb","Sunday",2877.38888888889,1
"6","Local",2025,"Feb","Weekday",5287.37724550898,1
"60","Local",2025,"Feb","Saturday",702,1
"60","Local",2025,"Feb","Sunday",608,1
"60","Local",2025,"Feb","Weekday",1123,1
"604","Supplemental",2025,"Feb","Weekday",136,0
"605","Supplemental",2025,"Feb","Weekday",54,0
"606","Supplemental",2025,"Feb","Weekday",52,0
"607","Supplemental",2025,"Feb","Weekday",32,0
"617","Supplemental",2025,"Feb","Weekday",88,0
"62","Local",2025,"Feb","Saturday",1059.01408450704,1
"62","Local",2025,"Feb","Sunday",950.042857142857,1
"62","Local",2025,"Feb","Weekday",2189.41071428571,1
"620","Supplemental",2025,"Feb","Weekday",53,0
"621","Supplemental",2025,"Feb","Weekday",374,0
"623","Supplemental",2025,"Feb","Weekday",1047.66666666667,0
"624","Supplemental",2025,"Feb","Weekday",67,0
"625","Supplemental",2025,"Feb","Weekday",238.571428571429,0
"626","Supplemental",2025,"Feb","Weekday",12,0
"628","Supplemental",2025,"Feb","Weekday",13,0
"629","Supplemental",2025,"Feb","Weekday",42,0
"631","Supplemental",2025,"Feb","Weekday",228.75,0
"638","Supplemental",2025,"Feb","Weekday",87,0
"641","Supplemental",2025,"Feb","Weekday",229,0
"642","Supplemental",2025,"Feb","Weekday",67,0
"646","Supplemental",2025,"Feb","Weekday",326,0
"648","Supplemental",2025,"Feb","Weekday",171,0
"649","Supplemental",2025,"Feb","Weekday",90,0
"65","Local",2025,"Feb","Weekday",469.411764705882,0
"650","Supplemental",2025,"Feb","Weekday",84,0
"651","Supplemental",2025,"Feb","Weekday",39,0
"652","Supplemental",2025,"Feb","Weekday",93,0
"653","Supplemental",2025,"Feb","Weekday",111,0
"654","Supplemental",2025,"Feb","Weekday",240,0
"655","Supplemental",2025,"Feb","Weekday",193,0
"657","Supplemental",2025,"Feb","Weekday",271.111111111111,0
"658","Supplemental",2025,"Feb","Weekday",153,0
"660","Supplemental",2025,"Feb","Weekday",97,0
"662","Supplemental",2025,"Feb","Weekday",80,0
"663","Supplemental",2025,"Feb","Weekday",25.5,0
"667","Supplemental",2025,"Feb","Weekday",141.166666666667,0
"669","Supplemental",2025,"Feb","Weekday",67,0
"67","Local",2025,"Feb","Weekday",308,0
"671","Supplemental",2025,"Feb","Weekday",62,0
"672","Supplemental",2025,"Feb","Weekday",28,0
"675","Supplemental",2025,"Feb","Weekday",302.666666666667,0
"676","Supplemental",2025,"Feb","Weekday",116,0
"677","Supplemental",2025,"Feb","Weekday",110,0
"680","Supplemental",2025,"Feb","Weekday",41,0
"681","Supplemental",2025,"Feb","Weekday",15,0
"682","Supplemental",2025,"Feb","Weekday",200,0
"683","Supplemental",2025,"Feb","Weekday",28,0
"684","Supplemental",2025,"Feb","Weekday",204,0
"687","Supplemental",2025,"Feb","Weekday",186,0
"688","Supplemental",2025,"Feb","Weekday",74,0
"696","Supplemental",2025,"Feb","Weekday",24,0
"7","Local",2025,"Feb","Saturday",2450,1
"7","Local",2025,"Feb","Sunday",2338,1
"7","Local",2025,"Feb","Weekday",3198,1
"70","Local",2025,"Feb","Saturday",309,1
"70","Local",2025,"Feb","Sunday",284,1
"70","Local",2025,"Feb","Weekday",384,1
"701","M-Transbay",2025,"Feb","Weekday",49,0
"702","M-Transbay",2025,"Feb","Weekday",12,0
"703","M-Transbay",2025,"Feb","Weekday",8,0
"71","Local",2025,"Feb","Saturday",434,1
"71","Local",2025,"Feb","Sunday",359,1
"71","Local",2025,"Feb","Weekday",1030,1
"72","Local",2025,"Feb","Saturday",2704.98461538462,1
"72","Local",2025,"Feb","Sunday",2347.15492957746,1
"72","Local",2025,"Feb","Weekday",3433.33333333333,1
"72M","Local",2025,"Feb","Saturday",2380.68181818182,1
"72M","Local",2025,"Feb","Sunday",2007.29166666667,1
"72M","Local",2025,"Feb","Weekday",3055,1
"72R","Local",2025,"Feb","Saturday",2701,1
"72R","Local",2025,"Feb","Sunday",2140,1
"72R","Local",2025,"Feb","Weekday",4545,1
"73","Local",2025,"Feb","Saturday",1333.05882352941,1
"73","Local",2025,"Feb","Sunday",1184.82352941176,1
"73","Local",2025,"Feb","Weekday",1967.29411764706,1
"74","Local",2025,"Feb","Saturday",370,1
"74","Local",2025,"Feb","Sunday",357,1
"74","Local",2025,"Feb","Weekday",1032,1
"76","Local",2025,"Feb","Saturday",880,1
"76","Local",2025,"Feb","Sunday",788,1
"76","Local",2025,"Feb","Weekday",1901,1
"79","Local",2025,"Feb","Saturday",1616,1
"79","Local",2025,"Feb","Sunday",1373,1
"79","Local",2025,"Feb","Weekday",2557,1
"800","All Nighter",2025,"Feb","Saturday",484,1
"800","All Nighter",2025,"Feb","Sunday",372.807692307692,1
"800","All Nighter",2025,"Feb","Weekday",419,1
"801","All Nighter",2025,"Feb","Saturday",239,1
"801","All Nighter",2025,"Feb","Sunday",250,1
"801","All Nighter",2025,"Feb","Weekday",259,1
"802","All Nighter",2025,"Feb","Saturday",79,1
"802","All Nighter",2025,"Feb","Sunday",59.4,1
"802","All Nighter",2025,"Feb","Weekday",60,1
"805","All Nighter",2025,"Feb","Saturday",107,1
"805","All Nighter",2025,"Feb","Sunday",74,1
"805","All Nighter",2025,"Feb","Weekday",79,1
"840","All Nighter",2025,"Feb","Saturday",67.2,1
"840","All Nighter",2025,"Feb","Sunday",68,1
"840","All Nighter",2025,"Feb","Weekday",56,1
"851","All Nighter",2025,"Feb","Saturday",71,1
"851","All Nighter",2025,"Feb","Sunday",72,1
"851","All Nighter",2025,"Feb","Weekday",89,1
"86","Local",2025,"Feb","Saturday",607,1
"86","Local",2025,"Feb","Sunday",602,1
"86","Local",2025,"Feb","Weekday",1353,1
"88","Local",2025,"Feb","Saturday",1294,1
"88","Local",2025,"Feb","Sunday",1096,1
"88","Local",2025,"Feb","Weekday",2098,1
"90","Local",2025,"Feb","Saturday",358,1
"90","Local",2025,"Feb","Sunday",342,1
"90","Local",2025,"Feb","Weekday",698.88,1
"93","Local",2025,"Feb","Saturday",353,1
"93","Local",2025,"Feb","Sunday",372,1
"93","Local",2025,"Feb","Weekday",841,1
"95","Local",2025,"Feb","Saturday",129,1
"95","Local",2025,"Feb","Sunday",121.90243902439,1
"95","Local",2025,"Feb","Weekday",257,1
"96","Local",2025,"Feb","Saturday",995,1
"96","Local",2025,"Feb","Sunday",1025,1
"96","Local",2025,"Feb","Weekday",1347,1
"97","Local",2025,"Feb","Saturday",1449,1
"97","Local",2025,"Feb","Sunday",1330,1
"97","Local",2025,"Feb","Weekday",3054.63414634146,1
"98","Local",2025,"Feb","Saturday",474.184615384615,1
"98","Local",2025,"Feb","Sunday",448.8,1
"98","Local",2025,"Feb","Weekday",1291.8431372549,1
"99","Local",2025,"Feb","Saturday",1396.07594936709,1
"99","Local",2025,"Feb","Sunday",1163.375,1
"99","Local",2025,"Feb","Weekday",2364.77192982456,1
"E","M-Transbay",2025,"Feb","Weekday",153,0
"F","M-Transbay",2025,"Feb","Saturday",1955.13698630137,1
"F","M-Transbay",2025,"Feb","Sunday",1657.19178082192,1
"F","M-Transbay",2025,"Feb","Weekday",2587.36842105263,1
"FS","M-Transbay",2025,"Feb","Weekday",92,0
"G","M-Transbay",2025,"Feb","Weekday",308.8,0
"J","M-Transbay",2025,"Feb","Weekday",303.333333333333,0
"L","M-Transbay",2025,"Feb","Weekday",136,0
"LA","M-Transbay",2025,"Feb","Weekday",56.25,0
"NL","M-Transbay",2025,"Feb","Saturday",1161.48648648649,1
"NL","M-Transbay",2025,"Feb","Sunday",1117.90540540541,1
"NL","M-Transbay",2025,"Feb","Weekday",2395.19642857143,1
"NX","M-Transbay",2025,"Feb","Weekday",198,0
"NX3","M-Transbay",2025,"Feb","Weekday",172.2,0
"O","M-Transbay",2025,"Feb","Saturday",752,1
"O","M-Transbay",2025,"Feb","Sunday",721,1
"O","M-Transbay",2025,"Feb","Weekday",1089.796875,1
"OX","M-Transbay",2025,"Feb","Weekday",112,0
"P","M-Transbay",2025,"Feb","Weekday",347,0
"U","M-Transbay",2025,"Feb","Weekday",274.8,0
"V","M-Transbay",2025,"Feb","Weekday",242,0
"W","M-Transbay",2025,"Feb","Weekday",167,0
"10","Local",2025,"Mar","Saturday",1538.13311036789,1
"10","Local",2025,"Mar","Sunday",1338.57692307692,1
"10","Local",2025,"Mar","Weekday",2418.75,1
"12","Local",2025,"Mar","Saturday",1794.6,1
"12","Local",2025,"Mar","Sunday",1302,1
"12","Local",2025,"Mar","Weekday",2508,1
"14","Local",2025,"Mar","Saturday",1526.95517241379,1
"14","Local",2025,"Mar","Sunday",1183,1
"14","Local",2025,"Mar","Weekday",3172,1
"18","Local",2025,"Mar","Saturday",2563.97864855451,1
"18","Local",2025,"Mar","Sunday",2375.4,1
"18","Local",2025,"Mar","Weekday",3966.06569343066,1
"19","Local",2025,"Mar","Saturday",213.722580645161,1
"19","Local",2025,"Mar","Sunday",180,1
"19","Local",2025,"Mar","Weekday",253,1
"1T","Local",2025,"Mar","Saturday",13461.9866521265,1
"1T","Local",2025,"Mar","Sunday",10994.6601941748,1
"1T","Local",2025,"Mar","Weekday",16280.3333333333,1
"20","Local",2025,"Mar","Saturday",1703.13846153846,1
"20","Local",2025,"Mar","Sunday",1341.26666666667,1
"20","Local",2025,"Mar","Weekday",1893.85074626866,1
"200","Local",2025,"Mar","Saturday",961.155981493721,1
"200","Local",2025,"Mar","Sunday",816.067415730337,1
"200","Local",2025,"Mar","Weekday",1298,1
"21","Local",2025,"Mar","Saturday",925.923657474601,1
"21","Local",2025,"Mar","Sunday",748.867924528302,1
"21","Local",2025,"Mar","Weekday",1299,1
"210","Local",2025,"Mar","Saturday",675.509593495935,1
"210","Local",2025,"Mar","Sunday",612,1
"210","Local",2025,"Mar","Weekday",1260,1
"212","Local",2025,"Mar","Saturday",461.879069767442,1
"212","Local",2025,"Mar","Sunday",404,1
"212","Local",2025,"Mar","Weekday",633,1
"215","Local",2025,"Mar","Weekday",175,0
"216","Local",2025,"Mar","Saturday",224.894117647059,1
"216","Local",2025,"Mar","Sunday",171,1
"216","Local",2025,"Mar","Weekday",289,1
"217","Local",2025,"Mar","Saturday",589.4,1
"217","Local",2025,"Mar","Sunday",520,1
"217","Local",2025,"Mar","Weekday",910,1
"232","Local",2025,"Mar","Saturday",221.55,1
"232","Local",2025,"Mar","Sunday",203,1
"232","Local",2025,"Mar","Weekday",300,1
"239","Local",2025,"Mar","Weekday",625,0
"251","Local",2025,"Mar","Saturday",130.94,1
"251","Local",2025,"Mar","Sunday",102,1
"251","Local",2025,"Mar","Weekday",195,1
"28","Local",2025,"Mar","Saturday",408.6,1
"28","Local",2025,"Mar","Sunday",395,1
"28","Local",2025,"Mar","Weekday",631,1
"29","Local",2025,"Mar","Saturday",885.232,1
"29","Local",2025,"Mar","Sunday",598,1
"29","Local",2025,"Mar","Weekday",1232,1
"33","Local",2025,"Mar","Saturday",1292.08484848485,1
"33","Local",2025,"Mar","Sunday",950,1
"33","Local",2025,"Mar","Weekday",2456,1
"34","Local",2025,"Mar","Saturday",573.014285714286,1
"34","Local",2025,"Mar","Sunday",449,1
"34","Local",2025,"Mar","Weekday",667,1
"35","Local",2025,"Mar","Saturday",520.692307692308,1
"35","Local",2025,"Mar","Sunday",463,1
"35","Local",2025,"Mar","Weekday",660,1
"36","Local",2025,"Mar","Saturday",1555.53780397937,1
"36","Local",2025,"Mar","Sunday",1402.78260869565,1
"36","Local",2025,"Mar","Weekday",2113.82608695652,1
"376","Local",2025,"Mar","Saturday",207.2,1
"376","Local",2025,"Mar","Sunday",160,1
"376","Local",2025,"Mar","Weekday",150.909090909091,1
"39","Local",2025,"Mar","Weekday",472.5,0
"40","Local",2025,"Mar","Saturday",3327.91824175824,1
"40","Local",2025,"Mar","Sunday",2460.78461538462,1
"40","Local",2025,"Mar","Weekday",6359.85051546392,1
"41","Local",2025,"Mar","Saturday",455.6,1
"41","Local",2025,"Mar","Sunday",372,1
"41","Local",2025,"Mar","Weekday",600,1
"45","Local",2025,"Mar","Saturday",595.175757575758,1
"45","Local",2025,"Mar","Sunday",413,1
"45","Local",2025,"Mar","Weekday",1275,1
"46L","Local",2025,"Mar","Weekday",189,0
"51A","Local",2025,"Mar","Saturday",3782.3522151149,1
"51A","Local",2025,"Mar","Sunday",2810.234375,1
"51A","Local",2025,"Mar","Weekday",6026.75438596491,1
"51B","Local",2025,"Mar","Saturday",6624.87757133378,1
"51B","Local",2025,"Mar","Sunday",5078.38759689923,1
"51B","Local",2025,"Mar","Weekday",7501.33333333333,1
"52","Local",2025,"Mar","Saturday",1892.90746268657,1
"52","Local",2025,"Mar","Sunday",1513,1
"52","Local",2025,"Mar","Weekday",4096,1
"54","Local",2025,"Mar","Saturday",653,1
"54","Local",2025,"Mar","Sunday",425,1
"54","Local",2025,"Mar","Weekday",1318,1
"56","Local",2025,"Mar","Saturday",297.762962962963,1
"56","Local",2025,"Mar","Sunday",256,1
"56","Local",2025,"Mar","Weekday",422,1
"57","Local",2025,"Mar","Saturday",4099.66494505494,1
"57","Local",2025,"Mar","Sunday",3312.94904458599,1
"57","Local",2025,"Mar","Weekday",5313.5923566879,1
"6","Local",2025,"Mar","Saturday",3217.44143897996,1
"6","Local",2025,"Mar","Sunday",2656.55862068966,1
"6","Local",2025,"Mar","Weekday",4637.8502994012,1
"60","Local",2025,"Mar","Saturday",734.24,1
"60","Local",2025,"Mar","Sunday",602.150943396226,1
"60","Local",2025,"Mar","Weekday",1107,1
"604","Supplemental",2025,"Mar","Weekday",124,0
"605","Supplemental",2025,"Mar","Weekday",46,0
"606","Supplemental",2025,"Mar","Weekday",45,0
"607","Supplemental",2025,"Mar","Weekday",34,0
"617","Supplemental",2025,"Mar","Weekday",74,0
"62","Local",2025,"Mar","Saturday",1189.92393442623,1
"62","Local",2025,"Mar","Sunday",946.884057971014,1
"62","Local",2025,"Mar","Weekday",2326.82142857143,1
"620","Supplemental",2025,"Mar","Weekday",49,0
"621","Supplemental",2025,"Mar","Weekday",351,0
"623","Supplemental",2025,"Mar","Weekday",963.454545454545,0
"624","Supplemental",2025,"Mar","Weekday",67,0
"625","Supplemental",2025,"Mar","Weekday",268.75,0
"626","Supplemental",2025,"Mar","Weekday",10,0
"628","Supplemental",2025,"Mar","Weekday",11,0
"629","Supplemental",2025,"Mar","Weekday",44,0
"631","Supplemental",2025,"Mar","Weekday",204,0
"638","Supplemental",2025,"Mar","Weekday",78,0
"641","Supplemental",2025,"Mar","Weekday",190,0
"642","Supplemental",2025,"Mar","Weekday",67,0
"646","Supplemental",2025,"Mar","Weekday",343,0
"648","Supplemental",2025,"Mar","Weekday",147,0
"649","Supplemental",2025,"Mar","Weekday",91,0
"65","Local",2025,"Mar","Weekday",405.675675675676,0
"650","Supplemental",2025,"Mar","Weekday",79,0
"651","Supplemental",2025,"Mar","Weekday",83,0
"652","Supplemental",2025,"Mar","Weekday",91,0
"653","Supplemental",2025,"Mar","Weekday",122,0
"654","Supplemental",2025,"Mar","Weekday",257.142857142857,0
"655","Supplemental",2025,"Mar","Weekday",228,0
"657","Supplemental",2025,"Mar","Weekday",314,0
"658","Supplemental",2025,"Mar","Weekday",194,0
"660","Supplemental",2025,"Mar","Weekday",72,0
"662","Supplemental",2025,"Mar","Weekday",85,0
"663","Supplemental",2025,"Mar","Weekday",43,0
"667","Supplemental",2025,"Mar","Weekday",142.333333333333,0
"669","Supplemental",2025,"Mar","Weekday",64,0
"67","Local",2025,"Mar","Weekday",318,0
"671","Supplemental",2025,"Mar","Weekday",74,0
"672","Supplemental",2025,"Mar","Weekday",25,0
"675","Supplemental",2025,"Mar","Weekday",313.090909090909,0
"676","Supplemental",2025,"Mar","Weekday",92,0
"677","Supplemental",2025,"Mar","Weekday",105,0
"680","Supplemental",2025,"Mar","Weekday",41,0
"681","Supplemental",2025,"Mar","Weekday",16,0
"682","Supplemental",2025,"Mar","Weekday",185,0
"683","Supplemental",2025,"Mar","Weekday",33,0
"684","Supplemental",2025,"Mar","Weekday",188,0
"687","Supplemental",2025,"Mar","Weekday",198.75,0
"688","Supplemental",2025,"Mar","Weekday",44,0
"696","Supplemental",2025,"Mar","Weekday",18,0
"7","Local",2025,"Mar","Saturday",2179.6,1
"7","Local",2025,"Mar","Sunday",2087,1
"7","Local",2025,"Mar","Weekday",2739,1
"70","Local",2025,"Mar","Saturday",316.392,1
"70","Local",2025,"Mar","Sunday",250,1
"70","Local",2025,"Mar","Weekday",405,1
"701","M-Transbay",2025,"Mar","Weekday",64,0
"702","M-Transbay",2025,"Mar","Weekday",13,0
"703","M-Transbay",2025,"Mar","Weekday",8,0
"71","Local",2025,"Mar","Saturday",448.133333333333,1
"71","Local",2025,"Mar","Sunday",369,1
"71","Local",2025,"Mar","Weekday",1071,1
"72","Local",2025,"Mar","Saturday",2719.65811965812,1
"72","Local",2025,"Mar","Sunday",2230.27777777778,1
"72","Local",2025,"Mar","Weekday",2947.60273972603,1
"72M","Local",2025,"Mar","Saturday",2348.16666666667,1
"72M","Local",2025,"Mar","Sunday",1984.85915492958,1
"72M","Local",2025,"Mar","Weekday",2981,1
"72R","Local",2025,"Mar","Saturday",2775.22388059701,1
"72R","Local",2025,"Mar","Sunday",2224,1
"72R","Local",2025,"Mar","Weekday",4355,1
"73","Local",2025,"Mar","Saturday",1352.75294117647,1
"73","Local",2025,"Mar","Sunday",1106.13333333333,1
"73","Local",2025,"Mar","Weekday",1931.29411764706,1
"74","Local",2025,"Mar","Saturday",428.908108108108,1
"74","Local",2025,"Mar","Sunday",340,1
"74","Local",2025,"Mar","Weekday",1103,1
"76","Local",2025,"Mar","Saturday",951.8625,1
"76","Local",2025,"Mar","Sunday",783,1
"76","Local",2025,"Mar","Weekday",1925,1
"79","Local",2025,"Mar","Saturday",1481.03333333333,1
"79","Local",2025,"Mar","Sunday",1357,1
"79","Local",2025,"Mar","Weekday",2067,1
"800","All Nighter",2025,"Mar","Saturday",484,1
"800","All Nighter",2025,"Mar","Sunday",372.807692307692,1
"800","All Nighter",2025,"Mar","Weekday",419,1
"801","All Nighter",2025,"Mar","Saturday",239,1
"801","All Nighter",2025,"Mar","Sunday",250,1
"801","All Nighter",2025,"Mar","Weekday",259,1
"802","All Nighter",2025,"Mar","Saturday",79,1
"802","All Nighter",2025,"Mar","Sunday",59.4,1
"802","All Nighter",2025,"Mar","Weekday",60,1
"805","All Nighter",2025,"Mar","Saturday",107,1
"805","All Nighter",2025,"Mar","Sunday",74,1
"805","All Nighter",2025,"Mar","Weekday",79,1
"840","All Nighter",2025,"Mar","Saturday",67.2,1
"840","All Nighter",2025,"Mar","Sunday",68,1
"840","All Nighter",2025,"Mar","Weekday",56,1
"851","All Nighter",2025,"Mar","Saturday",71,1
"851","All Nighter",2025,"Mar","Sunday",72,1
"851","All Nighter",2025,"Mar","Weekday",89,1
"86","Local",2025,"Mar","Saturday",713.627272727273,1
"86","Local",2025,"Mar","Sunday",534,1
"86","Local",2025,"Mar","Weekday",1331,1
"88","Local",2025,"Mar","Saturday",1307.31290322581,1
"88","Local",2025,"Mar","Sunday",1143,1
"88","Local",2025,"Mar","Weekday",2025,1
"90","Local",2025,"Mar","Saturday",365.99696969697,1
"90","Local",2025,"Mar","Sunday",305.560606060606,1
"90","Local",2025,"Mar","Weekday",663.52,1
"93","Local",2025,"Mar","Saturday",451.6,1
"93","Local",2025,"Mar","Sunday",380,1
"93","Local",2025,"Mar","Weekday",873,1
"95","Local",2025,"Mar","Saturday",133.24,1
"95","Local",2025,"Mar","Sunday",117,1
"95","Local",2025,"Mar","Weekday",242,1
"96","Local",2025,"Mar","Saturday",1081.71304347826,1
"96","Local",2025,"Mar","Sunday",941.180327868852,1
"96","Local",2025,"Mar","Weekday",1361,1
"97","Local",2025,"Mar","Saturday",1559.63684210526,1
"97","Local",2025,"Mar","Sunday",1254,1
"97","Local",2025,"Mar","Weekday",3073,1
"98","Local",2025,"Mar","Saturday",525.969230769231,1
"98","Local",2025,"Mar","Sunday",414.276923076923,1
"98","Local",2025,"Mar","Weekday",1226.58823529412,1
"99","Local",2025,"Mar","Saturday",1475.85213114754,1
"99","Local",2025,"Mar","Sunday",1255.625,1
"99","Local",2025,"Mar","Weekday",2432.97391304348,1
"E","M-Transbay",2025,"Mar","Weekday",188,0
"F","M-Transbay",2025,"Mar","Saturday",1836.16438356164,1
"F","M-Transbay",2025,"Mar","Sunday",1520.54794520548,1
"F","M-Transbay",2025,"Mar","Weekday",2320,1
"FS","M-Transbay",2025,"Mar","Weekday",130,0
"G","M-Transbay",2025,"Mar","Weekday",230.666666666667,0
"J","M-Transbay",2025,"Mar","Weekday",330.666666666667,0
"L","M-Transbay",2025,"Mar","Weekday",152,0
"LA","M-Transbay",2025,"Mar","Weekday",72.5,0
"NL","M-Transbay",2025,"Mar","Saturday",1224.679943101,1
"NL","M-Transbay",2025,"Mar","Sunday",970.945945945946,1
"NL","M-Transbay",2025,"Mar","Weekday",2405.28571428571,1
"NX","M-Transbay",2025,"Mar","Weekday",226,0
"NX3","M-Transbay",2025,"Mar","Weekday",144,0
"O","M-Transbay",2025,"Mar","Saturday",747.754838709677,1
"O","M-Transbay",2025,"Mar","Sunday",681,1
"O","M-Transbay",2025,"Mar","Weekday",1111.78125,1
"OX","M-Transbay",2025,"Mar","Weekday",117,0
"P","M-Transbay",2025,"Mar","Weekday",356,0
"U","M-Transbay",2025,"Mar","Weekday",226.6,0
"V","M-Transbay",2025,"Mar","Weekday",228,0
"W","M-Transbay",2025,"Mar","Weekday",159,0
"10","Local",2025,"Apr","Saturday",1608,1
"10","Local",2025,"Apr","Sunday",1325.27102803738,1
"10","Local",2025,"Apr","Weekday",2453,1
"12","Local",2025,"Apr","Saturday",1891,1
"12","Local",2025,"Apr","Sunday",1583,1
"12","Local",2025,"Apr","Weekday",2761,1
"14","Local",2025,"Apr","Saturday",1338,1
"14","Local",2025,"Apr","Sunday",1156,1
"14","Local",2025,"Apr","Weekday",3176,1
"18","Local",2025,"Apr","Saturday",3256.52173913043,1
"18","Local",2025,"Apr","Sunday",2662,1
"18","Local",2025,"Apr","Weekday",4161,1
"19","Local",2025,"Apr","Saturday",197,1
"19","Local",2025,"Apr","Sunday",161,1
"19","Local",2025,"Apr","Weekday",244,1
"1T","Local",2025,"Apr","Saturday",12254.2156862745,1
"1T","Local",2025,"Apr","Sunday",10945,1
"1T","Local",2025,"Apr","Weekday",16027,1
"20","Local",2025,"Apr","Saturday",1687,1
"20","Local",2025,"Apr","Sunday",1369,1
"20","Local",2025,"Apr","Weekday",1944,1
"200","Local",2025,"Apr","Saturday",968,1
"200","Local",2025,"Apr","Sunday",885,1
"200","Local",2025,"Apr","Weekday",1336,1
"21","Local",2025,"Apr","Saturday",875,1
"21","Local",2025,"Apr","Sunday",695,1
"21","Local",2025,"Apr","Weekday",1193,1
"210","Local",2025,"Apr","Saturday",654,1
"210","Local",2025,"Apr","Sunday",628,1
"210","Local",2025,"Apr","Weekday",1289,1
"212","Local",2025,"Apr","Saturday",467,1
"212","Local",2025,"Apr","Sunday",414.679245283019,1
"212","Local",2025,"Apr","Weekday",696,1
"215","Local",2025,"Apr","Weekday",192,0
"216","Local",2025,"Apr","Saturday",219,1
"216","Local",2025,"Apr","Sunday",197,1
"216","Local",2025,"Apr","Weekday",283,1
"217","Local",2025,"Apr","Saturday",595,1
"217","Local",2025,"Apr","Sunday",559,1
"217","Local",2025,"Apr","Weekday",942,1
"232","Local",2025,"Apr","Saturday",224,1
"232","Local",2025,"Apr","Sunday",239,1
"232","Local",2025,"Apr","Weekday",319,1
"239","Local",2025,"Apr","Weekday",610,0
"251","Local",2025,"Apr","Saturday",136,1
"251","Local",2025,"Apr","Sunday",100,1
"251","Local",2025,"Apr","Weekday",201,1
"28","Local",2025,"Apr","Saturday",458,1
"28","Local",2025,"Apr","Sunday",398,1
"28","Local",2025,"Apr","Weekday",682,1
"29","Local",2025,"Apr","Saturday",917,1
"29","Local",2025,"Apr","Sunday",753,1
"29","Local",2025,"Apr","Weekday",1303,1
"33","Local",2025,"Apr","Saturday",1606,1
"33","Local",2025,"Apr","Sunday",1131,1
"33","Local",2025,"Apr","Weekday",2525,1
"34","Local",2025,"Apr","Saturday",541,1
"34","Local",2025,"Apr","Sunday",474,1
"34","Local",2025,"Apr","Weekday",680,1
"35","Local",2025,"Apr","Saturday",574,1
"35","Local",2025,"Apr","Sunday",456,1
"35","Local",2025,"Apr","Weekday",721,1
"36","Local",2025,"Apr","Saturday",2052,1
"36","Local",2025,"Apr","Sunday",1705,1
"36","Local",2025,"Apr","Weekday",2335,1
"376","Local",2025,"Apr","Saturday",134.736842105263,1
"376","Local",2025,"Apr","Sunday",141.052631578947,1
"376","Local",2025,"Apr","Weekday",140,1
"39","Local",2025,"Apr","Weekday",441,0
"40","Local",2025,"Apr","Saturday",3102,1
"40","Local",2025,"Apr","Sunday",2483,1
"40","Local",2025,"Apr","Weekday",6260,1
"41","Local",2025,"Apr","Saturday",435,1
"41","Local",2025,"Apr","Sunday",377,1
"41","Local",2025,"Apr","Weekday",611,1
"45","Local",2025,"Apr","Saturday",483,1
"45","Local",2025,"Apr","Sunday",397,1
"45","Local",2025,"Apr","Weekday",1208,1
"46L","Local",2025,"Apr","Weekday",169,0
"51A","Local",2025,"Apr","Saturday",3762,1
"51A","Local",2025,"Apr","Sunday",2833,1
"51A","Local",2025,"Apr","Weekday",5914,1
"51B","Local",2025,"Apr","Saturday",7536,1
"51B","Local",2025,"Apr","Sunday",6571.5625,1
"51B","Local",2025,"Apr","Weekday",8665,1
"52","Local",2025,"Apr","Saturday",2171.15942028986,1
"52","Local",2025,"Apr","Sunday",1789,1
"52","Local",2025,"Apr","Weekday",4785,1
"54","Local",2025,"Apr","Saturday",615,1
"54","Local",2025,"Apr","Sunday",442,1
"54","Local",2025,"Apr","Weekday",1233,1
"56","Local",2025,"Apr","Saturday",319.393939393939,1
"56","Local",2025,"Apr","Sunday",243,1
"56","Local",2025,"Apr","Weekday",440,1
"57","Local",2025,"Apr","Saturday",4144.85714285714,1
"57","Local",2025,"Apr","Sunday",3686.30769230769,1
"57","Local",2025,"Apr","Weekday",5370,1
"6","Local",2025,"Apr","Saturday",3331.06,1
"6","Local",2025,"Apr","Sunday",3083.20930232558,1
"6","Local",2025,"Apr","Weekday",4964,1
"60","Local",2025,"Apr","Saturday",743,1
"60","Local",2025,"Apr","Sunday",571,1
"60","Local",2025,"Apr","Weekday",1117,1
"604","Supplemental",2025,"Apr","Weekday",117,0
"605","Supplemental",2025,"Apr","Weekday",50,0
"606","Supplemental",2025,"Apr","Weekday",44,0
"607","Supplemental",2025,"Apr","Weekday",44,0
"617","Supplemental",2025,"Apr","Weekday",73,0
"62","Local",2025,"Apr","Saturday",1067.625,1
"62","Local",2025,"Apr","Sunday",846.183098591549,1
"62","Local",2025,"Apr","Weekday",2183.15044247788,1
"620","Supplemental",2025,"Apr","Weekday",64,0
"621","Supplemental",2025,"Apr","Weekday",385,0
"623","Supplemental",2025,"Apr","Weekday",1048.44444444444,0
"624","Supplemental",2025,"Apr","Weekday",71,0
"625","Supplemental",2025,"Apr","Weekday",341.666666666667,0
"626","Supplemental",2025,"Apr","Weekday",10,0
"628","Supplemental",2025,"Apr","Weekday",12,0
"629","Supplemental",2025,"Apr","Weekday",50,0
"631","Supplemental",2025,"Apr","Weekday",242.4,0
"638","Supplemental",2025,"Apr","Weekday",87,0
"641","Supplemental",2025,"Apr","Weekday",286.25,0
"642","Supplemental",2025,"Apr","Weekday",77,0
"646","Supplemental",2025,"Apr","Weekday",314,0
"648","Supplemental",2025,"Apr","Weekday",143,0
"649","Supplemental",2025,"Apr","Weekday",103.2,0
"65","Local",2025,"Apr","Weekday",463.189189189189,0
"650","Supplemental",2025,"Apr","Weekday",86,0
"651","Supplemental",2025,"Apr","Weekday",90,0
"652","Supplemental",2025,"Apr","Weekday",72,0
"653","Supplemental",2025,"Apr","Weekday",130,0
"654","Supplemental",2025,"Apr","Weekday",223,0
"655","Supplemental",2025,"Apr","Weekday",263,0
"657","Supplemental",2025,"Apr","Weekday",261,0
"658","Supplemental",2025,"Apr","Weekday",166,0
"660","Supplemental",2025,"Apr","Weekday",95,0
"662","Supplemental",2025,"Apr","Weekday",68,0
"663","Supplemental",2025,"Apr","Weekday",54.6666666666667,0
"667","Supplemental",2025,"Apr","Weekday",169.166666666667,0
"669","Supplemental",2025,"Apr","Weekday",92,0
"67","Local",2025,"Apr","Weekday",306,0
"671","Supplemental",2025,"Apr","Weekday",80,0
"672","Supplemental",2025,"Apr","Weekday",23,0
"675","Supplemental",2025,"Apr","Weekday",324,0
"676","Supplemental",2025,"Apr","Weekday",99,0
"677","Supplemental",2025,"Apr","Weekday",112,0
"680","Supplemental",2025,"Apr","Weekday",43,0
"681","Supplemental",2025,"Apr","Weekday",16,0
"682","Supplemental",2025,"Apr","Weekday",174,0
"683","Supplemental",2025,"Apr","Weekday",27,0
"684","Supplemental",2025,"Apr","Weekday",194.6,0
"687","Supplemental",2025,"Apr","Weekday",216,0
"688","Supplemental",2025,"Apr","Weekday",63,0
"696","Supplemental",2025,"Apr","Weekday",20,0
"7","Local",2025,"Apr","Saturday",2733,1
"7","Local",2025,"Apr","Sunday",2472,1
"7","Local",2025,"Apr","Weekday",3098,1
"70","Local",2025,"Apr","Saturday",300,1
"70","Local",2025,"Apr","Sunday",255,1
"70","Local",2025,"Apr","Weekday",399,1
"701","M-Transbay",2025,"Apr","Weekday",64,0
"702","M-Transbay",2025,"Apr","Weekday",14,0
"703","M-Transbay",2025,"Apr","Weekday",13,0
"71","Local",2025,"Apr","Saturday",437,1
"71","Local",2025,"Apr","Sunday",350,1
"71","Local",2025,"Apr","Weekday",1067,1
"72","Local",2025,"Apr","Saturday",2908.92957746479,1
"72","Local",2025,"Apr","Sunday",2283,1
"72","Local",2025,"Apr","Weekday",3263,1
"72M","Local",2025,"Apr","Saturday",2393.75,1
"72M","Local",2025,"Apr","Sunday",2031,1
"72M","Local",2025,"Apr","Weekday",3164,1
"72R","Local",2025,"Apr","Saturday",3004.98947368421,1
"72R","Local",2025,"Apr","Sunday",2238,1
"72R","Local",2025,"Apr","Weekday",4573,1
"73","Local",2025,"Apr","Saturday",1163.07692307692,1
"73","Local",2025,"Apr","Sunday",979.804195804196,1
"73","Local",2025,"Apr","Weekday",1849,1
"74","Local",2025,"Apr","Saturday",407,1
"74","Local",2025,"Apr","Sunday",346,1
"74","Local",2025,"Apr","Weekday",1079,1
"76","Local",2025,"Apr","Saturday",982,1
"76","Local",2025,"Apr","Sunday",851,1
"76","Local",2025,"Apr","Weekday",1968,1
"79","Local",2025,"Apr","Saturday",1651,1
"79","Local",2025,"Apr","Sunday",1523,1
"79","Local",2025,"Apr","Weekday",2469,1
"800","All Nighter",2025,"Apr","Saturday",639,1
"800","All Nighter",2025,"Apr","Sunday",365,1
"800","All Nighter",2025,"Apr","Weekday",418,1
"801","All Nighter",2025,"Apr","Saturday",272,1
"801","All Nighter",2025,"Apr","Sunday",273,1
"801","All Nighter",2025,"Apr","Weekday",298,1
"802","All Nighter",2025,"Apr","Saturday",48,1
"802","All Nighter",2025,"Apr","Sunday",57,1
"802","All Nighter",2025,"Apr","Weekday",67,1
"805","All Nighter",2025,"Apr","Saturday",68,1
"805","All Nighter",2025,"Apr","Sunday",86.1818181818182,1
"805","All Nighter",2025,"Apr","Weekday",84,1
"840","All Nighter",2025,"Apr","Saturday",58,1
"840","All Nighter",2025,"Apr","Sunday",63,1
"840","All Nighter",2025,"Apr","Weekday",67,1
"851","All Nighter",2025,"Apr","Saturday",105,1
"851","All Nighter",2025,"Apr","Sunday",95,1
"851","All Nighter",2025,"Apr","Weekday",94,1
"86","Local",2025,"Apr","Saturday",656.514705882353,1
"86","Local",2025,"Apr","Sunday",541,1
"86","Local",2025,"Apr","Weekday",1346,1
"88","Local",2025,"Apr","Saturday",1436,1
"88","Local",2025,"Apr","Sunday",1220.3417721519,1
"88","Local",2025,"Apr","Weekday",2062,1
"90","Local",2025,"Apr","Saturday",376,1
"90","Local",2025,"Apr","Sunday",294.393939393939,1
"90","Local",2025,"Apr","Weekday",635,1
"93","Local",2025,"Apr","Saturday",432,1
"93","Local",2025,"Apr","Sunday",392,1
"93","Local",2025,"Apr","Weekday",882,1
"95","Local",2025,"Apr","Saturday",150,1
"95","Local",2025,"Apr","Sunday",121.90243902439,1
"95","Local",2025,"Apr","Weekday",244.311111111111,1
"96","Local",2025,"Apr","Saturday",1131,1
"96","Local",2025,"Apr","Sunday",864,1
"96","Local",2025,"Apr","Weekday",1364,1
"97","Local",2025,"Apr","Saturday",1637,1
"97","Local",2025,"Apr","Sunday",1219,1
"97","Local",2025,"Apr","Weekday",3021,1
"98","Local",2025,"Apr","Saturday",454.892307692308,1
"98","Local",2025,"Apr","Sunday",356,1
"98","Local",2025,"Apr","Weekday",1084,1
"99","Local",2025,"Apr","Saturday",1510,1
"99","Local",2025,"Apr","Sunday",1281,1
"99","Local",2025,"Apr","Weekday",2491,1
"E","M-Transbay",2025,"Apr","Weekday",174,0
"F","Transbay",2025,"Apr","Saturday",2202,1
"F","Transbay",2025,"Apr","Sunday",1927,1
"F","M-Transbay",2025,"Apr","Weekday",2612,1
"FS","M-Transbay",2025,"Apr","Weekday",134,0
"G","M-Transbay",2025,"Apr","Weekday",222.857142857143,0
"J","M-Transbay",2025,"Apr","Weekday",376,0
"L","M-Transbay",2025,"Apr","Weekday",148,0
"LA","M-Transbay",2025,"Apr","Weekday",70,0
"NL","Transbay",2025,"Apr","Saturday",1291,1
"NL","Transbay",2025,"Apr","Sunday",1158,1
"NL","M-Transbay",2025,"Apr","Weekday",2526,1
"NX","M-Transbay",2025,"Apr","Weekday",217,0
"NX3","M-Transbay",2025,"Apr","Weekday",121,0
"O","Transbay",2025,"Apr","Saturday",810,1
"O","Transbay",2025,"Apr","Sunday",764,1
"O","M-Transbay",2025,"Apr","Weekday",1087,1
"OX","M-Transbay",2025,"Apr","Weekday",110,0
"P","M-Transbay",2025,"Apr","Weekday",370,0
"U","M-Transbay",2025,"Apr","Weekday",263,0
"V","M-Transbay",2025,"Apr","Weekday",231,0
"W","M-Transbay",2025,"Apr","Weekday",146,0
"10","Local",2025,"May","Saturday",1634,1
"10","Local",2025,"May","Sunday",1472,1
"10","Local",2025,"May","Weekday",2753,1
"12","Local",2025,"May","Saturday",1722,1
"12","Local",2025,"May","Sunday",1457,1
"12","Local",2025,"May","Weekday",2770,1
"14","Local",2025,"May","Saturday",1390,1
"14","Local",2025,"May","Sunday",1159,1
"14","Local",2025,"May","Weekday",3330,1
"18","Local",2025,"May","Saturday",2944,1
"18","Local",2025,"May","Sunday",2326,1
"18","Local",2025,"May","Weekday",4265,1
"19","Local",2025,"May","Saturday",188,1
"19","Local",2025,"May","Sunday",165,1
"19","Local",2025,"May","Weekday",240,1
"1T","Local",2025,"May","Saturday",12374.7263681592,1
"1T","Local",2025,"May","Sunday",11240.193236715,1
"1T","Local",2025,"May","Weekday",16657,1
"20","Local",2025,"May","Saturday",1688,1
"20","Local",2025,"May","Sunday",1413,1
"20","Local",2025,"May","Weekday",2125,1
"200","Local",2025,"May","Saturday",901,1
"200","Local",2025,"May","Sunday",810,1
"200","Local",2025,"May","Weekday",1318,1
"21","Local",2025,"May","Saturday",903,1
"21","Local",2025,"May","Sunday",749.88679245283,1
"21","Local",2025,"May","Weekday",1300,1
"210","Local",2025,"May","Saturday",669,1
"210","Local",2025,"May","Sunday",621,1
"210","Local",2025,"May","Weekday",1269,1
"212","Local",2025,"May","Saturday",490.153846153846,1
"212","Local",2025,"May","Sunday",438.11320754717,1
"212","Local",2025,"May","Weekday",718,1
"215","Local",2025,"May","Weekday",196,0
"216","Local",2025,"May","Saturday",234,1
"216","Local",2025,"May","Sunday",186,1
"216","Local",2025,"May","Weekday",307,1
"217","Local",2025,"May","Saturday",569,1
"217","Local",2025,"May","Sunday",550,1
"217","Local",2025,"May","Weekday",929,1
"232","Local",2025,"May","Saturday",213,1
"232","Local",2025,"May","Sunday",214,1
"232","Local",2025,"May","Weekday",318,1
"239","Local",2025,"May","Weekday",654,0
"251","Local",2025,"May","Saturday",109,1
"251","Local",2025,"May","Sunday",103,1
"251","Local",2025,"May","Weekday",198,1
"28","Local",2025,"May","Saturday",410,1
"28","Local",2025,"May","Sunday",400,1
"28","Local",2025,"May","Weekday",701,1
"29","Local",2025,"May","Saturday",920,1
"29","Local",2025,"May","Sunday",761,1
"29","Local",2025,"May","Weekday",1392,1
"33","Local",2025,"May","Saturday",1306,1
"33","Local",2025,"May","Sunday",1167,1
"33","Local",2025,"May","Weekday",2512,1
"34","Local",2025,"May","Saturday",579,1
"34","Local",2025,"May","Sunday",493,1
"34","Local",2025,"May","Weekday",695,1
"35","Local",2025,"May","Saturday",543,1
"35","Local",2025,"May","Sunday",521,1
"35","Local",2025,"May","Weekday",748,1
"36","Local",2025,"May","Saturday",1472,1
"36","Local",2025,"May","Sunday",1230,1
"36","Local",2025,"May","Weekday",1786,1
"376","Local",2025,"May","Saturday",135,1
"376","Local",2025,"May","Sunday",118,1
"376","Local",2025,"May","Weekday",144,1
"39","Local",2025,"May","Weekday",525,0
"40","Local",2025,"May","Saturday",3235,1
"40","Local",2025,"May","Sunday",2575,1
"40","Local",2025,"May","Weekday",6951,1
"41","Local",2025,"May","Saturday",421,1
"41","Local",2025,"May","Sunday",340,1
"41","Local",2025,"May","Weekday",646,1
"45","Local",2025,"May","Saturday",478,1
"45","Local",2025,"May","Sunday",421,1
"45","Local",2025,"May","Weekday",1281,1
"46L","Local",2025,"May","Weekday",172,0
"51A","Local",2025,"May","Saturday",3586,1
"51A","Local",2025,"May","Sunday",2905,1
"51A","Local",2025,"May","Weekday",6241,1
"51B","Local",2025,"May","Saturday",5749,1
"51B","Local",2025,"May","Sunday",4282,1
"51B","Local",2025,"May","Weekday",6846,1
"52","Local",2025,"May","Saturday",1438,1
"52","Local",2025,"May","Sunday",1316,1
"52","Local",2025,"May","Weekday",2911,1
"54","Local",2025,"May","Saturday",564,1
"54","Local",2025,"May","Sunday",483.323076923077,1
"54","Local",2025,"May","Weekday",1309,1
"56","Local",2025,"May","Saturday",326,1
"56","Local",2025,"May","Sunday",275,1
"56","Local",2025,"May","Weekday",440,1
"57","Local",2025,"May","Saturday",4129,1
"57","Local",2025,"May","Sunday",3327,1
"57","Local",2025,"May","Weekday",5598,1
"6","Local",2025,"May","Saturday",3233,1
"6","Local",2025,"May","Sunday",2635.45333333333,1
"6","Local",2025,"May","Weekday",4589,1
"60","Local",2025,"May","Saturday",710,1
"60","Local",2025,"May","Sunday",552,1
"60","Local",2025,"May","Weekday",1129,1
"604","Supplemental",2025,"May","Weekday",123,0
"605","Supplemental",2025,"May","Weekday",59,0
"606","Supplemental",2025,"May","Weekday",54,0
"607","Supplemental",2025,"May","Weekday",41,0
"617","Supplemental",2025,"May","Weekday",63,0
"62","Local",2025,"May","Saturday",1045,1
"62","Local",2025,"May","Sunday",950.013888888889,1
"62","Local",2025,"May","Weekday",2240,1
"620","Supplemental",2025,"May","Weekday",50,0
"621","Supplemental",2025,"May","Weekday",360,0
"623","Supplemental",2025,"May","Weekday",940.545454545455,0
"624","Supplemental",2025,"May","Weekday",63,0
"625","Supplemental",2025,"May","Weekday",253.333333333333,0
"626","Supplemental",2025,"May","Weekday",15,0
"628","Supplemental",2025,"May","Weekday",15,0
"629","Supplemental",2025,"May","Weekday",46,0
"631","Supplemental",2025,"May","Weekday",236.4,0
"638","Supplemental",2025,"May","Weekday",83,0
"641","Supplemental",2025,"May","Weekday",246.666666666667,0
"642","Supplemental",2025,"May","Weekday",76,0
"646","Supplemental",2025,"May","Weekday",308,0
"648","Supplemental",2025,"May","Weekday",145.2,0
"649","Supplemental",2025,"May","Weekday",92,0
"65","Local",2025,"May","Weekday",370,0
"650","Supplemental",2025,"May","Weekday",92,0
"651","Supplemental",2025,"May","Weekday",108,0
"652","Supplemental",2025,"May","Weekday",72,0
"653","Supplemental",2025,"May","Weekday",113,0
"654","Supplemental",2025,"May","Weekday",273,0
"655","Supplemental",2025,"May","Weekday",239,0
"657","Supplemental",2025,"May","Weekday",251,0
"658","Supplemental",2025,"May","Weekday",172,0
"660","Supplemental",2025,"May","Weekday",96,0
"662","Supplemental",2025,"May","Weekday",78,0
"663","Supplemental",2025,"May","Weekday",87,0
"667","Supplemental",2025,"May","Weekday",163.333333333333,0
"669","Supplemental",2025,"May","Weekday",85,0
"67","Local",2025,"May","Weekday",319.304347826087,0
"671","Supplemental",2025,"May","Weekday",75,0
"672","Supplemental",2025,"May","Weekday",28,0
"675","Supplemental",2025,"May","Weekday",304.363636363636,0
"676","Supplemental",2025,"May","Weekday",102,0
"677","Supplemental",2025,"May","Weekday",107,0
"680","Supplemental",2025,"May","Weekday",45,0
"681","Supplemental",2025,"May","Weekday",14,0
"682","Supplemental",2025,"May","Weekday",154,0
"683","Supplemental",2025,"May","Weekday",23,0
"684","Supplemental",2025,"May","Weekday",201,0
"687","Supplemental",2025,"May","Weekday",223.75,0
"688","Supplemental",2025,"May","Weekday",71,0
"696","Supplemental",2025,"May","Weekday",35,0
"7","Local",2025,"May","Saturday",1885,1
"7","Local",2025,"May","Sunday",1705,1
"7","Local",2025,"May","Weekday",2516,1
"70","Local",2025,"May","Saturday",319,1
"70","Local",2025,"May","Sunday",266,1
"70","Local",2025,"May","Weekday",432,1
"701","M-Transbay",2025,"May","Weekday",66,0
"702","M-Transbay",2025,"May","Weekday",12,0
"703","M-Transbay",2025,"May","Weekday",29,0
"71","Local",2025,"May","Saturday",471,1
"71","Local",2025,"May","Sunday",418,1
"71","Local",2025,"May","Weekday",1097,1
"72","Local",2025,"May","Saturday",2834,1
"72","Local",2025,"May","Sunday",2249,1
"72","Local",2025,"May","Weekday",3129,1
"72M","Local",2025,"May","Saturday",2497,1
"72M","Local",2025,"May","Sunday",2049,1
"72M","Local",2025,"May","Weekday",3041,1
"72R","Local",2025,"May","Saturday",2907,1
"72R","Local",2025,"May","Sunday",2292,1
"72R","Local",2025,"May","Weekday",4431,1
"73","Local",2025,"May","Saturday",1180,1
"73","Local",2025,"May","Sunday",1084.05633802817,1
"73","Local",2025,"May","Weekday",1952,1
"74","Local",2025,"May","Saturday",407.843137254902,1
"74","Local",2025,"May","Sunday",375,1
"74","Local",2025,"May","Weekday",1183,1
"76","Local",2025,"May","Saturday",996,1
"76","Local",2025,"May","Sunday",850,1
"76","Local",2025,"May","Weekday",2048,1
"79","Local",2025,"May","Saturday",1159,1
"79","Local",2025,"May","Sunday",979,1
"79","Local",2025,"May","Weekday",2054,1
"800","All Nighter",2025,"May","Saturday",534,1
"800","All Nighter",2025,"May","Sunday",462,1
"800","All Nighter",2025,"May","Weekday",467,1
"801","All Nighter",2025,"May","Saturday",281,1
"801","All Nighter",2025,"May","Sunday",285,1
"801","All Nighter",2025,"May","Weekday",319,1
"802","All Nighter",2025,"May","Saturday",39.6,1
"802","All Nighter",2025,"May","Sunday",52.8,1
"802","All Nighter",2025,"May","Weekday",86,1
"805","All Nighter",2025,"May","Saturday",66,1
"805","All Nighter",2025,"May","Sunday",72,1
"805","All Nighter",2025,"May","Weekday",92,1
"840","All Nighter",2025,"May","Saturday",59,1
"840","All Nighter",2025,"May","Sunday",58,1
"840","All Nighter",2025,"May","Weekday",66,1
"851","All Nighter",2025,"May","Saturday",72,1
"851","All Nighter",2025,"May","Sunday",80,1
"851","All Nighter",2025,"May","Weekday",87,1
"86","Local",2025,"May","Saturday",657.044776119403,1
"86","Local",2025,"May","Sunday",506,1
"86","Local",2025,"May","Weekday",1407,1
"88","Local",2025,"May","Saturday",1322,1
"88","Local",2025,"May","Sunday",1259,1
"88","Local",2025,"May","Weekday",2284,1
"90","Local",2025,"May","Saturday",360,1
"90","Local",2025,"May","Sunday",319,1
"90","Local",2025,"May","Weekday",682,1
"93","Local",2025,"May","Saturday",461,1
"93","Local",2025,"May","Sunday",412,1
"93","Local",2025,"May","Weekday",945,1
"95","Local",2025,"May","Saturday",138,1
"95","Local",2025,"May","Sunday",131,1
"95","Local",2025,"May","Weekday",263,1
"96","Local",2025,"May","Saturday",1006,1
"96","Local",2025,"May","Sunday",1007,1
"96","Local",2025,"May","Weekday",1479,1
"97","Local",2025,"May","Saturday",1515,1
"97","Local",2025,"May","Sunday",1342,1
"97","Local",2025,"May","Weekday",3064,1
"98","Local",2025,"May","Saturday",447,1
"98","Local",2025,"May","Sunday",385,1
"98","Local",2025,"May","Weekday",1179,1
"99","Local",2025,"May","Saturday",1485,1
"99","Local",2025,"May","Sunday",1351,1
"99","Local",2025,"May","Weekday",2614,1
"E","M-Transbay",2025,"May","Weekday",186,0
"F","M-Transbay",2025,"May","Saturday",1598,1
"F","M-Transbay",2025,"May","Sunday",1478,1
"F","M-Transbay",2025,"May","Weekday",2154,1
"FS","M-Transbay",2025,"May","Weekday",144,0
"G","M-Transbay",2025,"May","Weekday",251,0
"J","M-Transbay",2025,"May","Weekday",331.2,0
"L","M-Transbay",2025,"May","Weekday",158,0
"LA","M-Transbay",2025,"May","Weekday",76,0
"NL","M-Transbay",2025,"May","Saturday",1182,1
"NL","M-Transbay",2025,"May","Sunday",1124,1
"NL","M-Transbay",2025,"May","Weekday",2669,1
"NX","M-Transbay",2025,"May","Weekday",216,0
"NX3","M-Transbay",2025,"May","Weekday",125,0
"O","M-Transbay",2025,"May","Saturday",799,1
"O","M-Transbay",2025,"May","Sunday",757,1
"O","M-Transbay",2025,"May","Weekday",1170.4696969697,1
"OX","M-Transbay",2025,"May","Weekday",104,0
"P","M-Transbay",2025,"May","Weekday",368,0
"U","M-Transbay",2025,"May","Weekday",288,0
"V","M-Transbay",2025,"May","Weekday",213,0
"W","M-Transbay",2025,"May","Weekday",161,0
"10","Local",2025,"Jun","Saturday",1696.5,1
"10","Local",2025,"Jun","Sunday",1513.47275612767,1
"10","Local",2025,"Jun","Weekday",2384.5,1
"12","Local",2025,"Jun","Saturday",1784.44664031621,1
"12","Local",2025,"Jun","Sunday",1486,1
"12","Local",2025,"Jun","Weekday",2448,1
"14","Local",2025,"Jun","Saturday",1321.81818181818,1
"14","Local",2025,"Jun","Sunday",1277,1
"14","Local",2025,"Jun","Weekday",2929,1
"18","Local",2025,"Jun","Saturday",2446,1
"18","Local",2025,"Jun","Sunday",2419.70695970696,1
"18","Local",2025,"Jun","Weekday",3767.5,1
"19","Local",2025,"Jun","Saturday",211.377419354839,1
"19","Local",2025,"Jun","Sunday",172.666666666667,1
"19","Local",2025,"Jun","Weekday",253.5,1
"1T","Local",2025,"Jun","Saturday",11934.3612948138,1
"1T","Local",2025,"Jun","Sunday",11598.0153930731,1
"1T","Local",2025,"Jun","Weekday",14783.925,1
"20","Local",2025,"Jun","Saturday",1629,1
"20","Local",2025,"Jun","Sunday",1383,1
"20","Local",2025,"Jun","Weekday",1972.5,1
"200","Local",2025,"Jun","Saturday",976.173756019262,1
"200","Local",2025,"Jun","Sunday",851.333333333333,1
"200","Local",2025,"Jun","Weekday",1300.5,1
"21","Local",2025,"Jun","Saturday",851,1
"21","Local",2025,"Jun","Sunday",827.735849056604,1
"21","Local",2025,"Jun","Weekday",1199.5,1
"210","Local",2025,"Jun","Saturday",685.166666666667,1
"210","Local",2025,"Jun","Sunday",638,1
"210","Local",2025,"Jun","Weekday",1120.5,1
"212","Local",2025,"Jun","Saturday",539.194373401535,1
"212","Local",2025,"Jun","Sunday",464.291666666667,1
"212","Local",2025,"Jun","Weekday",689.5,1
"215","Local",2025,"Jun","Weekday",202,0
"216","Local",2025,"Jun","Saturday",217,1
"216","Local",2025,"Jun","Sunday",220.333333333333,1
"216","Local",2025,"Jun","Weekday",301,1
"217","Local",2025,"Jun","Saturday",548.115384615385,1
"217","Local",2025,"Jun","Sunday",576.285714285714,1
"217","Local",2025,"Jun","Weekday",794,1
"232","Local",2025,"Jun","Saturday",216,1
"232","Local",2025,"Jun","Sunday",215.666666666667,1
"232","Local",2025,"Jun","Weekday",307.5,1
"239","Local",2025,"Jun","Weekday",554,0
"251","Local",2025,"Jun","Saturday",108.5,1
"251","Local",2025,"Jun","Sunday",100.88,1
"251","Local",2025,"Jun","Weekday",175.5,1
"28","Local",2025,"Jun","Saturday",456.575757575758,1
"28","Local",2025,"Jun","Sunday",422,1
"28","Local",2025,"Jun","Weekday",624.5,1
"29","Local",2025,"Jun","Saturday",957.755813953488,1
"29","Local",2025,"Jun","Sunday",777,1
"29","Local",2025,"Jun","Weekday",1296,1
"33","Local",2025,"Jun","Saturday",1465.32692307692,1
"33","Local",2025,"Jun","Sunday",1638.68181818182,1
"33","Local",2025,"Jun","Weekday",2260.21563088512,1
"34","Local",2025,"Jun","Saturday",598,1
"34","Local",2025,"Jun","Sunday",473.666666666667,1
"34","Local",2025,"Jun","Weekday",647,1
"35","Local",2025,"Jun","Saturday",565.5,1
"35","Local",2025,"Jun","Sunday",488.666666666667,1
"35","Local",2025,"Jun","Weekday",705.5,1
"36","Local",2025,"Jun","Saturday",1051.16949152542,1
"36","Local",2025,"Jun","Sunday",1032.34703196347,1
"36","Local",2025,"Jun","Weekday",1494,1
"376","Local",2025,"Jun","Saturday",162.333333333333,1
"376","Local",2025,"Jun","Sunday",163.929824561404,1
"376","Local",2025,"Jun","Weekday",144,1
"39","Local",2025,"Jun","Weekday",395.606060606061,0
"40","Local",2025,"Jun","Saturday",3215.47710055096,1
"40","Local",2025,"Jun","Sunday",2836.79661016949,1
"40","Local",2025,"Jun","Weekday",5521,1
"41","Local",2025,"Jun","Saturday",444.5,1
"41","Local",2025,"Jun","Sunday",393,1
"41","Local",2025,"Jun","Weekday",594.5,1
"45","Local",2025,"Jun","Saturday",490,1
"45","Local",2025,"Jun","Sunday",460.666666666667,1
"45","Local",2025,"Jun","Weekday",1084.5,1
"46L","Local",2025,"Jun","Weekday",147.5,0
"51A","Local",2025,"Jun","Saturday",3647.42647058824,1
"51A","Local",2025,"Jun","Sunday",3114.33333333333,1
"51A","Local",2025,"Jun","Weekday",5622.5,1
"51B","Local",2025,"Jun","Saturday",4974.39153761736,1
"51B","Local",2025,"Jun","Sunday",3577.4303030303,1
"51B","Local",2025,"Jun","Weekday",4620.5,1
"52","Local",2025,"Jun","Saturday",968.662362637363,1
"52","Local",2025,"Jun","Sunday",819.87922705314,1
"52","Local",2025,"Jun","Weekday",1809,1
"54","Local",2025,"Jun","Saturday",553,1
"54","Local",2025,"Jun","Sunday",470.333333333333,1
"54","Local",2025,"Jun","Weekday",1109.5,1
"56","Local",2025,"Jun","Saturday",300.5,1
"56","Local",2025,"Jun","Sunday",266.666666666667,1
"56","Local",2025,"Jun","Weekday",400.5,1
"57","Local",2025,"Jun","Saturday",3960.71580028765,1
"57","Local",2025,"Jun","Sunday",3552.23602484472,1
"57","Local",2025,"Jun","Weekday",4952.23585231194,1
"6","Local",2025,"Jun","Saturday",2411.5,1
"6","Local",2025,"Jun","Sunday",2300.57666666667,1
"6","Local",2025,"Jun","Weekday",3891.5,1
"60","Local",2025,"Jun","Saturday",711.5,1
"60","Local",2025,"Jun","Sunday",599.333333333333,1
"60","Local",2025,"Jun","Weekday",980.5,1
"604","Supplemental",2025,"Jun","Weekday",87,0
"605","Supplemental",2025,"Jun","Weekday",42,0
"606","Supplemental",2025,"Jun","Weekday",54,0
"607","Supplemental",2025,"Jun","Weekday",33,0
"617","Supplemental",2025,"Jun","Weekday",39,0
"62","Local",2025,"Jun","Saturday",993.270491803279,1
"62","Local",2025,"Jun","Sunday",951.892156862745,1
"62","Local",2025,"Jun","Weekday",1906.59821428571,1
"620","Supplemental",2025,"Jun","Weekday",50,0
"621","Supplemental",2025,"Jun","Weekday",360,0
"623","Supplemental",2025,"Jun","Weekday",91,0
"624","Supplemental",2025,"Jun","Weekday",33,0
"625","Supplemental",2025,"Jun","Weekday",253.333333333333,0
"626","Supplemental",2025,"Jun","Weekday",40,0
"628","Supplemental",2025,"Jun","Weekday",15,0
"629","Supplemental",2025,"Jun","Weekday",46,0
"631","Supplemental",2025,"Jun","Weekday",133.5,0
"638","Supplemental",2025,"Jun","Weekday",83,0
"641","Supplemental",2025,"Jun","Weekday",246.666666666667,0
"642","Supplemental",2025,"Jun","Weekday",76,0
"646","Supplemental",2025,"Jun","Weekday",308,0
"648","Supplemental",2025,"Jun","Weekday",145.2,0
"649","Supplemental",2025,"Jun","Weekday",92,0
"65","Local",2025,"Jun","Weekday",288.25,0
"650","Supplemental",2025,"Jun","Weekday",92,0
"651","Supplemental",2025,"Jun","Weekday",108,0
"652","Supplemental",2025,"Jun","Weekday",72,0
"653","Supplemental",2025,"Jun","Weekday",113,0
"654","Supplemental",2025,"Jun","Weekday",148,0
"655","Supplemental",2025,"Jun","Weekday",48,0
"657","Supplemental",2025,"Jun","Weekday",102.5,0
"658","Supplemental",2025,"Jun","Weekday",18,0
"660","Supplemental",2025,"Jun","Weekday",44,0
"662","Supplemental",2025,"Jun","Weekday",78,0
"663","Supplemental",2025,"Jun","Weekday",93.3333333333333,0
"667","Supplemental",2025,"Jun","Weekday",124.833333333333,0
"669","Supplemental",2025,"Jun","Weekday",82,0
"67","Local",2025,"Jun","Weekday",233.413043478261,0
"671","Supplemental",2025,"Jun","Weekday",62.5,0
"672","Supplemental",2025,"Jun","Weekday",30,0
"675","Supplemental",2025,"Jun","Weekday",259.5,0
"676","Supplemental",2025,"Jun","Weekday",124,0
"677","Supplemental",2025,"Jun","Weekday",21,0
"680","Supplemental",2025,"Jun","Weekday",52,0
"681","Supplemental",2025,"Jun","Weekday",17,0
"682","Supplemental",2025,"Jun","Weekday",0,0
"683","Supplemental",2025,"Jun","Weekday",0,0
"684","Supplemental",2025,"Jun","Weekday",210,0
"687","Supplemental",2025,"Jun","Weekday",45,0
"688","Supplemental",2025,"Jun","Weekday",55,0
"696","Supplemental",2025,"Jun","Weekday",35,0
"7","Local",2025,"Jun","Saturday",1337.5,1
"7","Local",2025,"Jun","Sunday",1384.66666666667,1
"7","Local",2025,"Jun","Weekday",1705.5,1
"70","Local",2025,"Jun","Saturday",335,1
"70","Local",2025,"Jun","Sunday",303,1
"70","Local",2025,"Jun","Weekday",410.5,1
"701","M-Transbay",2025,"Jun","Weekday",66,0
"702","M-Transbay",2025,"Jun","Weekday",11,0
"703","M-Transbay",2025,"Jun","Weekday",19.5,0
"71","Local",2025,"Jun","Saturday",444.5,1
"71","Local",2025,"Jun","Sunday",437,1
"71","Local",2025,"Jun","Weekday",978.5,1
"72","Local",2025,"Jun","Saturday",2457.84969818913,1
"72","Local",2025,"Jun","Sunday",2347.66666666667,1
"72","Local",2025,"Jun","Weekday",2835.9375,1
"72M","Local",2025,"Jun","Saturday",2137.54528985507,1
"72M","Local",2025,"Jun","Sunday",2116,1
"72M","Local",2025,"Jun","Weekday",2871.61267605634,1
"72R","Local",2025,"Jun","Saturday",2673.77906976744,1
"72R","Local",2025,"Jun","Sunday",2249.93023255814,1
"72R","Local",2025,"Jun","Weekday",4075,1
"73","Local",2025,"Jun","Saturday",1190.42957746479,1
"73","Local",2025,"Jun","Sunday",1180.29127959245,1
"73","Local",2025,"Jun","Weekday",1819.45070422535,1
"74","Local",2025,"Jun","Saturday",400,1
"74","Local",2025,"Jun","Sunday",414.333333333333,1
"74","Local",2025,"Jun","Weekday",889,1
"76","Local",2025,"Jun","Saturday",942,1
"76","Local",2025,"Jun","Sunday",912.333333333333,1
"76","Local",2025,"Jun","Weekday",1754.5,1
"79","Local",2025,"Jun","Saturday",664.448717948718,1
"79","Local",2025,"Jun","Sunday",705.833333333333,1
"79","Local",2025,"Jun","Weekday",1065.5,1
"800","All Nighter",2025,"Jun","Saturday",669.29347826087,1
"800","All Nighter",2025,"Jun","Sunday",438.333333333333,1
"800","All Nighter",2025,"Jun","Weekday",480,1
"801","All Nighter",2025,"Jun","Saturday",273,1
"801","All Nighter",2025,"Jun","Sunday",282.666666666667,1
"801","All Nighter",2025,"Jun","Weekday",307,1
"802","All Nighter",2025,"Jun","Saturday",51.8,1
"802","All Nighter",2025,"Jun","Sunday",67.3333333333333,1
"802","All Nighter",2025,"Jun","Weekday",79.5,1
"805","All Nighter",2025,"Jun","Saturday",77,1
"805","All Nighter",2025,"Jun","Sunday",82,1
"805","All Nighter",2025,"Jun","Weekday",91.5,1
"840","All Nighter",2025,"Jun","Saturday",64.7878787878788,1
"840","All Nighter",2025,"Jun","Sunday",62,1
"840","All Nighter",2025,"Jun","Weekday",65,1
"851","All Nighter",2025,"Jun","Saturday",89.5,1
"851","All Nighter",2025,"Jun","Sunday",66,1
"851","All Nighter",2025,"Jun","Weekday",86,1
"86","Local",2025,"Jun","Saturday",627.716417910448,1
"86","Local",2025,"Jun","Sunday",533.462686567164,1
"86","Local",2025,"Jun","Weekday",1263.5,1
"88","Local",2025,"Jun","Saturday",1339.85483870968,1
"88","Local",2025,"Jun","Sunday",1221.33333333333,1
"88","Local",2025,"Jun","Weekday",1742,1
"90","Local",2025,"Jun","Saturday",348.184210526316,1
"90","Local",2025,"Jun","Sunday",376.514619883041,1
"90","Local",2025,"Jun","Weekday",640.088235294118,1
"93","Local",2025,"Jun","Saturday",428.5,1
"93","Local",2025,"Jun","Sunday",412.333333333333,1
"93","Local",2025,"Jun","Weekday",815.163461538462,1
"95","Local",2025,"Jun","Saturday",150.223684210526,1
"95","Local",2025,"Jun","Sunday",132.456140350877,1
"95","Local",2025,"Jun","Weekday",223.204545454545,1
"96","Local",2025,"Jun","Saturday",993.829787234042,1
"96","Local",2025,"Jun","Sunday",939.792349726776,1
"96","Local",2025,"Jun","Weekday",1278.5,1
"97","Local",2025,"Jun","Saturday",1492.89344262295,1
"97","Local",2025,"Jun","Sunday",1312.33333333333,1
"97","Local",2025,"Jun","Weekday",2606.47933884298,1
"98","Local",2025,"Jun","Saturday",419.456445993031,1
"98","Local",2025,"Jun","Sunday",404.266666666667,1
"98","Local",2025,"Jun","Weekday",882.825242718447,1
"99","Local",2025,"Jun","Saturday",1443,1
"99","Local",2025,"Jun","Sunday",1320.36529680365,1
"99","Local",2025,"Jun","Weekday",2299,1
"E","M-Transbay",2025,"Jun","Weekday",186.5,0
"F","M-Transbay",2025,"Jun","Saturday",1341.5,1
"F","M-Transbay",2025,"Jun","Sunday",1300,1
"F","M-Transbay",2025,"Jun","Weekday",1918,1
"FS","M-Transbay",2025,"Jun","Weekday",110.666666666667,0
"G","M-Transbay",2025,"Jun","Weekday",250.666666666667,0
"J","M-Transbay",2025,"Jun","Weekday",334.333333333333,0
"L","M-Transbay",2025,"Jun","Weekday",145.714285714286,0
"LA","M-Transbay",2025,"Jun","Weekday",69.5833333333333,0
"NL","M-Transbay",2025,"Jun","Saturday",1238.58108108108,1
"NL","M-Transbay",2025,"Jun","Sunday",1162.66666666667,1
"NL","M-Transbay",2025,"Jun","Weekday",2385.88317757009,1
"NX","M-Transbay",2025,"Jun","Weekday",233.357142857143,0
"NX3","M-Transbay",2025,"Jun","Weekday",167.3,0
"O","M-Transbay",2025,"Jun","Saturday",748.069230769231,1
"O","M-Transbay",2025,"Jun","Sunday",805,1
"O","M-Transbay",2025,"Jun","Weekday",1187.9362745098,1
"OX","M-Transbay",2025,"Jun","Weekday",112.533333333333,0
"P","M-Transbay",2025,"Jun","Weekday",370,0
"U","M-Transbay",2025,"Jun","Weekday",243.65,0
"V","M-Transbay",2025,"Jun","Weekday",198.5,0
"W","M-Transbay",2025,"Jun","Weekday",162,0
"10","Local",2025,"Jul","Saturday",1560,1
"10","Local",2025,"Jul","Sunday",1406,1
"10","Local",2025,"Jul","Weekday",2276,1
"12","Local",2025,"Jul","Saturday",1704,1
"12","Local",2025,"Jul","Sunday",1327,1
"12","Local",2025,"Jul","Weekday",2387,1
"14","Local",2025,"Jul","Saturday",1202,1
"14","Local",2025,"Jul","Sunday",1072,1
"14","Local",2025,"Jul","Weekday",2600,1
"18","Local",2025,"Jul","Saturday",2617,1
"18","Local",2025,"Jul","Sunday",2412,1
"18","Local",2025,"Jul","Weekday",3620,1
"19","Local",2025,"Jul","Saturday",228,1
"19","Local",2025,"Jul","Sunday",185,1
"19","Local",2025,"Jul","Weekday",265,1
"1T","Local",2025,"Jul","Saturday",11389.9470899471,1
"1T","Local",2025,"Jul","Sunday",11194.5728643216,1
"1T","Local",2025,"Jul","Weekday",14334.038647343,1
"20","Local",2025,"Jul","Saturday",1602,1
"20","Local",2025,"Jul","Sunday",1258,1
"20","Local",2025,"Jul","Weekday",1851,1
"200","Local",2025,"Jul","Saturday",953,1
"200","Local",2025,"Jul","Sunday",838,1
"200","Local",2025,"Jul","Weekday",1287,1
"21","Local",2025,"Jul","Saturday",817,1
"21","Local",2025,"Jul","Sunday",688,1
"21","Local",2025,"Jul","Weekday",1186,1
"210","Local",2025,"Jul","Saturday",637,1
"210","Local",2025,"Jul","Sunday",577,1
"210","Local",2025,"Jul","Weekday",1077,1
"212","Local",2025,"Jul","Saturday",498,1
"212","Local",2025,"Jul","Sunday",388,1
"212","Local",2025,"Jul","Weekday",666,1
"215","Local",2025,"Jul","Weekday",195,0
"216","Local",2025,"Jul","Saturday",242,1
"216","Local",2025,"Jul","Sunday",188,1
"216","Local",2025,"Jul","Weekday",309,1
"217","Local",2025,"Jul","Saturday",562,1
"217","Local",2025,"Jul","Sunday",549,1
"217","Local",2025,"Jul","Weekday",769,1
"232","Local",2025,"Jul","Saturday",221,1
"232","Local",2025,"Jul","Sunday",195,1
"232","Local",2025,"Jul","Weekday",312,1
"239","Local",2025,"Jul","Weekday",530,0
"251","Local",2025,"Jul","Saturday",119,1
"251","Local",2025,"Jul","Sunday",89,1
"251","Local",2025,"Jul","Weekday",167,1
"28","Local",2025,"Jul","Saturday",436,1
"28","Local",2025,"Jul","Sunday",399,1
"28","Local",2025,"Jul","Weekday",612,1
"29","Local",2025,"Jul","Saturday",945,1
"29","Local",2025,"Jul","Sunday",766,1
"29","Local",2025,"Jul","Weekday",1304,1
"33","Local",2025,"Jul","Saturday",1280,1
"33","Local",2025,"Jul","Sunday",1153,1
"33","Local",2025,"Jul","Weekday",2101,1
"34","Local",2025,"Jul","Saturday",579,1
"34","Local",2025,"Jul","Sunday",463,1
"34","Local",2025,"Jul","Weekday",639,1
"35","Local",2025,"Jul","Saturday",522,1
"35","Local",2025,"Jul","Sunday",464,1
"35","Local",2025,"Jul","Weekday",698,1
"36","Local",2025,"Jul","Saturday",1177.83333333333,1
"36","Local",2025,"Jul","Sunday",1064,1
"36","Local",2025,"Jul","Weekday",1367,1
"376","Local",2025,"Jul","Saturday",170,1
"376","Local",2025,"Jul","Sunday",138,1
"376","Local",2025,"Jul","Weekday",132,1
"39","Local",2025,"Jul","Weekday",304.393939393939,0
"40","Local",2025,"Jul","Saturday",2966,1
"40","Local",2025,"Jul","Sunday",2638,1
"40","Local",2025,"Jul","Weekday",5082,1
"41","Local",2025,"Jul","Saturday",412,1
"41","Local",2025,"Jul","Sunday",358,1
"41","Local",2025,"Jul","Weekday",581,1
"45","Local",2025,"Jul","Saturday",482,1
"45","Local",2025,"Jul","Sunday",433,1
"45","Local",2025,"Jul","Weekday",1016,1
"46L","Local",2025,"Jul","Weekday",121,0
"51A","Local",2025,"Jul","Saturday",3561,1
"51A","Local",2025,"Jul","Sunday",2988,1
"51A","Local",2025,"Jul","Weekday",5473,1
"51B","Local",2025,"Jul","Saturday",3680.16393442623,1
"51B","Local",2025,"Jul","Sunday",3301.27407407407,1
"51B","Local",2025,"Jul","Weekday",4827,1
"52","Local",2025,"Jul","Saturday",1024,1
"52","Local",2025,"Jul","Sunday",868,1
"52","Local",2025,"Jul","Weekday",2029,1
"54","Local",2025,"Jul","Saturday",530,1
"54","Local",2025,"Jul","Sunday",482,1
"54","Local",2025,"Jul","Weekday",1047,1
"56","Local",2025,"Jul","Saturday",301,1
"56","Local",2025,"Jul","Sunday",256,1
"56","Local",2025,"Jul","Weekday",396,1
"57","Local",2025,"Jul","Saturday",3796.29012345679,1
"57","Local",2025,"Jul","Sunday",3352.56790123457,1
"57","Local",2025,"Jul","Weekday",4432.19135802469,1
"6","Local",2025,"Jul","Saturday",2453.24666666667,1
"6","Local",2025,"Jul","Sunday",2184.46666666667,1
"6","Local",2025,"Jul","Weekday",4002,1
"60","Local",2025,"Jul","Saturday",678,1
"60","Local",2025,"Jul","Sunday",559,1
"60","Local",2025,"Jul","Weekday",956,1
"62","Local",2025,"Jul","Saturday",938,1
"62","Local",2025,"Jul","Sunday",873,1
"62","Local",2025,"Jul","Weekday",1740,1
"65","Local",2025,"Jul","Weekday",263.888888888889,0
"67","Local",2025,"Jul","Weekday",255.31914893617,0
"7","Local",2025,"Jul","Saturday",1436,1
"7","Local",2025,"Jul","Sunday",1392,1
"7","Local",2025,"Jul","Weekday",1911,1
"70","Local",2025,"Jul","Saturday",292,1
"70","Local",2025,"Jul","Sunday",265,1
"70","Local",2025,"Jul","Weekday",396,1
"701","M-Transbay",2025,"Jul","Weekday",52,0
"702","M-Transbay",2025,"Jul","Weekday",13,0
"703","M-Transbay",2025,"Jul","Weekday",16,0
"71","Local",2025,"Jul","Saturday",442,1
"71","Local",2025,"Jul","Sunday",364,1
"71","Local",2025,"Jul","Weekday",905,1
"72","Local",2025,"Jul","Saturday",2536,1
"72","Local",2025,"Jul","Sunday",2168,1
"72","Local",2025,"Jul","Weekday",2758.33333333333,1
"72M","Local",2025,"Jul","Saturday",2200,1
"72M","Local",2025,"Jul","Sunday",2024,1
"72M","Local",2025,"Jul","Weekday",2867.85714285714,1
"72R","Local",2025,"Jul","Saturday",2469,1
"72R","Local",2025,"Jul","Sunday",2077,1
"72R","Local",2025,"Jul","Weekday",3955,1
"73","Local",2025,"Jul","Saturday",1352,1
"73","Local",2025,"Jul","Sunday",1116.75524475524,1
"73","Local",2025,"Jul","Weekday",1776,1
"74","Local",2025,"Jul","Saturday",391,1
"74","Local",2025,"Jul","Sunday",362,1
"74","Local",2025,"Jul","Weekday",788,1
"76","Local",2025,"Jul","Saturday",913,1
"76","Local",2025,"Jul","Sunday",799,1
"76","Local",2025,"Jul","Weekday",1571.21212121212,1
"79","Local",2025,"Jul","Saturday",710,1
"79","Local",2025,"Jul","Sunday",679,1
"79","Local",2025,"Jul","Weekday",1108,1
"800","All Nighter",2025,"Jul","Saturday",671.884615384615,1
"800","All Nighter",2025,"Jul","Sunday",434,1
"800","All Nighter",2025,"Jul","Weekday",525,1
"801","All Nighter",2025,"Jul","Saturday",314,1
"801","All Nighter",2025,"Jul","Sunday",283,1
"801","All Nighter",2025,"Jul","Weekday",299,1
"802","All Nighter",2025,"Jul","Saturday",71,1
"802","All Nighter",2025,"Jul","Sunday",46,1
"802","All Nighter",2025,"Jul","Weekday",78,1
"805","All Nighter",2025,"Jul","Saturday",61,1
"805","All Nighter",2025,"Jul","Sunday",72,1
"805","All Nighter",2025,"Jul","Weekday",85,1
"840","All Nighter",2025,"Jul","Saturday",59,1
"840","All Nighter",2025,"Jul","Sunday",62,1
"840","All Nighter",2025,"Jul","Weekday",70,1
"851","All Nighter",2025,"Jul","Saturday",120,1
"851","All Nighter",2025,"Jul","Sunday",81,1
"851","All Nighter",2025,"Jul","Weekday",106,1
"86","Local",2025,"Jul","Saturday",607.808823529412,1
"86","Local",2025,"Jul","Sunday",544.897058823529,1
"86","Local",2025,"Jul","Weekday",1213,1
"88","Local",2025,"Jul","Saturday",1109,1
"88","Local",2025,"Jul","Sunday",1140,1
"88","Local",2025,"Jul","Weekday",1667,1
"90","Local",2025,"Jul","Saturday",379,1
"90","Local",2025,"Jul","Sunday",380.681818181818,1
"90","Local",2025,"Jul","Weekday",633,1
"93","Local",2025,"Jul","Saturday",437,1
"93","Local",2025,"Jul","Sunday",373,1
"93","Local",2025,"Jul","Weekday",723.301886792453,1
"95","Local",2025,"Jul","Saturday",138,1
"95","Local",2025,"Jul","Sunday",125,1
"95","Local",2025,"Jul","Weekday",212.883720930233,1
"96","Local",2025,"Jul","Saturday",957,1
"96","Local",2025,"Jul","Sunday",958,1
"96","Local",2025,"Jul","Weekday",1268,1
"97","Local",2025,"Jul","Saturday",1533,1
"97","Local",2025,"Jul","Sunday",1274,1
"97","Local",2025,"Jul","Weekday",2481.17213114754,1
"98","Local",2025,"Jul","Saturday",393,1
"98","Local",2025,"Jul","Sunday",428,1
"98","Local",2025,"Jul","Weekday",808,1
"99","Local",2025,"Jul","Saturday",1492.1975308642,1
"99","Local",2025,"Jul","Sunday",1267,1
"99","Local",2025,"Jul","Weekday",2199,1
"E","M-Transbay",2025,"Jul","Weekday",205,0
"F","M-Transbay",2025,"Jul","Saturday",1565,1
"F","M-Transbay",2025,"Jul","Sunday",1489,1
"F","M-Transbay",2025,"Jul","Weekday",1933,1
"FS","M-Transbay",2025,"Jul","Weekday",109,0
"G","M-Transbay",2025,"Jul","Weekday",240,0
"J","M-Transbay",2025,"Jul","Weekday",306.666666666667,0
"L","M-Transbay",2025,"Jul","Weekday",161.142857142857,0
"LA","M-Transbay",2025,"Jul","Weekday",92.5,0
"NL","M-Transbay",2025,"Jul","Saturday",1179,1
"NL","M-Transbay",2025,"Jul","Sunday",1101,1
"NL","M-Transbay",2025,"Jul","Weekday",2242,1
"NX","M-Transbay",2025,"Jul","Weekday",181.125,0
"NX3","M-Transbay",2025,"Jul","Weekday",212.333333333333,0
"O","M-Transbay",2025,"Jul","Saturday",753,1
"O","M-Transbay",2025,"Jul","Sunday",750,1
"O","M-Transbay",2025,"Jul","Weekday",1065.90909090909,1
"OX","M-Transbay",2025,"Jul","Weekday",106.285714285714,0
"P","M-Transbay",2025,"Jul","Weekday",358,0
"U","M-Transbay",2025,"Jul","Weekday",245.3,0
"V","M-Transbay",2025,"Jul","Weekday",217,0
"W","M-Transbay",2025,"Jul","Weekday",176,0
"10","Local",2025,"Aug","Saturday",1738.09345794392,1
"10","Local",2025,"Aug","Sunday",1440.34615384615,1
"10","Local",2025,"Aug","Weekday",2335,1
"12","Local",2025,"Aug","Saturday",1876.47058823529,1
"12","Local",2025,"Aug","Sunday",1418.4,1
"12","Local",2025,"Aug","Weekday",2726.28571428571,1
"14","Local",2025,"Aug","Saturday",1464.67581998474,1
"14","Local",2025,"Aug","Sunday",1325.62608695652,1
"14","Local",2025,"Aug","Weekday",2867.14285714286,1
"18","Local",2025,"Aug","Saturday",3280.18846153846,1
"18","Local",2025,"Aug","Sunday",2915.475,1
"18","Local",2025,"Aug","Weekday",5243.42857142857,1
"19","Local",2025,"Aug","Saturday",217.48,1
"19","Local",2025,"Aug","Sunday",187.764705882353,1
"19","Local",2025,"Aug","Weekday",270.285714285714,1
"1T","Local",2025,"Aug","Saturday",12236.6490872211,1
"1T","Local",2025,"Aug","Sunday",11235.1080487723,1
"1T","Local",2025,"Aug","Weekday",16047.1794340925,1
"20","Local",2025,"Aug","Saturday",1655,1
"20","Local",2025,"Aug","Sunday",1298.9,1
"20","Local",2025,"Aug","Weekday",1999,1
"200","Local",2025,"Aug","Saturday",964.6,1
"200","Local",2025,"Aug","Sunday",872.207365237502,1
"200","Local",2025,"Aug","Weekday",1323,1
"21","Local",2025,"Aug","Saturday",961.463414634146,1
"21","Local",2025,"Aug","Sunday",640,1
"21","Local",2025,"Aug","Weekday",1345,1
"210","Local",2025,"Aug","Saturday",751.869565217391,1
"210","Local",2025,"Aug","Sunday",689.96,1
"210","Local",2025,"Aug","Weekday",1211.57142857143,1
"211","Local",2025,"Aug","Saturday",684.246575342466,1
"211","Local",2025,"Aug","Sunday",673,1
"211","Local",2025,"Aug","Weekday",1304,1
"212","Local",2025,"Aug","Saturday",494.217391304348,1
"212","Local",2025,"Aug","Sunday",383.4,1
"212","Local",2025,"Aug","Weekday",656,1
"215","Local",2025,"Aug","Weekday",200.689655172414,0
"216","Local",2025,"Aug","Saturday",221.6,1
"216","Local",2025,"Aug","Sunday",224.76,1
"216","Local",2025,"Aug","Weekday",317.571428571429,1
"217","Local",2025,"Aug","Saturday",608,1
"217","Local",2025,"Aug","Sunday",552.452830188679,1
"217","Local",2025,"Aug","Weekday",768,1
"22","Local",2025,"Aug","Saturday",1654,1
"22","Local",2025,"Aug","Sunday",1192,1
"22","Local",2025,"Aug","Weekday",1825,1
"231","Local",2025,"Aug","Saturday",601,1
"231","Local",2025,"Aug","Sunday",478,1
"231","Local",2025,"Aug","Weekday",778,1
"232","Local",2025,"Aug","Saturday",199,1
"232","Local",2025,"Aug","Sunday",214.5,1
"232","Local",2025,"Aug","Weekday",307,1
"239","Local",2025,"Aug","Saturday",303,1
"239","Local",2025,"Aug","Sunday",266,1
"239","Local",2025,"Aug","Weekday",800,1
"251","Local",2025,"Aug","Saturday",117.046153846154,1
"251","Local",2025,"Aug","Sunday",114.313043478261,1
"251","Local",2025,"Aug","Weekday",181.142857142857,1
"27","Local",2025,"Aug","Saturday",1549,1
"27","Local",2025,"Aug","Sunday",1395,1
"27","Local",2025,"Aug","Weekday",1856,1
"28","Local",2025,"Aug","Saturday",516,1
"28","Local",2025,"Aug","Sunday",451.888,1
"28","Local",2025,"Aug","Weekday",730.142857142857,1
"281","Local",2025,"Aug","Saturday",151.615384615385,1
"281","Local",2025,"Aug","Sunday",153,1
"281","Local",2025,"Aug","Weekday",238,1
"29","Local",2025,"Aug","Saturday",909.48,1
"29","Local",2025,"Aug","Sunday",820,1
"29","Local",2025,"Aug","Weekday",1270,1
"30","Local",2025,"Aug","Saturday",1700,1
"30","Local",2025,"Aug","Sunday",1483,1
"30","Local",2025,"Aug","Weekday",2137,1
"31","Local",2025,"Aug","Saturday",961,1
"31","Local",2025,"Aug","Sunday",831,1
"31","Local",2025,"Aug","Weekday",1351,1
"33","Local",2025,"Aug","Saturday",1386,1
"33","Local",2025,"Aug","Sunday",1197.95454545455,1
"33","Local",2025,"Aug","Weekday",2150.13675213675,1
"34","Local",2025,"Aug","Saturday",564.2,1
"34","Local",2025,"Aug","Sunday",495.3,1
"34","Local",2025,"Aug","Weekday",772.428571428571,1
"35","Local",2025,"Aug","Saturday",579.8,1
"35","Local",2025,"Aug","Sunday",523.418181818182,1
"35","Local",2025,"Aug","Weekday",815.142857142857,1
"36","Local",2025,"Aug","Saturday",1968.68888888889,1
"36","Local",2025,"Aug","Sunday",1573.2679245283,1
"36","Local",2025,"Aug","Weekday",2006.42857142857,1
"376","Local",2025,"Aug","Saturday",190.909090909091,1
"376","Local",2025,"Aug","Sunday",148.888888888889,1
"376","Local",2025,"Aug","Weekday",134,1
"39","Local",2025,"Aug","Weekday",304.0625,0
"40","Local",2025,"Aug","Saturday",3228.28318584071,1
"40","Local",2025,"Aug","Sunday",2704.90505050505,1
"40","Local",2025,"Aug","Weekday",6255,1
"41","Local",2025,"Aug","Saturday",433.2,1
"41","Local",2025,"Aug","Sunday",361.569230769231,1
"41","Local",2025,"Aug","Weekday",601.857142857143,1
"45","Local",2025,"Aug","Saturday",547.388235294118,1
"45","Local",2025,"Aug","Sunday",524.630303030303,1
"45","Local",2025,"Aug","Weekday",1239.28571428571,1
"46L","Local",2025,"Aug","Weekday",146.208791208791,0
"51A","Local",2025,"Aug","Saturday",3775.87619047619,1
"51A","Local",2025,"Aug","Sunday",3282.89292929293,1
"51A","Local",2025,"Aug","Weekday",5979.82035928144,1
"51B","Local",2025,"Aug","Saturday",5172.95479550347,1
"51B","Local",2025,"Aug","Sunday",4499.71847826087,1
"51B","Local",2025,"Aug","Weekday",6342.64749536178,1
"52","Local",2025,"Aug","Saturday",2071.14339622642,1
"52","Local",2025,"Aug","Sunday",1773.17170868347,1
"52","Local",2025,"Aug","Weekday",3078.39455782313,1
"54","Local",2025,"Aug","Saturday",658.183333333333,1
"54","Local",2025,"Aug","Sunday",478.209315068493,1
"54","Local",2025,"Aug","Weekday",1237.42857142857,1
"56","Local",2025,"Aug","Saturday",310.6,1
"56","Local",2025,"Aug","Sunday",271.2,1
"56","Local",2025,"Aug","Weekday",477.857142857143,1
"57","Local",2025,"Aug","Saturday",4009.58263984339,1
"57","Local",2025,"Aug","Sunday",3337.98857142857,1
"57","Local",2025,"Aug","Weekday",5145.35892857143,1
"6","Local",2025,"Aug","Saturday",2984.040625,1
"6","Local",2025,"Aug","Sunday",2873.12605042017,1
"6","Local",2025,"Aug","Weekday",4387.48979591837,1
"60","Local",2025,"Aug","Saturday",736.4,1
"60","Local",2025,"Aug","Sunday",595.4,1
"60","Local",2025,"Aug","Weekday",1272.42857142857,1
"604","Supplemental",2025,"Aug","Weekday",103,0
"605","Supplemental",2025,"Aug","Weekday",52,0
"606","Supplemental",2025,"Aug","Weekday",62,0
"607","Supplemental",2025,"Aug","Weekday",36,0
"617","Supplemental",2025,"Aug","Weekday",93,0
"62","Local",2025,"Aug","Saturday",1118.29429347826,1
"62","Local",2025,"Aug","Sunday",1007.74230769231,1
"62","Local",2025,"Aug","Weekday",2138.42857142857,1
"620","Supplemental",2025,"Aug","Weekday",40,0
"621","Supplemental",2025,"Aug","Weekday",480,0
"623","Supplemental",2025,"Aug","Weekday",994,0
"624","Supplemental",2025,"Aug","Weekday",70,0
"625","Supplemental",2025,"Aug","Weekday",367.777777777778,0
"627","Supplemental",2025,"Aug","Weekday",41,0
"629","Supplemental",2025,"Aug","Weekday",58,0
"631","Supplemental",2025,"Aug","Weekday",296,0
"633","Supplemental",2025,"Aug","Weekday",97,0
"638","Supplemental",2025,"Aug","Weekday",98,0
"639","Supplemental",2025,"Aug","Weekday",74,0
"641","Supplemental",2025,"Aug","Weekday",325,0
"642","Supplemental",2025,"Aug","Weekday",59,0
"646","Supplemental",2025,"Aug","Weekday",351,0
"648","Supplemental",2025,"Aug","Weekday",174,0
"649","Supplemental",2025,"Aug","Weekday",85,0
"65","Local",2025,"Aug","Weekday",333.96336996337,0
"650","Supplemental",2025,"Aug","Weekday",118,0
"651","Supplemental",2025,"Aug","Weekday",66,0
"652","Supplemental",2025,"Aug","Weekday",101,0
"653","Supplemental",2025,"Aug","Weekday",156,0
"654","Supplemental",2025,"Aug","Weekday",313.142857142857,0
"655","Supplemental",2025,"Aug","Weekday",253.5,0
"657","Supplemental",2025,"Aug","Weekday",247.777777777778,0
"658","Supplemental",2025,"Aug","Weekday",196.25,0
"660","Supplemental",2025,"Aug","Weekday",89,0
"662","Supplemental",2025,"Aug","Weekday",112,0
"663","Supplemental",2025,"Aug","Weekday",88,0
"667","Supplemental",2025,"Aug","Weekday",148,0
"669","Supplemental",2025,"Aug","Weekday",31,0
"67","Local",2025,"Aug","Weekday",192.553140096618,0
"675","Supplemental",2025,"Aug","Weekday",249.333333333333,0
"677","Supplemental",2025,"Aug","Weekday",118,0
"678","Supplemental",2025,"Aug","Weekday",54,0
"680","Supplemental",2025,"Aug","Weekday",90,0
"681","Supplemental",2025,"Aug","Weekday",16,0
"682","Supplemental",2025,"Aug","Weekday",227,0
"683","Supplemental",2025,"Aug","Weekday",32,0
"684","Supplemental",2025,"Aug","Weekday",232,0
"687","Supplemental",2025,"Aug","Weekday",169,0
"688","Supplemental",2025,"Aug","Weekday",31,0
"689","Supplemental",2025,"Aug","Weekday",58,0
"696","Supplemental",2025,"Aug","Weekday",22,0
"7","Local",2025,"Aug","Saturday",898.4,1
"7","Local",2025,"Aug","Sunday",656.8,1
"7","Local",2025,"Aug","Weekday",1015.71428571429,1
"70","Local",2025,"Aug","Saturday",347.6,1
"70","Local",2025,"Aug","Sunday",298.2,1
"70","Local",2025,"Aug","Weekday",696.285714285714,1
"701","M-Transbay",2025,"Aug","Weekday",53.7142857142857,0
"702","M-Transbay",2025,"Aug","Weekday",13,0
"703","M-Transbay",2025,"Aug","Weekday",17.4285714285714,0
"71","Local",2025,"Aug","Saturday",438,1
"71","Local",2025,"Aug","Sunday",374.6,1
"71","Local",2025,"Aug","Weekday",979.857142857143,1
"72","Local",2025,"Aug","Saturday",2841.20714285714,1
"72","Local",2025,"Aug","Sunday",2372.05245901639,1
"72","Local",2025,"Aug","Weekday",3680.41666666667,1
"72L","Local",2025,"Aug","Saturday",1671,1
"72L","Local",2025,"Aug","Sunday",1405,1
"72L","Local",2025,"Aug","Weekday",2235,1
"72M","Local",2025,"Aug","Saturday",2621.10427350427,1
"72M","Local",2025,"Aug","Sunday",2340.2,1
"72M","Local",2025,"Aug","Weekday",3124.47755102041,1
"72R","Local",2025,"Aug","Saturday",2787,1
"72R","Local",2025,"Aug","Sunday",2143.9012345679,1
"72R","Local",2025,"Aug","Weekday",4162.125,1
"73","Local",2025,"Aug","Saturday",1296.25531914894,1
"73","Local",2025,"Aug","Sunday",999.556435643564,1
"73","Local",2025,"Aug","Weekday",1730.16483516484,1
"74","Local",2025,"Aug","Saturday",485.578947368421,1
"74","Local",2025,"Aug","Sunday",425.8,1
"74","Local",2025,"Aug","Weekday",997.571428571429,1
"76","Local",2025,"Aug","Saturday",1107.46046511628,1
"76","Local",2025,"Aug","Sunday",987.736363636364,1
"76","Local",2025,"Aug","Weekday",1882.29024943311,1
"79","Local",2025,"Aug","Saturday",760,1
"79","Local",2025,"Aug","Sunday",797.058823529412,1
"79","Local",2025,"Aug","Weekday",1200,1
"800","All Nighter",2025,"Aug","Saturday",647.452173913043,1
"800","All Nighter",2025,"Aug","Sunday",481.652307692308,1
"800","All Nighter",2025,"Aug","Weekday",498,1
"801","All Nighter",2025,"Aug","Saturday",258,1
"801","All Nighter",2025,"Aug","Sunday",237.2,1
"801","All Nighter",2025,"Aug","Weekday",274.142857142857,1
"802","All Nighter",2025,"Aug","Saturday",56,1
"802","All Nighter",2025,"Aug","Sunday",46.8,1
"802","All Nighter",2025,"Aug","Weekday",73,1
"805","All Nighter",2025,"Aug","Saturday",64,1
"805","All Nighter",2025,"Aug","Sunday",86.08,1
"805","All Nighter",2025,"Aug","Weekday",97,1
"840","All Nighter",2025,"Aug","Saturday",67,1
"840","All Nighter",2025,"Aug","Sunday",66,1
"840","All Nighter",2025,"Aug","Weekday",70.4285714285714,1
"851","All Nighter",2025,"Aug","Saturday",99,1
"851","All Nighter",2025,"Aug","Sunday",78.4,1
"851","All Nighter",2025,"Aug","Weekday",90.8571428571429,1
"86","Local",2025,"Aug","Saturday",696.036601307189,1
"86","Local",2025,"Aug","Sunday",647.498102082182,1
"86","Local",2025,"Aug","Weekday",1275.48571428571,1
"88","Local",2025,"Aug","Saturday",1547.8,1
"88","Local",2025,"Aug","Sunday",1429.49721776351,1
"88","Local",2025,"Aug","Weekday",2530.71428571429,1
"9","Local",2025,"Aug","Saturday",2550,1
"9","Local",2025,"Aug","Sunday",2177,1
"9","Local",2025,"Aug","Weekday",3849,1
"90","Local",2025,"Aug","Saturday",413.2,1
"90","Local",2025,"Aug","Sunday",338.563076923077,1
"90","Local",2025,"Aug","Weekday",683.428571428571,1
"93","Local",2025,"Aug","Saturday",451.2,1
"93","Local",2025,"Aug","Sunday",374.8,1
"93","Local",2025,"Aug","Weekday",908.703703703704,1
"95","Local",2025,"Aug","Saturday",186.592682926829,1
"95","Local",2025,"Aug","Sunday",150.92,1
"95","Local",2025,"Aug","Weekday",281.108013937282,1
"96","Local",2025,"Aug","Saturday",1156.4,1
"96","Local",2025,"Aug","Sunday",969.523404255319,1
"96","Local",2025,"Aug","Weekday",1424.14285714286,1
"97","Local",2025,"Aug","Saturday",1569.8,1
"97","Local",2025,"Aug","Sunday",1342.72542372881,1
"97","Local",2025,"Aug","Weekday",2973.88665879575,1
"98","Local",2025,"Aug","Saturday",468.913846153846,1
"98","Local",2025,"Aug","Sunday",346.475,1
"98","Local",2025,"Aug","Weekday",1090.14285714286,1
"99","Local",2025,"Aug","Saturday",1495,1
"99","Local",2025,"Aug","Sunday",1278.30136986301,1
"99","Local",2025,"Aug","Weekday",2221,1
"E","M-Transbay",2025,"Aug","Weekday",183.142857142857,0
"F","M-Transbay",2025,"Aug","Saturday",1815,1
"F","M-Transbay",2025,"Aug","Sunday",1630.24054054054,1
"F","M-Transbay",2025,"Aug","Weekday",2217.42857142857,1
"FS","M-Transbay",2025,"Aug","Weekday",104.571428571429,0
"G","M-Transbay",2025,"Aug","Weekday",206.138775510204,0
"J","M-Transbay",2025,"Aug","Weekday",295.47619047619,0
"L","M-Transbay",2025,"Aug","Weekday",176.755102040816,0
"LA","M-Transbay",2025,"Aug","Weekday",113.333333333333,0
"NL","M-Transbay",2025,"Aug","Saturday",1319.4,1
"NL","M-Transbay",2025,"Aug","Sunday",1138.8,1
"NL","M-Transbay",2025,"Aug","Weekday",2450.14285714286,1
"NX","M-Transbay",2025,"Aug","Weekday",219,0
"NX3","M-Transbay",2025,"Aug","Weekday",134,0
"O","M-Transbay",2025,"Aug","Saturday",657.2,1
"O","M-Transbay",2025,"Aug","Sunday",560.528,1
"O","M-Transbay",2025,"Aug","Weekday",1231.81405895692,1
"OX","M-Transbay",2025,"Aug","Weekday",92.5714285714286,0
"P","M-Transbay",2025,"Aug","Weekday",341,0
"U","M-Transbay",2025,"Aug","Weekday",241.542857142857,0
"V","M-Transbay",2025,"Aug","Weekday",213.428571428571,0
"W","M-Transbay",2025,"Aug","Weekday",176.142857142857,0
"12","Local",2025,"Sep","Saturday",1993,1
"12","Local",2025,"Sep","Sunday",1595.56164383562,1
"12","Local",2025,"Sep","Weekday",3092,1
"14","Local",2025,"Sep","Saturday",1604,1
"14","Local",2025,"Sep","Sunday",1431,1
"14","Local",2025,"Sep","Weekday",2982,1
"18","Local",2025,"Sep","Saturday",4138,1
"18","Local",2025,"Sep","Sunday",3159,1
"18","Local",2025,"Sep","Weekday",6073,1
"19","Local",2025,"Sep","Saturday",214,1
"19","Local",2025,"Sep","Sunday",195,1
"19","Local",2025,"Sep","Weekday",282,1
"1T","Local",2025,"Sep","Saturday",12563.615819209,1
"1T","Local",2025,"Sep","Sunday",12054,1
"1T","Local",2025,"Sep","Weekday",16500,1
"200","Local",2025,"Sep","Saturday",943,1
"200","Local",2025,"Sep","Sunday",824.547945205479,1
"200","Local",2025,"Sep","Weekday",1307,1
"210","Local",2025,"Sep","Saturday",783,1
"210","Local",2025,"Sep","Sunday",663,1
"210","Local",2025,"Sep","Weekday",1443,1
"211","Local",2025,"Sep","Saturday",752,1
"211","Local",2025,"Sep","Sunday",665,1
"211","Local",2025,"Sep","Weekday",1460,1
"216","Local",2025,"Sep","Saturday",246,1
"216","Local",2025,"Sep","Sunday",242,1
"216","Local",2025,"Sep","Weekday",312,1
"22","Local",2025,"Sep","Saturday",2082,1
"22","Local",2025,"Sep","Sunday",1825,1
"22","Local",2025,"Sep","Weekday",2487,1
"231","Local",2025,"Sep","Saturday",664,1
"231","Local",2025,"Sep","Sunday",532,1
"231","Local",2025,"Sep","Weekday",823,1
"239","Local",2025,"Sep","Saturday",350,1
"239","Local",2025,"Sep","Sunday",283,1
"239","Local",2025,"Sep","Weekday",958,1
"251","Local",2025,"Sep","Saturday",121,1
"251","Local",2025,"Sep","Sunday",127.555555555556,1
"251","Local",2025,"Sep","Weekday",208,1
"27","Local",2025,"Sep","Saturday",2252,1
"27","Local",2025,"Sep","Sunday",2151,1
"27","Local",2025,"Sep","Weekday",2934,1
"28","Local",2025,"Sep","Saturday",543,1
"28","Local",2025,"Sep","Sunday",516.326530612245,1
"28","Local",2025,"Sep","Weekday",841,1
"281","Local",2025,"Sep","Saturday",142,1
"281","Local",2025,"Sep","Sunday",145,1
"281","Local",2025,"Sep","Weekday",250,1
"30","Local",2025,"Sep","Saturday",1628,1
"30","Local",2025,"Sep","Sunday",1537,1
"30","Local",2025,"Sep","Weekday",2143,1
"31","Local",2025,"Sep","Saturday",951,1
"31","Local",2025,"Sep","Sunday",841,1
"31","Local",2025,"Sep","Weekday",1331,1
"34","Local",2025,"Sep","Saturday",574,1
"34","Local",2025,"Sep","Sunday",477,1
"34","Local",2025,"Sep","Weekday",853,1
"35","Local",2025,"Sep","Saturday",567,1
"35","Local",2025,"Sep","Sunday",496,1
"35","Local",2025,"Sep","Weekday",902,1
"36","Local",2025,"Sep","Saturday",2386,1
"36","Local",2025,"Sep","Sunday",2224,1
"36","Local",2025,"Sep","Weekday",3107,1
"40","Local",2025,"Sep","Saturday",3205,1
"40","Local",2025,"Sep","Sunday",2785,1
"40","Local",2025,"Sep","Weekday",6953,1
"41","Local",2025,"Sep","Saturday",426,1
"41","Local",2025,"Sep","Sunday",354,1
"41","Local",2025,"Sep","Weekday",617,1
"45","Local",2025,"Sep","Saturday",608,1
"45","Local",2025,"Sep","Sunday",539,1
"45","Local",2025,"Sep","Weekday",1347,1
"46L","Local",2025,"Sep","Weekday",177,0
"51A","Local",2025,"Sep","Saturday",4084,1
"51A","Local",2025,"Sep","Sunday",3290,1
"51A","Local",2025,"Sep","Weekday",6338.8622754491,1
"51B","Local",2025,"Sep","Saturday",6928,1
"51B","Local",2025,"Sep","Sunday",6788,1
"51B","Local",2025,"Sep","Weekday",8831,1
"52","Local",2025,"Sep","Saturday",2558,1
"52","Local",2025,"Sep","Sunday",2422,1
"52","Local",2025,"Sep","Weekday",5577,1
"54","Local",2025,"Sep","Saturday",601.123287671233,1
"54","Local",2025,"Sep","Sunday",477.452054794521,1
"54","Local",2025,"Sep","Weekday",1382,1
"56","Local",2025,"Sep","Saturday",298,1
"56","Local",2025,"Sep","Sunday",282,1
"56","Local",2025,"Sep","Weekday",561,1
"57","Local",2025,"Sep","Saturday",4116.16,1
"57","Local",2025,"Sep","Sunday",3428.55629139073,1
"57","Local",2025,"Sep","Weekday",5419,1
"6","Local",2025,"Sep","Saturday",3270,1
"6","Local",2025,"Sep","Sunday",3104,1
"6","Local",2025,"Sep","Weekday",5064,1
"60","Local",2025,"Sep","Saturday",772,1
"60","Local",2025,"Sep","Sunday",605,1
"60","Local",2025,"Sep","Weekday",1671,1
"604","Supplemental",2025,"Sep","Weekday",87,0
"605","Supplemental",2025,"Sep","Weekday",65,0
"606","Supplemental",2025,"Sep","Weekday",66,0
"607","Supplemental",2025,"Sep","Weekday",45,0
"617","Supplemental",2025,"Sep","Weekday",81,0
"62","Local",2025,"Sep","Saturday",1182,1
"62","Local",2025,"Sep","Sunday",1097,1
"62","Local",2025,"Sep","Weekday",2241,1
"620","Supplemental",2025,"Sep","Weekday",37,0
"621","Supplemental",2025,"Sep","Weekday",565.333333333333,0
"623","Supplemental",2025,"Sep","Weekday",1163.4,0
"624","Supplemental",2025,"Sep","Weekday",78,0
"625","Supplemental",2025,"Sep","Weekday",401.111111111111,0
"627","Supplemental",2025,"Sep","Weekday",54,0
"629","Supplemental",2025,"Sep","Weekday",66,0
"631","Supplemental",2025,"Sep","Weekday",298,0
"633","Supplemental",2025,"Sep","Weekday",85,0
"638","Supplemental",2025,"Sep","Weekday",91,0
"639","Supplemental",2025,"Sep","Weekday",77,0
"641","Supplemental",2025,"Sep","Weekday",288.333333333333,0
"642","Supplemental",2025,"Sep","Weekday",68,0
"646","Supplemental",2025,"Sep","Weekday",314,0
"648","Supplemental",2025,"Sep","Weekday",185,0
"649","Supplemental",2025,"Sep","Weekday",88,0
"65","Local",2025,"Sep","Weekday",465,0
"650","Supplemental",2025,"Sep","Weekday",97,0
"651","Supplemental",2025,"Sep","Weekday",86,0
"652","Supplemental",2025,"Sep","Weekday",106,0
"653","Supplemental",2025,"Sep","Weekday",134,0
"654","Supplemental",2025,"Sep","Weekday",293,0
"655","Supplemental",2025,"Sep","Weekday",232.8,0
"657","Supplemental",2025,"Sep","Weekday",317,0
"658","Supplemental",2025,"Sep","Weekday",185,0
"660","Supplemental",2025,"Sep","Weekday",82,0
"662","Supplemental",2025,"Sep","Weekday",111,0
"663","Supplemental",2025,"Sep","Weekday",73,0
"667","Supplemental",2025,"Sep","Weekday",150,0
"669","Supplemental",2025,"Sep","Weekday",37,0
"67","Local",2025,"Sep","Weekday",300.740740740741,0
"675","Supplemental",2025,"Sep","Weekday",340.8,0
"677","Supplemental",2025,"Sep","Weekday",115,0
"678","Supplemental",2025,"Sep","Weekday",64,0
"680","Supplemental",2025,"Sep","Weekday",82,0
"681","Supplemental",2025,"Sep","Weekday",22,0
"682","Supplemental",2025,"Sep","Weekday",206,0
"683","Supplemental",2025,"Sep","Weekday",36,0
"684","Supplemental",2025,"Sep","Weekday",236,0
"687","Supplemental",2025,"Sep","Weekday",190,0
"688","Supplemental",2025,"Sep","Weekday",84,0
"689","Supplemental",2025,"Sep","Weekday",69,0
"696","Supplemental",2025,"Sep","Weekday",31,0
"7","Local",2025,"Sep","Saturday",618,1
"7","Local",2025,"Sep","Sunday",601,1
"7","Local",2025,"Sep","Weekday",743,1
"70","Local",2025,"Sep","Saturday",387,1
"70","Local",2025,"Sep","Sunday",336,1
"70","Local",2025,"Sep","Weekday",907,1
"701","M-Transbay",2025,"Sep","Weekday",58,0
"702","M-Transbay",2025,"Sep","Weekday",10,0
"703","M-Transbay",2025,"Sep","Weekday",17,0
"71","Local",2025,"Sep","Saturday",400,1
"71","Local",2025,"Sep","Sunday",364,1
"71","Local",2025,"Sep","Weekday",1073,1
"72","Local",2025,"Sep","Saturday",2890,1
"72","Local",2025,"Sep","Sunday",2620,1
"72","Local",2025,"Sep","Weekday",3967,1
"72L","Local",2025,"Sep","Saturday",2847,1
"72L","Local",2025,"Sep","Sunday",1402,1
"72L","Local",2025,"Sep","Weekday",2280,1
"72M","Local",2025,"Sep","Saturday",1755,1
"72M","Local",2025,"Sep","Sunday",2527,1
"72M","Local",2025,"Sep","Weekday",3288,1
"73","Local",2025,"Sep","Saturday",1086,1
"73","Local",2025,"Sep","Sunday",995,1
"73","Local",2025,"Sep","Weekday",1673,1
"74","Local",2025,"Sep","Saturday",495,1
"74","Local",2025,"Sep","Sunday",446,1
"74","Local",2025,"Sep","Weekday",1265,1
"76","Local",2025,"Sep","Saturday",1169,1
"76","Local",2025,"Sep","Sunday",1032,1
"76","Local",2025,"Sep","Weekday",2131,1
"800","All Nighter",2025,"Sep","Saturday",720,1
"800","All Nighter",2025,"Sep","Sunday",494.307692307692,1
"800","All Nighter",2025,"Sep","Weekday",522,1
"801","All Nighter",2025,"Sep","Saturday",202,1
"801","All Nighter",2025,"Sep","Sunday",231,1
"801","All Nighter",2025,"Sep","Weekday",251,1
"802","All Nighter",2025,"Sep","Saturday",59,1
"802","All Nighter",2025,"Sep","Sunday",85,1
"802","All Nighter",2025,"Sep","Weekday",75,1
"805","All Nighter",2025,"Sep","Saturday",76.3636363636364,1
"805","All Nighter",2025,"Sep","Sunday",102,1
"805","All Nighter",2025,"Sep","Weekday",104,1
"840","All Nighter",2025,"Sep","Saturday",51.2727272727273,1
"840","All Nighter",2025,"Sep","Sunday",64,1
"840","All Nighter",2025,"Sep","Weekday",70,1
"851","All Nighter",2025,"Sep","Saturday",114,1
"851","All Nighter",2025,"Sep","Sunday",90,1
"851","All Nighter",2025,"Sep","Weekday",87,1
"86","Local",2025,"Sep","Saturday",726.864197530864,1
"86","Local",2025,"Sep","Sunday",676,1
"86","Local",2025,"Sep","Weekday",1362,1
"88","Local",2025,"Sep","Saturday",1757,1
"88","Local",2025,"Sep","Sunday",1360.60606060606,1
"88","Local",2025,"Sep","Weekday",2790,1
"9","Local",2025,"Sep","Saturday",2777,1
"9","Local",2025,"Sep","Sunday",2313,1
"9","Local",2025,"Sep","Weekday",4063,1
"90","Local",2025,"Sep","Saturday",441,1
"90","Local",2025,"Sep","Sunday",359,1
"90","Local",2025,"Sep","Weekday",699,1
"93","Local",2025,"Sep","Saturday",440,1
"93","Local",2025,"Sep","Sunday",396,1
"93","Local",2025,"Sep","Weekday",988,1
"95","Local",2025,"Sep","Saturday",154,1
"95","Local",2025,"Sep","Sunday",162,1
"95","Local",2025,"Sep","Weekday",287.244444444444,1
"96","Local",2025,"Sep","Saturday",1071,1
"96","Local",2025,"Sep","Sunday",994,1
"96","Local",2025,"Sep","Weekday",1445,1
"97","Local",2025,"Sep","Saturday",1644,1
"97","Local",2025,"Sep","Sunday",1345,1
"97","Local",2025,"Sep","Weekday",3360,1
"98","Local",2025,"Sep","Saturday",519,1
"98","Local",2025,"Sep","Sunday",390,1
"98","Local",2025,"Sep","Weekday",1208,1
"E","M-Transbay",2025,"Sep","Weekday",186,0
"F","M-Transbay",2025,"Sep","Saturday",1805,1
"F","M-Transbay",2025,"Sep","Sunday",1679,1
"F","M-Transbay",2025,"Sep","Weekday",2684,1
"FS","M-Transbay",2025,"Sep","Weekday",134.666666666667,0
"G","M-Transbay",2025,"Sep","Weekday",256,0
"J","M-Transbay",2025,"Sep","Weekday",302,0
"L","M-Transbay",2025,"Sep","Weekday",193,0
"NL","M-Transbay",2025,"Sep","Saturday",1415,1
"NL","M-Transbay",2025,"Sep","Sunday",1154,1
"NL","M-Transbay",2025,"Sep","Weekday",2667,1
"NX","M-Transbay",2025,"Sep","Weekday",258,0
"NX3","M-Transbay",2025,"Sep","Weekday",126,0
"O","M-Transbay",2025,"Sep","Saturday",524,1
"O","M-Transbay",2025,"Sep","Sunday",488,1
"O","M-Transbay",2025,"Sep","Weekday",1240,1
"P","M-Transbay",2025,"Sep","Weekday",397,0
"U","M-Transbay",2025,"Sep","Weekday",242,0
"V","M-Transbay",2025,"Sep","Weekday",233,0
"W","M-Transbay",2025,"Sep","Weekday",198,0
"12","Local",2025,"Oct","Saturday",1983.80821917808,1
"12","Local",2025,"Oct","Sunday",1713.15068493151,1
"12","Local",2025,"Oct","Weekday",2952,1
"14","Local",2025,"Oct","Saturday",1670,1
"14","Local",2025,"Oct","Sunday",1461,1
"14","Local",2025,"Oct","Weekday",2883,1
"18","Local",2025,"Oct","Saturday",3914,1
"18","Local",2025,"Oct","Sunday",3185,1
"18","Local",2025,"Oct","Weekday",6070,1
"19","Local",2025,"Oct","Saturday",237,1
"19","Local",2025,"Oct","Sunday",198,1
"19","Local",2025,"Oct","Weekday",304,1
"1T","Local",2025,"Oct","Saturday",12338.9533678756,1
"1T","Local",2025,"Oct","Sunday",11146.8194444444,1
"1T","Local",2025,"Oct","Weekday",15903,1
"200","Local",2025,"Oct","Saturday",987,1
"200","Local",2025,"Oct","Sunday",843.093333333333,1
"200","Local",2025,"Oct","Weekday",1324,1
"210","Local",2025,"Oct","Saturday",799,1
"210","Local",2025,"Oct","Sunday",695,1
"210","Local",2025,"Oct","Weekday",1308,1
"211","Local",2025,"Oct","Saturday",710,1
"211","Local",2025,"Oct","Sunday",661,1
"211","Local",2025,"Oct","Weekday",1342,1
"216","Local",2025,"Oct","Saturday",264,1
"216","Local",2025,"Oct","Sunday",245,1
"216","Local",2025,"Oct","Weekday",313,1
"22","Local",2025,"Oct","Saturday",2040,1
"22","Local",2025,"Oct","Sunday",1770,1
"22","Local",2025,"Oct","Weekday",2396,1
"231","Local",2025,"Oct","Saturday",612,1
"231","Local",2025,"Oct","Sunday",519,1
"231","Local",2025,"Oct","Weekday",814,1
"239","Local",2025,"Oct","Saturday",326,1
"239","Local",2025,"Oct","Sunday",278,1
"239","Local",2025,"Oct","Weekday",964,1
"251","Local",2025,"Oct","Saturday",107,1
"251","Local",2025,"Oct","Sunday",118.461538461538,1
"251","Local",2025,"Oct","Weekday",186,1
"27","Local",2025,"Oct","Saturday",2199,1
"27","Local",2025,"Oct","Sunday",2034,1
"27","Local",2025,"Oct","Weekday",2953,1
"28","Local",2025,"Oct","Saturday",600,1
"28","Local",2025,"Oct","Sunday",502,1
"28","Local",2025,"Oct","Weekday",814,1
"281","Local",2025,"Oct","Saturday",170.64,1
"281","Local",2025,"Oct","Sunday",150,1
"281","Local",2025,"Oct","Weekday",247,1
"30","Local",2025,"Oct","Saturday",1785,1
"30","Local",2025,"Oct","Sunday",1365,1
"30","Local",2025,"Oct","Weekday",2070,1
"31","Local",2025,"Oct","Saturday",980,1
"31","Local",2025,"Oct","Sunday",820,1
"31","Local",2025,"Oct","Weekday",1361,1
"34","Local",2025,"Oct","Saturday",543,1
"34","Local",2025,"Oct","Sunday",472,1
"34","Local",2025,"Oct","Weekday",853,1
"35","Local",2025,"Oct","Saturday",546,1
"35","Local",2025,"Oct","Sunday",546,1
"35","Local",2025,"Oct","Weekday",932,1
"36","Local",2025,"Oct","Saturday",2407,1
"36","Local",2025,"Oct","Sunday",2095,1
"36","Local",2025,"Oct","Weekday",3025,1
"40","Local",2025,"Oct","Saturday",3146.93388429752,1
"40","Local",2025,"Oct","Sunday",2791,1
"40","Local",2025,"Oct","Weekday",6597,1
"41","Local",2025,"Oct","Saturday",424,1
"41","Local",2025,"Oct","Sunday",343,1
"41","Local",2025,"Oct","Weekday",609,1
"45","Local",2025,"Oct","Saturday",704,1
"45","Local",2025,"Oct","Sunday",528,1
"45","Local",2025,"Oct","Weekday",1349,1
"46L","Local",2025,"Oct","Weekday",166,0
"51A","Local",2025,"Oct","Saturday",3900,1
"51A","Local",2025,"Oct","Sunday",3201,1
"51A","Local",2025,"Oct","Weekday",6168.8622754491,1
"51B","Local",2025,"Oct","Saturday",6650,1
"51B","Local",2025,"Oct","Sunday",6522.10526315789,1
"51B","Local",2025,"Oct","Weekday",8713,1
"52","Local",2025,"Oct","Saturday",2498.15384615385,1
"52","Local",2025,"Oct","Sunday",2433.91111111111,1
"52","Local",2025,"Oct","Weekday",5418,1
"54","Local",2025,"Oct","Saturday",576,1
"54","Local",2025,"Oct","Sunday",468.666666666667,1
"54","Local",2025,"Oct","Weekday",1293,1
"56","Local",2025,"Oct","Saturday",343,1
"56","Local",2025,"Oct","Sunday",290,1
"56","Local",2025,"Oct","Weekday",562,1
"57","Local",2025,"Oct","Saturday",3953.02702702703,1
"57","Local",2025,"Oct","Sunday",3376,1
"57","Local",2025,"Oct","Weekday",5449,1
"6","Local",2025,"Oct","Saturday",3413.60666666667,1
"6","Local",2025,"Oct","Sunday",2899,1
"6","Local",2025,"Oct","Weekday",4856,1
"60","Local",2025,"Oct","Saturday",758,1
"60","Local",2025,"Oct","Sunday",591,1
"60","Local",2025,"Oct","Weekday",1606,1
"604","Supplemental",2025,"Oct","Weekday",73,0
"605","Supplemental",2025,"Oct","Weekday",68,0
"606","Supplemental",2025,"Oct","Weekday",58,0
"607","Supplemental",2025,"Oct","Weekday",43.5,0
"617","Supplemental",2025,"Oct","Weekday",76,0
"62","Local",2025,"Oct","Saturday",1166,1
"62","Local",2025,"Oct","Sunday",1078,1
"62","Local",2025,"Oct","Weekday",2177,1
"620","Supplemental",2025,"Oct","Weekday",39,0
"621","Supplemental",2025,"Oct","Weekday",558.666666666667,0
"623","Supplemental",2025,"Oct","Weekday",1079.55555555556,0
"624","Supplemental",2025,"Oct","Weekday",82,0
"625","Supplemental",2025,"Oct","Weekday",406.666666666667,0
"627","Supplemental",2025,"Oct","Weekday",55,0
"629","Supplemental",2025,"Oct","Weekday",91.5,0
"631","Supplemental",2025,"Oct","Weekday",303,0
"633","Supplemental",2025,"Oct","Weekday",86,0
"638","Supplemental",2025,"Oct","Weekday",90,0
"639","Supplemental",2025,"Oct","Weekday",67,0
"641","Supplemental",2025,"Oct","Weekday",283.333333333333,0
"642","Supplemental",2025,"Oct","Weekday",52,0
"646","Supplemental",2025,"Oct","Weekday",323,0
"648","Supplemental",2025,"Oct","Weekday",160,0
"649","Supplemental",2025,"Oct","Weekday",96,0
"65","Local",2025,"Oct","Weekday",437,0
"650","Supplemental",2025,"Oct","Weekday",93,0
"651","Supplemental",2025,"Oct","Weekday",118,0
"652","Supplemental",2025,"Oct","Weekday",115,0
"653","Supplemental",2025,"Oct","Weekday",141,0
"654","Supplemental",2025,"Oct","Weekday",314,0
"655","Supplemental",2025,"Oct","Weekday",286.8,0
"657","Supplemental",2025,"Oct","Weekday",297.777777777778,0
"658","Supplemental",2025,"Oct","Weekday",180,0
"660","Supplemental",2025,"Oct","Weekday",89,0
"662","Supplemental",2025,"Oct","Weekday",114,0
"663","Supplemental",2025,"Oct","Weekday",94.6666666666667,0
"667","Supplemental",2025,"Oct","Weekday",160,0
"669","Supplemental",2025,"Oct","Weekday",34,0
"67","Local",2025,"Oct","Weekday",240,0
"675","Supplemental",2025,"Oct","Weekday",350.666666666667,0
"677","Supplemental",2025,"Oct","Weekday",100,0
"678","Supplemental",2025,"Oct","Weekday",69,0
"680","Supplemental",2025,"Oct","Weekday",73,0
"681","Supplemental",2025,"Oct","Weekday",22,0
"682","Supplemental",2025,"Oct","Weekday",183,0
"683","Supplemental",2025,"Oct","Weekday",35,0
"684","Supplemental",2025,"Oct","Weekday",230,0
"687","Supplemental",2025,"Oct","Weekday",185,0
"688","Supplemental",2025,"Oct","Weekday",73,0
"689","Supplemental",2025,"Oct","Weekday",76,0
"696","Supplemental",2025,"Oct","Weekday",32,0
"7","Local",2025,"Oct","Saturday",576,1
"7","Local",2025,"Oct","Sunday",452,1
"7","Local",2025,"Oct","Weekday",715,1
"70","Local",2025,"Oct","Saturday",433,1
"70","Local",2025,"Oct","Sunday",320,1
"70","Local",2025,"Oct","Weekday",919,1
"701","M-Transbay",2025,"Oct","Weekday",63,0
"702","M-Transbay",2025,"Oct","Weekday",15,0
"703","M-Transbay",2025,"Oct","Weekday",15,0
"71","Local",2025,"Oct","Saturday",417,1
"71","Local",2025,"Oct","Sunday",366,1
"71","Local",2025,"Oct","Weekday",1027,1
"72","Local",2025,"Oct","Saturday",2956.3661971831,1
"72","Local",2025,"Oct","Sunday",2502,1
"72","Local",2025,"Oct","Weekday",3896,1
"72L","Local",2025,"Oct","Saturday",2811.73684210526,1
"72L","Local",2025,"Oct","Sunday",1349,1
"72L","Local",2025,"Oct","Weekday",2207,1
"72M","Local",2025,"Oct","Saturday",1641,1
"72M","Local",2025,"Oct","Sunday",2391,1
"72M","Local",2025,"Oct","Weekday",3188,1
"73","Local",2025,"Oct","Saturday",1145,1
"73","Local",2025,"Oct","Sunday",928,1
"73","Local",2025,"Oct","Weekday",1603,1
"74","Local",2025,"Oct","Saturday",471,1
"74","Local",2025,"Oct","Sunday",425,1
"74","Local",2025,"Oct","Weekday",1241,1
"76","Local",2025,"Oct","Saturday",1190,1
"76","Local",2025,"Oct","Sunday",1033,1
"76","Local",2025,"Oct","Weekday",2038,1
"800","All Nighter",2025,"Oct","Saturday",659,1
"800","All Nighter",2025,"Oct","Sunday",585.692307692308,1
"800","All Nighter",2025,"Oct","Weekday",473,1
"801","All Nighter",2025,"Oct","Saturday",253.928571428571,1
"801","All Nighter",2025,"Oct","Sunday",218,1
"801","All Nighter",2025,"Oct","Weekday",246,1
"802","All Nighter",2025,"Oct","Saturday",76,1
"802","All Nighter",2025,"Oct","Sunday",65,1
"802","All Nighter",2025,"Oct","Weekday",67,1
"805","All Nighter",2025,"Oct","Saturday",83,1
"805","All Nighter",2025,"Oct","Sunday",85,1
"805","All Nighter",2025,"Oct","Weekday",99,1
"840","All Nighter",2025,"Oct","Saturday",61,1
"840","All Nighter",2025,"Oct","Sunday",69,1
"840","All Nighter",2025,"Oct","Weekday",67,1
"851","All Nighter",2025,"Oct","Saturday",142,1
"851","All Nighter",2025,"Oct","Sunday",96,1
"851","All Nighter",2025,"Oct","Weekday",85,1
"86","Local",2025,"Oct","Saturday",765.333333333333,1
"86","Local",2025,"Oct","Sunday",687,1
"86","Local",2025,"Oct","Weekday",1351,1
"88","Local",2025,"Oct","Saturday",1663,1
"88","Local",2025,"Oct","Sunday",1396,1
"88","Local",2025,"Oct","Weekday",2693,1
"9","Local",2025,"Oct","Saturday",2780,1
"9","Local",2025,"Oct","Sunday",2325,1
"9","Local",2025,"Oct","Weekday",4128,1
"90","Local",2025,"Oct","Saturday",372,1
"90","Local",2025,"Oct","Sunday",317.742424242424,1
"90","Local",2025,"Oct","Weekday",657,1
"93","Local",2025,"Oct","Saturday",453,1
"93","Local",2025,"Oct","Sunday",399,1
"93","Local",2025,"Oct","Weekday",1003,1
"95","Local",2025,"Oct","Saturday",190.05,1
"95","Local",2025,"Oct","Sunday",140.341463414634,1
"95","Local",2025,"Oct","Weekday",284,1
"96","Local",2025,"Oct","Saturday",1160,1
"96","Local",2025,"Oct","Sunday",1002,1
"96","Local",2025,"Oct","Weekday",1444,1
"97","Local",2025,"Oct","Saturday",1620,1
"97","Local",2025,"Oct","Sunday",1358,1
"97","Local",2025,"Oct","Weekday",3321,1
"98","Local",2025,"Oct","Saturday",486,1
"98","Local",2025,"Oct","Sunday",396,1
"98","Local",2025,"Oct","Weekday",1224,1
"E","M-Transbay",2025,"Oct","Weekday",168,0
"F","M-Transbay",2025,"Oct","Saturday",1794,1
"F","M-Transbay",2025,"Oct","Sunday",1580,1
"F","M-Transbay",2025,"Oct","Weekday",2551,1
"FS","M-Transbay",2025,"Oct","Weekday",128,0
"G","M-Transbay",2025,"Oct","Weekday",221.714285714286,0
"J","M-Transbay",2025,"Oct","Weekday",291,0
"L","M-Transbay",2025,"Oct","Weekday",174,0
"NL","M-Transbay",2025,"Oct","Saturday",1333,1
"NL","M-Transbay",2025,"Oct","Sunday",1116,1
"NL","M-Transbay",2025,"Oct","Weekday",2587,1
"NX","M-Transbay",2025,"Oct","Weekday",260,0
"NX3","M-Transbay",2025,"Oct","Weekday",127,0
"O","M-Transbay",2025,"Oct","Saturday",518,1
"O","M-Transbay",2025,"Oct","Sunday",466,1
"O","M-Transbay",2025,"Oct","Weekday",1122,1
"P","M-Transbay",2025,"Oct","Weekday",364,0
"U","M-Transbay",2025,"Oct","Weekday",266,0
"V","M-Transbay",2025,"Oct","Weekday",219,0
"W","M-Transbay",2025,"Oct","Weekday",175,0
"12","Local",2025,"Nov","Saturday",1848,1
"12","Local",2025,"Nov","Sunday",1392,1
"12","Local",2025,"Nov","Weekday",2718,1
"14","Local",2025,"Nov","Saturday",1653,1
"14","Local",2025,"Nov","Sunday",1381,1
"14","Local",2025,"Nov","Weekday",2618,1
"18","Local",2025,"Nov","Saturday",3629,1
"18","Local",2025,"Nov","Sunday",2671,1
"18","Local",2025,"Nov","Weekday",5428,1
"19","Local",2025,"Nov","Saturday",216,1
"19","Local",2025,"Nov","Sunday",188,1
"19","Local",2025,"Nov","Weekday",298,1
"1T","Local",2025,"Nov","Saturday",12712.8695652174,1
"1T","Local",2025,"Nov","Sunday",10864.1176470588,1
"1T","Local",2025,"Nov","Weekday",14961.9065420561,1
"200","Local",2025,"Nov","Saturday",924,1
"200","Local",2025,"Nov","Sunday",803.573333333333,1
"200","Local",2025,"Nov","Weekday",1221,1
"210","Local",2025,"Nov","Saturday",732,1
"210","Local",2025,"Nov","Sunday",616,1
"210","Local",2025,"Nov","Weekday",1219,1
"211","Local",2025,"Nov","Saturday",734.931506849315,1
"211","Local",2025,"Nov","Sunday",622,1
"211","Local",2025,"Nov","Weekday",1251,1
"216","Local",2025,"Nov","Saturday",244,1
"216","Local",2025,"Nov","Sunday",202,1
"216","Local",2025,"Nov","Weekday",302.9,1
"22","Local",2025,"Nov","Saturday",1751,1
"22","Local",2025,"Nov","Sunday",1383,1
"22","Local",2025,"Nov","Weekday",2163,1
"231","Local",2025,"Nov","Saturday",549,1
"231","Local",2025,"Nov","Sunday",456,1
"231","Local",2025,"Nov","Weekday",740,1
"239","Local",2025,"Nov","Saturday",349,1
"239","Local",2025,"Nov","Sunday",283,1
"239","Local",2025,"Nov","Weekday",874,1
"251","Local",2025,"Nov","Saturday",129,1
"251","Local",2025,"Nov","Sunday",103,1
"251","Local",2025,"Nov","Weekday",163,1
"27","Local",2025,"Nov","Saturday",2055,1
"27","Local",2025,"Nov","Sunday",1602,1
"27","Local",2025,"Nov","Weekday",2512,1
"28","Local",2025,"Nov","Saturday",584,1
"28","Local",2025,"Nov","Sunday",453,1
"28","Local",2025,"Nov","Weekday",764,1
"281","Local",2025,"Nov","Saturday",144,1
"281","Local",2025,"Nov","Sunday",144,1
"281","Local",2025,"Nov","Weekday",223,1
"30","Local",2025,"Nov","Saturday",1689,1
"30","Local",2025,"Nov","Sunday",1322,1
"30","Local",2025,"Nov","Weekday",1988,1
"31","Local",2025,"Nov","Saturday",978,1
"31","Local",2025,"Nov","Sunday",778,1
"31","Local",2025,"Nov","Weekday",1277,1
"34","Local",2025,"Nov","Saturday",586,1
"34","Local",2025,"Nov","Sunday",454,1
"34","Local",2025,"Nov","Weekday",798,1
"35","Local",2025,"Nov","Saturday",589,1
"35","Local",2025,"Nov","Sunday",443,1
"35","Local",2025,"Nov","Weekday",883,1
"36","Local",2025,"Nov","Saturday",2214,1
"36","Local",2025,"Nov","Sunday",1534,1
"36","Local",2025,"Nov","Weekday",2769,1
"40","Local",2025,"Nov","Saturday",3059,1
"40","Local",2025,"Nov","Sunday",2374,1
"40","Local",2025,"Nov","Weekday",5856,1
"41","Local",2025,"Nov","Saturday",428,1
"41","Local",2025,"Nov","Sunday",323,1
"41","Local",2025,"Nov","Weekday",553,1
"45","Local",2025,"Nov","Saturday",596,1
"45","Local",2025,"Nov","Sunday",481,1
"45","Local",2025,"Nov","Weekday",1179,1
"46L","Local",2025,"Nov","Weekday",169,0
"51A","Local",2025,"Nov","Saturday",3751,1
"51A","Local",2025,"Nov","Sunday",2766,1
"51A","Local",2025,"Nov","Weekday",5645.62874251497,1
"51B","Local",2025,"Nov","Saturday",6149,1
"51B","Local",2025,"Nov","Sunday",5132.64705882353,1
"51B","Local",2025,"Nov","Weekday",7887,1
"52","Local",2025,"Nov","Saturday",2140.26373626374,1
"52","Local",2025,"Nov","Sunday",1836,1
"52","Local",2025,"Nov","Weekday",4574,1
"54","Local",2025,"Nov","Saturday",560.575342465753,1
"54","Local",2025,"Nov","Sunday",422,1
"54","Local",2025,"Nov","Weekday",1173,1
"56","Local",2025,"Nov","Saturday",334,1
"56","Local",2025,"Nov","Sunday",234,1
"56","Local",2025,"Nov","Weekday",534,1
"57","Local",2025,"Nov","Saturday",3897,1
"57","Local",2025,"Nov","Sunday",3088,1
"57","Local",2025,"Nov","Weekday",4873,1
"6","Local",2025,"Nov","Saturday",3038,1
"6","Local",2025,"Nov","Sunday",2399,1
"6","Local",2025,"Nov","Weekday",4622,1
"60","Local",2025,"Nov","Saturday",642,1
"60","Local",2025,"Nov","Sunday",510,1
"60","Local",2025,"Nov","Weekday",1422,1
"604","Supplemental",2025,"Nov","Weekday",89,0
"605","Supplemental",2025,"Nov","Weekday",73,0
"606","Supplemental",2025,"Nov","Weekday",59,0
"607","Supplemental",2025,"Nov","Weekday",89,0
"617","Supplemental",2025,"Nov","Weekday",80,0
"62","Local",2025,"Nov","Saturday",1102,1
"62","Local",2025,"Nov","Sunday",988,1
"62","Local",2025,"Nov","Weekday",1960,1
"620","Supplemental",2025,"Nov","Weekday",49,0
"621","Supplemental",2025,"Nov","Weekday",550.666666666667,0
"623","Supplemental",2025,"Nov","Weekday",1034.44444444444,0
"624","Supplemental",2025,"Nov","Weekday",74,0
"625","Supplemental",2025,"Nov","Weekday",360,0
"627","Supplemental",2025,"Nov","Weekday",72,0
"629","Supplemental",2025,"Nov","Weekday",96,0
"631","Supplemental",2025,"Nov","Weekday",301,0
"633","Supplemental",2025,"Nov","Weekday",81,0
"638","Supplemental",2025,"Nov","Weekday",72,0
"639","Supplemental",2025,"Nov","Weekday",65,0
"641","Supplemental",2025,"Nov","Weekday",258.333333333333,0
"642","Supplemental",2025,"Nov","Weekday",51,0
"646","Supplemental",2025,"Nov","Weekday",288,0
"648","Supplemental",2025,"Nov","Weekday",155,0
"649","Supplemental",2025,"Nov","Weekday",104,0
"65","Local",2025,"Nov","Weekday",264,0
"650","Supplemental",2025,"Nov","Weekday",91.5,0
"651","Supplemental",2025,"Nov","Weekday",78,0
"652","Supplemental",2025,"Nov","Weekday",83,0
"653","Supplemental",2025,"Nov","Weekday",159,0
"654","Supplemental",2025,"Nov","Weekday",299,0
"655","Supplemental",2025,"Nov","Weekday",231.6,0
"657","Supplemental",2025,"Nov","Weekday",283.333333333333,0
"658","Supplemental",2025,"Nov","Weekday",153,0
"660","Supplemental",2025,"Nov","Weekday",57,0
"662","Supplemental",2025,"Nov","Weekday",96,0
"663","Supplemental",2025,"Nov","Weekday",132,0
"667","Supplemental",2025,"Nov","Weekday",169,0
"669","Supplemental",2025,"Nov","Weekday",37,0
"67","Local",2025,"Nov","Weekday",179,0
"675","Supplemental",2025,"Nov","Weekday",351.272727272727,0
"677","Supplemental",2025,"Nov","Weekday",121,0
"678","Supplemental",2025,"Nov","Weekday",64,0
"680","Supplemental",2025,"Nov","Weekday",88,0
"681","Supplemental",2025,"Nov","Weekday",12,0
"682","Supplemental",2025,"Nov","Weekday",211,0
"683","Supplemental",2025,"Nov","Weekday",21,0
"684","Supplemental",2025,"Nov","Weekday",196,0
"687","Supplemental",2025,"Nov","Weekday",207.5,0
"688","Supplemental",2025,"Nov","Weekday",70,0
"689","Supplemental",2025,"Nov","Weekday",78,0
"696","Supplemental",2025,"Nov","Weekday",26,0
"7","Local",2025,"Nov","Saturday",515,1
"7","Local",2025,"Nov","Sunday",428,1
"7","Local",2025,"Nov","Weekday",655,1
"70","Local",2025,"Nov","Saturday",389,1
"70","Local",2025,"Nov","Sunday",320,1
"70","Local",2025,"Nov","Weekday",826,1
"701","M-Transbay",2025,"Nov","Weekday",71,0
"702","M-Transbay",2025,"Nov","Weekday",12,0
"703","M-Transbay",2025,"Nov","Weekday",17,0
"71","Local",2025,"Nov","Saturday",396,1
"71","Local",2025,"Nov","Sunday",321,1
"71","Local",2025,"Nov","Weekday",909,1
"72","Local",2025,"Nov","Saturday",2857,1
"72","Local",2025,"Nov","Sunday",2147,1
"72","Local",2025,"Nov","Weekday",3752,1
"72L","Local",2025,"Nov","Saturday",2610,1
"72L","Local",2025,"Nov","Sunday",1204,1
"72L","Local",2025,"Nov","Weekday",2038,1
"72M","Local",2025,"Nov","Saturday",1604,1
"72M","Local",2025,"Nov","Sunday",2177,1
"72M","Local",2025,"Nov","Weekday",3032,1
"73","Local",2025,"Nov","Saturday",1018,1
"73","Local",2025,"Nov","Sunday",806,1
"73","Local",2025,"Nov","Weekday",1476,1
"74","Local",2025,"Nov","Saturday",436,1
"74","Local",2025,"Nov","Sunday",363,1
"74","Local",2025,"Nov","Weekday",1006,1
"76","Local",2025,"Nov","Saturday",1131,1
"76","Local",2025,"Nov","Sunday",923,1
"76","Local",2025,"Nov","Weekday",1849,1
"800","All Nighter",2025,"Nov","Saturday",553,1
"800","All Nighter",2025,"Nov","Sunday",441.346153846154,1
"800","All Nighter",2025,"Nov","Weekday",431,1
"801","All Nighter",2025,"Nov","Saturday",262.5,1
"801","All Nighter",2025,"Nov","Sunday",207,1
"801","All Nighter",2025,"Nov","Weekday",238,1
"802","All Nighter",2025,"Nov","Saturday",62,1
"802","All Nighter",2025,"Nov","Sunday",60,1
"802","All Nighter",2025,"Nov","Weekday",60,1
"805","All Nighter",2025,"Nov","Saturday",86,1
"805","All Nighter",2025,"Nov","Sunday",82,1
"805","All Nighter",2025,"Nov","Weekday",104,1
"840","All Nighter",2025,"Nov","Saturday",75,1
"840","All Nighter",2025,"Nov","Sunday",52,1
"840","All Nighter",2025,"Nov","Weekday",58,1
"851","All Nighter",2025,"Nov","Saturday",91,1
"851","All Nighter",2025,"Nov","Sunday",93,1
"851","All Nighter",2025,"Nov","Weekday",92,1
"86","Local",2025,"Nov","Saturday",719.55,1
"86","Local",2025,"Nov","Sunday",593.234567901235,1
"86","Local",2025,"Nov","Weekday",1199,1
"88","Local",2025,"Nov","Saturday",1556,1
"88","Local",2025,"Nov","Sunday",1218,1
"88","Local",2025,"Nov","Weekday",2403,1
"9","Local",2025,"Nov","Saturday",2617,1
"9","Local",2025,"Nov","Sunday",2122,1
"9","Local",2025,"Nov","Weekday",3690,1
"90","Local",2025,"Nov","Saturday",398,1
"90","Local",2025,"Nov","Sunday",306,1
"90","Local",2025,"Nov","Weekday",596,1
"93","Local",2025,"Nov","Saturday",426,1
"93","Local",2025,"Nov","Sunday",335,1
"93","Local",2025,"Nov","Weekday",873,1
"95","Local",2025,"Nov","Saturday",165,1
"95","Local",2025,"Nov","Sunday",134.19512195122,1
"95","Local",2025,"Nov","Weekday",260,1
"96","Local",2025,"Nov","Saturday",993,1
"96","Local",2025,"Nov","Sunday",872,1
"96","Local",2025,"Nov","Weekday",1313,1
"97","Local",2025,"Nov","Saturday",1603,1
"97","Local",2025,"Nov","Sunday",1157,1
"97","Local",2025,"Nov","Weekday",3007,1
"98","Local",2025,"Nov","Saturday",488,1
"98","Local",2025,"Nov","Sunday",364,1
"98","Local",2025,"Nov","Weekday",1036,1
"E","M-Transbay",2025,"Nov","Weekday",169,0
"F","M-Transbay",2025,"Nov","Saturday",1562,1
"F","M-Transbay",2025,"Nov","Sunday",1251,1
"F","M-Transbay",2025,"Nov","Weekday",2323,1
"FS","M-Transbay",2025,"Nov","Weekday",110.666666666667,0
"G","M-Transbay",2025,"Nov","Weekday",214.857142857143,0
"J","M-Transbay",2025,"Nov","Weekday",287,0
"L","M-Transbay",2025,"Nov","Weekday",166,0
"NL","M-Transbay",2025,"Nov","Saturday",1347,1
"NL","M-Transbay",2025,"Nov","Sunday",1055,1
"NL","M-Transbay",2025,"Nov","Weekday",2457,1
"NX","M-Transbay",2025,"Nov","Weekday",222,0
"NX3","M-Transbay",2025,"Nov","Weekday",103,0
"O","M-Transbay",2025,"Nov","Saturday",493,1
"O","M-Transbay",2025,"Nov","Sunday",433,1
"O","M-Transbay",2025,"Nov","Weekday",1052,1
"P","M-Transbay",2025,"Nov","Weekday",338,0
"U","M-Transbay",2025,"Nov","Weekday",246,0
"V","M-Transbay",2025,"Nov","Weekday",200,0
"W","M-Transbay",2025,"Nov","Weekday",165,0
"12","Local",2025,"Dec","Saturday",1519,1
"12","Local",2025,"Dec","Sunday",1142,1
"12","Local",2025,"Dec","Weekday",2473,1
"14","Local",2025,"Dec","Saturday",1557,1
"14","Local",2025,"Dec","Sunday",1267,1
"14","Local",2025,"Dec","Weekday",2638,1
"18","Local",2025,"Dec","Saturday",2985,1
"18","Local",2025,"Dec","Sunday",2362,1
"18","Local",2025,"Dec","Weekday",4887,1
"19","Local",2025,"Dec","Saturday",212,1
"19","Local",2025,"Dec","Sunday",192,1
"19","Local",2025,"Dec","Weekday",284,1
"1T","Local",2025,"Dec","Saturday",13173.3768844221,1
"1T","Local",2025,"Dec","Sunday",10336.9194312796,1
"1T","Local",2025,"Dec","Weekday",15075,1
"200","Local",2025,"Dec","Saturday",895.111111111111,1
"200","Local",2025,"Dec","Sunday",711.36,1
"200","Local",2025,"Dec","Weekday",1158,1
"210","Local",2025,"Dec","Saturday",696,1
"210","Local",2025,"Dec","Sunday",573,1
"210","Local",2025,"Dec","Weekday",1101,1
"211","Local",2025,"Dec","Saturday",665,1
"211","Local",2025,"Dec","Sunday",525.295774647887,1
"211","Local",2025,"Dec","Weekday",1115,1
"216","Local",2025,"Dec","Saturday",220,1
"216","Local",2025,"Dec","Sunday",217.5,1
"216","Local",2025,"Dec","Weekday",273,1
"22","Local",2025,"Dec","Saturday",1383,1
"22","Local",2025,"Dec","Sunday",1064,1
"22","Local",2025,"Dec","Weekday",1756,1
"231","Local",2025,"Dec","Saturday",494,1
"231","Local",2025,"Dec","Sunday",462,1
"231","Local",2025,"Dec","Weekday",662,1
"239","Local",2025,"Dec","Saturday",294.666666666667,1
"239","Local",2025,"Dec","Sunday",244,1
"239","Local",2025,"Dec","Weekday",861,1
"251","Local",2025,"Dec","Saturday",114,1
"251","Local",2025,"Dec","Sunday",103,1
"251","Local",2025,"Dec","Weekday",158,1
"27","Local",2025,"Dec","Saturday",1640,1
"27","Local",2025,"Dec","Sunday",1157,1
"27","Local",2025,"Dec","Weekday",1864,1
"28","Local",2025,"Dec","Saturday",503,1
"28","Local",2025,"Dec","Sunday",397,1
"28","Local",2025,"Dec","Weekday",717,1
"281","Local",2025,"Dec","Saturday",140,1
"281","Local",2025,"Dec","Sunday",124,1
"281","Local",2025,"Dec","Weekday",217,1
"30","Local",2025,"Dec","Saturday",1603,1
"30","Local",2025,"Dec","Sunday",1193,1
"30","Local",2025,"Dec","Weekday",1936,1
"31","Local",2025,"Dec","Saturday",952,1
"31","Local",2025,"Dec","Sunday",728,1
"31","Local",2025,"Dec","Weekday",1252,1
"34","Local",2025,"Dec","Saturday",534,1
"34","Local",2025,"Dec","Sunday",441,1
"34","Local",2025,"Dec","Weekday",770,1
"35","Local",2025,"Dec","Saturday",524,1
"35","Local",2025,"Dec","Sunday",433,1
"35","Local",2025,"Dec","Weekday",838,1
"36","Local",2025,"Dec","Saturday",1655,1
"36","Local",2025,"Dec","Sunday",1302,1
"36","Local",2025,"Dec","Weekday",2157,1
"40","Local",2025,"Dec","Saturday",2988,1
"40","Local",2025,"Dec","Sunday",2357.72727272727,1
"40","Local",2025,"Dec","Weekday",5783,1
"41","Local",2025,"Dec","Saturday",421,1
"41","Local",2025,"Dec","Sunday",287,1
"41","Local",2025,"Dec","Weekday",500,1
"45","Local",2025,"Dec","Saturday",540,1
"45","Local",2025,"Dec","Sunday",460,1
"45","Local",2025,"Dec","Weekday",1165,1
"46L","Local",2025,"Dec","Weekday",158,0
"51A","Local",2025,"Dec","Saturday",3535,1
"51A","Local",2025,"Dec","Sunday",2809,1
"51A","Local",2025,"Dec","Weekday",5368.74251497006,1
"51B","Local",2025,"Dec","Saturday",4345,1
"51B","Local",2025,"Dec","Sunday",2871.70731707317,1
"51B","Local",2025,"Dec","Weekday",5313,1
"52","Local",2025,"Dec","Saturday",1592,1
"52","Local",2025,"Dec","Sunday",1132.30769230769,1
"52","Local",2025,"Dec","Weekday",2879,1
"54","Local",2025,"Dec","Saturday",524,1
"54","Local",2025,"Dec","Sunday",365.888888888889,1
"54","Local",2025,"Dec","Weekday",1033,1
"56","Local",2025,"Dec","Saturday",313,1
"56","Local",2025,"Dec","Sunday",239,1
"56","Local",2025,"Dec","Weekday",511,1
"57","Local",2025,"Dec","Saturday",3595,1
"57","Local",2025,"Dec","Sunday",2739.01986754967,1
"57","Local",2025,"Dec","Weekday",4637,1
"6","Local",2025,"Dec","Saturday",2452.24,1
"6","Local",2025,"Dec","Sunday",1999,1
"6","Local",2025,"Dec","Weekday",3811,1
"60","Local",2025,"Dec","Saturday",596,1
"60","Local",2025,"Dec","Sunday",451,1
"60","Local",2025,"Dec","Weekday",1086,1
"604","Supplemental",2025,"Dec","Weekday",78,0
"605","Supplemental",2025,"Dec","Weekday",60,0
"606","Supplemental",2025,"Dec","Weekday",50,0
"607","Supplemental",2025,"Dec","Weekday",20,0
"617","Supplemental",2025,"Dec","Weekday",81,0
"62","Local",2025,"Dec","Saturday",1052,1
"62","Local",2025,"Dec","Sunday",954,1
"62","Local",2025,"Dec","Weekday",1823,1
"620","Supplemental",2025,"Dec","Weekday",50,0
"621","Supplemental",2025,"Dec","Weekday",508,0
"623","Supplemental",2025,"Dec","Weekday",1137.5,0
"624","Supplemental",2025,"Dec","Weekday",78,0
"625","Supplemental",2025,"Dec","Weekday",401.111111111111,0
"627","Supplemental",2025,"Dec","Weekday",54,0
"629","Supplemental",2025,"Dec","Weekday",94.5,0
"631","Supplemental",2025,"Dec","Weekday",286,0
"633","Supplemental",2025,"Dec","Weekday",60,0
"638","Supplemental",2025,"Dec","Weekday",82,0
"639","Supplemental",2025,"Dec","Weekday",74,0
"641","Supplemental",2025,"Dec","Weekday",263.333333333333,0
"642","Supplemental",2025,"Dec","Weekday",55,0
"646","Supplemental",2025,"Dec","Weekday",313,0
"648","Supplemental",2025,"Dec","Weekday",126,0
"649","Supplemental",2025,"Dec","Weekday",99,0
"65","Local",2025,"Dec","Weekday",294,0
"650","Supplemental",2025,"Dec","Weekday",95,0
"651","Supplemental",2025,"Dec","Weekday",66,0
"652","Supplemental",2025,"Dec","Weekday",103,0
"653","Supplemental",2025,"Dec","Weekday",153,0
"654","Supplemental",2025,"Dec","Weekday",333,0
"655","Supplemental",2025,"Dec","Weekday",273,0
"657","Supplemental",2025,"Dec","Weekday",245.555555555556,0
"658","Supplemental",2025,"Dec","Weekday",158,0
"660","Supplemental",2025,"Dec","Weekday",76,0
"662","Supplemental",2025,"Dec","Weekday",106,0
"663","Supplemental",2025,"Dec","Weekday",92,0
"667","Supplemental",2025,"Dec","Weekday",127,0
"669","Supplemental",2025,"Dec","Weekday",29,0
"67","Local",2025,"Dec","Weekday",172.964285714286,0
"675","Supplemental",2025,"Dec","Weekday",288,0
"677","Supplemental",2025,"Dec","Weekday",124,0
"678","Supplemental",2025,"Dec","Weekday",60,0
"680","Supplemental",2025,"Dec","Weekday",64,0
"681","Supplemental",2025,"Dec","Weekday",18,0
"682","Supplemental",2025,"Dec","Weekday",141,0
"683","Supplemental",2025,"Dec","Weekday",30,0
"684","Supplemental",2025,"Dec","Weekday",193.666666666667,0
"687","Supplemental",2025,"Dec","Weekday",210,0
"688","Supplemental",2025,"Dec","Weekday",70,0
"689","Supplemental",2025,"Dec","Weekday",58,0
"696","Supplemental",2025,"Dec","Weekday",25,0
"7","Local",2025,"Dec","Saturday",425,1
"7","Local",2025,"Dec","Sunday",349,1
"7","Local",2025,"Dec","Weekday",573,1
"70","Local",2025,"Dec","Saturday",380,1
"70","Local",2025,"Dec","Sunday",285,1
"70","Local",2025,"Dec","Weekday",803,1
"701","M-Transbay",2025,"Dec","Weekday",61,0
"702","M-Transbay",2025,"Dec","Weekday",11,0
"703","M-Transbay",2025,"Dec","Weekday",15,0
"71","Local",2025,"Dec","Saturday",345,1
"71","Local",2025,"Dec","Sunday",292,1
"71","Local",2025,"Dec","Weekday",817,1
"72","Local",2025,"Dec","Saturday",2590,1
"72","Local",2025,"Dec","Sunday",1990,1
"72","Local",2025,"Dec","Weekday",3584,1
"72L","Local",2025,"Dec","Saturday",2493,1
"72L","Local",2025,"Dec","Sunday",1127,1
"72L","Local",2025,"Dec","Weekday",2012,1
"72M","Local",2025,"Dec","Saturday",1512,1
"72M","Local",2025,"Dec","Sunday",1926,1
"72M","Local",2025,"Dec","Weekday",2914,1
"73","Local",2025,"Dec","Saturday",1020.06666666667,1
"73","Local",2025,"Dec","Sunday",826,1
"73","Local",2025,"Dec","Weekday",1480,1
"74","Local",2025,"Dec","Saturday",446,1
"74","Local",2025,"Dec","Sunday",365,1
"74","Local",2025,"Dec","Weekday",881,1
"76","Local",2025,"Dec","Saturday",1093,1
"76","Local",2025,"Dec","Sunday",868,1
"76","Local",2025,"Dec","Weekday",1704,1
"800","All Nighter",2025,"Dec","Saturday",487.038461538462,1
"800","All Nighter",2025,"Dec","Sunday",449.653846153846,1
"800","All Nighter",2025,"Dec","Weekday",408,1
"801","All Nighter",2025,"Dec","Saturday",237.857142857143,1
"801","All Nighter",2025,"Dec","Sunday",204,1
"801","All Nighter",2025,"Dec","Weekday",247,1
"802","All Nighter",2025,"Dec","Saturday",44,1
"802","All Nighter",2025,"Dec","Sunday",47,1
"802","All Nighter",2025,"Dec","Weekday",69,1
"805","All Nighter",2025,"Dec","Saturday",88,1
"805","All Nighter",2025,"Dec","Sunday",75,1
"805","All Nighter",2025,"Dec","Weekday",96,1
"840","All Nighter",2025,"Dec","Saturday",57,1
"840","All Nighter",2025,"Dec","Sunday",49,1
"840","All Nighter",2025,"Dec","Weekday",60,1
"851","All Nighter",2025,"Dec","Saturday",93,1
"851","All Nighter",2025,"Dec","Sunday",82,1
"851","All Nighter",2025,"Dec","Weekday",86,1
"86","Local",2025,"Dec","Saturday",678.55,1
"86","Local",2025,"Dec","Sunday",593.234567901235,1
"86","Local",2025,"Dec","Weekday",1165,1
"88","Local",2025,"Dec","Saturday",1491.83673469388,1
"88","Local",2025,"Dec","Sunday",1081,1
"88","Local",2025,"Dec","Weekday",2216,1
"9","Local",2025,"Dec","Saturday",2554.375,1
"9","Local",2025,"Dec","Sunday",2030.30303030303,1
"9","Local",2025,"Dec","Weekday",3487,1
"90","Local",2025,"Dec","Saturday",333.984848484848,1
"90","Local",2025,"Dec","Sunday",306.138461538462,1
"90","Local",2025,"Dec","Weekday",592,1
"93","Local",2025,"Dec","Saturday",387,1
"93","Local",2025,"Dec","Sunday",321,1
"93","Local",2025,"Dec","Weekday",799,1
"95","Local",2025,"Dec","Saturday",156,1
"95","Local",2025,"Dec","Sunday",117,1
"95","Local",2025,"Dec","Weekday",247,1
"96","Local",2025,"Dec","Saturday",942,1
"96","Local",2025,"Dec","Sunday",899.630769230769,1
"96","Local",2025,"Dec","Weekday",1259,1
"97","Local",2025,"Dec","Saturday",1492,1
"97","Local",2025,"Dec","Sunday",1120,1
"97","Local",2025,"Dec","Weekday",2712,1
"98","Local",2025,"Dec","Saturday",438.646153846154,1
"98","Local",2025,"Dec","Sunday",357.415384615385,1
"98","Local",2025,"Dec","Weekday",1012,1
"E","M-Transbay",2025,"Dec","Weekday",140,0
"F","M-Transbay",2025,"Dec","Saturday",1399,1
"F","M-Transbay",2025,"Dec","Sunday",1055,1
"F","M-Transbay",2025,"Dec","Weekday",1864,1
"FS","M-Transbay",2025,"Dec","Weekday",113.333333333333,0
"G","M-Transbay",2025,"Dec","Weekday",196.571428571429,0
"J","M-Transbay",2025,"Dec","Weekday",206,0
"L","M-Transbay",2025,"Dec","Weekday",149,0
"NL","M-Transbay",2025,"Dec","Saturday",1271,1
"NL","M-Transbay",2025,"Dec","Sunday",968,1
"NL","M-Transbay",2025,"Dec","Weekday",2309,1
"NX","M-Transbay",2025,"Dec","Weekday",217,0
"NX3","M-Transbay",2025,"Dec","Weekday",100,0
"O","M-Transbay",2025,"Dec","Saturday",479,1
"O","M-Transbay",2025,"Dec","Sunday",464,1
"O","M-Transbay",2025,"Dec","Weekday",1003,1
"P","M-Transbay",2025,"Dec","Weekday",312,0
"U","M-Transbay",2025,"Dec","Weekday",192,0
"V","M-Transbay",2025,"Dec","Weekday",176,0
"W","M-Transbay",2025,"Dec","Weekday",133,0
