"treat","issue","country","procedural","substantive","female"
"all_male","harassment","Mexico",-0.0945526095290554,0.987081288794386,0
"balanced","harassment","Mexico",-0.34862419585515,-1.00665707421394,0
"balanced","harassment","Mexico",-0.34862419585515,-0.28517951783784,1
"quota","harassment","Mexico",-0.0945526095290554,-0.378180884946776,1
"all_male","harassment","Mexico",-0.375305235285532,0.987081288794386,1
"quota","harassment","Mexico",0.854970635013637,0.987081288794386,1
"all_male","harassment","Mexico",-2.67564973493011,-0.10675190227266,0
"balanced","harassment","Mexico",1.32303174633452,0.987081288794386,0
"all_male","harassment","Mexico",-0.0945526095290554,-0.0211336783537289,1
"balanced","harassment","Mexico",0.854970635013637,0.987081288794386,0
"quota","harassment","Mexico",0.854970635013637,0.63003408220134,0
"quota","harassment","Mexico",-0.0945526095290554,-0.378180884946776,1
"all_male","harassment","Mexico",-0.816685307176035,-0.378180884946776,0
"all_male","harassment","Mexico",0.627580088117924,0.63003408220134,0
"all_male","harassment","Mexico",-0.0945526095290554,-1.00665707421394,0
"quota","harassment","Mexico",0.600899048687542,0.607342510913434,1
"quota","harassment","Mexico",-0.0945526095290554,-0.378180884946776,1
"quota","harassment","Mexico",-0.308542134523846,0.63003408220134,0
"balanced","harassment","Mexico",1.32303174633452,0.987081288794386,1
"quota","harassment","Mexico",-0.34862419585515,-0.378180884946776,0
"all_male","harassment","Mexico",-0.34862419585515,-0.378180884946776,1
"all_male","harassment","Mexico",-1.51213696539263,-1.74344305868794,0
"all_male","harassment","Mexico",-0.34862419585515,-3.1087052324291,1
"all_male","harassment","Mexico",1.32303174633452,0.607342510913434,1
"all_male","harassment","Mexico",-0.34862419585515,-0.378180884946776,1
"balanced","harassment","Mexico",0.132837937366657,-1.02934864550184,1
"all_male","harassment","Mexico",-0.0945526095290554,-1.00665707421394,1
"balanced","harassment","Mexico",1.32303174633452,0.987081288794386,1
"quota","harassment","Mexico",-0.34862419585515,0.250295304320387,1
"balanced","harassment","Mexico",-0.34862419585515,-0.378180884946776,1
"quota","harassment","Mexico",-0.790004267745653,0.607342510913434,1
"quota","harassment","Mexico",-0.34862419585515,-0.378180884946776,1
"quota","harassment","Mexico",1.32303174633452,0.987081288794386,1
"quota","harassment","Mexico",-0.56261372084994,0.607342510913434,0
"quota","harassment","Mexico",-1.03067483217082,-1.38639585209489,0
"quota","harassment","Mexico",-0.34862419585515,-0.378180884946776,1
"all_male","harassment","Mexico",-0.843366346606417,-1.85175285389477,1
"balanced","harassment","Mexico",1.32303174633452,0.987081288794386,1
"balanced","harassment","Mexico",-0.535932681419558,-0.152135044848472,0
"quota","harassment","Mexico",0.386909523692752,0.607342510913434,0
"quota","harassment","Mexico",0.600899048687542,0.987081288794386,1
"all_male","harassment","Mexico",-0.0945526095290554,0.250295304320387,0
"all_male","harassment","Mexico",-2.92972132125621,-0.378180884946776,0
"balanced","harassment","Mexico",0.854970635013637,0.987081288794386,1
"all_male","harassment","Mexico",-1.48545592596225,-0.378180884946776,1
"all_male","harassment","Mexico",0.373508501791829,-0.735228091539822,1
"quota","harassment","Mexico",0.854970635013637,0.987081288794386,1
"quota","harassment","Mexico",-0.34862419585515,-0.378180884946776,0
"all_male","harassment","Mexico",-0.34862419585515,-0.378180884946776,0
"balanced","harassment","Mexico",0.627580088117924,0.987081288794386,1
"quota","harassment","Mexico",1.32303174633452,0.987081288794386,0
"quota","harassment","Mexico",0.627580088117924,0.987081288794386,0
"quota","harassment","Mexico",-1.95351703728314,-2.72896645454815,1
"quota","harassment","Mexico",1.32303174633452,0.987081288794386,0
"balanced","harassment","Mexico",1.32303174633452,0.987081288794386,1
"all_male","harassment","Mexico",0.854970635013637,0.00155789293417705,1
"balanced","harassment","Mexico",0.560816987356238,0.987081288794386,0
"quota","harassment","Mexico",0.854970635013637,0.987081288794386,0
"balanced","harassment","Mexico",-1.25806537906654,-1.74344305868794,0
"balanced","harassment","Mexico",-0.0945526095290554,0.250295304320387,1
"all_male","harassment","Mexico",0.159518976797039,0.250295304320387,1
"balanced","harassment","Mexico",0.627580088117924,0.987081288794386,0
"balanced","harassment","Mexico",0.159518976797039,-0.378180884946776,1
"all_male","harassment","Mexico",-0.34862419585515,0.358605099527224,1
"quota","harassment","Mexico",1.32303174633452,0.987081288794386,1
"balanced","harassment","Mexico",-0.121233648959437,-2.10049026528098,1
"quota","harassment","Mexico",-0.34862419585515,-0.757919662827728,1
"all_male","harassment","Mexico",0.854970635013637,0.987081288794386,0
"balanced","harassment","Mexico",-0.790004267745653,-0.35548931365887,0
"all_male","harassment","Mexico",-0.56261372084994,0.00155789293417705,1
"all_male","harassment","Mexico",-1.98019807671352,-1.74344305868794,1
"quota","harassment","Mexico",-0.816685307176035,-1.11496686942077,1
"all_male","harassment","Mexico",-2.23426966303961,-1.74344305868794,1
"quota","harassment","Mexico",1.06896016000843,0.63003408220134,0
"all_male","harassment","Mexico",-1.00399379274044,0.00155789293417705,0
"all_male","harassment","Mexico",1.32303174633452,0.987081288794386,1
"quota","harassment","Mexico",-0.0945526095290554,-0.378180884946776,0
"balanced","harassment","Mexico",-1.25806537906654,-1.74344305868794,1
"quota","harassment","Mexico",1.32303174633452,0.987081288794386,0
"quota","harassment","Mexico",1.06896016000843,0.987081288794386,0
"all_male","harassment","Mexico",-1.52553798729356,-3.1087052324291,0
"quota","harassment","Mexico",-1.25806537906654,-1.74344305868794,0
"quota","harassment","Mexico",-0.0945526095290554,0.987081288794386,0
"quota","harassment","Mexico",0.627580088117924,0.00155789293417705,0
"balanced","harassment","Mexico",1.07824979753406,0.987081288794386,0
"all_male","harassment","Mexico",-1.04407585407175,-1.36370428080698,0
"balanced","harassment","Mexico",-0.0945526095290554,0.987081288794386,1
"all_male","harassment","Mexico",-1.25806537906654,-1.74344305868794,1
"balanced","harassment","Mexico",1.32303174633452,0.987081288794386,1
"all_male","harassment","Mexico",-0.34862419585515,-1.38639585209489,1
"balanced","harassment","Mexico",-0.34862419585515,-0.378180884946776,0
"all_male","harassment","Mexico",-0.56261372084994,-1.74344305868794,0
"all_male","harassment","Mexico",-0.34862419585515,0.227603733032481,1
"all_male","harassment","Mexico",-2.23426966303961,-0.378180884946776,1
"balanced","harassment","Mexico",-0.34862419585515,0.250295304320387,0
"balanced","harassment","Mexico",-0.34862419585515,0.00155789293417705,1
"all_male","harassment","Mexico",-0.56261372084994,0.987081288794386,0
"all_male","harassment","Mexico",0.600899048687542,0.987081288794386,0
"balanced","harassment","Mexico",0.627580088117924,0.987081288794386,1
"all_male","harassment","Mexico",-0.0945526095290554,-0.757919662827728,0
"balanced","harassment","Mexico",-0.0945526095290554,-0.378180884946776,1
"all_male","harassment","Mexico",-1.25806537906654,-0.735228091539822,0
"all_male","harassment","Mexico",-0.34862419585515,-0.378180884946776,1
"all_male","harassment","Mexico",-0.34862419585515,0.250295304320387,0
"quota","harassment","Mexico",-2.20758862360923,-3.1087052324291,0
"all_male","harassment","Mexico",-2.20758862360923,-3.1087052324291,1
"all_male","harassment","Mexico",-1.04407585407175,-1.74344305868794,1
"balanced","harassment","Mexico",1.32303174633452,0.63003408220134,0
"quota","harassment","Mexico",-1.00399379274044,-1.6351332634811,1
"all_male","harassment","Mexico",-0.816685307176035,-0.0211336783537289,1
"balanced","harassment","Mexico",-0.763323228315271,-0.0840603309847537,0
"quota","harassment","Mexico",-1.04407585407175,-2.3719192479551,1
"quota","harassment","Mexico",0.560816987356238,0.987081288794386,0
"balanced","harassment","Mexico",-0.0945526095290554,0.987081288794386,0
"balanced","harassment","Mexico",-0.34862419585515,0.987081288794386,0
"all_male","harassment","Mexico",-0.816685307176035,-0.378180884946776,0
"all_male","harassment","Mexico",-0.34862419585515,-0.378180884946776,0
"all_male","harassment","Mexico",-0.0945526095290554,-0.0211336783537289,0
"quota","harassment","Mexico",0.159518976797039,-0.269871089739939,0
"all_male","harassment","Mexico",-0.553324083324306,-0.378180884946776,0
"balanced","harassment","Mexico",-0.34862419585515,0.250295304320387,0
"balanced","harassment","Mexico",0.560816987356238,0.987081288794386,1
"quota","harassment","Mexico",-0.34862419585515,-0.378180884946776,1
"balanced","harassment","Mexico",1.32303174633452,0.987081288794386,1
"balanced","harassment","Mexico",1.32303174633452,0.987081288794386,1
"quota","harassment","Mexico",-0.34862419585515,0.987081288794386,1
"quota","harassment","Mexico",1.32303174633452,0.987081288794386,0
"balanced","harassment","Mexico",0.159518976797039,0.987081288794386,0
"balanced","harassment","Mexico",0.854970635013637,0.607342510913434,1
"all_male","harassment","Mexico",-0.602695782181244,-0.378180884946776,0
"balanced","harassment","Mexico",-1.25806537906654,-1.74344305868794,1
"balanced","harassment","Mexico",0.627580088117924,0.987081288794386,0
"balanced","harassment","Mexico",0.132837937366657,0.987081288794386,1
"quota","harassment","Mexico",0.600899048687542,-0.378180884946776,1
"all_male","harassment","Mexico",-1.28474641849692,-1.76613462997584,1
"quota","harassment","Mexico",0.854970635013637,0.987081288794386,0
"quota","harassment","Mexico",-1.25806537906654,-1.74344305868794,1
"balanced","harassment","Mexico",0.854970635013637,-0.378180884946776,0
"quota","harassment","Mexico",-0.0945526095290554,-0.735228091539822,1
"quota","harassment","Mexico",0.854970635013637,0.987081288794386,0
"all_male","harassment","Mexico",0.346827462361447,0.63003408220134,0
"all_male","harassment","Mexico",-0.77660324584473,0.250295304320387,0
"balanced","harassment","Mexico",0.159518976797039,0.250295304320387,0
"balanced","harassment","Mexico",-1.04407585407175,-1.74344305868794,0
"quota","harassment","Mexico",0.346827462361447,0.250295304320387,0
"all_male","harassment","Mexico",-2.92972132125621,-1.36370428080698,0
"balanced","harassment","Mexico",1.32303174633452,0.987081288794386,0
"balanced","harassment","Mexico",0.627580088117924,0.00155789293417705,0
"quota","harassment","Mexico",1.32303174633452,0.987081288794386,0
"balanced","harassment","Mexico",1.32303174633452,0.987081288794386,0
"quota","harassment","Mexico",0.627580088117924,-0.378180884946776,0
"all_male","harassment","Mexico",-1.99359909861444,-1.74344305868794,1
"balanced","harassment","Mexico",-0.34862419585515,-0.0211336783537289,1
"quota","harassment","Mexico",0.373508501791829,0.987081288794386,0
"balanced","harassment","Mexico",-0.34862419585515,-1.38639585209489,1
"quota","harassment","Mexico",1.32303174633452,0.987081288794386,0
"all_male","harassment","Mexico",-0.0945526095290554,0.00155789293417705,1
"all_male","harassment","Mexico",1.32303174633452,0.987081288794386,1
"all_male","harassment","Mexico",-0.0945526095290554,-1.38639585209489,0
"quota","harassment","Mexico",0.854970635013637,0.987081288794386,1
"balanced","harassment","Mexico",1.32303174633452,0.987081288794386,1
"all_male","harassment","Mexico",-0.56261372084994,-0.378180884946776,0
"all_male","harassment","Mexico",-1.69944545095704,-0.378180884946776,1
"quota","harassment","Mexico",-0.34862419585515,-0.757919662827728,0
"balanced","harassment","Mexico",1.32303174633452,0.987081288794386,0
"all_male","harassment","Mexico",0.159518976797039,0.607342510913434,0
"quota","harassment","Mexico",-0.0945526095290554,0.250295304320387,1
"balanced","harassment","Mexico",1.32303174633452,-0.378180884946776,1
"balanced","harassment","Mexico",1.32303174633452,0.987081288794386,1
"balanced","harassment","Mexico",-0.816685307176035,0.358605099527224,1
"quota","harassment","Mexico",0.854970635013637,0.607342510913434,0
"all_male","harassment","Mexico",-0.34862419585515,-0.378180884946776,0
"balanced","harassment","Mexico",-0.0945526095290554,-0.378180884946776,1
"quota","harassment","Mexico",0.560816987356238,0.987081288794386,0
"quota","harassment","Mexico",0.159518976797039,0.987081288794386,0
"all_male","harassment","Mexico",-2.16750656227793,0.987081288794386,0
"balanced","harassment","Mexico",1.32303174633452,0.987081288794386,0
"all_male","harassment","Mexico",-2.92972132125621,-3.1087052324291,0
"all_male","harassment","Mexico",-0.34862419585515,-0.378180884946776,1
"balanced","harassment","Mexico",0.854970635013637,0.987081288794386,1
"quota","harassment","Mexico",-0.34862419585515,-0.378180884946776,1
"balanced","harassment","Mexico",-0.0945526095290554,0.987081288794386,1
"all_male","harassment","Mexico",0.386909523692752,-0.152135044848472,1
"all_male","harassment","Mexico",-0.0678715700986734,0.987081288794386,0
"balanced","harassment","Mexico",1.32303174633452,0.987081288794386,0
"balanced","harassment","Mexico",0.346827462361447,0.607342510913434,1
"quota","harassment","Mexico",1.32303174633452,0.987081288794386,0
"all_male","harassment","Mexico",-1.03067483217082,-0.757919662827728,1
"all_male","harassment","Mexico",0.119436915465735,0.272986875608293,0
"quota","harassment","Mexico",-0.0945526095290554,-0.378180884946776,0
"balanced","harassment","Mexico",-0.0945526095290554,-0.378180884946776,1
"all_male","harassment","Mexico",-0.34862419585515,-0.378180884946776,0
"quota","harassment","Mexico",0.627580088117924,0.250295304320387,0
"balanced","harassment","Mexico",0.627580088117924,0.607342510913434,0
"quota","harassment","Mexico",-0.34862419585515,-0.378180884946776,1
"all_male","harassment","Mexico",1.32303174633452,0.987081288794386,0
"balanced","harassment","Mexico",1.32303174633452,0.987081288794386,0
"quota","harassment","Mexico",-1.25806537906654,-0.378180884946776,1
"all_male","harassment","Mexico",-0.308542134523846,0.987081288794386,0
"quota","harassment","Mexico",1.32303174633452,0.987081288794386,0
"all_male","harassment","Mexico",0.159518976797039,0.987081288794386,0
"quota","harassment","Mexico",0.159518976797039,0.607342510913434,1
"all_male","harassment","Mexico",1.32303174633452,0.987081288794386,0
"balanced","harassment","Mexico",-0.790004267745653,0.250295304320387,0
"balanced","harassment","Mexico",-0.081151587628133,0.987081288794386,1
"quota","harassment","Mexico",0.854970635013637,-0.463799108865706,1
"all_male","harassment","Mexico",0.600899048687542,-0.0211336783537289,1
"quota","harassment","Mexico",0.132837937366657,0.227603733032481,0
"all_male","harassment","Mexico",-0.34862419585515,-0.378180884946776,0
"balanced","harassment","Mexico",0.386909523692752,0.358605099527224,1
"quota","harassment","Mexico",-1.04407585407175,-0.378180884946776,1
"all_male","harassment","Mexico",-0.34862419585515,0.987081288794386,1
"quota","harassment","Mexico",1.32303174633452,0.987081288794386,1
"balanced","harassment","Mexico",0.854970635013637,0.987081288794386,1
"quota","harassment","Mexico",1.32303174633452,0.987081288794386,0
"all_male","harassment","Mexico",-2.20758862360923,0.987081288794386,0
"balanced","harassment","Mexico",1.32303174633452,0.987081288794386,1
"all_male","harassment","Mexico",0.600899048687542,0.987081288794386,1
"balanced","harassment","Mexico",1.32303174633452,0.987081288794386,1
"quota","harassment","Mexico",-0.56261372084994,-0.378180884946776,0
"all_male","harassment","Mexico",0.854970635013637,0.987081288794386,1
"balanced","harassment","Mexico",0.159518976797039,0.63003408220134,0
"quota","harassment","Mexico",0.373508501791829,0.272986875608293,1
"all_male","harassment","Mexico",-1.25806537906654,-1.11496686942077,0
"balanced","harassment","Mexico",1.32303174633452,0.607342510913434,1
"quota","harassment","Mexico",0.600899048687542,-0.378180884946776,0
"balanced","harassment","Mexico",-1.47205490406133,-3.1087052324291,1
"all_male","harassment","Mexico",-0.790004267745653,-1.38639585209489,0
"balanced","harassment","Mexico",1.32303174633452,0.987081288794386,1
"quota","harassment","Mexico",-1.29814744039784,-0.35548931365887,1
"quota","harassment","Mexico",-0.0945526095290554,-0.735228091539822,1
"all_male","harassment","Mexico",-0.56261372084994,-0.378180884946776,0
"quota","harassment","Mexico",1.32303174633452,0.987081288794386,1
"balanced","harassment","Mexico",1.32303174633452,0.987081288794386,1
"all_male","harassment","Mexico",-1.51213696539263,-0.378180884946776,0
"balanced","harassment","Mexico",1.32303174633452,0.987081288794386,0
"balanced","harassment","Mexico",-1.04407585407175,-0.35548931365887,0
"quota","harassment","Mexico",-0.0945526095290554,-0.0211336783537289,1
"quota","harassment","Mexico",-0.34862419585515,0.987081288794386,1
"all_male","harassment","Mexico",-0.34862419585515,-0.378180884946776,1
"balanced","harassment","Mexico",1.32303174633452,0.987081288794386,0
"all_male","harassment","Mexico",-1.25806537906654,-1.74344305868794,1
"balanced","harassment","Mexico",-0.0945526095290554,0.987081288794386,1
"all_male","harassment","Mexico",0.159518976797039,-0.378180884946776,1
"balanced","harassment","Mexico",0.159518976797039,0.987081288794386,1
"quota","harassment","Mexico",-1.25806537906654,-1.74344305868794,1
"balanced","harassment","Mexico",1.32303174633452,0.358605099527224,1
"quota","harassment","Mexico",0.854970635013637,0.607342510913434,1
"balanced","harassment","Mexico",0.346827462361447,-0.378180884946776,1
"all_male","harassment","Mexico",-1.04407585407175,-0.378180884946776,0
"quota","harassment","Mexico",-0.121233648959437,-0.0211336783537289,0
"quota","harassment","Mexico",0.600899048687542,0.987081288794386,1
"all_male","harassment","Mexico",-1.51213696539263,-1.74344305868794,1
"balanced","harassment","Mexico",1.32303174633452,-1.49470564730173,1
"quota","harassment","Mexico",-0.0945526095290554,0.250295304320387,1
"all_male","harassment","Mexico",-0.0945526095290554,0.607342510913434,1
"balanced","harassment","Mexico",-0.56261372084994,-0.378180884946776,1
"all_male","harassment","Mexico",-0.0945526095290554,-0.378180884946776,0
"balanced","harassment","Mexico",-0.0945526095290554,0.63003408220134,1
"balanced","harassment","Mexico",-1.51213696539263,-1.74344305868794,1
"quota","harassment","Mexico",-0.34862419585515,-0.378180884946776,1
"all_male","harassment","Mexico",-0.34862419585515,-0.378180884946776,0
"quota","harassment","Mexico",-0.0945526095290554,-0.735228091539822,1
"balanced","harassment","Mexico",1.32303174633452,-3.1087052324291,0
"all_male","harassment","Mexico",-1.51213696539263,-0.378180884946776,0
"balanced","harassment","Mexico",1.32303174633452,0.607342510913434,0
"quota","harassment","Mexico",-0.790004267745653,-0.378180884946776,0
"all_male","harassment","Mexico",1.32303174633452,0.987081288794386,1
"balanced","harassment","Mexico",1.32303174633452,0.358605099527224,0
"all_male","harassment","Mexico",0.814888573682332,0.987081288794386,1
"quota","harassment","Mexico",-0.34862419585515,-0.378180884946776,0
"balanced","harassment","Mexico",-2.42157814860402,-3.1087052324291,0
"all_male","harassment","Mexico",-0.34862419585515,-0.378180884946776,1
"all_male","harassment","Mexico",-0.56261372084994,0.63003408220134,1
"quota","harassment","Mexico",1.32303174633452,0.250295304320387,1
"balanced","harassment","Mexico",-1.25806537906654,-1.11496686942077,0
"quota","harassment","Mexico",1.32303174633452,0.987081288794386,1
"balanced","harassment","Mexico",-1.04407585407175,-1.74344305868794,1
"balanced","harassment","Mexico",1.32303174633452,0.987081288794386,1
"all_male","harassment","Mexico",-0.34862419585515,-0.378180884946776,1
"all_male","harassment","Mexico",-1.24632687095996e-16,-0.378180884946776,1
"balanced","harassment","Mexico",0.346827462361447,0.987081288794386,1
"all_male","harassment","Mexico",-2.92972132125621,-0.0211336783537289,0
"balanced","harassment","Mexico",-0.34862419585515,-0.378180884946776,1
"quota","harassment","Mexico",1.32303174633452,0.987081288794386,1
"all_male","harassment","Mexico",0.854970635013637,0.987081288794386,1
"all_male","harassment","Mexico",0.600899048687542,0.607342510913434,1
"balanced","harassment","Mexico",0.373508501791829,0.987081288794386,0
"quota","harassment","Mexico",-0.0945526095290554,-0.378180884946776,0
"all_male","harassment","Mexico",0.854970635013637,-0.0211336783537289,1
"balanced","harassment","Mexico",1.32303174633452,0.987081288794386,0
"all_male","harassment","Mexico",-0.34862419585515,-0.378180884946776,1
"balanced","harassment","Mexico",0.854970635013637,0.987081288794386,0
"all_male","harassment","Mexico",-0.56261372084994,-0.35548931365887,1
"quota","harassment","Mexico",-2.16750656227793,-3.1087052324291,1
"balanced","harassment","Mexico",0.600899048687542,-0.378180884946776,1
"balanced","harassment","Mexico",-1.76620855171873,0.987081288794386,1
"quota","harassment","Mexico",-0.0945526095290554,-0.378180884946776,0
"all_male","harassment","Mexico",0.854970635013637,0.987081288794386,0
"quota","harassment","Mexico",-1.04407585407175,-0.757919662827728,1
"balanced","harassment","Mexico",-0.763323228315271,-1.96948889878624,1
"quota","harassment","Mexico",0.627580088117924,-0.378180884946776,0
"quota","harassment","Mexico",-1.07075689350213,-2.72896645454815,1
"quota","harassment","Mexico",-0.56261372084994,-0.378180884946776,0
"all_male","harassment","Mexico",0.346827462361447,-0.378180884946776,1
"quota","harassment","Mexico",0.854970635013637,0.987081288794386,0
"all_male","harassment","Mexico",-0.790004267745653,-0.378180884946776,1
"all_male","harassment","Mexico",0.119436915465735,0.987081288794386,0
"quota","harassment","Mexico",-0.816685307176035,-0.378180884946776,0
"balanced","harassment","Mexico",1.32303174633452,0.987081288794386,0
"all_male","harassment","Mexico",-0.34862419585515,-0.378180884946776,1
"balanced","harassment","Mexico",-1.51213696539263,-1.74344305868794,0
"quota","harassment","Mexico",0.600899048687542,-0.378180884946776,0
"all_male","harassment","Mexico",-0.0945526095290554,-0.378180884946776,0
"quota","harassment","Mexico",-0.0945526095290554,-0.378180884946776,0
"all_male","harassment","Mexico",-0.0945526095290554,-0.378180884946776,0
"balanced","harassment","Mexico",1.32303174633452,0.987081288794386,0
"balanced","harassment","Mexico",-0.34862419585515,-1.36370428080698,0
"quota","harassment","Mexico",1.32303174633452,0.987081288794386,0
"balanced","harassment","Mexico",1.32303174633452,0.987081288794386,1
"quota","harassment","Mexico",0.0927558760353528,-1.22327666462761,1
"balanced","harassment","Mexico",0.600899048687542,0.987081288794386,0
"all_male","harassment","Mexico",-0.56261372084994,0.987081288794386,0
"quota","harassment","Mexico",-0.0945526095290554,-0.378180884946776,1
"quota","harassment","Mexico",0.854970635013637,0.987081288794386,1
"all_male","harassment","Mexico",-0.763323228315271,0.987081288794386,0
"balanced","harassment","Mexico",1.32303174633452,0.987081288794386,0
"quota","harassment","Mexico",0.132837937366657,0.987081288794386,0
"all_male","harassment","Mexico",-1.25806537906654,-0.757919662827728,0
"balanced","harassment","Mexico",1.32303174633452,0.987081288794386,0
"quota","harassment","Mexico",1.32303174633452,0.987081288794386,1
"all_male","harassment","Mexico",-0.34862419585515,-0.757919662827728,1
"balanced","harassment","Mexico",-0.0945526095290554,-0.757919662827728,1
"quota","harassment","Mexico",-0.34862419585515,-1.00665707421394,1
"quota","harassment","Mexico",1.32303174633452,0.987081288794386,1
"balanced","harassment","Mexico",-0.816685307176035,-0.378180884946776,1
"quota","harassment","Mexico",-0.763323228315271,-0.0840603309847537,0
"balanced","harassment","Mexico",-0.0945526095290554,0.358605099527224,1
"quota","harassment","Mexico",-0.0945526095290554,-0.378180884946776,0
"quota","harassment","Mexico",0.159518976797039,0.250295304320387,1
"all_male","harassment","Mexico",0.627580088117924,0.987081288794386,0
"quota","harassment","Mexico",1.32303174633452,0.63003408220134,0
"balanced","harassment","Mexico",1.32303174633452,0.987081288794386,0
"all_male","harassment","Mexico",0.373508501791829,0.987081288794386,0
"quota","harassment","Mexico",0.159518976797039,-0.378180884946776,1
"all_male","harassment","Mexico",-2.23426966303961,-2.3719192479551,1
"quota","harassment","Mexico",-1.25806537906654,-2.48022904316194,1
"balanced","harassment","Mexico",0.854970635013637,0.00155789293417705,1
"quota","harassment","Mexico",-0.34862419585515,-0.378180884946776,1
"all_male","harassment","Mexico",0.0927558760353528,-0.378180884946776,0
"balanced","harassment","Mexico",-0.0945526095290554,-0.378180884946776,1
"all_male","harassment","Mexico",0.560816987356238,0.607342510913434,1
"balanced","harassment","Mexico",-1.69944545095704,0.63003408220134,1
"quota","harassment","Mexico",0.854970635013637,0.987081288794386,1
"quota","harassment","Mexico",0.560816987356238,-0.378180884946776,0
"balanced","harassment","Mexico",-1.04407585407175,-0.129443473560566,1
"quota","harassment","Mexico",-0.34862419585515,-0.378180884946776,1
"balanced","harassment","Mexico",1.32303174633452,0.987081288794386,0
"balanced","harassment","Mexico",-0.34862419585515,-0.378180884946776,0
"quota","harassment","Mexico",-1.24632687095996e-16,5.81388283096633e-17,1
"all_male","harassment","Mexico",-0.34862419585515,-0.378180884946776,0
"all_male","harassment","Mexico",-1.25806537906654,-0.757919662827728,1
"quota","harassment","Mexico",-0.34862419585515,-0.378180884946776,1
"quota","harassment","Mexico",0.854970635013637,0.987081288794386,1
"balanced","harassment","Mexico",0.854970635013637,0.987081288794386,0
"quota","harassment","Mexico",1.32303174633452,0.987081288794386,0
"balanced","harassment","Mexico",1.32303174633452,0.63003408220134,1
"all_male","harassment","Mexico",1.06896016000843,0.987081288794386,0
"balanced","harassment","Mexico",0.159518976797039,0.63003408220134,0
"quota","harassment","Mexico",-0.0945526095290554,0.607342510913434,0
"all_male","harassment","Mexico",0.854970635013637,0.987081288794386,1
"all_male","harassment","Mexico",-0.56261372084994,-1.74344305868794,1
"quota","harassment","Mexico",1.32303174633452,0.987081288794386,1
"all_male","harassment","Mexico",1.32303174633452,0.987081288794386,1
"all_male","harassment","Mexico",-0.816685307176035,-0.735228091539822,0
"quota","harassment","Mexico",0.560816987356238,0.358605099527224,1
"all_male","harassment","Mexico",-1.95351703728314,-1.36370428080698,1
"balanced","harassment","Mexico",-0.0945526095290554,-0.378180884946776,1
"balanced","harassment","Mexico",-0.308542134523846,-1.76613462997584,1
"balanced","harassment","Mexico",-0.081151587628133,-0.0211336783537289,1
"quota","harassment","Mexico",-0.0945526095290554,-0.378180884946776,0
"all_male","harassment","Mexico",-1.04407585407175,-0.735228091539822,0
"balanced","harassment","Mexico",0.373508501791829,-1.38639585209489,0
"quota","harassment","Mexico",-0.34862419585515,-1.74344305868794,1
"balanced","harassment","Mexico",0.854970635013637,0.987081288794386,1
"all_male","harassment","Mexico",1.32303174633452,0.987081288794386,0
"balanced","harassment","Mexico",-0.34862419585515,-0.378180884946776,1
"quota","harassment","Mexico",-1.51213696539263,-1.13765844070868,1
"balanced","harassment","Mexico",1.32303174633452,0.987081288794386,1
"all_male","harassment","Mexico",-1.04407585407175,-0.378180884946776,0
"balanced","harassment","Mexico",0.159518976797039,-1.00665707421394,0
"all_male","harassment","Mexico",-0.0945526095290554,0.987081288794386,1
"balanced","harassment","Mexico",-1.51213696539263,-0.757919662827728,1
"quota","harassment","Mexico",0.346827462361447,0.987081288794386,0
"balanced","harassment","Mexico",1.32303174633452,0.987081288794386,0
"quota","harassment","Mexico",-0.34862419585515,-0.378180884946776,0
"balanced","harassment","Mexico",1.32303174633452,0.987081288794386,0
"all_male","harassment","Mexico",-0.0945526095290554,-1.6351332634811,0
"quota","harassment","Mexico",0.854970635013637,0.987081288794386,1
"balanced","harassment","Mexico",0.854970635013637,-0.0211336783537289,1
"all_male","harassment","Mexico",-1.51213696539263,-1.00665707421394,0
"quota","harassment","Mexico",-0.34862419585515,-0.378180884946776,1
"balanced","harassment","Mexico",-0.77660324584473,0.607342510913434,0
"quota","harassment","Mexico",-0.34862419585515,-0.378180884946776,1
"all_male","harassment","Mexico",-2.92972132125621,-3.1087052324291,1
"balanced","harassment","Mexico",-0.56261372084994,-0.757919662827728,0
"balanced","harassment","Mexico",1.06896016000843,0.358605099527224,1
"all_male","harassment","Mexico",-1.23138433963616,0.987081288794386,1
"balanced","harassment","Mexico",-1.01739481464137,-0.735228091539822,1
"balanced","harassment","Mexico",1.32303174633452,0.987081288794386,0
"all_male","harassment","Mexico",-0.34862419585515,-0.378180884946776,0
"balanced","harassment","Mexico",-1.73952751228834,-0.378180884946776,0
"all_male","harassment","Mexico",-0.790004267745653,0.63003408220134,1
"quota","harassment","Mexico",-0.0945526095290554,-0.378180884946776,0
"quota","harassment","Mexico",-0.56261372084994,-0.378180884946776,0
"balanced","harassment","Mexico",0.854970635013637,0.607342510913434,0
"all_male","harassment","Mexico",0.159518976797039,0.607342510913434,1
"balanced","harassment","Mexico",-0.0945526095290554,-2.39461081924301,1
"quota","harassment","Mexico",-1.28474641849692,0.250295304320387,1
"balanced","harassment","Mexico",-0.816685307176035,-1.00665707421394,0
"quota","harassment","Mexico",0.159518976797039,-0.378180884946776,1
"balanced","harassment","Mexico",0.854970635013637,0.358605099527224,1
"all_male","harassment","Mexico",0.346827462361447,-0.0211336783537289,0
"balanced","harassment","Mexico",-0.0945526095290554,-0.378180884946776,1
"quota","harassment","Mexico",-0.56261372084994,-0.378180884946776,1
"all_male","harassment","Mexico",-0.816685307176035,-1.38639585209489,1
"quota","harassment","Mexico",0.854970635013637,0.987081288794386,1
"balanced","harassment","Mexico",-0.0945526095290554,0.250295304320387,1
"quota","harassment","Mexico",-1.28474641849692,-1.74344305868794,0
"all_male","harassment","Mexico",-0.34862419585515,-0.378180884946776,1
"balanced","harassment","Mexico",1.32303174633452,0.987081288794386,1
"balanced","harassment","Mexico",1.32303174633452,0.987081288794386,1
"all_male","harassment","Mexico",-0.34862419585515,-0.757919662827728,1
"quota","harassment","Mexico",0.854970635013637,0.987081288794386,1
"all_male","harassment","Mexico",-2.16750656227793,-3.1087052324291,0
"quota","harassment","Mexico",1.32303174633452,0.987081288794386,0
"quota","harassment","Mexico",0.346827462361447,0.358605099527224,0
"balanced","harassment","Mexico",0.854970635013637,0.00155789293417705,0
"balanced","harassment","Mexico",1.32303174633452,0.987081288794386,0
"all_male","harassment","Mexico",-0.0945526095290554,-0.378180884946776,0
"balanced","harassment","Mexico",-0.0945526095290554,0.00155789293417705,0
"all_male","harassment","Mexico",0.854970635013637,0.987081288794386,0
"quota","harassment","Mexico",1.32303174633452,0.987081288794386,0
"all_male","harassment","Mexico",0.373508501791829,-1.11496686942077,0
"quota","harassment","Mexico",0.854970635013637,0.987081288794386,0
"quota","harassment","Mexico",0.854970635013637,0.987081288794386,0
"balanced","harassment","Mexico",-0.0945526095290554,-0.378180884946776,0
"all_male","harassment","Mexico",-0.34862419585515,-0.378180884946776,0
"balanced","harassment","Mexico",1.32303174633452,0.987081288794386,0
"quota","harassment","Mexico",1.32303174633452,0.987081288794386,0
"all_male","harassment","Mexico",0.159518976797039,-0.269871089739939,0
"quota","harassment","Mexico",0.854970635013637,0.987081288794386,0
"balanced","harassment","Mexico",-0.0945526095290554,-0.378180884946776,0
"all_male","harassment","Mexico",-1.24632687095996e-16,5.81388283096633e-17,0
"quota","harassment","Mexico",1.32303174633452,0.987081288794386,0
"quota","harassment","Mexico",-0.56261372084994,-0.378180884946776,0
"all_male","harassment","Mexico",-0.321943156424768,-0.0211336783537289,0
"balanced","harassment","Mexico",1.32303174633452,0.987081288794386,0
"quota","harassment","Mexico",-1.98019807671352,-0.757919662827728,0
"all_male","harassment","Mexico",-0.0945526095290554,0.987081288794386,0
"balanced","harassment","Mexico",0.560816987356238,0.63003408220134,0
"quota","harassment","Mexico",-0.34862419585515,-0.378180884946776,0
"balanced","harassment","Mexico",1.32303174633452,0.63003408220134,0
"quota","harassment","Mexico",-0.34862419585515,-0.378180884946776,0
"balanced","harassment","Mexico",-1.51213696539263,-1.09227529813287,0
"all_male","harassment","Mexico",-0.535932681419558,0.987081288794386,0
"all_male","harassment","Mexico",0.159518976797039,-0.0840603309847537,0
"quota","harassment","Mexico",1.32303174633452,0.987081288794386,0
"all_male","harassment","Mexico",-0.56261372084994,-0.378180884946776,1
"all_male","harassment","Mexico",-1.99359909861444,0.358605099527224,0
"quota","harassment","Mexico",1.32303174633452,0.987081288794386,1
"all_male","harassment","Mexico",-1.76620855171873,-0.378180884946776,0
"quota","harassment","Mexico",-1.25806537906654,-1.74344305868794,0
"balanced","harassment","Mexico",-0.790004267745653,-1.74344305868794,0
"balanced","harassment","Mexico",-1.24632687095996e-16,5.81388283096633e-17,1
"balanced","harassment","Mexico",1.32303174633452,0.987081288794386,0
"all_male","harassment","Mexico",0.386909523692752,0.987081288794386,0
"all_male","harassment","Mexico",0.854970635013637,0.987081288794386,1
"all_male","harassment","Mexico",-0.0945526095290554,-0.378180884946776,1
"balanced","harassment","Mexico",-0.0945526095290554,-0.757919662827728,0
"quota","harassment","Mexico",1.32303174633452,0.987081288794386,0
"quota","harassment","Mexico",0.600899048687542,0.987081288794386,0
"all_male","harassment","Mexico",1.32303174633452,-1.00665707421394,0
"all_male","harassment","Mexico",-0.56261372084994,0.358605099527224,1
"quota","harassment","Mexico",-0.0945526095290554,0.63003408220134,0
"all_male","harassment","Mexico",0.0927558760353528,0.987081288794386,1
"balanced","harassment","Mexico",1.32303174633452,0.987081288794386,0
"quota","harassment","Mexico",1.32303174633452,0.987081288794386,0
"all_male","harassment","Mexico",-2.20758862360923,-0.378180884946776,0
"all_male","harassment","Mexico",0.627580088117924,-0.378180884946776,0
"quota","harassment","Mexico",-0.0945526095290554,-2.03756361264996,1
"balanced","harassment","Mexico",-0.790004267745653,-0.378180884946776,0
"all_male","harassment","Mexico",0.854970635013637,0.987081288794386,1
"all_male","harassment","Mexico",1.32303174633452,0.987081288794386,0
"quota","harassment","Mexico",-0.34862419585515,-1.00665707421394,0
"all_male","harassment","Mexico",-2.92972132125621,-3.1087052324291,0
"all_male","harassment","Mexico",-1.95351703728314,-0.378180884946776,0
"all_male","harassment","Mexico",1.32303174633452,0.987081288794386,1
"quota","harassment","Mexico",-0.77660324584473,0.00155789293417705,0
"quota","harassment","Mexico",-0.13463467086036,0.63003408220134,0
"balanced","harassment","Mexico",-0.0945526095290554,-0.378180884946776,1
"balanced","harassment","Mexico",0.854970635013637,0.00155789293417705,1
"balanced","harassment","Mexico",-0.34862419585515,0.250295304320387,1
"quota","harassment","Mexico",-0.0945526095290554,0.250295304320387,1
"quota","harassment","Mexico",0.600899048687542,-0.0211336783537289,1
"balanced","harassment","Mexico",1.32303174633452,0.987081288794386,1
"quota","harassment","Mexico",-0.0945526095290554,-0.378180884946776,1
"all_male","harassment","Mexico",0.854970635013637,0.987081288794386,1
"quota","harassment","Mexico",0.600899048687542,0.607342510913434,0
"all_male","harassment","Mexico",0.600899048687542,0.607342510913434,0
"balanced","harassment","Mexico",-0.34862419585515,-0.378180884946776,0
"quota","harassment","Mexico",0.386909523692752,-0.0211336783537289,1
"all_male","harassment","Mexico",-1.73952751228834,0.00155789293417705,0
"balanced","harassment","Mexico",0.373508501791829,0.358605099527224,1
"balanced","harassment","Mexico",-1.04407585407175,-0.378180884946776,1
"quota","harassment","Mexico",1.06896016000843,0.00155789293417705,1
"quota","harassment","Mexico",-0.0945526095290554,-0.378180884946776,1
"balanced","harassment","Mexico",1.32303174633452,0.987081288794386,0
"all_male","harassment","Mexico",-0.0945526095290554,-0.378180884946776,0
"quota","harassment","Mexico",-0.34862419585515,-0.378180884946776,0
"balanced","harassment","Mexico",-1.25806537906654,-1.74344305868794,0
"all_male","harassment","Mexico",-1.72612649038742,-0.735228091539822,1
"balanced","harassment","Mexico",0.560816987356238,0.987081288794386,1
"balanced","harassment","Mexico",-0.0945526095290554,-0.0211336783537289,0
"all_male","harassment","Mexico",-1.69944545095704,0.987081288794386,0
"quota","harassment","Mexico",0.386909523692752,0.63003408220134,0
"balanced","harassment","Mexico",0.854970635013637,0.987081288794386,1
"balanced","harassment","Mexico",1.32303174633452,0.250295304320387,1
"all_male","harassment","Mexico",-1.72612649038742,-2.75165802583605,1
"quota","harassment","Mexico",0.854970635013637,0.987081288794386,1
"all_male","harassment","Mexico",0.159518976797039,0.987081288794386,1
"quota","harassment","Mexico",-0.0945526095290554,0.987081288794386,1
"balanced","harassment","Mexico",-0.081151587628133,-0.152135044848472,1
"all_male","harassment","Mexico",-2.42157814860402,-2.34922767666719,0
"all_male","harassment","Mexico",0.600899048687542,0.987081288794386,1
"balanced","harassment","Mexico",0.854970635013637,0.987081288794386,1
"quota","harassment","Mexico",-0.34862419585515,0.987081288794386,1
"quota","harassment","Mexico",1.32303174633452,0.987081288794386,0
"all_male","harassment","Mexico",-0.34862419585515,-0.378180884946776,0
"all_male","harassment","Mexico",-2.92972132125621,-1.13765844070868,1
"balanced","harassment","Mexico",-1.48545592596225,0.250295304320387,0
"quota","harassment","Mexico",0.627580088117924,-0.735228091539822,0
"balanced","harassment","Mexico",1.32303174633452,0.987081288794386,1
"all_male","harassment","Mexico",-0.830086329076957,0.63003408220134,1
"balanced","harassment","Mexico",1.32303174633452,0.987081288794386,0
"balanced","harassment","Mexico",1.32303174633452,0.987081288794386,0
"all_male","harassment","Mexico",-1.73952751228834,-0.378180884946776,0
"all_male","harassment","Mexico",-1.95351703728314,0.63003408220134,0
"quota","harassment","Mexico",1.06896016000843,0.987081288794386,0
"balanced","harassment","Mexico",-0.0945526095290554,-0.378180884946776,0
"all_male","harassment","Mexico",0.854970635013637,0.987081288794386,1
"all_male","harassment","Mexico",-1.25806537906654,-1.74344305868794,0
"all_male","harassment","Mexico",0.854970635013637,0.987081288794386,1
"balanced","animals","Mexico",0.0218090697217148,0.393543111369532,1
"all_male","animals","Mexico",-0.375894490090918,-1.49500552052732,0
"quota","animals","Mexico",0.57300130222792,0.117370462524416,1
"quota","animals","Mexico",-0.375894490090918,0.39555765645894,1
"all_male","animals","Mexico",-0.375894490090918,-0.686802983912046,0
"quota","animals","Mexico",-1.160751703837,-0.414659425245746,0
"quota","animals","Mexico",1.16955664194687,0.939844773791539,0
"quota","animals","Mexico",-0.0130041316118424,0.667701215125239,1
"quota","animals","Mexico",0.970704862040553,0.667701215125239,1
"quota","animals","Mexico",0.38469942820079,-0.414659425245746,0
"quota","animals","Mexico",-0.400157785545289,-2.84950971956461,0
"balanced","animals","Mexico",1.16955664194687,0.665686670035832,1
"balanced","animals","Mexico",-0.539933068663677,-1.49702006561673,1
"quota","animals","Mexico",1.16955664194687,0.667701215125239,1
"quota","animals","Mexico",1.16955664194687,0.667701215125239,1
"balanced","animals","Mexico",-0.539933068663677,0.939844773791539,1
"balanced","animals","Mexico",1.16955664194687,0.939844773791539,1
"balanced","animals","Mexico",0.38469942820079,0.667701215125239,0
"quota","animals","Mexico",0.185847648294474,-0.414659425245746,0
"balanced","animals","Mexico",0.244924145082402,0.393543111369532,1
"quota","animals","Mexico",0.806666283467794,0.939844773791539,1
"all_male","animals","Mexico",-0.177042710184602,0.667701215125239,1
"balanced","animals","Mexico",-0.375894490090918,-0.414659425245746,1
"quota","animals","Mexico",1.16955664194687,0.393543111369532,1
"balanced","animals","Mexico",-0.375894490090918,-0.414659425245746,1
"quota","animals","Mexico",-0.341081288757361,-0.140501321490038,1
"quota","animals","Mexico",0.970704862040553,0.939844773791539,1
"all_male","animals","Mexico",-0.539933068663677,-0.414659425245746,0
"balanced","animals","Mexico",0.970704862040553,0.939844773791539,0
"quota","animals","Mexico",0.408962723655161,0.939844773791539,0
"all_male","animals","Mexico",-0.375894490090918,-1.49500552052732,0
"balanced","animals","Mexico",-1.35960348374331,0.393543111369532,0
"all_male","animals","Mexico",-1.74675713767676,-0.414659425245746,1
"balanced","animals","Mexico",-1.52364206231607,-1.76916362428303,0
"all_male","animals","Mexico",-1.160751703837,-1.76714907919362,1
"quota","animals","Mexico",0.210110943748845,0.939844773791539,0
"all_male","animals","Mexico",-1.32479028240976,-1.76916362428303,1
"quota","animals","Mexico",-0.375894490090918,-0.414659425245746,1
"all_male","animals","Mexico",0.408962723655161,-1.49500552052732,1
"balanced","animals","Mexico",0.408962723655161,0.667701215125239,1
"quota","animals","Mexico",0.806666283467794,0.939844773791539,1
"all_male","animals","Mexico",-0.177042710184602,-0.414659425245746,1
"quota","animals","Mexico",0.806666283467794,0.939844773791539,0
"balanced","animals","Mexico",1.16955664194687,0.939844773791539,1
"all_male","animals","Mexico",-0.375894490090918,-0.688817529001454,0
"all_male","animals","Mexico",-0.375894490090918,0.393543111369532,1
"balanced","animals","Mexico",1.16955664194687,0.939844773791539,1
"balanced","animals","Mexico",1.16955664194687,0.939844773791539,1
"all_male","animals","Mexico",-0.177042710184602,0.667701215125239,1
"balanced","animals","Mexico",-1.18501499929137,0.39555765645894,0
"balanced","animals","Mexico",-0.177042710184602,-0.414659425245746,0
"balanced","animals","Mexico",1.16955664194687,0.939844773791539,1
"balanced","animals","Mexico",-0.539933068663677,-1.49702006561673,0
"all_male","animals","Mexico",-0.177042710184602,0.939844773791539,1
"balanced","animals","Mexico",0.607814503561477,-0.414659425245746,1
"quota","animals","Mexico",1.16955664194687,0.939844773791539,1
"quota","animals","Mexico",1.16955664194687,0.939844773791539,1
"all_male","animals","Mexico",-1.32479028240976,-1.76916362428303,0
"balanced","animals","Mexico",0.771853082134237,-0.686802983912046,1
"balanced","animals","Mexico",-0.375894490090918,0.393543111369532,1
"quota","animals","Mexico",-0.177042710184602,-0.686802983912046,1
"balanced","animals","Mexico",1.16955664194687,0.939844773791539,0
"all_male","animals","Mexico",-0.177042710184602,-0.414659425245746,1
"all_male","animals","Mexico",-1.160751703837,-0.688817529001454,0
"balanced","animals","Mexico",-0.177042710184602,-0.140501321490038,1
"balanced","animals","Mexico",-0.96189992393068,-0.414659425245746,1
"all_male","animals","Mexico",-0.96189992393068,-0.140501321490038,1
"balanced","animals","Mexico",0.806666283467794,-0.414659425245746,1
"quota","animals","Mexico",-0.177042710184602,-0.414659425245746,1
"balanced","animals","Mexico",0.38469942820079,0.939844773791539,0
"balanced","animals","Mexico",0.806666283467794,0.939844773791539,0
"all_male","animals","Mexico",0.38469942820079,0.667701215125239,1
"quota","animals","Mexico",-0.375894490090918,-0.414659425245746,0
"quota","animals","Mexico",0.443775924988718,0.939844773791539,1
"quota","animals","Mexico",-0.375894490090918,-0.414659425245746,1
"balanced","animals","Mexico",1.16955664194687,-0.414659425245746,0
"quota","animals","Mexico",1.16955664194687,0.939844773791539,1
"all_male","animals","Mexico",-1.52364206231607,-2.30522260223201,1
"balanced","animals","Mexico",1.16955664194687,0.939844773791539,1
"quota","animals","Mexico",-0.375894490090918,-0.414659425245746,0
"quota","animals","Mexico",1.16955664194687,0.939844773791539,0
"quota","animals","Mexico",0.970704862040553,-0.140501321490038,0
"all_male","animals","Mexico",-1.78157033901032,-1.23310464633405,0
"all_male","animals","Mexico",-2.27368607472859,-2.57736616089831,1
"balanced","animals","Mexico",1.16955664194687,0.939844773791539,0
"all_male","animals","Mexico",-1.32479028240976,-0.414659425245746,0
"balanced","animals","Mexico",0.57300130222792,0.939844773791539,1
"balanced","animals","Mexico",0.806666283467794,-0.414659425245746,0
"all_male","animals","Mexico",-1.32479028240976,-0.686802983912046,0
"balanced","animals","Mexico",1.16955664194687,0.939844773791539,0
"balanced","animals","Mexico",0.970704862040553,0.939844773791539,1
"quota","animals","Mexico",1.16955664194687,0.665686670035832,1
"all_male","animals","Mexico",-0.177042710184602,-0.414659425245746,0
"all_male","animals","Mexico",-1.160751703837,-0.686802983912046,0
"balanced","animals","Mexico",1.16955664194687,0.665686670035832,1
"all_male","animals","Mexico",-0.177042710184602,-0.414659425245746,1
"quota","animals","Mexico",-0.177042710184602,-0.414659425245746,1
"all_male","animals","Mexico",-2.87024141444754,-0.414659425245746,1
"all_male","animals","Mexico",0.080885566509643,-1.76916362428303,1
"quota","animals","Mexico",0.0218090697217148,-0.142515866579446,1
"all_male","animals","Mexico",-0.375894490090918,-0.686802983912046,0
"balanced","animals","Mexico",1.16955664194687,0.131642237176261,1
"all_male","animals","Mexico",0.607814503561477,0.939844773791539,1
"all_male","animals","Mexico",0.806666283467794,0.939844773791539,1
"balanced","animals","Mexico",0.38469942820079,-0.414659425245746,0
"balanced","animals","Mexico",1.16955664194687,0.12341409779264,0
"balanced","animals","Mexico",-0.375894490090918,-0.414659425245746,0
"all_male","animals","Mexico",-0.703971647236436,-0.140501321490038,0
"all_male","animals","Mexico",-2.47253785463491,0.393543111369532,0
"quota","animals","Mexico",1.16955664194687,-2.30119351205319,0
"all_male","animals","Mexico",-1.32479028240976,-1.76916362428303,0
"balanced","animals","Mexico",0.806666283467794,0.665686670035832,0
"quota","animals","Mexico",0.806666283467794,-0.140501321490038,0
"balanced","animals","Mexico",-0.375894490090918,-0.414659425245746,0
"quota","animals","Mexico",0.0218090697217148,0.667701215125239,1
"all_male","animals","Mexico",-1.52364206231607,-0.686802983912046,0
"balanced","animals","Mexico",1.16955664194687,0.939844773791539,0
"quota","animals","Mexico",1.16955664194687,0.939844773791539,1
"all_male","animals","Mexico",0.080885566509643,0.939844773791539,0
"balanced","animals","Mexico",1.16955664194687,0.131642237176261,1
"balanced","animals","Mexico",-0.738784848569993,-0.414659425245746,0
"balanced","animals","Mexico",1.16955664194687,0.393543111369532,0
"all_male","animals","Mexico",-0.375894490090918,-0.414659425245746,1
"quota","animals","Mexico",0.771853082134237,-0.140501321490038,0
"all_male","animals","Mexico",0.970704862040553,0.665686670035832,1
"balanced","animals","Mexico",1.16955664194687,0.939844773791539,0
"all_male","animals","Mexico",-1.54790535777044,0.939844773791539,1
"quota","animals","Mexico",-1.160751703837,-0.414659425245746,0
"all_male","animals","Mexico",-1.52364206231607,-1.48476283605429,1
"balanced","animals","Mexico",1.16955664194687,0.12341409779264,1
"balanced","animals","Mexico",1.16955664194687,0.939844773791539,0
"quota","animals","Mexico",1.16955664194687,-0.686802983912046,1
"balanced","animals","Mexico",0.806666283467794,-0.414659425245746,1
"all_male","animals","Mexico",-0.96189992393068,-0.414659425245746,0
"all_male","animals","Mexico",-2.27368607472859,-2.04130718294933,0
"balanced","animals","Mexico",1.16955664194687,0.939844773791539,1
"quota","animals","Mexico",1.16955664194687,0.667701215125239,1
"all_male","animals","Mexico",-0.96189992393068,-0.414659425245746,1
"balanced","animals","Mexico",-0.177042710184602,-0.414659425245746,0
"all_male","animals","Mexico",-0.96189992393068,0.939844773791539,0
"balanced","animals","Mexico",1.16955664194687,0.939844773791539,0
"balanced","animals","Mexico",1.16955664194687,0.939844773791539,0
"balanced","animals","Mexico",1.16955664194687,0.665686670035832,0
"all_male","animals","Mexico",1.16955664194687,0.939844773791539,1
"quota","animals","Mexico",-0.177042710184602,0.939844773791539,1
"all_male","animals","Mexico",0.806666283467794,-0.150744005963068,1
"quota","animals","Mexico",-0.375894490090918,-0.688817529001454,1
"balanced","animals","Mexico",0.607814503561477,0.667701215125239,1
"all_male","animals","Mexico",-0.375894490090918,-0.414659425245746,1
"balanced","animals","Mexico",0.0218090697217148,-0.414659425245746,0
"balanced","animals","Mexico",0.806666283467794,0.939844773791539,1
"quota","animals","Mexico",1.16955664194687,0.939844773791539,0
"balanced","animals","Mexico",0.806666283467794,0.939844773791539,0
"all_male","animals","Mexico",-2.50735105596847,0.39555765645894,0
"all_male","animals","Mexico",-0.375894490090918,0.939844773791539,0
"quota","animals","Mexico",0.38469942820079,-0.140501321490038,0
"balanced","animals","Mexico",-0.375894490090918,-0.414659425245746,0
"quota","animals","Mexico",0.806666283467794,0.939844773791539,1
"all_male","animals","Mexico",-0.400157785545289,0.939844773791539,0
"balanced","animals","Mexico",0.185847648294474,0.667701215125239,0
"quota","animals","Mexico",1.16955664194687,0.939844773791539,0
"quota","animals","Mexico",1.16955664194687,0.939844773791539,0
"balanced","animals","Mexico",1.16955664194687,0.667701215125239,0
"all_male","animals","Mexico",-0.375894490090918,-0.686802983912046,1
"balanced","animals","Mexico",0.57300130222792,0.939844773791539,1
"all_male","animals","Mexico",0.806666283467794,0.939844773791539,1
"quota","animals","Mexico",0.57300130222792,0.939844773791539,1
"all_male","animals","Mexico",-1.160751703837,-0.414659425245746,1
"balanced","animals","Mexico",1.16955664194687,0.939844773791539,0
"quota","animals","Mexico",1.16955664194687,-0.142515866579446,1
"all_male","animals","Mexico",-0.763048144024364,-0.140501321490038,1
"quota","animals","Mexico",-0.375894490090918,0.393543111369532,1
"all_male","animals","Mexico",-0.375894490090918,-0.414659425245746,0
"balanced","animals","Mexico",1.16955664194687,0.665686670035832,0
"all_male","animals","Mexico",-1.32479028240976,0.939844773791539,1
"balanced","animals","Mexico",1.16955664194687,0.939844773791539,0
"all_male","animals","Mexico",-0.375894490090918,-0.414659425245746,0
"balanced","animals","Mexico",1.16955664194687,0.665686670035832,1
"quota","animals","Mexico",-2.87024141444754,-2.5753516158089,0
"quota","animals","Mexico",0.38469942820079,0.667701215125239,1
"quota","animals","Mexico",1.16955664194687,0.665686670035832,0
"all_male","animals","Mexico",0.38469942820079,0.939844773791539,0
"balanced","animals","Mexico",1.16955664194687,0.667701215125239,1
"quota","animals","Mexico",1.16955664194687,0.939844773791539,1
"all_male","animals","Mexico",-0.375894490090918,-0.686802983912046,1
"all_male","animals","Mexico",-0.375894490090918,-0.414659425245746,0
"quota","animals","Mexico",-0.177042710184602,-0.140501321490038,0
"balanced","animals","Mexico",1.16955664194687,0.939844773791539,1
"quota","animals","Mexico",0.185847648294474,-0.142515866579446,0
"balanced","animals","Mexico",1.16955664194687,0.939844773791539,0
"all_male","animals","Mexico",0.607814503561477,-0.140501321490038,0
"quota","animals","Mexico",-0.177042710184602,-0.414659425245746,0
"all_male","animals","Mexico",-0.177042710184602,-0.688817529001454,1
"all_male","animals","Mexico",0.607814503561477,0.667701215125239,1
"balanced","animals","Mexico",-0.375894490090918,-1.49500552052732,0
"balanced","animals","Mexico",0.806666283467794,0.939844773791539,1
"quota","animals","Mexico",-0.177042710184602,0.939844773791539,1
"balanced","animals","Mexico",0.0218090697217148,-0.142515866579446,1
"all_male","animals","Mexico",-1.72249384222239,0.939844773791539,1
"quota","animals","Mexico",1.16955664194687,0.393543111369532,0
"quota","animals","Mexico",-0.375894490090918,-0.142515866579446,1
"all_male","animals","Mexico",-0.375894490090918,-0.414659425245746,0
"balanced","animals","Mexico",1.16955664194687,0.939844773791539,1
"quota","animals","Mexico",0.210110943748845,0.393543111369532,0
"quota","animals","Mexico",0.806666283467794,0.939844773791539,0
"all_male","animals","Mexico",0.806666283467794,0.939844773791539,0
"quota","animals","Mexico",0.38469942820079,0.939844773791539,0
"balanced","animals","Mexico",1.16955664194687,0.939844773791539,1
"all_male","animals","Mexico",-0.763048144024364,0.939844773791539,0
"quota","animals","Mexico",0.38469942820079,-1.49500552052732,1
"all_male","animals","Mexico",-1.32479028240976,-1.76916362428303,0
"quota","animals","Mexico",1.16955664194687,0.939844773791539,0
"balanced","animals","Mexico",1.16955664194687,0.393543111369532,1
"quota","animals","Mexico",0.080885566509643,0.939844773791539,1
"all_male","animals","Mexico",-1.582718559104,0.667701215125239,1
"all_male","animals","Mexico",-1.160751703837,-0.686802983912046,0
"all_male","animals","Mexico",-2.87024141444754,0.121399552703232,1
"quota","animals","Mexico",0.185847648294474,-0.414659425245746,0
"all_male","animals","Mexico",-2.10964749615584,-0.686802983912046,1
"quota","animals","Mexico",0.806666283467794,0.939844773791539,1
"balanced","animals","Mexico",1.16955664194687,0.939844773791539,1
"balanced","animals","Mexico",-1.160751703837,-0.688817529001454,1
"all_male","animals","Mexico",0.38469942820079,-0.414659425245746,1
"balanced","animals","Mexico",-0.539933068663677,-0.414659425245746,1
"quota","animals","Mexico",-0.177042710184602,-0.412644880156338,0
"all_male","animals","Mexico",-2.27368607472859,-3.12366782332032,1
"quota","animals","Mexico",1.16955664194687,0.939844773791539,1
"balanced","animals","Mexico",-0.375894490090918,-0.686802983912046,1
"all_male","animals","Mexico",0.0218090697217148,-0.686802983912046,1
"all_male","animals","Mexico",-0.96189992393068,-1.77117816937244,1
"balanced","animals","Mexico",1.16955664194687,0.939844773791539,1
"all_male","animals","Mexico",-1.74675713767676,-0.414659425245746,1
"quota","animals","Mexico",-0.539933068663677,-1.49500552052732,0
"balanced","animals","Mexico",0.806666283467794,0.667701215125239,1
"balanced","animals","Mexico",1.16955664194687,-1.75690639472059,0
"all_male","animals","Mexico",-1.12593850250344,0.667701215125239,1
"all_male","animals","Mexico",-0.375894490090918,-0.142515866579446,1
"all_male","animals","Mexico",-1.160751703837,-0.142515866579446,1
"balanced","animals","Mexico",1.16955664194687,0.939844773791539,1
"quota","animals","Mexico",0.38469942820079,-0.414659425245746,1
"all_male","animals","Mexico",-0.763048144024364,0.667701215125239,0
"balanced","animals","Mexico",0.185847648294474,-0.688817529001454,1
"all_male","animals","Mexico",-0.177042710184602,-1.49702006561673,0
"balanced","animals","Mexico",1.16955664194687,0.939844773791539,1
"quota","animals","Mexico",-0.177042710184602,-1.49500552052732,0
"all_male","animals","Mexico",-1.12593850250344,-0.414659425245746,1
"quota","animals","Mexico",-0.375894490090918,-0.686802983912046,0
"quota","animals","Mexico",1.16955664194687,-0.414659425245746,1
"all_male","animals","Mexico",0.185847648294474,-0.414659425245746,1
"quota","animals","Mexico",-1.160751703837,-1.22286196186102,1
"all_male","animals","Mexico",-0.375894490090918,-0.414659425245746,1
"all_male","animals","Mexico",-1.78157033901032,-3.12366782332032,0
"quota","animals","Mexico",-0.738784848569993,-2.5753516158089,0
"all_male","animals","Mexico",-1.160751703837,-0.414659425245746,0
"quota","animals","Mexico",-0.738784848569993,-1.49702006561673,0
"balanced","animals","Mexico",0.38469942820079,0.665686670035832,1
"balanced","animals","Mexico",-0.177042710184602,-0.140501321490038,0
"all_male","animals","Mexico",0.408962723655161,-0.140501321490038,1
"all_male","animals","Mexico",0.0218090697217148,0.667701215125239,1
"balanced","animals","Mexico",-2.14446069748939,-3.12366782332032,1
"balanced","animals","Mexico",-0.177042710184602,0.393543111369532,1
"all_male","animals","Mexico",0.0218090697217148,0.665686670035832,1
"all_male","animals","Mexico",-1.32479028240976,-1.76916362428303,1
"balanced","animals","Mexico",1.16955664194687,0.939844773791539,1
"quota","animals","Mexico",-2.14446069748939,-3.12366782332032,0
"quota","animals","Mexico",-0.703971647236436,0.667701215125239,0
"quota","animals","Mexico",-0.375894490090918,-0.142515866579446,1
"all_male","animals","Mexico",-2.50735105596847,0.667701215125239,0
"quota","animals","Mexico",0.185847648294474,-0.414659425245746,1
"all_male","animals","Mexico",-0.0130041316118424,-0.414659425245746,1
"balanced","animals","Mexico",-0.375894490090918,-0.414659425245746,1
"balanced","animals","Mexico",1.16955664194687,0.939844773791539,0
"quota","animals","Mexico",1.16955664194687,0.939844773791539,1
"all_male","animals","Mexico",-0.96189992393068,0.939844773791539,0
"quota","animals","Mexico",1.16955664194687,0.939844773791539,1
"all_male","animals","Mexico",-2.87024141444754,0.939844773791539,0
"all_male","animals","Mexico",-1.160751703837,-0.414659425245746,1
"balanced","animals","Mexico",-0.0130041316118424,0.939844773791539,1
"quota","animals","Mexico",0.080885566509643,0.939844773791539,0
"balanced","animals","Mexico",0.806666283467794,0.939844773791539,1
"quota","animals","Mexico",1.16955664194687,-0.142515866579446,1
"all_male","animals","Mexico",1.16955664194687,0.939844773791539,0
"all_male","animals","Mexico",0.806666283467794,0.939844773791539,0
"all_male","animals","Mexico",-0.177042710184602,-0.686802983912046,1
"balanced","animals","Mexico",-2.67138963454123,-3.12366782332032,1
"all_male","animals","Mexico",-0.539933068663677,0.939844773791539,1
"all_male","animals","Mexico",0.0218090697217148,0.939844773791539,0
"balanced","animals","Mexico",1.16955664194687,0.939844773791539,0
"quota","animals","Mexico",-0.375894490090918,-0.414659425245746,1
"quota","animals","Mexico",-0.375894490090918,-0.414659425245746,0
"all_male","animals","Mexico",-0.375894490090918,-0.414659425245746,1
"quota","animals","Mexico",-0.375894490090918,-0.414659425245746,1
"balanced","animals","Mexico",-0.539933068663677,-0.414659425245746,1
"quota","animals","Mexico",-0.177042710184602,-0.142515866579446,0
"quota","animals","Mexico",1.16955664194687,-0.142515866579446,1
"balanced","animals","Mexico",1.16955664194687,0.939844773791539,1
"all_male","animals","Mexico",-0.177042710184602,0.939844773791539,0
"quota","animals","Mexico",-0.177042710184602,-0.414659425245746,0
"all_male","animals","Mexico",1.16955664194687,0.939844773791539,1
"balanced","animals","Mexico",1.16955664194687,0.939844773791539,0
"quota","animals","Mexico",0.806666283467794,0.667701215125239,1
"quota","animals","Mexico",1.16955664194687,0.939844773791539,0
"balanced","animals","Mexico",-1.54790535777044,-0.962975632757161,1
"all_male","animals","Mexico",-0.574746269997234,0.667701215125239,1
"balanced","animals","Mexico",0.970704862040553,0.665686670035832,1
"all_male","animals","Mexico",1.16955664194687,0.939844773791539,0
"quota","animals","Mexico",1.16955664194687,-0.154773096141883,0
"balanced","animals","Mexico",-0.738784848569993,-3.12366782332032,1
"all_male","animals","Mexico",-1.74675713767676,0.939844773791539,0
"quota","animals","Mexico",0.806666283467794,0.939844773791539,0
"balanced","animals","Mexico",1.16955664194687,-1.49500552052732,0
"all_male","animals","Mexico",-1.52364206231607,-0.414659425245746,0
"balanced","animals","Mexico",0.38469942820079,-2.0310644984763,1
"balanced","animals","Mexico",-0.539933068663677,0.939844773791539,1
"quota","animals","Mexico",0.185847648294474,0.939844773791539,0
"all_male","animals","Mexico",-1.48882886098252,0.939844773791539,0
"quota","animals","Mexico",0.806666283467794,0.939844773791539,1
"all_male","animals","Mexico",-2.08538420070146,-3.12366782332032,0
"balanced","animals","Mexico",1.16955664194687,0.939844773791539,1
"balanced","animals","Mexico",1.16955664194687,0.939844773791539,1
"all_male","animals","Mexico",-1.74675713767676,-0.686802983912046,1
"quota","animals","Mexico",0.408962723655161,-0.960961087667753,1
"all_male","animals","Mexico",-0.341081288757361,-0.414659425245746,0
"quota","animals","Mexico",-0.375894490090918,-0.142515866579446,1
"balanced","animals","Mexico",1.16955664194687,0.939844773791539,1
"all_male","animals","Mexico",-0.96189992393068,0.667701215125239,1
"balanced","animals","Mexico",0.806666283467794,-0.414659425245746,1
"quota","animals","Mexico",-1.52364206231607,-1.76916362428303,0
"quota","animals","Mexico",0.0218090697217148,0.667701215125239,0
"quota","animals","Mexico",-1.32479028240976,-1.76916362428303,1
"balanced","animals","Mexico",1.16955664194687,0.939844773791539,1
"balanced","animals","Mexico",1.16955664194687,0.939844773791539,0
"quota","animals","Mexico",1.16955664194687,0.939844773791539,1
"all_male","animals","Mexico",-0.177042710184602,-0.414659425245746,1
"all_male","animals","Mexico",0.806666283467794,0.939844773791539,1
"quota","animals","Mexico",-0.375894490090918,-0.414659425245746,0
"all_male","animals","Mexico",-1.52364206231607,-1.49500552052732,1
"balanced","animals","Mexico",0.806666283467794,0.665686670035832,0
"balanced","animals","Mexico",-0.375894490090918,-0.414659425245746,1
"all_male","animals","Mexico",1.16955664194687,0.939844773791539,0
"all_male","animals","Mexico",-0.96189992393068,0.939844773791539,1
"quota","animals","Mexico",1.16955664194687,0.939844773791539,0
"quota","animals","Mexico",1.16955664194687,0.939844773791539,1
"balanced","animals","Mexico",0.970704862040553,0.939844773791539,1
"balanced","animals","Mexico",-0.539933068663677,0.939844773791539,1
"all_male","animals","Mexico",-0.763048144024364,0.665686670035832,0
"balanced","animals","Mexico",0.0218090697217148,0.667701215125239,1
"quota","animals","Mexico",-0.375894490090918,0.665686670035832,0
"quota","animals","Mexico",0.771853082134237,-0.414659425245746,1
"all_male","animals","Mexico",0.408962723655161,0.131642237176261,0
"quota","animals","Mexico",0.408962723655161,0.939844773791539,1
"balanced","animals","Mexico",-0.177042710184602,-1.76916362428303,0
"balanced","animals","Mexico",-0.738784848569993,-0.412644880156338,1
"quota","animals","Mexico",-0.177042710184602,0.939844773791539,1
"all_male","animals","Mexico",-0.539933068663677,-0.686802983912046,1
"balanced","animals","Mexico",-1.52364206231607,0.665686670035832,1
"quota","animals","Mexico",-0.177042710184602,-0.414659425245746,1
"balanced","animals","Mexico",-0.375894490090918,-0.414659425245746,0
"all_male","animals","Mexico",-1.91079571624952,0.665686670035832,1
"balanced","animals","Mexico",0.57300130222792,0.939844773791539,1
"quota","animals","Mexico",-0.177042710184602,-0.414659425245746,1
"all_male","animals","Mexico",0.806666283467794,0.939844773791539,1
"quota","animals","Mexico",0.607814503561477,0.393543111369532,1
"all_male","animals","Mexico",-0.177042710184602,-0.414659425245746,1
"quota","animals","Mexico",1.16955664194687,0.939844773791539,1
"balanced","animals","Mexico",0.57300130222792,0.667701215125239,0
"quota","animals","Mexico",0.408962723655161,0.667701215125239,0
"quota","animals","Mexico",1.16955664194687,0.939844773791539,1
"all_male","animals","Mexico",0.607814503561477,0.667701215125239,0
"all_male","animals","Mexico",1.16955664194687,0.939844773791539,0
"balanced","animals","Mexico",0.970704862040553,0.939844773791539,0
"balanced","animals","Mexico",-0.539933068663677,-0.414659425245746,1
"quota","animals","Mexico",-1.94560891758308,-0.154773096141883,0
"quota","animals","Mexico",-0.574746269997234,0.939844773791539,1
"all_male","animals","Mexico",0.080885566509643,0.131642237176261,0
"all_male","animals","Mexico",-1.94560891758308,0.131642237176261,0
"quota","animals","Mexico",1.16955664194687,0.939844773791539,0
"balanced","animals","Mexico",1.16955664194687,0.939844773791539,1
"all_male","animals","Mexico",-0.375894490090918,-2.85152426465402,1
"quota","animals","Mexico",-0.177042710184602,0.119385007613824,1
"balanced","animals","Mexico",1.16955664194687,0.12341409779264,0
"all_male","animals","Mexico",-2.67138963454123,-0.684788438822638,1
"quota","animals","Mexico",-0.177042710184602,-0.414659425245746,1
"balanced","animals","Mexico",-0.0130041316118424,-1.49500552052732,0
"quota","animals","Mexico",1.16955664194687,0.939844773791539,1
"all_male","animals","Mexico",-1.10167520704907,-0.686802983912046,0
"quota","animals","Mexico",0.970704862040553,0.667701215125239,0
"balanced","animals","Mexico",-0.375894490090918,0.939844773791539,0
"balanced","animals","Mexico",0.408962723655161,0.939844773791539,0
"quota","animals","Mexico",-0.375894490090918,-0.414659425245746,1
"quota","animals","Mexico",1.16955664194687,0.939844773791539,1
"balanced","animals","Mexico",0.806666283467794,-0.414659425245746,0
"all_male","animals","Mexico",-0.574746269997234,0.667701215125239,0
"balanced","animals","Mexico",-0.375894490090918,0.939844773791539,1
"quota","animals","Mexico",1.16955664194687,0.667701215125239,0
"all_male","animals","Mexico",-0.177042710184602,-0.686802983912046,1
"all_male","animals","Mexico",-0.177042710184602,0.667701215125239,1
"quota","animals","Mexico",-1.52364206231607,-0.686802983912046,1
"balanced","animals","Mexico",0.806666283467794,0.939844773791539,1
"quota","animals","Mexico",-0.177042710184602,0.393543111369532,1
"balanced","animals","Mexico",-0.177042710184602,-0.686802983912046,1
"quota","animals","Mexico",-0.177042710184602,0.667701215125239,1
"balanced","animals","Mexico",-1.32479028240976,-2.3032080571426,1
"quota","animals","Mexico",0.806666283467794,0.939844773791539,1
"all_male","animals","Mexico",-0.738784848569993,-1.76714907919362,1
"all_male","animals","Mexico",0.607814503561477,0.939844773791539,1
"balanced","animals","Mexico",0.607814503561477,0.939844773791539,1
"quota","animals","Mexico",1.16955664194687,0.939844773791539,0
"all_male","animals","Mexico",-0.375894490090918,-0.686802983912046,0
"quota","animals","Mexico",1.16955664194687,0.939844773791539,1
"balanced","animals","Mexico",0.607814503561477,-2.5753516158089,1
"quota","animals","Mexico",0.607814503561477,-0.142515866579446,0
"balanced","animals","Mexico",0.806666283467794,-0.140501321490038,0
"all_male","animals","Mexico",-2.47253785463491,-2.30119351205319,0
"balanced","animals","Mexico",-0.177042710184602,0.667701215125239,1
"balanced","animals","Mexico",-0.177042710184602,0.391528566280124,0
"all_male","animals","Mexico",-1.32479028240976,-1.49500552052732,1
"quota","animals","Mexico",-0.117966213396673,0.939844773791539,1
"all_male","animals","Mexico",-2.10964749615584,-0.686802983912046,1
"balanced","animals","Mexico",0.185847648294474,0.393543111369532,1
"all_male","animals","Mexico",-1.52364206231607,0.939844773791539,0
"quota","animals","Mexico",-0.375894490090918,-1.49702006561673,0
"balanced","animals","Mexico",1.16955664194687,0.939844773791539,0
"balanced","animals","Mexico",1.16955664194687,0.939844773791539,1
"all_male","animals","Mexico",1.16955664194687,0.939844773791539,0
"quota","animals","Mexico",-2.08538420070146,-0.688817529001454,0
"quota","animals","Mexico",-0.375894490090918,0.393543111369532,0
"balanced","animals","Mexico",1.16955664194687,0.939844773791539,1
"balanced","animals","Mexico",0.806666283467794,0.939844773791539,1
"all_male","animals","Mexico",-1.30052698695539,-1.76916362428303,1
"balanced","animals","Mexico",0.806666283467794,0.667701215125239,1
"balanced","animals","Mexico",1.16955664194687,0.939844773791539,1
"quota","animals","Mexico",1.16955664194687,0.939844773791539,0
"quota","animals","Mexico",0.607814503561477,0.667701215125239,0
"all_male","animals","Mexico",-0.902823427142752,-0.140501321490038,0
"all_male","animals","Mexico",-0.0130041316118424,-1.22286196186102,0
"balanced","animals","Mexico",-2.27368607472859,-3.12366782332032,0
"quota","animals","Mexico",-0.177042710184602,-1.49500552052732,0
"all_male","animals","Mexico",-0.96189992393068,-2.57736616089831,0
"quota","animals","Mexico",-0.375894490090918,-2.31546528670504,0
"quota","animals","Mexico",-0.177042710184602,-0.414659425245746,0
"quota","animals","Mexico",1.16955664194687,0.939844773791539,0
"balanced","animals","Mexico",-0.375894490090918,-0.414659425245746,0
"all_male","animals","Mexico",0.38469942820079,0.939844773791539,0
"quota","animals","Mexico",0.38469942820079,0.939844773791539,0
"balanced","animals","Mexico",0.185847648294474,0.939844773791539,0
"quota","animals","Mexico",1.16955664194687,0.665686670035832,0
"all_male","animals","Mexico",-0.375894490090918,-0.414659425245746,0
"balanced","animals","Mexico",0.0218090697217148,0.939844773791539,0
"balanced","animals","Mexico",1.16955664194687,0.939844773791539,0
"all_male","animals","Mexico",-0.763048144024364,0.939844773791539,0
"quota","animals","Mexico",1.16955664194687,0.667701215125239,0
"all_male","animals","Mexico",-2.87024141444754,0.667701215125239,0
"quota","animals","Mexico",-0.177042710184602,-0.414659425245746,0
"all_male","animals","Mexico",-0.996713125264238,0.667701215125239,0
"all_male","animals","Mexico",1.16955664194687,0.939844773791539,0
"quota","animals","Mexico",0.38469942820079,-0.414659425245746,0
"quota","animals","Mexico",1.16955664194687,0.939844773791539,0
"quota","animals","Mexico",-0.0130041316118424,-2.04130718294933,0
"balanced","animals","Mexico",1.16955664194687,0.939844773791539,0
"balanced","animals","Mexico",1.16955664194687,0.939844773791539,0
"balanced","animals","Mexico",-0.177042710184602,0.667701215125239,0
"balanced","animals","Mexico",0.57300130222792,-0.414659425245746,0
"balanced","animals","Mexico",0.806666283467794,0.667701215125239,0
"all_male","animals","Mexico",-0.375894490090918,0.667701215125239,1
"quota","animals","Mexico",0.0218090697217148,-0.414659425245746,0
"balanced","animals","Mexico",1.16955664194687,0.131642237176261,1
"balanced","animals","Mexico",-1.32479028240976,-1.76916362428303,0
"quota","animals","Mexico",1.16955664194687,0.939844773791539,1
"all_male","animals","Mexico",-1.38386677919768,-0.414659425245746,1
"all_male","animals","Mexico",-0.539933068663677,-0.142515866579446,1
"quota","animals","Mexico",0.0218090697217148,0.939844773791539,0
"quota","animals","Mexico",0.0218090697217148,0.939844773791539,1
"balanced","animals","Mexico",0.0218090697217148,0.131642237176261,0
"balanced","animals","Mexico",-0.177042710184602,-0.414659425245746,1
"all_male","animals","Mexico",-1.32479028240976,-2.57938070598772,1
"all_male","animals","Mexico",0.244924145082402,0.939844773791539,0
"all_male","animals","Mexico",-1.160751703837,-0.414659425245746,0
"quota","animals","Mexico",-1.52364206231607,-1.49702006561673,0
"balanced","animals","Mexico",-1.32479028240976,-1.76916362428303,0
"quota","animals","Mexico",-1.160751703837,-1.49500552052732,1
"all_male","animals","Mexico",-0.177042710184602,-0.414659425245746,1
"balanced","animals","Mexico",-1.32479028240976,-1.76916362428303,0
"all_male","animals","Mexico",-0.375894490090918,-1.22286196186102,0
"quota","animals","Mexico",0.806666283467794,0.12341409779264,1
"balanced","animals","Mexico",0.607814503561477,-0.414659425245746,1
"quota","animals","Mexico",0.38469942820079,-0.140501321490038,0
"all_male","animals","Mexico",0.806666283467794,0.939844773791539,1
"balanced","animals","Mexico",-0.703971647236436,-0.414659425245746,0
"quota","animals","Mexico",1.16955664194687,0.939844773791539,1
"balanced","animals","Mexico",0.806666283467794,-0.140501321490038,0
"balanced","animals","Mexico",-1.52364206231607,0.391528566280124,1
"all_male","animals","Mexico",-0.96189992393068,-0.414659425245746,0
"quota","animals","Mexico",0.210110943748845,0.393543111369532,0
"quota","animals","Mexico",0.0218090697217148,0.939844773791539,0
"balanced","animals","Mexico",0.607814503561477,-0.414659425245746,0
"all_male","animals","Mexico",-1.160751703837,0.939844773791539,1
"quota","animals","Mexico",1.16955664194687,-3.12366782332032,1
"quota","animals","Mexico",-0.375894490090918,-0.414659425245746,1
"balanced","animals","Mexico",0.806666283467794,-0.140501321490038,0
"all_male","animals","Mexico",-1.72249384222239,0.667701215125239,1
"quota","animals","Mexico",0.0218090697217148,-0.686802983912046,0
"balanced","animals","Mexico",1.16955664194687,0.939844773791539,0
"balanced","animals","Mexico",1.16955664194687,0.939844773791539,1
"quota","animals","Mexico",1.16955664194687,0.667701215125239,1
"quota","animals","Mexico",-0.375894490090918,-0.686802983912046,0
"all_male","animals","Mexico",-1.68768064088883,-1.76916362428303,1
"all_male","animals","Mexico",-1.10167520704907,-0.686802983912046,0
"balanced","animals","Mexico",1.16955664194687,0.939844773791539,1
"balanced","animals","Mexico",0.38469942820079,0.665686670035832,1
"quota","animals","Mexico",0.607814503561477,0.393543111369532,1
"balanced","animals","Mexico",-0.177042710184602,0.667701215125239,0
"balanced","animals","Mexico",1.16955664194687,0.939844773791539,0
"all_male","animals","Mexico",-0.375894490090918,-0.414659425245746,0
"quota","animals","Mexico",1.16955664194687,0.939844773791539,0
"balanced","animals","Mexico",-1.52364206231607,-0.688817529001454,0
"balanced","animals","Mexico",-1.52364206231607,-0.414659425245746,1
"quota","animals","Mexico",0.210110943748845,0.131642237176261,0
"quota","animals","Mexico",0.38469942820079,0.393543111369532,0
"balanced","animals","Mexico",-0.375894490090918,-0.414659425245746,0
"all_male","animals","Mexico",-1.52364206231607,-0.960961087667753,1
"all_male","animals","Mexico",-0.375894490090918,-0.414659425245746,0
"all_male","animals","Mexico",1.16955664194687,0.939844773791539,0
"quota","animals","Mexico",0.607814503561477,0.131642237176261,0
"balanced","animals","Mexico",-0.177042710184602,0.939844773791539,1
"quota","animals","Mexico",-0.375894490090918,0.667701215125239,1
"balanced","animals","Mexico",-0.375894490090918,-0.688817529001454,1
"all_male","animals","Mexico",0.806666283467794,0.939844773791539,1
"quota","animals","Mexico",1.16955664194687,0.939844773791539,0
"all_male","animals","Mexico",-0.96189992393068,-0.414659425245746,1
"balanced","animals","Mexico",-2.27368607472859,-3.12366782332032,1
"balanced","animals","Mexico",-0.375894490090918,-0.414659425245746,0
"all_male","animals","Mexico",1.16955664194687,0.939844773791539,1
"all_male","animals","Mexico",-1.160751703837,-0.686802983912046,1
"quota","animals","Mexico",-0.375894490090918,0.393543111369532,1
"all_male","animals","Mexico",1.16955664194687,0.667701215125239,1
"quota","animals","Mexico",1.16955664194687,-2.30119351205319,0
"balanced","animals","Mexico",0.970704862040553,0.939844773791539,1
"all_male","animals","Mexico",-0.539933068663677,-0.414659425245746,0
"balanced","animals","Mexico",0.0218090697217148,-0.414659425245746,1
"all_male","animals","Mexico",0.0218090697217148,-0.414659425245746,0
"balanced","animals","Mexico",1.16955664194687,0.939844773791539,0
"quota","animals","Mexico",-0.177042710184602,-0.686802983912046,0
"all_male","animals","Mexico",-1.52364206231607,-0.414659425245746,0
"quota","animals","Mexico",-1.32479028240976,-1.76916362428303,1
"balanced","animals","Mexico",-0.738784848569993,-2.3032080571426,1
"all_male","animals","Mexico",-0.763048144024364,0.667701215125239,0
"balanced","animals","Mexico",0.806666283467794,0.667701215125239,0
"quota","animals","Mexico",-0.375894490090918,-0.414659425245746,0
"balanced","animals","Mexico",-0.375894490090918,-0.414659425245746,0
"balanced","animals","Mexico",-0.177042710184602,-0.414659425245746,1
"quota","animals","Mexico",-1.32479028240976,-0.414659425245746,1
"all_male","animals","Mexico",-1.160751703837,-1.49500552052732,0
"all_male","animals","Mexico",1.16955664194687,0.667701215125239,0
"balanced","animals","Mexico",1.16955664194687,0.393543111369532,1
"balanced","animals","Mexico",-0.211855911518159,-0.960961087667753,0
"all_male","animals","Mexico",-0.177042710184602,-1.49500552052732,0
"all_male","animals","Mexico",-1.74675713767676,0.939844773791539,0
"quota","animals","Mexico",1.16955664194687,-0.140501321490038,0
"all_male","harassment","Peru",0.138167556899357,-0.197016481527622,1
"balanced","harassment","Peru",-1.20898088879896,-1.58041598019701,0
"balanced","harassment","Peru",0.0551551081211397,0.0503948124521367,1
"balanced","harassment","Peru",1.16199322271145,1.18638301714177,1
"all_male","harassment","Peru",-0.0278573406570778,-0.197016481527622,1
"balanced","harassment","Peru",0.138167556899357,-0.197016481527622,0
"quota","harassment","Peru",-0.0278573406570778,0.803890468375216,1
"quota","harassment","Peru",-0.0278573406570778,0.938971723162011,0
"quota","harassment","Peru",1.1532662074848,1.18638301714177,0
"quota","harassment","Peru",1.31929110504124,1.18638301714177,0
"balanced","harassment","Peru",0.0551551081211397,0.938971723162011,1
"balanced","harassment","Peru",-1.05168300646918,-1.33300468621726,1
"quota","harassment","Peru",1.16199322271145,1.18638301714177,1
"balanced","harassment","Peru",1.31929110504124,1.18638301714177,0
"all_male","harassment","Peru",-1.05168300646918,1.18638301714177,0
"all_male","harassment","Peru",-2.14979410583284,-1.58041598019701,0
"quota","harassment","Peru",0.212452990450923,-1.19792343143046,0
"balanced","harassment","Peru",1.07025375870659,1.18638301714177,0
"all_male","harassment","Peru",1.07898077393324,1.18638301714177,1
"all_male","harassment","Peru",1.16199322271145,0.185476067238932,1
"quota","harassment","Peru",-0.185155222986861,-0.197016481527622,0
"balanced","harassment","Peru",-1.12596844002074,-1.33300468621726,1
"all_male","harassment","Peru",-0.102142774208644,-0.197016481527622,1
"balanced","harassment","Peru",-1.20898088879896,-0.69183906948714,1
"all_male","harassment","Peru",1.31929110504124,1.18638301714177,0
"quota","harassment","Peru",-0.0278573406570778,-0.197016481527622,0
"quota","harassment","Peru",1.16199322271145,-0.197016481527622,1
"quota","harassment","Peru",0.921682891603454,-0.197016481527622,1
"all_male","harassment","Peru",1.07898077393324,1.18638301714177,0
"quota","harassment","Peru",-0.185155222986861,-0.950512137450702,0
"balanced","harassment","Peru",-0.102142774208644,-0.197016481527622,1
"all_male","harassment","Peru",1.16199322271145,1.18638301714177,0
"all_male","harassment","Peru",0.295465439229141,1.18638301714177,0
"all_male","harassment","Peru",-1.05168300646918,-0.197016481527622,0
"quota","harassment","Peru",-1.12596844002074,-0.579509030294176,1
"balanced","harassment","Peru",1.31929110504124,1.18638301714177,0
"balanced","harassment","Peru",-0.0278573406570778,-0.579509030294176,0
"quota","harassment","Peru",0.0551551081211397,0.556479174395457,0
"balanced","harassment","Peru",-1.20898088879896,0.0503948124521367,0
"all_male","harassment","Peru",0.0551551081211397,1.18638301714177,0
"quota","harassment","Peru",-0.0278573406570778,0.0503948124521367,1
"quota","harassment","Peru",0.921682891603454,1.18638301714177,0
"balanced","harassment","Peru",0.0551551081211397,-1.19792343143046,0
"balanced","harassment","Peru",1.07898077393324,-0.197016481527622,0
"all_male","harassment","Peru",-0.968670557690958,0.0503948124521367,0
"all_male","harassment","Peru",-1.20898088879896,-0.444427775507381,0
"quota","harassment","Peru",-0.0278573406570778,1.18638301714177,0
"all_male","harassment","Peru",-0.185155222986861,0.0503948124521367,0
"balanced","harassment","Peru",0.0551551081211397,-0.197016481527622,0
"balanced","harassment","Peru",-0.185155222986861,0.691560429182252,1
"quota","harassment","Peru",-1.05168300646918,-1.58041598019701,0
"balanced","harassment","Peru",-1.05168300646918,-1.58041598019701,0
"quota","harassment","Peru",0.0551551081211397,0.803890468375216,1
"all_male","harassment","Peru",-2.31581900338927,-2.71640418488665,0
"balanced","harassment","Peru",1.16199322271145,0.185476067238932,0
"quota","harassment","Peru",0.0551551081211397,-0.579509030294176,0
"quota","harassment","Peru",-0.968670557690958,-0.197016481527622,1
"balanced","harassment","Peru",0.99596832515502,1.18638301714177,1
"all_male","harassment","Peru",-0.185155222986861,-0.444427775507381,0
"balanced","harassment","Peru",0.212452990450923,0.938971723162011,0
"all_male","harassment","Peru",0.0551551081211397,1.18638301714177,NA
"all_male","harassment","Peru",0.0551551081211397,1.18638301714177,1
"quota","harassment","Peru",0.0551551081211397,1.18638301714177,0
"balanced","harassment","Peru",0.0551551081211397,-0.197016481527622,0
"all_male","harassment","Peru",-1.20898088879896,0.0503948124521367,1
"quota","harassment","Peru",-2.22407953938441,-1.44533472541022,0
"quota","harassment","Peru",1.31929110504124,0.691560429182252,0
"balanced","harassment","Peru",0.0551551081211397,-0.197016481527622,1
"all_male","harassment","Peru",-0.0278573406570778,-0.197016481527622,1
"quota","harassment","Peru",-0.0278573406570778,-0.197016481527622,0
"all_male","harassment","Peru",-2.23280655461106,0.43288736121869,0
"balanced","harassment","Peru",-0.0278573406570778,-0.197016481527622,0
"all_male","harassment","Peru",-1.12596844002074,-1.58041598019701,0
"balanced","harassment","Peru",-0.102142774208644,0.0503948124521367,0
"quota","harassment","Peru",1.31929110504124,1.18638301714177,0
"all_male","harassment","Peru",-1.20898088879896,-1.58041598019701,1
"quota","harassment","Peru",1.31929110504124,1.18638301714177,0
"all_male","harassment","Peru",-0.102142774208644,-0.197016481527622,1
"balanced","harassment","Peru",1.07898077393324,0.938971723162011,1
"quota","harassment","Peru",-0.885658108912741,1.18638301714177,0
"balanced","harassment","Peru",0.0551551081211397,-0.197016481527622,1
"all_male","harassment","Peru",-0.0278573406570778,0.309067880415698,1
"balanced","harassment","Peru",0.212452990450923,-0.444427775507381,0
"all_male","harassment","Peru",1.16199322271145,1.18638301714177,0
"all_male","harassment","Peru",-1.05168300646918,0.0503948124521367,0
"balanced","harassment","Peru",-1.04295599124252,-1.58041598019701,1
"quota","harassment","Peru",0.0551551081211397,-0.197016481527622,0
"balanced","harassment","Peru",1.31929110504124,0.0503948124521367,0
"all_male","harassment","Peru",-1.05168300646918,-1.58041598019701,1
"quota","harassment","Peru",0.129440541672706,0.803890468375216,0
"all_male","harassment","Peru",0.0551551081211397,-1.58041598019701,0
"quota","harassment","Peru",0.0551551081211397,0.0503948124521367,0
"balanced","harassment","Peru",0.138167556899357,0.938971723162011,0
"quota","harassment","Peru",-0.0278573406570778,-0.197016481527622,0
"balanced","harassment","Peru",1.31929110504124,-0.197016481527622,0
"all_male","harassment","Peru",-0.110869789435295,0.185476067238932,1
"quota","harassment","Peru",1.00469534038167,0.185476067238932,0
"balanced","harassment","Peru",-0.185155222986861,-0.197016481527622,1
"all_male","harassment","Peru",-0.102142774208644,-0.197016481527622,0
"quota","harassment","Peru",1.31929110504124,0.938971723162011,0
"all_male","harassment","Peru",1.31929110504124,-0.579509030294176,1
"balanced","harassment","Peru",0.295465439229141,-0.197016481527622,0
"quota","harassment","Peru",1.31929110504124,1.18638301714177,0
"balanced","harassment","Peru",1.31929110504124,1.18638301714177,0
"quota","harassment","Peru",0.138167556899357,-0.197016481527622,1
"all_male","harassment","Peru",-1.20898088879896,-0.197016481527622,1
"all_male","harassment","Peru",-0.968670557690958,1.18638301714177,1
"balanced","harassment","Peru",1.16199322271145,1.18638301714177,0
"quota","harassment","Peru",1.1532662074848,1.18638301714177,0
"all_male","harassment","Peru",0.0551551081211397,0.938971723162011,0
"balanced","harassment","Peru",-0.102142774208644,-1.19792343143046,1
"quota","harassment","Peru",-0.968670557690958,-1.58041598019701,1
"all_male","harassment","Peru",1.16199322271145,-0.197016481527622,0
"balanced","harassment","Peru",0.212452990450923,0.0503948124521367,0
"balanced","harassment","Peru",1.07898077393324,1.18638301714177,0
"quota","harassment","Peru",-2.14979410583284,-2.96381547886641,0
"all_male","harassment","Peru",-1.20898088879896,-1.58041598019701,0
"balanced","harassment","Peru",1.23627865626302,-0.197016481527622,1
"all_male","harassment","Peru",-0.0278573406570778,0.556479174395457,0
"quota","harassment","Peru",1.31929110504124,1.18638301714177,1
"balanced","harassment","Peru",-0.185155222986861,-0.197016481527622,0
"quota","harassment","Peru",-0.110869789435295,0.185476067238932,0
"all_male","harassment","Peru",-0.0278573406570778,-0.950512137450702,1
"quota","harassment","Peru",-0.0278573406570778,-0.197016481527622,0
"balanced","harassment","Peru",0.921682891603454,-0.197016481527622,0
"all_male","harassment","Peru",-0.110869789435295,-1.19792343143046,0
"balanced","harassment","Peru",0.0551551081211397,0.803890468375216,1
"all_male","harassment","Peru",-0.102142774208644,-1.19792343143046,1
"quota","harassment","Peru",1.31929110504124,1.18638301714177,1
"balanced","harassment","Peru",0.847397458051888,0.0503948124521367,0
"quota","harassment","Peru",1.31929110504124,1.18638301714177,0
"balanced","harassment","Peru",1.31929110504124,1.18638301714177,0
"quota","harassment","Peru",1.31929110504124,1.18638301714177,1
"all_male","harassment","Peru",-0.0278573406570778,-0.197016481527622,1
"quota","harassment","Peru",1.31929110504124,1.18638301714177,0
"balanced","harassment","Peru",0.0551551081211397,0.556479174395457,0
"quota","harassment","Peru",0.0551551081211397,-0.197016481527622,0
"balanced","harassment","Peru",0.99596832515502,0.938971723162011,1
"all_male","harassment","Peru",-0.968670557690958,-0.197016481527622,1
"quota","harassment","Peru",-1.12596844002074,-0.579509030294176,1
"quota","harassment","Peru",1.31929110504124,1.18638301714177,1
"balanced","harassment","Peru",0.138167556899357,0.803890468375216,1
"all_male","harassment","Peru",-2.31581900338927,0.0503948124521367,0
"balanced","harassment","Peru",1.31929110504124,1.18638301714177,0
"balanced","harassment","Peru",-0.0278573406570778,0.185476067238932,1
"all_male","harassment","Peru",-0.0278573406570778,-0.197016481527622,1
"quota","harassment","Peru",1.16199322271145,0.0503948124521367,1
"all_male","harassment","Peru",-2.47311688571906,-2.58132293009985,1
"quota","harassment","Peru",-0.0278573406570778,-0.197016481527622,0
"balanced","harassment","Peru",-0.0278573406570778,-0.197016481527622,1
"all_male","harassment","Peru",-1.05168300646918,-1.44533472541022,1
"quota","harassment","Peru",-0.0278573406570778,-0.197016481527622,0
"balanced","harassment","Peru",0.212452990450923,0.803890468375216,0
"balanced","harassment","Peru",-0.102142774208644,-0.826920324273935,1
"all_male","harassment","Peru",-2.39010443694084,-1.58041598019701,1
"balanced","harassment","Peru",-0.0278573406570778,-0.197016481527622,1
"quota","harassment","Peru",1.31929110504124,1.18638301714177,1
"all_male","harassment","Peru",1.31929110504124,1.18638301714177,0
"balanced","harassment","Peru",-0.102142774208644,-0.197016481527622,0
"balanced","harassment","Peru",-1.20898088879896,-0.579509030294176,0
"quota","harassment","Peru",1.23627865626302,0.185476067238932,0
"all_male","harassment","Peru",-1.12596844002074,-1.58041598019701,1
"all_male","harassment","Peru",1.07025375870659,0.938971723162011,1
"quota","harassment","Peru",1.31929110504124,1.18638301714177,0
"quota","harassment","Peru",-1.12596844002074,-1.58041598019701,0
"all_male","harassment","Peru",-0.110869789435295,0.0503948124521367,1
"quota","harassment","Peru",1.16199322271145,1.18638301714177,0
"all_male","harassment","Peru",-0.0278573406570778,1.18638301714177,1
"quota","harassment","Peru",-0.102142774208644,-0.197016481527622,0
"balanced","harassment","Peru",1.07898077393324,1.18638301714177,1
"quota","harassment","Peru",-0.102142774208644,-1.58041598019701,1
"balanced","harassment","Peru",-1.36627877112874,-0.579509030294176,0
"quota","harassment","Peru",0.0551551081211397,0.803890468375216,1
"all_male","harassment","Peru",-0.968670557690958,-0.197016481527622,0
"balanced","harassment","Peru",1.07898077393324,1.18638301714177,1
"balanced","harassment","Peru",-0.0278573406570778,-0.950512137450702,1
"quota","harassment","Peru",-0.0278573406570778,-0.950512137450702,1
"all_male","harassment","Peru",0.99596832515502,-0.96200157906073,1
"all_male","harassment","Peru",0.0551551081211397,-0.197016481527622,0
"quota","harassment","Peru",-1.36627877112874,-0.197016481527622,1
"all_male","harassment","Peru",-1.20898088879896,-0.197016481527622,0
"balanced","harassment","Peru",1.16199322271145,1.18638301714177,1
"quota","harassment","Peru",1.31929110504124,-0.197016481527622,1
"balanced","harassment","Peru",1.16199322271145,0.309067880415698,0
"balanced","harassment","Peru",1.31929110504124,1.18638301714177,0
"all_male","harassment","Peru",-2.23280655461106,-2.71640418488665,0
"all_male","harassment","Peru",-2.30709198816262,-0.579509030294176,0
"quota","harassment","Peru",-0.0278573406570778,1.18638301714177,0
"balanced","harassment","Peru",1.31929110504124,1.18638301714177,0
"all_male","harassment","Peru",-0.0278573406570778,0.803890468375216,1
"all_male","harassment","Peru",-1.12596844002074,0.803890468375216,1
"quota","harassment","Peru",1.31929110504124,1.18638301714177,0
"all_male","harassment","Peru",1.31929110504124,1.18638301714177,0
"all_male","harassment","Peru",-2.00122323872971,-1.33300468621726,1
"quota","harassment","Peru",1.31929110504124,1.18638301714177,1
"balanced","harassment","Peru",-0.110869789435295,-0.197016481527622,1
"all_male","harassment","Peru",1.31929110504124,1.18638301714177,0
"quota","harassment","Peru",-1.75218589239505,-2.96381547886641,0
"balanced","harassment","Peru",-0.185155222986861,-0.197016481527622,1
"all_male","harassment","Peru",-0.968670557690958,1.18638301714177,1
"balanced","harassment","Peru",1.31929110504124,1.18638301714177,1
"quota","harassment","Peru",0.0551551081211397,1.18638301714177,1
"quota","harassment","Peru",1.31929110504124,1.18638301714177,1
"quota","harassment","Peru",-0.0278573406570778,-0.197016481527622,1
"all_male","harassment","Peru",-0.0278573406570778,-0.444427775507381,1
"balanced","harassment","Peru",1.16199322271145,1.18638301714177,1
"all_male","harassment","Peru",-1.20025387357231,-0.320608294704389,0
"balanced","harassment","Peru",-1.90948377472484,0.0389053708421086,0
"balanced","harassment","Peru",0.0551551081211397,0.0503948124521367,1
"quota","harassment","Peru",-0.0278573406570778,-0.197016481527622,1
"all_male","harassment","Peru",-0.102142774208644,-0.197016481527622,0
"balanced","harassment","Peru",1.16199322271145,0.938971723162011,1
"quota","harassment","Peru",1.16199322271145,-0.197016481527622,1
"all_male","harassment","Peru",0.847397458051888,0.803890468375216,1
"all_male","harassment","Peru",-0.0278573406570778,-1.58041598019701,0
"balanced","harassment","Peru",-0.0278573406570778,-0.197016481527622,1
"quota","harassment","Peru",1.31929110504124,1.18638301714177,1
"all_male","harassment","Peru",-1.05168300646918,-1.58041598019701,1
"balanced","harassment","Peru",1.07025375870659,1.18638301714177,0
"all_male","harassment","Peru",-0.0278573406570778,-0.444427775507381,1
"balanced","harassment","Peru",1.31929110504124,1.18638301714177,1
"balanced","harassment","Peru",1.31929110504124,1.18638301714177,1
"quota","harassment","Peru",0.129440541672706,-0.950512137450702,1
"quota","harassment","Peru",-0.0191303254304264,-0.197016481527622,0
"all_male","harassment","Peru",-1.20898088879896,-1.33300468621726,1
"all_male","harassment","Peru",-0.811372675361175,1.18638301714177,0
"quota","harassment","Peru",1.16199322271145,0.803890468375216,0
"quota","harassment","Peru",-0.0278573406570778,0.43288736121869,1
"balanced","harassment","Peru",-1.20898088879896,-1.33300468621726,1
"quota","harassment","Peru",1.07025375870659,-1.70400779337378,0
"balanced","harassment","Peru",1.31929110504124,1.18638301714177,1
"quota","harassment","Peru",0.0551551081211397,0.0503948124521367,0
"all_male","harassment","Peru",-2.39010443694084,-0.950512137450702,1
"balanced","harassment","Peru",1.07898077393324,0.938971723162011,1
"balanced","harassment","Peru",0.0551551081211397,-0.197016481527622,1
"all_male","harassment","Peru",1.16199322271145,0.43288736121869,0
"balanced","harassment","Peru",-1.20898088879896,-1.58041598019701,1
"quota","harassment","Peru",-0.968670557690958,-0.703100843470943,0
"balanced","harassment","Peru",-0.0278573406570778,-0.444427775507381,1
"all_male","harassment","Peru",0.0551551081211397,-0.197016481527622,1
"balanced","harassment","Peru",1.23627865626302,1.18638301714177,0
"all_male","harassment","Peru",0.0551551081211397,0.938971723162011,1
"quota","harassment","Peru",1.31929110504124,1.18638301714177,1
"quota","harassment","Peru",-0.102142774208644,-0.197016481527622,1
"all_male","harassment","Peru",-0.0278573406570778,-0.197016481527622,0
"balanced","harassment","Peru",1.31929110504124,1.18638301714177,0
"quota","harassment","Peru",-0.0278573406570778,-0.579509030294176,0
"quota","harassment","Peru",0.0551551081211397,-0.444427775507381,0
"all_male","harassment","Peru",-2.47311688571906,-1.58041598019701,1
"balanced","harassment","Peru",-1.12596844002074,-0.579509030294176,1
"all_male","harassment","Peru",-0.102142774208644,-0.197016481527622,0
"quota","harassment","Peru",-1.29199333757718,-1.96290852896357,0
"balanced","harassment","Peru",-0.102142774208644,-0.197016481527622,1
"all_male","harassment","Peru",-0.0278573406570778,-0.197016481527622,1
"quota","harassment","Peru",0.212452990450923,1.18638301714177,1
"quota","harassment","Peru",1.31929110504124,1.18638301714177,1
"balanced","harassment","Peru",0.138167556899357,-0.197016481527622,1
"all_male","harassment","Peru",-0.0278573406570778,0.173986625628904,1
"all_male","harassment","Peru",-0.968670557690958,-1.58041598019701,1
"balanced","harassment","Peru",0.0551551081211397,-0.950512137450702,1
"quota","harassment","Peru",1.31929110504124,1.18638301714177,1
"quota","harassment","Peru",0.0551551081211397,-1.19792343143046,0
"all_male","harassment","Peru",-0.185155222986861,-0.197016481527622,1
"balanced","harassment","Peru",1.16199322271145,-0.197016481527622,0
"quota","harassment","Peru",-0.0278573406570778,-0.197016481527622,0
"balanced","harassment","Peru",-0.0278573406570778,-0.197016481527622,1
"quota","harassment","Peru",-0.102142774208644,-0.579509030294176,1
"balanced","harassment","Peru",1.31929110504124,1.18638301714177,1
"quota","harassment","Peru",-0.0278573406570778,-0.197016481527622,1
"quota","harassment","Peru",-0.0278573406570778,-0.197016481527622,1
"balanced","harassment","Peru",-0.0278573406570778,0.556479174395457,1
"all_male","harassment","Peru",-0.97739757291761,-1.58041598019701,0
"all_male","harassment","Peru",1.16199322271145,0.185476067238932,1
"balanced","harassment","Peru",1.31929110504124,1.18638301714177,0
"quota","harassment","Peru",-0.0278573406570778,-0.444427775507381,1
"balanced","harassment","Peru",1.16199322271145,1.18638301714177,1
"all_male","harassment","Peru",1.16199322271145,1.18638301714177,0
"quota","harassment","Peru",-1.12596844002074,0.938971723162011,0
"quota","harassment","Peru",0.0551551081211397,0.938971723162011,0
"all_male","harassment","Peru",-1.28326632235053,-1.33300468621726,1
"balanced","harassment","Peru",1.31929110504124,1.18638301714177,0
"quota","harassment","Peru",0.0551551081211397,-0.197016481527622,1
"balanced","harassment","Peru",0.0551551081211397,-1.58041598019701,1
"all_male","harassment","Peru",-2.31581900338927,-2.22158159692713,0
"all_male","harassment","Peru",-1.13469545524739,-0.197016481527622,1
"all_male","harassment","Peru",-1.05168300646918,-0.197016481527622,1
"quota","harassment","Peru",-1.05168300646918,-1.58041598019701,1
"quota","harassment","Peru",-0.102142774208644,-0.197016481527622,0
"balanced","harassment","Peru",-0.0278573406570778,0.556479174395457,1
"balanced","harassment","Peru",1.16199322271145,1.18638301714177,1
"all_male","harassment","Peru",0.0551551081211397,-0.197016481527622,1
"quota","harassment","Peru",-0.0278573406570778,-0.950512137450702,1
"all_male","harassment","Peru",-0.0278573406570778,-0.197016481527622,1
"quota","harassment","Peru",1.07025375870659,0.444149135202493,1
"balanced","harassment","Peru",-2.30709198816262,-1.71549723498381,0
"balanced","harassment","Peru",-2.30709198816262,-2.96381547886641,0
"quota","harassment","Peru",1.31929110504124,1.18638301714177,0
"all_male","harassment","Peru",-2.39010443694084,-2.1988303813333,1
"all_male","harassment","Peru",0.0551551081211397,0.0503948124521367,1
"quota","harassment","Peru",-0.968670557690958,-0.579509030294176,0
"balanced","harassment","Peru",0.0551551081211397,-0.197016481527622,0
"all_male","harassment","Peru",-1.20898088879896,0.556479174395457,1
"balanced","harassment","Peru",1.07898077393324,1.18638301714177,1
"all_male","harassment","Peru",0.0551551081211397,1.18638301714177,1
"quota","harassment","Peru",-2.31581900338927,-1.96290852896357,1
"balanced","harassment","Peru",0.0551551081211397,-0.197016481527622,1
"all_male","harassment","Peru",-0.110869789435295,-0.197016481527622,1
"balanced","harassment","Peru",-1.12596844002074,-1.58041598019701,0
"all_male","harassment","Peru",0.129440541672706,-0.197016481527622,1
"quota","harassment","Peru",1.31929110504124,1.18638301714177,0
"quota","harassment","Peru",1.23627865626302,1.18638301714177,0
"balanced","harassment","Peru",0.0464280928944882,0.556479174395457,1
"all_male","harassment","Peru",-1.20898088879896,-0.444427775507381,0
"balanced","harassment","Peru",1.31929110504124,1.18638301714177,0
"all_male","harassment","Peru",-1.20898088879896,-0.579509030294176,0
"quota","harassment","Peru",0.295465439229141,-0.197016481527622,0
"balanced","harassment","Peru",1.16199322271145,1.18638301714177,1
"all_male","harassment","Peru",0.0551551081211397,-0.197016481527622,0
"quota","harassment","Peru",0.0551551081211397,-0.444427775507381,1
"balanced","harassment","Peru",0.0551551081211397,-0.197016481527622,0
"all_male","harassment","Peru",-2.22407953938441,-2.96381547886641,1
"all_male","harassment","Peru",1.07898077393324,1.18638301714177,1
"balanced","harassment","Peru",1.31929110504124,1.18638301714177,1
"quota","harassment","Peru",1.23627865626302,1.18638301714177,0
"quota","harassment","Peru",1.31929110504124,1.18638301714177,1
"all_male","harassment","Peru",1.23627865626302,0.444149135202493,1
"balanced","harassment","Peru",-1.13469545524739,-2.96381547886641,1
"quota","harassment","Peru",0.99596832515502,-0.579509030294176,1
"all_male","harassment","Peru",0.138167556899357,-0.197016481527622,1
"balanced","harassment","Peru",1.31929110504124,1.18638301714177,0
"quota","harassment","Peru",-0.0278573406570778,-0.197016481527622,0
"balanced","harassment","Peru",-1.75218589239505,1.18638301714177,1
"all_male","harassment","Peru",-0.185155222986861,1.18638301714177,0
"quota","harassment","Peru",-1.05168300646918,0.803890468375216,1
"all_male","harassment","Peru",0.99596832515502,-0.197016481527622,1
"balanced","harassment","Peru",1.31929110504124,1.18638301714177,0
"quota","harassment","Peru",-1.05168300646918,-1.58041598019701,1
"balanced","harassment","Peru",0.0551551081211397,0.556479174395457,1
"all_male","harassment","Peru",-0.17642820776021,1.18638301714177,0
"quota","harassment","Peru",-0.0278573406570778,0.0503948124521367,1
"all_male","harassment","Peru",-0.0278573406570778,-0.197016481527622,0
"balanced","harassment","Peru",1.31929110504124,1.18638301714177,0
"all_male","harassment","Peru",-1.75218589239505,1.18638301714177,1
"quota","harassment","Peru",1.07025375870659,1.18638301714177,1
"balanced","harassment","Peru",1.07025375870659,1.18638301714177,1
"quota","harassment","Peru",-1.05168300646918,-1.33300468621726,0
"balanced","harassment","Peru",-1.05168300646918,-0.444427775507381,1
"all_male","harassment","Peru",-2.23280655461106,-1.58041598019701,1
"quota","harassment","Peru",-0.0278573406570778,0.803890468375216,1
"all_male","harassment","Peru",-2.07550867228127,-1.19792343143046,0
"balanced","harassment","Peru",-0.0278573406570778,0.0503948124521367,1
"quota","harassment","Peru",-0.0278573406570778,-0.197016481527622,0
"all_male","harassment","Peru",0.99596832515502,0.444149135202493,1
"balanced","harassment","Peru",-0.0278573406570778,-0.197016481527622,1
"balanced","harassment","Peru",1.16199322271145,1.18638301714177,1
"all_male","harassment","Peru",0.0551551081211397,-1.19792343143046,1
"quota","harassment","Peru",0.838670442825236,-1.33300468621726,1
"balanced","harassment","Peru",-0.0278573406570778,1.18638301714177,1
"quota","harassment","Peru",0.295465439229141,-0.197016481527622,1
"all_male","harassment","Peru",-0.0191303254304264,0.938971723162011,1
"all_male","harassment","Peru",0.0551551081211397,-1.19792343143046,1
"balanced","harassment","Peru",0.0551551081211397,-0.197016481527622,0
"quota","harassment","Peru",0.0551551081211397,-0.197016481527622,0
"quota","harassment","Peru",1.31929110504124,1.18638301714177,1
"all_male","harassment","Peru",-2.23280655461106,-0.579509030294176,0
"all_male","harassment","Peru",-0.0278573406570778,0.556479174395457,1
"balanced","harassment","Peru",-0.0278573406570778,-0.197016481527622,1
"balanced","harassment","Peru",-0.102142774208644,-0.197016481527622,1
"balanced","harassment","Peru",0.0551551081211397,-0.197016481527622,0
"all_male","harassment","Peru",-0.0278573406570778,1.18638301714177,1
"balanced","harassment","Peru",-1.20898088879896,-0.444427775507381,0
"quota","harassment","Peru",0.138167556899357,0.803890468375216,1
"quota","harassment","Peru",1.31929110504124,1.18638301714177,1
"quota","harassment","Peru",-1.20898088879896,0.173986625628904,1
"balanced","harassment","Peru",-1.12596844002074,-0.950512137450702,0
"balanced","harassment","Peru",-0.0278573406570778,-0.197016481527622,1
"all_male","harassment","Peru",-1.12596844002074,0.803890468375216,1
"balanced","harassment","Peru",1.31929110504124,1.18638301714177,1
"balanced","harassment","Peru",1.1532662074848,1.18638301714177,0
"quota","harassment","Peru",-0.0278573406570778,-0.197016481527622,0
"all_male","harassment","Peru",-1.20898088879896,-0.444427775507381,0
"all_male","harassment","Peru",0.0551551081211397,-0.197016481527622,0
"balanced","harassment","Peru",1.31929110504124,0.0503948124521367,1
"quota","harassment","Peru",1.16199322271145,1.18638301714177,0
"all_male","harassment","Peru",-2.47311688571906,-1.45682416702025,0
"all_male","harassment","Peru",-0.102142774208644,0.0503948124521367,1
"balanced","harassment","Peru",1.07025375870659,1.18638301714177,0
"all_male","harassment","Peru",-0.185155222986861,-1.19792343143046,1
"balanced","harassment","Peru",0.138167556899357,0.803890468375216,0
"quota","harassment","Peru",0.129440541672706,0.556479174395457,1
"quota","harassment","Peru",-1.29199333757718,-1.33300468621726,1
"quota","harassment","Peru",-1.20898088879896,-0.826920324273935,1
"balanced","harassment","Peru",0.0551551081211397,-0.197016481527622,1
"balanced","harassment","Peru",-1.44929121990696,-1.58041598019701,0
"balanced","harassment","Peru",-0.0278573406570778,-0.444427775507381,1
"all_male","harassment","Peru",-1.05168300646918,-0.579509030294176,0
"all_male","harassment","Peru",0.0551551081211397,-0.197016481527622,0
"quota","harassment","Peru",0.0551551081211397,-0.197016481527622,1
"quota","harassment","Peru",-2.00122323872971,-2.96381547886641,1
"quota","harassment","Peru",0.0551551081211397,-0.197016481527622,0
"all_male","harassment","Peru",-2.07550867228127,-0.197016481527622,1
"balanced","harassment","Peru",-1.04295599124252,-0.950512137450702,1
"quota","harassment","Peru",1.16199322271145,1.18638301714177,1
"balanced","harassment","Peru",1.31929110504124,1.18638301714177,1
"all_male","harassment","Peru",-1.04295599124252,1.18638301714177,0
"balanced","harassment","Peru",0.0551551081211397,0.185476067238932,0
"all_male","harassment","Peru",1.31929110504124,1.18638301714177,0
"all_male","harassment","Peru",-2.14979410583284,-0.197016481527622,1
"balanced","harassment","Peru",-1.05168300646918,-1.58041598019701,0
"quota","harassment","Peru",0.0551551081211397,0.556479174395457,1
"balanced","harassment","Peru",0.129440541672706,0.803890468375216,1
"quota","harassment","Peru",1.31929110504124,1.18638301714177,1
"balanced","harassment","Peru",-1.12596844002074,-0.713678202574513,0
"all_male","harassment","Peru",-0.0278573406570778,-1.19792343143046,0
"all_male","harassment","Peru",-0.0278573406570778,-0.197016481527622,0
"balanced","harassment","Peru",-0.102142774208644,-0.444427775507381,1
"quota","harassment","Peru",0.0551551081211397,-0.950512137450702,0
"quota","harassment","Peru",-1.12596844002074,-1.19792343143046,1
"balanced","harassment","Peru",1.31929110504124,0.43288736121869,0
"all_male","harassment","Peru",0.0551551081211397,0.43288736121869,0
"all_male","harassment","Peru",-1.20898088879896,-0.444427775507381,1
"quota","harassment","Peru",0.295465439229141,-1.19792343143046,0
"balanced","harassment","Peru",1.1532662074848,0.938971723162011,1
"quota","harassment","Peru",0.138167556899357,0.803890468375216,1
"all_male","harassment","Peru",-0.0278573406570778,-0.197016481527622,1
"balanced","harassment","Peru",1.31929110504124,0.938971723162011,0
"quota","harassment","Peru",1.31929110504124,1.18638301714177,1
"all_male","harassment","Peru",-0.185155222986861,-0.444427775507381,1
"quota","harassment","Peru",-0.0278573406570778,-0.197016481527622,0
"quota","harassment","Peru",0.0551551081211397,-0.197016481527622,0
"all_male","harassment","Peru",-0.0278573406570778,1.18638301714177,1
"balanced","harassment","Peru",-0.0278573406570778,-0.444427775507381,0
"quota","harassment","Peru",-0.102142774208644,0.938971723162011,1
"quota","harassment","Peru",0.138167556899357,0.185476067238932,0
"balanced","harassment","Peru",1.07025375870659,1.18638301714177,0
"all_male","harassment","Peru",-0.0278573406570778,0.803890468375216,0
"quota","harassment","Peru",0.138167556899357,-1.44533472541022,0
"balanced","harassment","Peru",1.31929110504124,1.18638301714177,1
"quota","harassment","Peru",-1.28326632235053,-2.21031982294333,0
"balanced","harassment","Peru",1.31929110504124,1.18638301714177,0
"all_male","harassment","Peru",-2.30709198816262,-0.0619352267408274,1
"quota","harassment","Peru",-1.99249622350306,-1.71549723498381,1
"all_male","harassment","Peru",0.0551551081211397,0.43288736121869,0
"quota","harassment","Peru",-1.20025387357231,-1.19792343143046,0
"balanced","harassment","Peru",0.295465439229141,-0.197016481527622,0
"all_male","harassment","Peru",-0.0278573406570778,-0.197016481527622,0
"balanced","harassment","Peru",-0.0278573406570778,-0.197016481527622,0
"quota","harassment","Peru",-0.185155222986861,-0.197016481527622,1
"all_male","harassment","Peru",-1.20898088879896,-0.197016481527622,1
"balanced","harassment","Peru",-0.968670557690958,-1.19792343143046,0
"quota","harassment","Peru",0.0551551081211397,-1.07433161825369,0
"quota","harassment","Peru",-0.0278573406570778,-0.444427775507381,1
"balanced","harassment","Peru",-0.968670557690958,-1.19792343143046,0
"all_male","harassment","Peru",-2.47311688571906,-0.568019588684148,0
"all_male","harassment","Peru",-2.14979410583284,0.938971723162011,0
"all_male","harassment","Peru",0.0551551081211397,1.18638301714177,1
"balanced","harassment","Peru",1.31929110504124,1.18638301714177,0
"all_male","harassment","Peru",0.0551551081211397,1.18638301714177,1
"balanced","harassment","Peru",1.31929110504124,1.18638301714177,1
"balanced","harassment","Peru",1.31929110504124,1.18638301714177,1
"quota","harassment","Peru",-1.05168300646918,-1.58041598019701,0
"all_male","harassment","Peru",0.0551551081211397,-0.197016481527622,1
"balanced","harassment","Peru",1.31929110504124,1.18638301714177,0
"all_male","harassment","Peru",0.0551551081211397,-0.197016481527622,1
"quota","harassment","Peru",-0.0278573406570778,-0.197016481527622,1
"quota","harassment","Peru",1.31929110504124,1.18638301714177,1
"all_male","harassment","Peru",-0.968670557690958,0.43288736121869,0
"balanced","harassment","Peru",0.0551551081211397,-0.197016481527622,1
"all_male","harassment","Peru",-1.44929121990696,-0.197016481527622,1
"balanced","harassment","Peru",1.16199322271145,1.18638301714177,0
"quota","harassment","Peru",0.99596832515502,0.0503948124521367,1
"quota","harassment","Peru",0.0551551081211397,-0.197016481527622,0
"all_male","harassment","Peru",-0.968670557690958,-0.320608294704389,1
"balanced","harassment","Peru",-1.20898088879896,-0.950512137450702,1
"quota","harassment","Peru",-0.968670557690958,-0.332097736314417,1
"all_male","harassment","Peru",-2.47311688571906,-2.71640418488665,0
"balanced","harassment","Peru",-0.0278573406570778,-2.1988303813333,1
"balanced","harassment","Peru",-0.185155222986861,-0.197016481527622,1
"quota","harassment","Peru",0.138167556899357,-0.197016481527622,0
"balanced","harassment","Peru",-1.05168300646918,-1.58041598019701,1
"all_male","harassment","Peru",0.921682891603454,1.18638301714177,1
"all_male","harassment","Peru",-0.0278573406570778,0.0616565864359395,1
"quota","harassment","Peru",-0.110869789435295,0.556479174395457,0
"all_male","harassment","Peru",0.99596832515502,-1.58041598019701,1
"balanced","harassment","Peru",1.00469534038167,1.18638301714177,0
"quota","harassment","Peru",1.31929110504124,1.18638301714177,0
"quota","harassment","Peru",0.0551551081211397,-0.197016481527622,1
"all_male","harassment","Peru",-0.102142774208644,-0.197016481527622,1
"all_male","harassment","Peru",-1.36627877112874,-0.826920324273935,1
"balanced","harassment","Peru",-0.968670557690958,-0.197016481527622,0
"quota","harassment","Peru",0.0551551081211397,-0.197016481527622,0
"balanced","harassment","Peru",-0.185155222986861,-2.08650034214034,1
"all_male","harassment","Peru",1.16199322271145,1.18638301714177,0
"balanced","harassment","Peru",0.0551551081211397,0.0503948124521367,0
"all_male","harassment","Peru",0.0551551081211397,-0.950512137450702,0
"balanced","harassment","Peru",-0.185155222986861,0.938971723162011,1
"quota","harassment","Peru",0.0551551081211397,-0.14321695154697,0
"quota","harassment","Peru",-1.05168300646918,-0.197016481527622,1
"all_male","harassment","Peru",-0.102142774208644,-0.197016481527622,0
"quota","harassment","Peru",-0.102142774208644,-0.579509030294176,0
"balanced","harassment","Peru",-1.12596844002074,-1.58041598019701,0
"all_male","harassment","Peru",-0.0278573406570778,-0.197016481527622,1
"balanced","harassment","Peru",1.31929110504124,1.18638301714177,1
"quota","harassment","Peru",0.0551551081211397,-0.197016481527622,0
"all_male","harassment","Peru",-0.0278573406570778,0.938971723162011,0
"balanced","harassment","Peru",0.847397458051888,-1.82782727417677,0
"balanced","harassment","Peru",0.847397458051888,1.18638301714177,0
"all_male","harassment","Peru",-2.23280655461106,-2.96381547886641,1
"quota","harassment","Peru",0.912955876376802,-0.0619352267408274,0
"all_male","harassment","Peru",1.16199322271145,1.18638301714177,0
"balanced","harassment","Peru",1.31929110504124,-0.950512137450702,1
"quota","harassment","Peru",0.0551551081211397,0.0503948124521367,1
"all_male","harassment","Peru",-0.259440656538428,0.803890468375216,0
"balanced","harassment","Peru",0.138167556899357,0.938971723162011,1
"all_male","harassment","Peru",-0.0278573406570778,-0.950512137450702,0
"quota","harassment","Peru",1.07898077393324,-0.197016481527622,0
"all_male","harassment","Peru",3.56847831056954e-17,-3.25016733021195e-17,0
"quota","harassment","Peru",-0.0278573406570778,-0.197016481527622,1
"balanced","harassment","Peru",3.56847831056954e-17,-3.25016733021195e-17,0
"quota","harassment","Peru",-1.05168300646918,0.0503948124521367,0
"balanced","harassment","Peru",0.0551551081211397,-1.19792343143046,1
"all_male","harassment","Peru",1.31929110504124,1.18638301714177,1
"balanced","animals","Peru",1.41415505096323,-0.179549776092123,1
"quota","animals","Peru",-0.105786378981014,-0.466487851107551,1
"all_male","animals","Peru",-0.641827578995903,1.18569077172588,1
"all_male","animals","Peru",0.744651522009998,1.18569077172588,0
"quota","animals","Peru",-0.149766040645247,0.562958630822055,0
"balanced","animals","Peru",-1.2673514462849,-0.179549776092123,0
"balanced","animals","Peru",-0.864995421980314,-1.25785224889469,0
"quota","animals","Peru",-1.04418360330049,-0.179549776092123,0
"balanced","animals","Peru",1.41415505096323,1.18569077172588,0
"all_male","animals","Peru",-0.864995421980314,-1.54479032391012,1
"balanced","animals","Peru",0.876590507002697,1.18569077172588,0
"quota","animals","Peru",-1.2673514462849,-1.54479032391012,0
"all_male","animals","Peru",1.01179902665864,1.18569077172588,0
"balanced","animals","Peru",0.475757826643754,1.18569077172588,0
"quota","animals","Peru",-1.04418360330049,0.898752696710448,0
"balanced","animals","Peru",0.744651522009998,-1.20899625802173,1
"all_male","animals","Peru",-0.284974560301192,-0.586264117117908,1
"quota","animals","Peru",1.01179902665864,-0.179549776092123,1
"quota","animals","Peru",1.41415505096323,0.562958630822055,0
"all_male","animals","Peru",-1.2673514462849,-0.466487851107551,1
"balanced","animals","Peru",1.01179902665864,1.18569077172588,1
"balanced","animals","Peru",0.252589983659343,-0.179549776092123,0
"all_male","animals","Peru",-0.105786378981014,-0.179549776092123,1
"all_male","animals","Peru",-0.372933883629659,-1.54479032391012,0
"quota","animals","Peru",-0.105786378981014,-0.179549776092123,0
"balanced","animals","Peru",1.41415505096323,1.18569077172588,0
"balanced","animals","Peru",-2.60810469490897,-1.54479032391012,0
"all_male","animals","Peru",0.0734018023391642,0.849896705837483,1
"all_male","animals","Peru",0.296569645323576,0.898752696710448,1
"quota","animals","Peru",0.832610845338464,0.562958630822055,1
"quota","animals","Peru",-0.105786378981014,1.18569077172588,0
"quota","animals","Peru",-1.2673514462849,-0.515343841980515,1
"balanced","animals","Peru",0.252589983659343,-0.179549776092123,0
"all_male","animals","Peru",-1.93860116595574,-2.91003087172812,0
"balanced","animals","Peru",-1.00020394163626,0.898752696710448,0
"quota","animals","Peru",0.788631183674231,-0.179549776092123,0
"balanced","animals","Peru",0.0734018023391642,-0.179549776092123,0
"all_male","animals","Peru",-2.20574867060438,-1.20899625802173,1
"quota","animals","Peru",-0.105786378981014,-0.179549776092123,0
"balanced","animals","Peru",-0.105786378981014,-0.179549776092123,0
"all_male","animals","Peru",1.41415505096323,0.849896705837483,0
"balanced","animals","Peru",-0.328954221965426,-1.54479032391012,1
"quota","animals","Peru",-0.105786378981014,0.898752696710448,0
"balanced","animals","Peru",1.41415505096323,1.18569077172588,1
"all_male","animals","Peru",0.788631183674231,0.898752696710448,1
"quota","animals","Peru",-0.105786378981014,-0.466487851107551,1
"quota","animals","Peru",0.0734018023391642,-0.179549776092123,0
"all_male","animals","Peru",0.0734018023391642,0.107388298923305,0
"balanced","animals","Peru",-0.149766040645247,-0.466487851107551,0
"balanced","animals","Peru",0.475757826643754,0.898752696710448,0
"quota","animals","Peru",-1.2673514462849,-0.922058183006301,0
"all_male","animals","Peru",0.475757826643754,1.18569077172588,0
"balanced","animals","Peru",1.41415505096323,1.18569077172588,0
"quota","animals","Peru",-1.04418360330049,-1.54479032391012,1
"all_male","animals","Peru",-1.08816326496473,-0.179549776092123,0
"quota","animals","Peru",1.41415505096323,1.18569077172588,1
"balanced","animals","Peru",-1.08816326496473,-0.802281916995943,1
"balanced","animals","Peru",0.876590507002697,1.18569077172588,1
"all_male","animals","Peru",-1.08816326496473,-0.466487851107551,1
"quota","animals","Peru",1.41415505096323,1.18569077172588,1
"quota","animals","Peru",-0.641827578995903,-1.59364631478309,0
"balanced","animals","Peru",1.41415505096323,0.107388298923305,1
"all_male","animals","Peru",-0.149766040645247,-1.54479032391012,0
"quota","animals","Peru",0.475757826643754,0.898752696710448,0
"balanced","animals","Peru",0.0734018023391642,0.898752696710448,1
"all_male","animals","Peru",1.41415505096323,0.898752696710448,1
"all_male","animals","Peru",1.41415505096323,1.18569077172588,0
"quota","animals","Peru",-1.04418360330049,-1.54479032391012,0
"balanced","animals","Peru",-1.04418360330049,-1.54479032391012,0
"balanced","animals","Peru",0.0294221406749311,-0.179549776092123,0
"quota","animals","Peru",0.876590507002697,-0.873202192133336,0
"all_male","animals","Peru",0.252589983659343,1.18569077172588,0
"quota","animals","Peru",-0.328954221965426,0.562958630822055,0
"balanced","animals","Peru",-0.552122064949837,0.562958630822055,0
"all_male","animals","Peru",1.19098720797882,1.18569077172588,1
"quota","animals","Peru",-0.105786378981014,-0.179549776092123,1
"all_male","animals","Peru",0.0734018023391642,-0.922058183006301,0
"balanced","animals","Peru",1.41415505096323,1.18569077172588,0
"all_male","animals","Peru",-0.149766040645247,1.18569077172588,1
"balanced","animals","Peru",-0.105786378981014,-0.179549776092123,1
"quota","animals","Peru",1.41415505096323,0.898752696710448,0
"all_male","animals","Peru",-0.105786378981014,0.849896705837483,0
"quota","animals","Peru",1.41415505096323,1.18569077172588,0
"balanced","animals","Peru",1.41415505096323,-1.90264867406294,0
"balanced","animals","Peru",-0.328954221965426,-0.466487851107551,0
"quota","animals","Peru",-1.49051928926932,-1.54479032391012,1
"quota","animals","Peru",1.41415505096323,1.18569077172588,0
"balanced","animals","Peru",1.41415505096323,1.18569077172588,0
"all_male","animals","Peru",-0.149766040645247,-0.179549776092123,0
"balanced","animals","Peru",-0.105786378981014,-0.179549776092123,0
"quota","animals","Peru",1.19098720797882,0.562958630822055,1
"all_male","animals","Peru",-0.685807240660136,1.18569077172588,0
"balanced","animals","Peru",1.41415505096323,0.898752696710448,1
"all_male","animals","Peru",1.19098720797882,1.18569077172588,0
"quota","animals","Peru",-0.105786378981014,-1.20899625802173,0
"all_male","animals","Peru",-0.105786378981014,0.562958630822055,1
"balanced","animals","Peru",1.41415505096323,1.18569077172588,1
"quota","animals","Peru",0.0734018023391642,-0.179549776092123,0
"all_male","animals","Peru",-2.07054015094844,-2.91003087172812,0
"quota","animals","Peru",-0.105786378981014,-0.179549776092123,0
"all_male","animals","Peru",-1.04418360330049,-2.2872987308243,0
"quota","animals","Peru",1.41415505096323,1.18569077172588,1
"balanced","animals","Peru",1.05577868832288,1.18569077172588,0
"all_male","animals","Peru",-1.93860116595574,1.18569077172588,0
"balanced","animals","Peru",0.0734018023391642,-0.179549776092123,1
"quota","animals","Peru",-0.105786378981014,0.562958630822055,0
"quota","animals","Peru",-2.07054015094844,-2.91003087172812,0
"all_male","animals","Peru",-0.149766040645247,-0.802281916995943,0
"balanced","animals","Peru",-0.105786378981014,-0.466487851107551,1
"all_male","animals","Peru",1.19098720797882,0.849896705837483,0
"all_male","animals","Peru",-0.149766040645247,-0.466487851107551,0
"quota","animals","Peru",0.475757826643754,-0.179549776092123,0
"balanced","animals","Peru",1.19098720797882,0.15624428979627,0
"quota","animals","Peru",1.41415505096323,1.18569077172588,0
"all_male","animals","Peru",0.0734018023391642,-0.179549776092123,0
"balanced","animals","Peru",-0.105786378981014,-0.179549776092123,1
"all_male","animals","Peru",-1.2673514462849,-0.466487851107551,0
"balanced","animals","Peru",-1.80339264629979,-0.0597735100817648,0
"quota","animals","Peru",-0.149766040645247,-0.179549776092123,0
"balanced","animals","Peru",-1.13214292662896,-1.83172839892555,1
"all_male","animals","Peru",-1.98258082761997,-0.515343841980515,1
"quota","animals","Peru",0.0734018023391642,0.898752696710448,1
"balanced","animals","Peru",0.832610845338464,0.15624428979627,0
"all_male","animals","Peru",-0.462639397675724,1.18569077172588,0
"all_male","animals","Peru",0.96781936499441,-1.49593433303716,0
"quota","animals","Peru",0.0734018023391642,0.898752696710448,0
"balanced","animals","Peru",-0.105786378981014,-0.635120107990873,0
"all_male","animals","Peru",1.41415505096323,0.898752696710448,0
"quota","animals","Peru",-0.105786378981014,-0.515343841980515,1
"balanced","animals","Peru",1.41415505096323,0.898752696710448,0
"quota","animals","Peru",1.41415505096323,-0.179549776092123,0
"all_male","animals","Peru",-1.22337178462067,-2.57423680583973,1
"quota","animals","Peru",-1.08816326496473,-1.54479032391012,0
"balanced","animals","Peru",-0.19374570230948,-0.179549776092123,0
"quota","animals","Peru",-0.105786378981014,-1.54479032391012,1
"all_male","animals","Peru",-0.864995421980314,0.898752696710448,0
"balanced","animals","Peru",0.876590507002697,0.15624428979627,1
"all_male","animals","Peru",-1.2673514462849,-1.54479032391012,1
"quota","animals","Peru",1.23496686964305,0.898752696710448,0
"balanced","animals","Peru",-1.08816326496473,0.898752696710448,0
"balanced","animals","Peru",0.744651522009998,0.107388298923305,1
"all_male","animals","Peru",1.41415505096323,1.18569077172588,0
"all_male","animals","Peru",-0.105786378981014,-0.179549776092123,0
"all_male","animals","Peru",-0.105786378981014,1.18569077172588,0
"balanced","animals","Peru",0.0734018023391642,-0.179549776092123,1
"all_male","animals","Peru",-2.60810469490897,-1.83172839892555,0
"balanced","animals","Peru",-0.105786378981014,0.898752696710448,1
"all_male","animals","Peru",0.296569645323576,-0.179549776092123,1
"quota","animals","Peru",-1.2673514462849,-0.466487851107551,1
"balanced","animals","Peru",0.475757826643754,-0.179549776092123,1
"all_male","animals","Peru",-2.60810469490897,-2.91003087172812,0
"quota","animals","Peru",0.252589983659343,0.562958630822055,0
"balanced","animals","Peru",-1.08816326496473,-1.54479032391012,1
"quota","animals","Peru",0.117381464003397,1.18569077172588,1
"balanced","animals","Peru",0.0734018023391642,-0.179549776092123,1
"all_male","animals","Peru",0.252589983659343,0.443182364811697,1
"quota","animals","Peru",0.0734018023391642,-0.179549776092123,1
"all_male","animals","Peru",0.0734018023391642,-0.515343841980515,1
"balanced","animals","Peru",1.41415505096323,0.898752696710448,0
"all_male","animals","Peru",1.19098720797882,1.18569077172588,1
"all_male","animals","Peru",0.430254821033874,0.562958630822055,0
"balanced","animals","Peru",0.0734018023391642,0.898752696710448,0
"balanced","animals","Peru",0.0734018023391642,0.562958630822055,1
"quota","animals","Peru",-0.105786378981014,-0.179549776092123,1
"all_male","animals","Peru",-1.08816326496473,-1.54479032391012,1
"quota","animals","Peru",-0.105786378981014,-0.802281916995943,1
"balanced","animals","Peru",0.0734018023391642,-0.515343841980515,0
"all_male","animals","Peru",-1.98258082761997,1.18569077172588,1
"quota","animals","Peru",1.23496686964305,-0.179549776092123,0
"balanced","animals","Peru",0.0734018023391642,-0.179549776092123,1
"quota","animals","Peru",0.0734018023391642,-0.179549776092123,1
"balanced","animals","Peru",0.609443002354053,1.18569077172588,1
"quota","animals","Peru",1.01179902665864,-0.179549776092123,1
"all_male","animals","Peru",-1.08816326496473,-1.54479032391012,0
"all_male","animals","Peru",0.0734018023391642,-0.466487851107551,0
"balanced","animals","Peru",-0.149766040645247,-0.179549776092123,1
"quota","animals","Peru",1.41415505096323,1.18569077172588,0
"quota","animals","Peru",1.41415505096323,0.898752696710448,0
"all_male","animals","Peru",-0.19374570230948,-0.466487851107551,0
"balanced","animals","Peru",0.0734018023391642,-0.179549776092123,1
"quota","animals","Peru",-0.105786378981014,-0.179549776092123,1
"all_male","animals","Peru",1.41415505096323,1.18569077172588,1
"all_male","animals","Peru",-2.0265604892842,-0.179549776092123,0
"quota","animals","Peru",1.41415505096323,1.18569077172588,1
"balanced","animals","Peru",1.23496686964305,1.18569077172588,1
"balanced","animals","Peru",-0.061806717316781,-0.802281916995943,0
"balanced","animals","Peru",-0.105786378981014,-0.179549776092123,1
"quota","animals","Peru",1.23496686964305,0.898752696710448,1
"all_male","animals","Peru",0.475757826643754,-0.179549776092123,0
"quota","animals","Peru",0.0734018023391642,0.107388298923305,0
"all_male","animals","Peru",0.0734018023391642,0.898752696710448,0
"balanced","animals","Peru",-0.105786378981014,0.324876546679592,1
"quota","animals","Peru",1.05577868832288,0.61181462169502,0
"all_male","animals","Peru",0.0734018023391642,0.849896705837483,1
"balanced","animals","Peru",0.876590507002697,0.898752696710448,1
"all_male","animals","Peru",0.475757826643754,1.18569077172588,1
"balanced","animals","Peru",0.609443002354053,-0.179549776092123,1
"quota","animals","Peru",0.475757826643754,1.18569077172588,1
"quota","animals","Peru",-1.2673514462849,-1.54479032391012,0
"balanced","animals","Peru",-0.328954221965426,-1.54479032391012,1
"quota","animals","Peru",-1.2673514462849,-1.25785224889469,1
"all_male","animals","Peru",0.0734018023391642,-0.179549776092123,0
"quota","animals","Peru",0.0734018023391642,-0.179549776092123,0
"all_male","animals","Peru",-0.821015760316081,-0.802281916995943,0
"balanced","animals","Peru",0.252589983659343,-0.130693785219158,1
"all_male","animals","Peru",-0.19374570230948,0.107388298923305,1
"balanced","animals","Peru",-1.2673514462849,-0.466487851107551,0
"quota","animals","Peru",1.41415505096323,1.18569077172588,1
"balanced","animals","Peru",0.0734018023391642,0.562958630822055,1
"all_male","animals","Peru",-0.685807240660136,1.18569077172588,1
"quota","animals","Peru",-0.105786378981014,-0.179549776092123,0
"balanced","animals","Peru",0.0734018023391642,0.898752696710448,0
"all_male","animals","Peru",-1.2673514462849,-1.90264867406294,1
"balanced","animals","Peru",1.01179902665864,0.898752696710448,1
"quota","animals","Peru",-0.105786378981014,-0.179549776092123,0
"balanced","animals","Peru",-0.864995421980314,-0.922058183006301,0
"all_male","animals","Peru",0.252589983659343,-0.922058183006301,1
"all_male","animals","Peru",1.41415505096323,1.18569077172588,1
"quota","animals","Peru",0.876590507002697,0.324876546679592,0
"all_male","animals","Peru",-1.2673514462849,-1.25785224889469,1
"quota","animals","Peru",0.0734018023391642,0.562958630822055,1
"all_male","animals","Peru",-1.2673514462849,-0.179549776092123,1
"all_male","animals","Peru",0.0734018023391642,0.849896705837483,0
"balanced","animals","Peru",1.01179902665864,0.898752696710448,1
"quota","animals","Peru",1.41415505096323,-1.90264867406294,1
"balanced","animals","Peru",-1.04418360330049,-0.515343841980515,1
"all_male","animals","Peru",0.876590507002697,1.18569077172588,1
"quota","animals","Peru",0.744651522009998,1.18569077172588,1
"balanced","animals","Peru",-1.22337178462067,-1.25785224889469,1
"all_male","animals","Peru",1.23496686964305,1.18569077172588,0
"balanced","animals","Peru",0.252589983659343,1.18569077172588,1
"quota","animals","Peru",0.788631183674231,0.898752696710448,1
"balanced","animals","Peru",1.41415505096323,1.18569077172588,0
"all_male","animals","Peru",0.0734018023391642,0.898752696710448,1
"balanced","animals","Peru",-1.04418360330049,-1.25785224889469,0
"quota","animals","Peru",-1.08816326496473,-0.179549776092123,1
"quota","animals","Peru",0.653422664018286,1.18569077172588,1
"all_male","animals","Peru",-1.80339264629979,0.898752696710448,1
"balanced","animals","Peru",-0.105786378981014,-0.179549776092123,1
"all_male","animals","Peru",-0.864995421980314,-0.179549776092123,0
"all_male","animals","Peru",-0.864995421980314,-1.20899625802173,1
"quota","animals","Peru",-0.105786378981014,1.18569077172588,0
"balanced","animals","Peru",0.0734018023391642,-1.20899625802173,0
"quota","animals","Peru",-1.62420446497961,0.107388298923305,0
"balanced","animals","Peru",-0.105786378981014,-0.179549776092123,1
"all_male","animals","Peru",-0.105786378981014,-0.179549776092123,0
"quota","animals","Peru",-1.04418360330049,-2.33615472169726,1
"all_male","animals","Peru",-1.80339264629979,-0.179549776092123,1
"balanced","animals","Peru",-0.328954221965426,-0.466487851107551,0
"all_male","animals","Peru",-0.864995421980314,-0.466487851107551,0
"quota","animals","Peru",-0.149766040645247,-0.179549776092123,0
"balanced","animals","Peru",0.0734018023391642,1.18569077172588,1
"quota","animals","Peru",-0.149766040645247,-0.179549776092123,0
"all_male","animals","Peru",-0.105786378981014,0.898752696710448,1
"balanced","animals","Peru",0.0734018023391642,-0.466487851107551,0
"all_male","animals","Peru",-1.2673514462849,-1.54479032391012,0
"balanced","animals","Peru",0.832610845338464,-1.54479032391012,0
"quota","animals","Peru",1.41415505096323,1.18569077172588,0
"quota","animals","Peru",1.41415505096323,1.18569077172588,0
"all_male","animals","Peru",-1.80339264629979,0.849896705837483,1
"balanced","animals","Peru",0.117381464003397,0.898752696710448,0
"quota","animals","Peru",-0.328954221965426,-0.922058183006301,0
"balanced","animals","Peru",1.41415505096323,1.18569077172588,0
"all_male","animals","Peru",-0.462639397675724,0.849896705837483,0
"quota","animals","Peru",1.41415505096323,1.18569077172588,0
"quota","animals","Peru",0.96781936499441,-1.61571059904751,1
"all_male","animals","Peru",-1.93860116595574,-2.91003087172812,0
"balanced","animals","Peru",-1.2673514462849,-1.25785224889469,0
"all_male","animals","Peru",0.0734018023391642,-0.466487851107551,0
"quota","animals","Peru",-0.105786378981014,-0.179549776092123,1
"balanced","animals","Peru",0.296569645323576,0.898752696710448,0
"all_male","animals","Peru",-0.105786378981014,-0.179549776092123,1
"quota","animals","Peru",1.41415505096323,1.18569077172588,1
"balanced","animals","Peru",1.19098720797882,0.898752696710448,1
"quota","animals","Peru",0.475757826643754,1.18569077172588,1
"all_male","animals","Peru",-0.105786378981014,-0.179549776092123,1
"balanced","animals","Peru",-1.08816326496473,-0.922058183006301,1
"all_male","animals","Peru",1.41415505096323,0.562958630822055,0
"quota","animals","Peru",-2.60810469490897,-0.682505650985585,0
"quota","animals","Peru",0.0734018023391642,0.849896705837483,0
"all_male","animals","Peru",-0.105786378981014,-0.179549776092123,0
"balanced","animals","Peru",0.0734018023391642,-0.466487851107551,0
"all_male","animals","Peru",0.252589983659343,-0.179549776092123,0
"balanced","animals","Peru",1.23496686964305,1.18569077172588,1
"quota","animals","Peru",1.41415505096323,1.18569077172588,1
"all_male","animals","Peru",1.23496686964305,1.18569077172588,0
"balanced","animals","Peru",1.41415505096323,1.18569077172588,1
"all_male","animals","Peru",-0.105786378981014,-0.179549776092123,0
"balanced","animals","Peru",-0.328954221965426,0.898752696710448,1
"quota","animals","Peru",-0.874060266666335,-0.802281916995943,0
"quota","animals","Peru",-1.98258082761997,-1.25785224889469,1
"all_male","animals","Peru",0.744651522009998,1.18569077172588,1
"balanced","animals","Peru",-0.105786378981014,-0.515343841980515,1
"quota","animals","Peru",-0.149766040645247,-0.179549776092123,0
"balanced","animals","Peru",-0.105786378981014,0.15624428979627,0
"all_male","animals","Peru",-0.864995421980314,0.849896705837483,1
"all_male","animals","Peru",0.0734018023391642,-0.179549776092123,0
"quota","animals","Peru",0.252589983659343,-0.466487851107551,1
"balanced","animals","Peru",1.23496686964305,0.61181462169502,1
"all_male","animals","Peru",-0.149766040645247,1.18569077172588,1
"balanced","animals","Peru",0.0734018023391642,1.18569077172588,1
"all_male","animals","Peru",-1.04418360330049,-1.20899625802173,1
"quota","animals","Peru",1.19098720797882,0.562958630822055,0
"all_male","animals","Peru",-2.60810469490897,-2.2872987308243,0
"quota","animals","Peru",0.252589983659343,1.18569077172588,1
"balanced","animals","Peru",0.0734018023391642,1.18569077172588,1
"all_male","animals","Peru",0.0734018023391642,-0.179549776092123,1
"balanced","animals","Peru",1.19098720797882,1.18569077172588,1
"quota","animals","Peru",-2.07054015094844,0.324876546679592,0
"quota","animals","Peru",1.41415505096323,0.898752696710448,0
"balanced","animals","Peru",-0.149766040645247,-0.466487851107551,0
"all_male","animals","Peru",1.41415505096323,1.18569077172588,0
"quota","animals","Peru",-0.105786378981014,1.18569077172588,1
"balanced","animals","Peru",1.41415505096323,1.18569077172588,1
"all_male","animals","Peru",-0.864995421980314,0.107388298923305,1
"all_male","animals","Peru",0.0415060310756692,-0.466487851107551,1
"quota","animals","Peru",-1.04418360330049,-0.515343841980515,1
"balanced","animals","Peru",-0.105786378981014,0.898752696710448,0
"all_male","animals","Peru",-0.462639397675724,1.18569077172588,0
"balanced","animals","Peru",1.41415505096323,0.898752696710448,1
"quota","animals","Peru",0.0294221406749311,0.562958630822055,1
"balanced","animals","Peru",-1.08816326496473,-1.54479032391012,1
"all_male","animals","Peru",-0.864995421980314,-0.179549776092123,1
"all_male","animals","Peru",-1.2673514462849,0.562958630822055,1
"quota","animals","Peru",-1.08816326496473,-1.25785224889469,1
"balanced","animals","Peru",1.41415505096323,1.18569077172588,1
"quota","animals","Peru",1.01179902665864,-1.20899625802173,1
"quota","animals","Peru",-0.061806717316781,-0.922058183006301,0
"all_male","animals","Peru",0.296569645323576,1.18569077172588,0
"balanced","animals","Peru",1.41415505096323,1.18569077172588,1
"all_male","animals","Peru",-0.149766040645247,-0.179549776092123,0
"balanced","animals","Peru",1.23496686964305,1.18569077172588,1
"quota","animals","Peru",0.0734018023391642,0.15624428979627,0
"balanced","animals","Peru",1.41415505096323,1.18569077172588,0
"all_male","animals","Peru",-2.20574867060438,-0.466487851107551,1
"quota","animals","Peru",0.0734018023391642,0.15624428979627,1
"quota","animals","Peru",1.41415505096323,-2.91003087172812,1
"all_male","animals","Peru",-0.105786378981014,-0.515343841980515,0
"quota","animals","Peru",-0.105786378981014,-0.179549776092123,1
"balanced","animals","Peru",1.41415505096323,1.18569077172588,0
"all_male","animals","Peru",-1.08816326496473,-1.54479032391012,1
"balanced","animals","Peru",-0.328954221965426,-0.130693785219158,1
"quota","animals","Peru",1.41415505096323,1.18569077172588,0
"balanced","animals","Peru",-0.864995421980314,0.562958630822055,1
"all_male","animals","Peru",-1.04418360330049,-0.179549776092123,0
"all_male","animals","Peru",-0.105786378981014,-0.179549776092123,0
"quota","animals","Peru",1.41415505096323,0.898752696710448,1
"balanced","animals","Peru",1.19098720797882,1.18569077172588,1
"all_male","animals","Peru",0.252589983659343,1.18569077172588,1
"balanced","animals","Peru",1.23496686964305,1.18569077172588,1
"quota","animals","Peru",-0.328954221965426,-1.25785224889469,1
"balanced","animals","Peru",1.19098720797882,1.18569077172588,0
"quota","animals","Peru",-0.105786378981014,-0.179549776092123,0
"balanced","animals","Peru",-0.105786378981014,0.15624428979627,0
"all_male","animals","Peru",-0.328954221965426,-0.179549776092123,1
"all_male","animals","Peru",-2.16176900894015,-0.515343841980515,1
"quota","animals","Peru",0.744651522009998,1.18569077172588,1
"balanced","animals","Peru",1.19098720797882,-0.179549776092123,1
"all_male","animals","Peru",-0.105786378981014,-0.179549776092123,1
"quota","animals","Peru",-1.08816326496473,-1.54479032391012,1
"balanced","animals","Peru",1.23496686964305,1.18569077172588,0
"all_male","animals","Peru",1.23496686964305,1.18569077172588,1
"quota","animals","Peru",-1.04418360330049,-1.25785224889469,1
"quota","animals","Peru",-0.105786378981014,-0.466487851107551,1
"all_male","animals","Peru",0.0734018023391642,-0.179549776092123,1
"balanced","animals","Peru",1.05577868832288,0.562958630822055,0
"all_male","animals","Peru",0.117381464003397,-0.466487851107551,0
"quota","animals","Peru",-1.2673514462849,-0.466487851107551,0
"all_male","animals","Peru",-1.93860116595574,-2.23844273995133,0
"balanced","animals","Peru",1.41415505096323,1.18569077172588,0
"quota","animals","Peru",1.41415505096323,1.18569077172588,1
"quota","animals","Peru",1.41415505096323,0.898752696710448,0
"balanced","animals","Peru",-2.24972833226862,-2.91003087172812,0
"quota","animals","Peru",-0.149766040645247,-0.466487851107551,0
"balanced","animals","Peru",0.0734018023391642,0.15624428979627,0
"balanced","animals","Peru",-0.149766040645247,-1.25785224889469,1
"all_male","animals","Peru",-1.2673514462849,-0.515343841980515,1
"all_male","animals","Peru",-1.2673514462849,-1.90264867406294,0
"quota","animals","Peru",-0.105786378981014,-0.179549776092123,1
"all_male","animals","Peru",-0.864995421980314,-0.179549776092123,0
"balanced","animals","Peru",0.475757826643754,-0.179549776092123,0
"balanced","animals","Peru",-0.105786378981014,0.15624428979627,1
"quota","animals","Peru",0.0734018023391642,-0.802281916995943,1
"balanced","animals","Peru",1.41415505096323,1.18569077172588,0
"quota","animals","Peru",-0.864995421980314,-1.54479032391012,1
"balanced","animals","Peru",1.41415505096323,0.15624428979627,1
"all_male","animals","Peru",-0.105786378981014,-0.179549776092123,0
"all_male","animals","Peru",0.0734018023391642,-0.179549776092123,0
"balanced","animals","Peru",1.19098720797882,0.898752696710448,0
"all_male","animals","Peru",0.252589983659343,0.15624428979627,1
"balanced","animals","Peru",1.41415505096323,1.18569077172588,0
"quota","animals","Peru",1.41415505096323,1.18569077172588,1
"all_male","animals","Peru",-1.2673514462849,-0.466487851107551,0
"all_male","animals","Peru",-0.864995421980314,0.107388298923305,1
"quota","animals","Peru",-1.08816326496473,-1.54479032391012,1
"quota","animals","Peru",0.876590507002697,1.18569077172588,1
"all_male","animals","Peru",0.0734018023391642,-0.179549776092123,0
"balanced","animals","Peru",1.01179902665864,-0.179549776092123,0
"all_male","animals","Peru",-1.93860116595574,1.18569077172588,0
"quota","animals","Peru",-1.2673514462849,-1.25785224889469,0
"all_male","animals","Peru",0.252589983659343,0.61181462169502,0
"quota","animals","Peru",-0.552122064949837,-1.25785224889469,1
"balanced","animals","Peru",-1.08816326496473,-1.54479032391012,0
"all_male","animals","Peru",1.19098720797882,1.18569077172588,1
"quota","animals","Peru",1.41415505096323,1.18569077172588,0
"quota","animals","Peru",-1.44653962760508,-0.130693785219158,NA
"balanced","animals","Peru",-1.2673514462849,-1.54479032391012,1
"all_male","animals","Peru",0.0734018023391642,0.562958630822055,1
"balanced","animals","Peru",0.0734018023391642,-0.753425926122978,1
"quota","animals","Peru",0.0734018023391642,0.562958630822055,1
"all_male","animals","Peru",-0.328954221965426,-0.179549776092123,0
"all_male","animals","Peru",0.0734018023391642,-0.466487851107551,1
"balanced","animals","Peru",1.41415505096323,1.18569077172588,0
"quota","animals","Peru",1.41415505096323,0.15624428979627,1
"all_male","animals","Peru",-1.62420446497961,-1.54479032391012,0
"balanced","animals","Peru",-0.105786378981014,-0.179549776092123,1
"quota","animals","Peru",0.252589983659343,0.562958630822055,1
"all_male","animals","Peru",-1.49051928926932,-0.179549776092123,0
"quota","animals","Peru",-0.105786378981014,-0.179549776092123,0
"balanced","animals","Peru",-0.149766040645247,-0.466487851107551,1
"quota","animals","Peru",1.01179902665864,-0.179549776092123,0
"all_male","animals","Peru",-2.60810469490897,-2.91003087172812,1
"balanced","animals","Peru",-2.0265604892842,-2.62309279671269,1
"all_male","animals","Peru",-0.685807240660136,1.18569077172588,1
"balanced","animals","Peru",-0.149766040645247,-0.179549776092123,1
"quota","animals","Peru",1.19098720797882,-0.179549776092123,0
"all_male","animals","Peru",-0.149766040645247,-0.466487851107551,1
"balanced","animals","Peru",-0.105786378981014,-0.179549776092123,1
"all_male","animals","Peru",-0.105786378981014,-0.0109175192088003,1
"all_male","animals","Peru",-2.38493685192456,-0.179549776092123,1
"quota","animals","Peru",1.19098720797882,0.107388298923305,1
"quota","animals","Peru",0.0734018023391642,0.15624428979627,1
"balanced","animals","Peru",-1.4010366219952,1.18569077172588,0
"all_male","animals","Peru",1.23496686964305,-2.00036065580887,0
"quota","animals","Peru",-0.105786378981014,-0.515343841980515,1
"all_male","animals","Peru",-1.2673514462849,-0.802281916995943,1
"all_male","animals","Peru",1.01179902665864,0.898752696710448,1
"balanced","animals","Peru",-0.105786378981014,0.443182364811697,1
"quota","animals","Peru",-0.105786378981014,-0.179549776092123,1
"all_male","animals","Peru",-0.105786378981014,0.562958630822055,1
"quota","animals","Peru",-1.08816326496473,-0.802281916995943,0
"balanced","animals","Peru",1.41415505096323,0.898752696710448,1
"quota","animals","Peru",-1.98258082761997,-0.851137907868907,0
"balanced","animals","Peru",1.41415505096323,0.443182364811697,1
"quota","animals","Peru",0.475757826643754,0.562958630822055,1
"all_male","animals","Peru",-0.105786378981014,0.562958630822055,1
"quota","animals","Peru",-1.4010366219952,-1.83172839892555,1
"balanced","animals","Peru",1.41415505096323,1.18569077172588,1
"all_male","animals","Peru",0.252589983659343,1.18569077172588,1
"quota","animals","Peru",1.23496686964305,0.898752696710448,1
"balanced","animals","Peru",0.252589983659343,-1.61571059904751,1
"quota","animals","Peru",-1.04418360330049,0.443182364811697,1
"balanced","animals","Peru",-1.2673514462849,-0.179549776092123,0
"all_male","animals","Peru",-0.105786378981014,-1.20899625802173,0
"balanced","animals","Peru",-1.2673514462849,-1.54479032391012,1
"all_male","animals","Peru",-0.105786378981014,-0.179549776092123,0
"all_male","animals","Peru",-0.105786378981014,-0.515343841980515,1
"quota","animals","Peru",-0.105786378981014,0.898752696710448,0
"balanced","animals","Peru",-0.149766040645247,-0.802281916995943,0
"quota","animals","Peru",-0.105786378981014,-0.466487851107551,1
"all_male","animals","Peru",-0.105786378981014,-0.179549776092123,1
"balanced","animals","Peru",1.23496686964305,1.18569077172588,1
"all_male","animals","Peru",0.117381464003397,-1.88058438979851,1
"quota","animals","Peru",-0.149766040645247,-0.179549776092123,0
"all_male","animals","Peru",-1.04418360330049,-1.54479032391012,1
"quota","animals","Peru",0.475757826643754,1.18569077172588,1
"all_male","animals","Peru",-1.2673514462849,0.562958630822055,1
"quota","animals","Peru",1.41415505096323,0.15624428979627,1
"balanced","animals","Peru",0.0734018023391642,-0.179549776092123,0
"all_male","animals","Peru",-0.328954221965426,1.18569077172588,1
"balanced","animals","Peru",-1.08816326496473,-1.49593433303716,1
"balanced","animals","Peru",0.252589983659343,-1.42501405789976,1
"quota","animals","Peru",0.0734018023391642,1.18569077172588,1
"quota","animals","Peru",1.41415505096323,0.443182364811697,1
"all_male","animals","Peru",1.19098720797882,1.18569077172588,0
"all_male","animals","Peru",-1.62420446497961,1.18569077172588,1
"balanced","animals","Peru",0.0734018023391642,-0.466487851107551,1
"balanced","animals","Peru",0.0734018023391642,-1.20899625802173,1
"quota","animals","Peru",1.41415505096323,1.18569077172588,1
"quota","animals","Peru",1.41415505096323,1.18569077172588,0
"balanced","animals","Peru",-0.149766040645247,-0.179549776092123,0
"all_male","animals","Peru",-1.2673514462849,-0.515343841980515,1
"all_male","animals","Peru",0.252589983659343,1.18569077172588,0
"all_male","animals","Peru",-1.08816326496473,-1.54479032391012,0
"balanced","animals","Peru",1.01179902665864,-0.179549776092123,1
"balanced","animals","Peru",0.252589983659343,0.898752696710448,0
"quota","animals","Peru",-1.04418360330049,-1.20899625802173,1
"quota","animals","Peru",1.41415505096323,-0.179549776092123,0
"balanced","animals","Peru",-0.149766040645247,-0.179549776092123,1
"all_male","animals","Peru",-2.38493685192456,1.18569077172588,1
"quota","animals","Peru",-0.105786378981014,-0.179549776092123,0
"quota","animals","Peru",1.41415505096323,0.898752696710448,0
"all_male","animals","Peru",-1.2673514462849,-0.515343841980515,1
"balanced","animals","Peru",0.96781936499441,1.18569077172588,0
"balanced","animals","Peru",-1.04418360330049,-0.802281916995943,1
"all_male","animals","Peru",-1.98258082761997,-0.228405766965087,1
"all_male","animals","Peru",0.0294221406749311,0.898752696710448,1
"balanced","animals","Peru",1.41415505096323,-1.54479032391012,0
"quota","animals","Peru",0.0734018023391642,-0.179549776092123,1
"all_male","animals","Peru",-0.864995421980314,-1.25785224889469,1
"quota","animals","Peru",-0.105786378981014,-0.179549776092123,1
"balanced","animals","Peru",-0.328954221965426,-0.515343841980515,1
"quota","animals","Peru",1.19098720797882,-0.179549776092123,1
"balanced","animals","Peru",0.0734018023391642,-0.179549776092123,0
"balanced","animals","Peru",-0.105786378981014,-0.466487851107551,1
"all_male","animals","Peru",-0.864995421980314,-0.466487851107551,0
"balanced","animals","Peru",0.744651522009998,0.443182364811697,1
"quota","animals","Peru",0.0734018023391642,0.15624428979627,1
"quota","animals","Peru",-1.08816326496473,-1.54479032391012,0
"all_male","animals","Peru",-0.105786378981014,0.849896705837483,0
"balanced","animals","Peru",-1.08816326496473,-1.20899625802173,0
"quota","animals","Peru",1.41415505096323,0.15624428979627,0
"balanced","animals","Peru",0.0415060310756692,-0.179549776092123,0
"all_male","animals","Peru",0.653422664018286,-1.20899625802173,1
"quota","animals","Peru",-1.04418360330049,-0.586264117117908,1
"all_male","animals","Peru",0.0734018023391642,1.18569077172588,1
"all_male","animals","Peru",-2.0265604892842,-0.179549776092123,0
"quota","animals","Peru",1.17428214278888e-16,-2.66694210316396e-16,1
"quota","animals","Peru",1.19098720797882,1.18569077172588,0
"all_male","animals","Peru",1.17428214278888e-16,-2.66694210316396e-16,1
"balanced","animals","Peru",-0.149766040645247,-1.20899625802173,0
"quota","animals","Peru",-0.061806717316781,-0.179549776092123,0
"quota","harassment","United Kingdom",-1.09458764709145,-1.58869293047453,1
"all_male","harassment","United Kingdom",0.13324811251058,-0.0687218558374553,1
"all_male","harassment","United Kingdom",3.16435901169446e-18,-1.20380834837812e-18,0
"all_male","harassment","United Kingdom",1.67645889467875,1.45124921879962,0
"quota","harassment","United Kingdom",0.610999201142478,1.45124921879962,1
"balanced","harassment","United Kingdom",1.67645889467875,1.30592000905656,0
"all_male","harassment","United Kingdom",0.448623135076714,-0.0687218558374553,1
"balanced","harassment","United Kingdom",0.448623135076714,-0.0687218558374553,1
"all_male","harassment","United Kingdom",-0.344502976121318,-1.44336372073147,0
"balanced","harassment","United Kingdom",1.19870780604685,1.45124921879962,1
"quota","harassment","United Kingdom",-1.09458764709145,-1.58869293047453,1
"balanced","harassment","United Kingdom",-0.344502976121318,-0.536239397341743,0
"quota","harassment","United Kingdom",-0.344502976121318,0.398795685666832,0
"quota","harassment","United Kingdom",1.67645889467875,0.983731677295331,1
"balanced","harassment","United Kingdom",1.67645889467875,1.45124921879962,1
"all_male","harassment","United Kingdom",-0.182126910055553,-1.58869293047453,0
"balanced","harassment","United Kingdom",-0.182126910055553,-0.0687218558374553,0
"all_male","harassment","United Kingdom",-2.32242340669348,-0.536239397341743,0
"balanced","harassment","United Kingdom",1.19870780604685,1.45124921879962,0
"all_male","harassment","United Kingdom",-1.84467231806159,-0.0687218558374553,0
"quota","harassment","United Kingdom",0.13324811251058,-0.0687218558374553,1
"balanced","harassment","United Kingdom",0.448623135076714,0.0766073539056023,0
"all_male","harassment","United Kingdom",-2.16004734062772,-1.58869293047453,1
"balanced","harassment","United Kingdom",0.926374223708612,-0.0687218558374553,0
"balanced","harassment","United Kingdom",1.19870780604685,0.0766073539056023,1
"all_male","harassment","United Kingdom",0.13324811251058,-0.0687218558374553,0
"balanced","harassment","United Kingdom",-1.40996266965759,-1.29803451098841,0
"quota","harassment","United Kingdom",-2.32242340669348,-1.44336372073147,0
"all_male","harassment","United Kingdom",0.13324811251058,0.0766073539056023,0
"balanced","harassment","United Kingdom",-2.95317345182575,-2.81800558562549,0
"all_male","harassment","United Kingdom",0.448623135076714,0.0766073539056023,0
"quota","harassment","United Kingdom",-0.182126910055553,-0.0687218558374553,1
"balanced","harassment","United Kingdom",-1.40996266965759,0.225555716304928,1
"all_male","harassment","United Kingdom",0.13324811251058,0.0766073539056023,0
"all_male","harassment","United Kingdom",0.13324811251058,1.45124921879962,0
"quota","harassment","United Kingdom",-1.40996266965759,-1.58869293047453,1
"all_male","harassment","United Kingdom",-0.182126910055553,-0.0687218558374553,0
"all_male","harassment","United Kingdom",-0.932211581025687,-1.58869293047453,1
"quota","harassment","United Kingdom",0.13324811251058,-0.0687218558374553,1
"quota","harassment","United Kingdom",0.72095671741495,1.45124921879962,0
"all_male","harassment","United Kingdom",0.13324811251058,-0.0687218558374553,0
"quota","harassment","United Kingdom",-0.182126910055553,-0.0687218558374553,0
"quota","harassment","United Kingdom",1.19870780604685,0.0766073539056023,1
"quota","harassment","United Kingdom",0.883332783480715,0.0766073539056023,1
"balanced","harassment","United Kingdom",0.13324811251058,-0.0687218558374553,0
"all_male","harassment","United Kingdom",-1.40996266965759,-0.536239397341743,0
"all_male","harassment","United Kingdom",-1.40996266965759,-1.44336372073147,0
"quota","harassment","United Kingdom",0.448623135076714,0.0766073539056023,1
"balanced","harassment","United Kingdom",0.13324811251058,0.0766073539056023,1
"balanced","harassment","United Kingdom",0.883332783480715,0.0766073539056023,1
"balanced","harassment","United Kingdom",-1.09458764709145,-1.58869293047453,1
"all_male","harassment","United Kingdom",-0.616836558459554,0.0766073539056023,1
"quota","harassment","United Kingdom",-1.40996266965759,-1.58869293047453,1
"balanced","harassment","United Kingdom",1.67645889467875,0.0766073539056023,0
"quota","harassment","United Kingdom",0.13324811251058,-0.0687218558374553,0
"balanced","harassment","United Kingdom",-1.45300410988548,-2.67267637588243,0
"quota","harassment","United Kingdom",0.13324811251058,-0.0687218558374553,0
"balanced","harassment","United Kingdom",-0.659877998687451,-1.00375693884603,0
"quota","harassment","United Kingdom",0.13324811251058,0.0766073539056023,0
"quota","harassment","United Kingdom",-0.344502976121318,-1.44336372073147,1
"quota","harassment","United Kingdom",1.19870780604685,0.0766073539056023,1
"all_male","harassment","United Kingdom",-0.182126910055553,-0.0687218558374553,0
"all_male","harassment","United Kingdom",-1.40996266965759,-0.0687218558374553,0
"quota","harassment","United Kingdom",-0.932211581025687,-0.0687218558374553,1
"all_male","harassment","United Kingdom",-0.182126910055553,-0.0687218558374553,0
"balanced","harassment","United Kingdom",-0.182126910055553,-0.681568607084801,1
"quota","harassment","United Kingdom",0.448623135076714,-0.0687218558374553,0
"all_male","harassment","United Kingdom",-2.63779842925962,-0.0687218558374553,1
"balanced","harassment","United Kingdom",1.67645889467875,1.45124921879962,0
"balanced","harassment","United Kingdom",0.610999201142478,1.45124921879962,1
"all_male","harassment","United Kingdom",-0.182126910055553,-0.0687218558374553,1
"all_male","harassment","United Kingdom",-2.16004734062772,-2.64114646360732,1
"quota","harassment","United Kingdom",-0.182126910055553,-0.0687218558374553,1
"quota","harassment","United Kingdom",-1.09458764709145,-1.58869293047453,1
"balanced","harassment","United Kingdom",-1.45300410988548,-2.20153968172187,1
"all_male","harassment","United Kingdom",0.13324811251058,0.0766073539056023,1
"balanced","harassment","United Kingdom",0.13324811251058,-0.0687218558374553,1
"quota","harassment","United Kingdom",0.13324811251058,-0.0687218558374553,1
"balanced","harassment","United Kingdom",0.13324811251058,-0.0687218558374553,0
"quota","harassment","United Kingdom",0.13324811251058,0.0766073539056023,0
"balanced","harassment","United Kingdom",0.448623135076714,-0.0687218558374553,1
"balanced","harassment","United Kingdom",0.448623135076714,1.45124921879962,1
"all_male","harassment","United Kingdom",0.448623135076714,0.0766073539056023,0
"all_male","harassment","United Kingdom",1.19870780604685,1.45124921879962,1
"balanced","harassment","United Kingdom",0.13324811251058,-0.0687218558374553,0
"all_male","harassment","United Kingdom",-1.40996266965759,-0.214051065580513,0
"quota","harassment","United Kingdom",1.67645889467875,0.983731677295331,0
"all_male","harassment","United Kingdom",0.295624178576345,-0.0687218558374553,0
"quota","harassment","United Kingdom",0.295624178576345,0.838402467552273,1
"quota","harassment","United Kingdom",0.13324811251058,-0.0687218558374553,1
"quota","harassment","United Kingdom",-0.932211581025687,-0.536239397341743,0
"quota","harassment","United Kingdom",0.13324811251058,-0.0687218558374553,1
"balanced","harassment","United Kingdom",-0.182126910055553,-0.0687218558374553,1
"quota","harassment","United Kingdom",0.13324811251058,0.0766073539056023,0
"balanced","harassment","United Kingdom",0.13324811251058,0.983731677295331,1
"all_male","harassment","United Kingdom",-2.16004734062772,-1.73402214021759,1
"balanced","harassment","United Kingdom",-0.182126910055553,0.54412489540989,1
"all_male","harassment","United Kingdom",-2.32242340669348,0.983731677295331,1
"quota","harassment","United Kingdom",0.448623135076714,0.0766073539056023,0
"quota","harassment","United Kingdom",-0.616836558459554,-0.0687218558374553,1
"quota","harassment","United Kingdom",0.13324811251058,-0.0687218558374553,1
"quota","harassment","United Kingdom",0.13324811251058,1.45124921879962,1
"all_male","harassment","United Kingdom",0.13324811251058,-0.0687218558374553,0
"quota","harassment","United Kingdom",0.13324811251058,-0.0687218558374553,1
"quota","harassment","United Kingdom",0.13324811251058,-0.0687218558374553,1
"all_male","harassment","United Kingdom",-0.182126910055553,-0.0687218558374553,0
"all_male","harassment","United Kingdom",-1.57233873572335,0.398795685666832,1
"all_male","harassment","United Kingdom",-0.301461535893421,1.45124921879962,1
"quota","harassment","United Kingdom",-0.344502976121318,-1.58869293047453,1
"quota","harassment","United Kingdom",0.610999201142478,-0.0687218558374553,0
"quota","harassment","United Kingdom",0.13324811251058,-0.975846179227184,0
"all_male","harassment","United Kingdom",1.67645889467875,0.0766073539056023,0
"quota","harassment","United Kingdom",0.405581694848817,1.45124921879962,0
"quota","harassment","United Kingdom",-1.40996266965759,-1.58869293047453,0
"all_male","harassment","United Kingdom",-1.40996266965759,-0.214051065580513,0
"all_male","harassment","United Kingdom",-0.0291279535551844,-0.536239397341743,0
"all_male","harassment","United Kingdom",-1.40996266965759,-1.58869293047453,0
"quota","harassment","United Kingdom",1.67645889467875,0.0766073539056023,1
"balanced","harassment","United Kingdom",1.19870780604685,1.45124921879962,1
"all_male","harassment","United Kingdom",0.13324811251058,-0.0687218558374553,1
"balanced","harassment","United Kingdom",0.13324811251058,-0.0687218558374553,0
"quota","harassment","United Kingdom",-1.09458764709145,-0.390910187598685,0
"balanced","harassment","United Kingdom",-0.182126910055553,-0.0687218558374553,0
"balanced","harassment","United Kingdom",-0.659877998687451,-0.0687218558374553,1
"balanced","harassment","United Kingdom",0.13324811251058,-0.0687218558374553,1
"quota","harassment","United Kingdom",0.13324811251058,1.30592000905656,1
"all_male","harassment","United Kingdom",-2.32242340669348,1.30592000905656,1
"quota","harassment","United Kingdom",0.13324811251058,-0.0687218558374553,0
"all_male","harassment","United Kingdom",-0.139085469827656,-1.44336372073147,1
"quota","harassment","United Kingdom",-0.822254064753216,-2.67267637588243,0
"all_male","harassment","United Kingdom",1.67645889467875,0.0766073539056023,0
"quota","harassment","United Kingdom",-1.40996266965759,-1.12117538897024,0
"balanced","harassment","United Kingdom",-1.40996266965759,-0.536239397341743,0
"all_male","harassment","United Kingdom",-0.301461535893421,1.45124921879962,0
"quota","harassment","United Kingdom",1.67645889467875,1.45124921879962,1
"balanced","harassment","United Kingdom",0.13324811251058,-0.0687218558374553,0
"all_male","harassment","United Kingdom",1.67645889467875,1.45124921879962,0
"balanced","harassment","United Kingdom",-0.344502976121318,-0.0687218558374553,1
"all_male","harassment","United Kingdom",-1.09458764709145,-1.44336372073147,0
"balanced","harassment","United Kingdom",1.67645889467875,1.45124921879962,1
"quota","harassment","United Kingdom",1.19870780604685,0.0766073539056023,1
"balanced","harassment","United Kingdom",0.13324811251058,0.0766073539056023,1
"all_male","harassment","United Kingdom",-2.63779842925962,-1.73402214021759,1
"all_male","harassment","United Kingdom",-0.344502976121318,-0.0687218558374553,1
"all_male","harassment","United Kingdom",-1.40996266965759,-1.44336372073147,0
"all_male","harassment","United Kingdom",0.13324811251058,-1.29803451098841,0
"balanced","harassment","United Kingdom",-0.659877998687451,-0.0687218558374553,1
"quota","harassment","United Kingdom",0.13324811251058,-0.0687218558374553,0
"all_male","harassment","United Kingdom",-0.932211581025687,1.45124921879962,1
"all_male","harassment","United Kingdom",0.13324811251058,-1.44336372073147,1
"quota","harassment","United Kingdom",-0.182126910055553,-0.0687218558374553,1
"balanced","harassment","United Kingdom",0.13324811251058,-0.0687218558374553,1
"all_male","harassment","United Kingdom",-1.40996266965759,-0.681568607084801,1
"quota","harassment","United Kingdom",0.13324811251058,0.983731677295331,1
"all_male","harassment","United Kingdom",0.13324811251058,-2.67267637588243,1
"balanced","harassment","United Kingdom",0.883332783480715,0.0766073539056023,1
"balanced","harassment","United Kingdom",0.13324811251058,0.0766073539056023,0
"quota","harassment","United Kingdom",-1.09458764709145,-1.44336372073147,1
"all_male","harassment","United Kingdom",0.13324811251058,-0.0687218558374553,1
"quota","harassment","United Kingdom",1.19870780604685,1.45124921879962,1
"all_male","harassment","United Kingdom",-1.09458764709145,0.0766073539056023,1
"balanced","harassment","United Kingdom",0.448623135076714,-0.0687218558374553,0
"quota","harassment","United Kingdom",-1.09458764709145,-1.12117538897024,0
"all_male","harassment","United Kingdom",-1.05154620686356,1.45124921879962,0
"balanced","harassment","United Kingdom",1.19870780604685,0.0766073539056023,1
"balanced","harassment","United Kingdom",-0.301461535893421,1.45124921879962,1
"balanced","harassment","United Kingdom",0.13324811251058,-0.0687218558374553,0
"quota","harassment","United Kingdom",-1.40996266965759,-1.12117538897024,0
"quota","harassment","United Kingdom",1.67645889467875,1.45124921879962,0
"all_male","harassment","United Kingdom",-1.40996266965759,-1.58869293047453,0
"quota","harassment","United Kingdom",-0.616836558459554,-1.58869293047453,0
"balanced","harassment","United Kingdom",-0.182126910055553,-0.0687218558374553,1
"all_male","harassment","United Kingdom",-2.16004734062772,-0.681568607084801,1
"balanced","harassment","United Kingdom",0.13324811251058,-0.0687218558374553,0
"quota","harassment","United Kingdom",-0.182126910055553,-0.0687218558374553,1
"all_male","harassment","United Kingdom",-0.932211581025687,-0.214051065580513,0
"quota","harassment","United Kingdom",0.448623135076714,-1.44336372073147,0
"quota","harassment","United Kingdom",-0.182126910055553,-1.12117538897024,0
"quota","harassment","United Kingdom",-0.182126910055553,0.838402467552273,1
"quota","harassment","United Kingdom",1.19870780604685,1.45124921879962,1
"all_male","harassment","United Kingdom",-1.68229625199582,-2.64114646360732,1
"quota","harassment","United Kingdom",0.13324811251058,-0.0687218558374553,0
"quota","harassment","United Kingdom",-1.40996266965759,-0.390910187598685,1
"quota","harassment","United Kingdom",-0.344502976121318,-0.0687218558374553,0
"quota","harassment","United Kingdom",0.13324811251058,-0.0687218558374553,1
"balanced","harassment","United Kingdom",0.13324811251058,-0.536239397341743,1
"all_male","harassment","United Kingdom",-0.616836558459554,-0.0687218558374553,1
"quota","harassment","United Kingdom",0.13324811251058,-0.0687218558374553,0
"balanced","harassment","United Kingdom",1.19870780604685,1.45124921879962,1
"balanced","harassment","United Kingdom",0.13324811251058,1.45124921879962,1
"balanced","harassment","United Kingdom",0.610999201142478,-0.0687218558374553,0
"balanced","harassment","United Kingdom",1.19870780604685,1.45124921879962,0
"balanced","harassment","United Kingdom",1.19870780604685,1.45124921879962,0
"balanced","harassment","United Kingdom",1.67645889467875,1.45124921879962,1
"quota","harassment","United Kingdom",-1.72533769222372,-1.58869293047453,0
"all_male","harassment","United Kingdom",-1.24758660359182,-0.975846179227184,0
"all_male","harassment","United Kingdom",-0.182126910055553,-0.0687218558374553,0
"quota","harassment","United Kingdom",0.13324811251058,-0.0687218558374553,0
"all_male","harassment","United Kingdom",-0.344502976121318,-0.0687218558374553,0
"quota","harassment","United Kingdom",3.16435901169446e-18,-1.20380834837812e-18,0
"balanced","harassment","United Kingdom",-0.182126910055553,-0.0687218558374553,0
"balanced","harassment","United Kingdom",0.13324811251058,-0.0687218558374553,1
"balanced","harassment","United Kingdom",1.67645889467875,0.0766073539056023,0
"all_male","harassment","United Kingdom",0.13324811251058,-0.0687218558374553,0
"all_male","harassment","United Kingdom",0.13324811251058,-0.0687218558374553,0
"quota","harassment","United Kingdom",-1.40996266965759,-0.390910187598685,0
"all_male","harassment","United Kingdom",-1.36692122942969,-1.27012375136957,1
"quota","harassment","United Kingdom",0.13324811251058,-0.536239397341743,0
"balanced","harassment","United Kingdom",0.13324811251058,0.0766073539056023,1
"quota","harassment","United Kingdom",-1.40996266965759,-0.975846179227184,0
"all_male","harassment","United Kingdom",0.120191184824721,-0.681568607084801,0
"quota","harassment","United Kingdom",0.13324811251058,0.838402467552273,1
"all_male","harassment","United Kingdom",0.926374223708612,-0.0687218558374553,1
"all_male","harassment","United Kingdom",-1.09458764709145,0.0766073539056023,1
"quota","harassment","United Kingdom",-1.09458764709145,-1.58869293047453,1
"balanced","harassment","United Kingdom",0.13324811251058,-0.0687218558374553,1
"balanced","harassment","United Kingdom",0.13324811251058,-0.0687218558374553,1
"all_male","harassment","United Kingdom",-1.36692122942969,1.45124921879962,1
"balanced","harassment","United Kingdom",0.13324811251058,0.0766073539056023,1
"balanced","harassment","United Kingdom",0.13324811251058,-0.0687218558374553,0
"all_male","harassment","United Kingdom",-1.40996266965759,-1.58869293047453,1
"balanced","harassment","United Kingdom",0.13324811251058,-0.0687218558374553,0
"quota","harassment","United Kingdom",-1.40996266965759,-1.58869293047453,1
"quota","harassment","United Kingdom",1.67645889467875,1.45124921879962,1
"all_male","harassment","United Kingdom",-0.301461535893421,1.45124921879962,0
"all_male","harassment","United Kingdom",0.13324811251058,0.0486965942867552,0
"all_male","harassment","United Kingdom",-1.40996266965759,-1.58869293047453,1
"all_male","harassment","United Kingdom",0.926374223708612,1.45124921879962,1
"quota","harassment","United Kingdom",0.13324811251058,-0.0687218558374553,1
"balanced","harassment","United Kingdom",0.13324811251058,0.0766073539056023,0
"all_male","harassment","United Kingdom",-1.40996266965759,-1.58869293047453,1
"balanced","harassment","United Kingdom",0.883332783480715,1.45124921879962,1
"all_male","harassment","United Kingdom",-1.40996266965759,-1.58869293047453,0
"quota","harassment","United Kingdom",-1.40996266965759,-0.681568607084801,0
"balanced","harassment","United Kingdom",0.883332783480715,0.0766073539056023,0
"quota","harassment","United Kingdom",0.13324811251058,0.0766073539056023,1
"all_male","harassment","United Kingdom",-1.09458764709145,-1.58869293047453,0
"quota","harassment","United Kingdom",-0.344502976121318,0.398795685666832,1
"all_male","harassment","United Kingdom",0.926374223708612,1.45124921879962,1
"balanced","harassment","United Kingdom",-0.344502976121318,-0.0687218558374553,0
"balanced","harassment","United Kingdom",0.883332783480715,0.0766073539056023,1
"quota","harassment","United Kingdom",0.243205628783052,1.45124921879962,0
"quota","harassment","United Kingdom",0.13324811251058,-0.0687218558374553,1
"quota","harassment","United Kingdom",-1.40996266965759,-0.536239397341743,0
"balanced","harassment","United Kingdom",1.19870780604685,1.45124921879962,0
"balanced","harassment","United Kingdom",0.13324811251058,-0.0687218558374553,0
"all_male","harassment","United Kingdom",-0.779212624525319,1.45124921879962,0
"all_male","harassment","United Kingdom",-1.72533769222372,-1.58869293047453,0
"balanced","harassment","United Kingdom",1.19870780604685,0.983731677295331,0
"all_male","harassment","United Kingdom",0.448623135076714,-0.0687218558374553,0
"all_male","harassment","United Kingdom",0.13324811251058,-0.0687218558374553,0
"balanced","harassment","United Kingdom",-1.40996266965759,-1.58869293047453,0
"balanced","harassment","United Kingdom",1.19870780604685,0.983731677295331,0
"quota","harassment","United Kingdom",0.13324811251058,-0.0687218558374553,1
"balanced","harassment","United Kingdom",0.13324811251058,-0.0687218558374553,1
"all_male","harassment","United Kingdom",-2.95317345182575,-1.73402214021759,1
"quota","harassment","United Kingdom",0.13324811251058,0.983731677295331,0
"balanced","harassment","United Kingdom",0.883332783480715,0.0766073539056023,0
"quota","harassment","United Kingdom",0.926374223708612,1.45124921879962,1
"quota","harassment","United Kingdom",0.13324811251058,0.0766073539056023,1
"quota","harassment","United Kingdom",0.13324811251058,0.0766073539056023,1
"balanced","harassment","United Kingdom",-0.182126910055553,-0.536239397341743,0
"all_male","harassment","United Kingdom",0.13324811251058,1.01526158957045,1
"quota","harassment","United Kingdom",1.67645889467875,0.983731677295331,1
"quota","harassment","United Kingdom",0.13324811251058,0.0766073539056023,1
"all_male","harassment","United Kingdom",1.67645889467875,1.45124921879962,0
"quota","harassment","United Kingdom",1.19870780604685,1.45124921879962,0
"quota","harassment","United Kingdom",0.448623135076714,-0.0687218558374553,1
"balanced","harassment","United Kingdom",0.13324811251058,0.0766073539056023,0
"quota","harassment","United Kingdom",-1.40996266965759,-0.214051065580513,0
"all_male","harassment","United Kingdom",-1.40996266965759,0.0766073539056023,1
"quota","harassment","United Kingdom",0.448623135076714,1.45124921879962,0
"quota","harassment","United Kingdom",1.19870780604685,1.45124921879962,1
"all_male","harassment","United Kingdom",0.0702062359502504,-0.0687218558374553,0
"balanced","harassment","United Kingdom",1.19870780604685,0.0766073539056023,0
"all_male","harassment","United Kingdom",-0.182126910055553,-0.0687218558374553,0
"all_male","harassment","United Kingdom",1.67645889467875,1.45124921879962,1
"balanced","harassment","United Kingdom",0.13324811251058,-0.0687218558374553,1
"all_male","harassment","United Kingdom",-0.616836558459554,1.45124921879962,1
"quota","harassment","United Kingdom",-0.344502976121318,0.0766073539056023,0
"balanced","harassment","United Kingdom",0.883332783480715,0.398795685666832,1
"all_male","harassment","United Kingdom",0.13324811251058,-0.0687218558374553,1
"balanced","harassment","United Kingdom",0.883332783480715,0.0766073539056023,1
"balanced","harassment","United Kingdom",0.13324811251058,0.0766073539056023,0
"all_male","harassment","United Kingdom",0.13324811251058,-0.0687218558374553,0
"quota","harassment","United Kingdom",0.448623135076714,1.45124921879962,0
"balanced","harassment","United Kingdom",0.13324811251058,0.0766073539056023,0
"quota","harassment","United Kingdom",1.19870780604685,1.45124921879962,0
"balanced","harassment","United Kingdom",0.883332783480715,0.0766073539056023,1
"all_male","harassment","United Kingdom",0.448623135076714,1.45124921879962,1
"all_male","harassment","United Kingdom",-1.40996266965759,-0.0687218558374553,1
"quota","harassment","United Kingdom",-0.182126910055553,-1.44336372073147,0
"all_male","harassment","United Kingdom",-0.182126910055553,-0.536239397341743,1
"balanced","harassment","United Kingdom",0.13324811251058,-0.0687218558374553,1
"quota","harassment","United Kingdom",0.448623135076714,0.983731677295331,1
"balanced","harassment","United Kingdom",0.13324811251058,0.0766073539056023,1
"balanced","harassment","United Kingdom",0.448623135076714,-0.0687218558374553,1
"quota","harassment","United Kingdom",1.36108387211261,1.45124921879962,1
"quota","harassment","United Kingdom",-0.932211581025687,-1.44336372073147,1
"all_male","harassment","United Kingdom",0.13324811251058,0.0766073539056023,1
"balanced","harassment","United Kingdom",0.730333826980346,1.45124921879962,0
"quota","harassment","United Kingdom",0.13324811251058,0.0766073539056023,0
"all_male","harassment","United Kingdom",-0.616836558459554,-0.0687218558374553,1
"all_male","harassment","United Kingdom",0.13324811251058,-0.0687218558374553,1
"quota","harassment","United Kingdom",0.72095671741495,-0.0687218558374553,1
"balanced","harassment","United Kingdom",1.19870780604685,0.0766073539056023,0
"quota","harassment","United Kingdom",0.13324811251058,0.0766073539056023,1
"quota","harassment","United Kingdom",-1.36692122942969,-0.35938027532357,1
"balanced","harassment","United Kingdom",0.13324811251058,0.0766073539056023,0
"quota","harassment","United Kingdom",0.13324811251058,-0.0687218558374553,1
"quota","harassment","United Kingdom",1.67645889467875,1.45124921879962,0
"all_male","harassment","United Kingdom",-0.182126910055553,-0.0687218558374553,0
"balanced","harassment","United Kingdom",-0.182126910055553,-0.0687218558374553,1
"balanced","harassment","United Kingdom",-1.40996266965759,-0.975846179227184,1
"quota","harassment","United Kingdom",-0.0197508439897879,-0.0687218558374553,1
"all_male","harassment","United Kingdom",-1.09458764709145,-1.58869293047453,1
"balanced","harassment","United Kingdom",0.13324811251058,0.0766073539056023,0
"quota","harassment","United Kingdom",-1.40996266965759,-1.58869293047453,0
"quota","harassment","United Kingdom",-0.182126910055553,-2.81800558562549,1
"all_male","harassment","United Kingdom",0.883332783480715,0.54412489540989,1
"quota","harassment","United Kingdom",-0.182126910055553,-0.0687218558374553,1
"quota","harassment","United Kingdom",1.36108387211261,1.45124921879962,0
"all_male","harassment","United Kingdom",-1.40996266965759,-0.536239397341743,1
"quota","harassment","United Kingdom",0.448623135076714,0.983731677295331,1
"balanced","harassment","United Kingdom",-0.182126910055553,-0.0687218558374553,1
"all_male","harassment","United Kingdom",-0.182126910055553,-0.0687218558374553,1
"all_male","harassment","United Kingdom",0.730333826980346,1.30592000905656,0
"all_male","harassment","United Kingdom",1.67645889467875,0.0766073539056023,0
"quota","harassment","United Kingdom",-1.40996266965759,-0.536239397341743,0
"quota","harassment","United Kingdom",0.13324811251058,0.0766073539056023,0
"all_male","harassment","United Kingdom",1.67645889467875,1.45124921879962,0
"quota","harassment","United Kingdom",0.13324811251058,-1.44336372073147,0
"balanced","harassment","United Kingdom",0.13324811251058,-0.0687218558374553,1
"all_male","harassment","United Kingdom",0.13324811251058,-0.0687218558374553,1
"quota","harassment","United Kingdom",0.13324811251058,-0.0687218558374553,0
"all_male","harassment","United Kingdom",1.67645889467875,1.45124921879962,1
"all_male","harassment","United Kingdom",-1.40996266965759,-1.58869293047453,0
"balanced","harassment","United Kingdom",-0.344502976121318,-0.0687218558374553,1
"balanced","harassment","United Kingdom",0.13324811251058,-0.0687218558374553,0
"all_male","harassment","United Kingdom",1.36108387211261,-0.0687218558374553,0
"all_male","harassment","United Kingdom",-2.16004734062772,-0.0687218558374553,0
"balanced","harassment","United Kingdom",1.67645889467875,1.45124921879962,0
"all_male","harassment","United Kingdom",0.13324811251058,-0.536239397341743,0
"balanced","harassment","United Kingdom",0.13324811251058,-0.0687218558374553,1
"all_male","harassment","United Kingdom",0.13324811251058,-0.0687218558374553,0
"balanced","harassment","United Kingdom",1.67645889467875,1.45124921879962,1
"balanced","harassment","United Kingdom",0.883332783480715,0.0766073539056023,0
"quota","harassment","United Kingdom",-1.09458764709145,-0.536239397341743,1
"quota","harassment","United Kingdom",1.67645889467875,1.45124921879962,0
"all_male","harassment","United Kingdom",0.13324811251058,-0.0687218558374553,1
"balanced","harassment","United Kingdom",0.13324811251058,-0.0687218558374553,0
"quota","harassment","United Kingdom",-0.932211581025687,-1.58869293047453,0
"quota","harassment","United Kingdom",0.448623135076714,-0.0687218558374553,1
"balanced","harassment","United Kingdom",1.19870780604685,0.0486965942867552,0
"all_male","harassment","United Kingdom",-1.09458764709145,-1.58869293047453,0
"balanced","harassment","United Kingdom",0.448623135076714,-0.0687218558374553,0
"all_male","harassment","United Kingdom",0.13324811251058,-0.0687218558374553,0
"balanced","harassment","United Kingdom",0.13324811251058,-0.0687218558374553,0
"all_male","harassment","United Kingdom",0.13324811251058,-0.0687218558374553,1
"balanced","harassment","United Kingdom",0.448623135076714,-0.0687218558374553,0
"balanced","harassment","United Kingdom",1.67645889467875,1.45124921879962,0
"all_male","harassment","United Kingdom",1.19870780604685,1.45124921879962,0
"quota","harassment","United Kingdom",1.67645889467875,-0.0687218558374553,0
"all_male","harassment","United Kingdom",1.67645889467875,1.45124921879962,1
"quota","harassment","United Kingdom",-0.659877998687451,-0.830516969484126,1
"balanced","harassment","United Kingdom",1.19870780604685,0.0766073539056023,0
"quota","harassment","United Kingdom",0.883332783480715,-0.0687218558374553,1
"quota","harassment","United Kingdom",0.13324811251058,0.0766073539056023,1
"quota","harassment","United Kingdom",-0.182126910055553,-2.81800558562549,1
"all_male","harassment","United Kingdom",-1.40996266965759,-0.0687218558374553,1
"all_male","harassment","United Kingdom",0.883332783480715,1.45124921879962,0
"balanced","harassment","United Kingdom",1.67645889467875,1.45124921879962,1
"balanced","harassment","United Kingdom",1.19870780604685,0.0766073539056023,0
"balanced","harassment","United Kingdom",0.13324811251058,1.30592000905656,1
"quota","harassment","United Kingdom",-0.182126910055553,-0.0687218558374553,1
"quota","harassment","United Kingdom",1.67645889467875,-0.0687218558374553,1
"all_male","harassment","United Kingdom",0.13324811251058,0.983731677295331,0
"balanced","harassment","United Kingdom",0.13324811251058,-0.0687218558374553,1
"quota","harassment","United Kingdom",1.19870780604685,-0.0687218558374553,1
"all_male","harassment","United Kingdom",-1.40996266965759,0.0766073539056023,1
"balanced","harassment","United Kingdom",0.13324811251058,-0.0687218558374553,1
"balanced","harassment","United Kingdom",0.13324811251058,-0.0687218558374553,1
"all_male","harassment","United Kingdom",0.13324811251058,-0.0687218558374553,1
"all_male","harassment","United Kingdom",-1.40996266965759,-0.0687218558374553,1
"balanced","harassment","United Kingdom",-0.182126910055553,-0.214051065580513,0
"balanced","harassment","United Kingdom",-1.09458764709145,-1.58869293047453,1
"balanced","harassment","United Kingdom",1.67645889467875,1.45124921879962,0
"all_male","harassment","United Kingdom",-1.84467231806159,1.45124921879962,0
"balanced","harassment","United Kingdom",-0.182126910055553,-0.0687218558374553,0
"balanced","harassment","United Kingdom",0.13324811251058,1.45124921879962,0
"quota","harassment","United Kingdom",0.883332783480715,1.45124921879962,1
"quota","harassment","United Kingdom",1.67645889467875,1.45124921879962,0
"quota","harassment","United Kingdom",0.883332783480715,0.0766073539056023,1
"quota","harassment","United Kingdom",-1.40996266965759,-1.58869293047453,1
"quota","harassment","United Kingdom",-0.659877998687451,-1.91088126223576,1
"balanced","harassment","United Kingdom",0.13324811251058,-0.0687218558374553,1
"all_male","harassment","United Kingdom",-1.52929729549545,1.45124921879962,0
"quota","harassment","United Kingdom",0.448623135076714,-0.0687218558374553,0
"all_male","harassment","United Kingdom",-1.99767127456195,0.398795685666832,0
"balanced","harassment","United Kingdom",1.67645889467875,1.45124921879962,1
"quota","harassment","United Kingdom",0.610999201142478,1.45124921879962,1
"quota","harassment","United Kingdom",1.67645889467875,1.45124921879962,0
"quota","harassment","United Kingdom",0.13324811251058,-0.0687218558374553,1
"all_male","harassment","United Kingdom",-0.182126910055553,-0.0687218558374553,0
"all_male","harassment","United Kingdom",-0.344502976121318,-0.0687218558374553,1
"balanced","harassment","United Kingdom",1.67645889467875,1.45124921879962,0
"balanced","harassment","United Kingdom",0.13324811251058,-0.0687218558374553,1
"balanced","harassment","United Kingdom",1.67645889467875,1.45124921879962,0
"balanced","harassment","United Kingdom",0.13324811251058,0.0766073539056023,0
"all_male","harassment","United Kingdom",-1.40996266965759,-0.0687218558374553,0
"all_male","harassment","United Kingdom",-0.182126910055553,-0.0687218558374553,1
"balanced","harassment","United Kingdom",1.19870780604685,1.45124921879962,0
"all_male","harassment","United Kingdom",0.448623135076714,1.45124921879962,0
"quota","harassment","United Kingdom",0.13324811251058,0.0766073539056023,0
"quota","harassment","United Kingdom",-0.182126910055553,-0.0687218558374553,1
"all_male","harassment","United Kingdom",-0.182126910055553,1.30592000905656,1
"balanced","harassment","United Kingdom",-1.40996266965759,-1.12117538897024,0
"all_male","harassment","United Kingdom",0.72095671741495,0.983731677295331,0
"balanced","harassment","United Kingdom",-0.659877998687451,-1.58869293047453,0
"quota","harassment","United Kingdom",0.13324811251058,0.983731677295331,1
"quota","harassment","United Kingdom",1.67645889467875,0.0766073539056023,0
"quota","harassment","United Kingdom",0.13324811251058,-0.0687218558374553,0
"quota","harassment","United Kingdom",-0.182126910055553,-1.44336372073147,1
"balanced","harassment","United Kingdom",0.926374223708612,-0.681568607084801,0
"all_male","harassment","United Kingdom",0.448623135076714,-0.536239397341743,0
"all_male","harassment","United Kingdom",0.13324811251058,0.0766073539056023,1
"all_male","harassment","United Kingdom",0.13324811251058,1.30592000905656,1
"balanced","harassment","United Kingdom",1.67645889467875,1.45124921879962,0
"all_male","harassment","United Kingdom",-1.40996266965759,-0.0687218558374553,1
"quota","harassment","United Kingdom",-1.40996266965759,-1.58869293047453,0
"balanced","harassment","United Kingdom",0.13324811251058,1.45124921879962,1
"quota","harassment","United Kingdom",-0.932211581025687,-0.214051065580513,1
"all_male","harassment","United Kingdom",-0.182126910055553,-1.58869293047453,0
"quota","harassment","United Kingdom",0.926374223708612,1.45124921879962,0
"all_male","harassment","United Kingdom",-0.659877998687451,-0.0687218558374553,1
"quota","harassment","United Kingdom",0.13324811251058,-0.0687218558374553,1
"all_male","harassment","United Kingdom",0.13324811251058,-0.0687218558374553,1
"all_male","harassment","United Kingdom",0.883332783480715,1.45124921879962,0
"balanced","harassment","United Kingdom",-1.88771375828948,-0.681568607084801,0
"quota","harassment","United Kingdom",-0.932211581025687,-1.58869293047453,0
"balanced","harassment","United Kingdom",1.67645889467875,1.45124921879962,0
"quota","harassment","United Kingdom",0.13324811251058,0.0766073539056023,0
"quota","harassment","United Kingdom",0.883332783480715,0.0766073539056023,1
"balanced","harassment","United Kingdom",-0.182126910055553,-0.0687218558374553,1
"quota","harassment","United Kingdom",-0.182126910055553,-0.0687218558374553,0
"quota","harassment","United Kingdom",0.13324811251058,-0.0687218558374553,1
"balanced","harassment","United Kingdom",0.13324811251058,-0.0687218558374553,1
"quota","harassment","United Kingdom",-0.344502976121318,-1.58869293047453,1
"all_male","harassment","United Kingdom",1.67645889467875,1.45124921879962,0
"balanced","harassment","United Kingdom",-2.16004734062772,-1.58869293047453,0
"quota","harassment","United Kingdom",1.67645889467875,1.45124921879962,1
"balanced","harassment","United Kingdom",-0.659877998687451,-1.44336372073147,1
"balanced","harassment","United Kingdom",1.67645889467875,1.45124921879962,1
"all_male","harassment","United Kingdom",-0.616836558459554,-0.0687218558374553,1
"balanced","harassment","United Kingdom",1.19870780604685,1.45124921879962,0
"all_male","harassment","United Kingdom",-1.40996266965759,-0.0687218558374553,1
"quota","harassment","United Kingdom",0.13324811251058,-0.0687218558374553,1
"balanced","harassment","United Kingdom",-0.344502976121318,-0.0687218558374553,1
"all_male","harassment","United Kingdom",-1.40996266965759,-0.681568607084801,0
"balanced","harassment","United Kingdom",1.19870780604685,1.45124921879962,1
"balanced","harassment","United Kingdom",-0.659877998687451,-0.0687218558374553,1
"balanced","harassment","United Kingdom",0.13324811251058,-0.0687218558374553,1
"all_male","harassment","United Kingdom",-0.182126910055553,-0.0687218558374553,0
"quota","harassment","United Kingdom",0.610999201142478,-0.0687218558374553,0
"all_male","harassment","United Kingdom",-1.40996266965759,-1.58869293047453,0
"quota","harassment","United Kingdom",-0.182126910055553,-2.96333479536855,1
"all_male","harassment","United Kingdom",0.13324811251058,-0.0687218558374553,1
"quota","harassment","United Kingdom",0.13324811251058,-0.214051065580513,0
"all_male","harassment","United Kingdom",-0.0291279535551844,1.45124921879962,0
"quota","harassment","United Kingdom",1.67645889467875,1.45124921879962,1
"all_male","harassment","United Kingdom",-0.182126910055553,-0.536239397341743,1
"balanced","harassment","United Kingdom",0.13324811251058,-0.0687218558374553,1
"balanced","harassment","United Kingdom",-0.182126910055553,-0.0687218558374553,0
"quota","harassment","United Kingdom",-2.95317345182575,-3.1086640051116,0
"balanced","harassment","United Kingdom",1.36108387211261,1.45124921879962,0
"quota","harassment","United Kingdom",0.13324811251058,0.983731677295331,1
"balanced","harassment","United Kingdom",0.13324811251058,-0.0687218558374553,1
"quota","harassment","United Kingdom",0.13324811251058,-0.0687218558374553,1
"balanced","harassment","United Kingdom",0.13324811251058,0.0766073539056023,0
"quota","harassment","United Kingdom",0.13324811251058,-0.0687218558374553,0
"quota","harassment","United Kingdom",-0.344502976121318,-1.58869293047453,0
"quota","harassment","United Kingdom",1.67645889467875,1.45124921879962,1
"all_male","harassment","United Kingdom",-1.36692122942969,-0.0687218558374553,0
"balanced","harassment","United Kingdom",0.13324811251058,0.0766073539056023,1
"balanced","harassment","United Kingdom",1.19870780604685,1.45124921879962,0
"all_male","harassment","United Kingdom",-0.344502976121318,1.30592000905656,0
"quota","harassment","United Kingdom",-0.932211581025687,-1.58869293047453,1
"all_male","harassment","United Kingdom",0.567957760914582,1.45124921879962,1
"quota","harassment","United Kingdom",0.13324811251058,-0.0687218558374553,1
"balanced","harassment","United Kingdom",1.19870780604685,0.0766073539056023,1
"all_male","harassment","United Kingdom",-2.16004734062772,-1.58869293047453,1
"all_male","harassment","United Kingdom",-0.344502976121318,-0.0687218558374553,1
"balanced","harassment","United Kingdom",-0.344502976121318,-0.0687218558374553,1
"balanced","harassment","United Kingdom",0.13324811251058,-0.0687218558374553,0
"quota","harassment","United Kingdom",-1.40996266965759,-1.58869293047453,0
"quota","harassment","United Kingdom",0.13324811251058,-0.0687218558374553,0
"quota","harassment","United Kingdom",0.13324811251058,0.0766073539056023,0
"all_male","harassment","United Kingdom",-1.09458764709145,-0.0687218558374553,0
"all_male","harassment","United Kingdom",0.13324811251058,1.30592000905656,1
"balanced","harassment","United Kingdom",-0.0291279535551844,1.30592000905656,1
"balanced","harassment","United Kingdom",-0.932211581025687,-1.12117538897024,1
"quota","harassment","United Kingdom",0.13324811251058,-0.0687218558374553,1
"balanced","harassment","United Kingdom",0.13324811251058,-0.0687218558374553,0
"balanced","harassment","United Kingdom",0.13324811251058,-0.0687218558374553,0
"balanced","harassment","United Kingdom",0.13324811251058,-0.0687218558374553,1
"balanced","harassment","United Kingdom",0.448623135076714,0.0766073539056023,0
"all_male","harassment","United Kingdom",-0.616836558459554,-0.0687218558374553,1
"all_male","harassment","United Kingdom",0.13324811251058,0.0766073539056023,0
"quota","harassment","United Kingdom",-1.84467231806159,-0.35938027532357,0
"all_male","harassment","United Kingdom",-0.182126910055553,-0.0687218558374553,0
"all_male","harassment","United Kingdom",-1.40996266965759,-1.58869293047453,1
"all_male","harassment","United Kingdom",0.448623135076714,1.45124921879962,1
"all_male","harassment","United Kingdom",-1.40996266965759,-0.0687218558374553,0
"all_male","harassment","United Kingdom",0.13324811251058,-0.0687218558374553,1
"balanced","harassment","United Kingdom",0.883332783480715,0.0766073539056023,1
"all_male","harassment","United Kingdom",0.13324811251058,-0.0687218558374553,0
"all_male","harassment","United Kingdom",0.13324811251058,-0.0687218558374553,0
"quota","harassment","United Kingdom",1.67645889467875,0.0766073539056023,1
"balanced","harassment","United Kingdom",-0.932211581025687,-0.214051065580513,0
"all_male","harassment","United Kingdom",-1.40996266965759,-0.681568607084801,1
"quota","harassment","United Kingdom",0.448623135076714,-0.0687218558374553,1
"balanced","harassment","United Kingdom",0.13324811251058,-0.830516969484126,0
"quota","harassment","United Kingdom",-1.09458764709145,-1.58869293047453,0
"quota","harassment","United Kingdom",1.19870780604685,1.45124921879962,1
"balanced","harassment","United Kingdom",1.19870780604685,1.45124921879962,1
"all_male","harassment","United Kingdom",-0.301461535893421,1.45124921879962,0
"balanced","harassment","United Kingdom",0.13324811251058,-0.0687218558374553,0
"all_male","harassment","United Kingdom",0.13324811251058,-0.0687218558374553,1
"quota","harassment","United Kingdom",-0.659877998687451,-0.536239397341743,0
"all_male","harassment","United Kingdom",-2.47542236319385,-3.1086640051116,1
"quota","harassment","United Kingdom",-0.616836558459554,0.0766073539056023,1
"all_male","harassment","United Kingdom",1.19870780604685,1.45124921879962,0
"all_male","harassment","United Kingdom",0.13324811251058,-0.0687218558374553,1
"quota","harassment","United Kingdom",-0.182126910055553,-0.0687218558374553,1
"all_male","harassment","United Kingdom",-2.95317345182575,-3.1086640051116,0
"balanced","harassment","United Kingdom",1.19870780604685,1.45124921879962,1
"quota","harassment","United Kingdom",1.67645889467875,0.0766073539056023,0
"all_male","harassment","United Kingdom",-1.09458764709145,0.0766073539056023,0
"quota","harassment","United Kingdom",0.13324811251058,-0.0687218558374553,0
"balanced","harassment","United Kingdom",1.67645889467875,1.30592000905656,1
"quota","harassment","United Kingdom",-1.10764457477731,-0.0687218558374553,0
"balanced","harassment","United Kingdom",0.926374223708612,1.45124921879962,0
"all_male","harassment","United Kingdom",-2.95317345182575,-3.1086640051116,0
"all_male","harassment","United Kingdom",-0.616836558459554,-0.0687218558374553,0
"balanced","harassment","United Kingdom",0.295624178576345,-0.0687218558374553,1
"balanced","harassment","United Kingdom",1.19870780604685,0.0766073539056023,1
"quota","harassment","United Kingdom",0.13324811251058,-0.0687218558374553,0
"all_male","harassment","United Kingdom",0.883332783480715,1.45124921879962,1
"balanced","harassment","United Kingdom",-0.344502976121318,0.54412489540989,1
"all_male","harassment","United Kingdom",1.19870780604685,1.45124921879962,0
"balanced","harassment","United Kingdom",-0.659877998687451,-0.0687218558374553,0
"all_male","harassment","United Kingdom",-0.616836558459554,-0.0687218558374553,1
"quota","harassment","United Kingdom",-1.36692122942969,-0.0687218558374553,0
"balanced","harassment","United Kingdom",0.13324811251058,0.0766073539056023,1
"balanced","harassment","United Kingdom",1.19870780604685,1.45124921879962,1
"balanced","harassment","United Kingdom",-0.344502976121318,0.0766073539056023,0
"all_male","harassment","United Kingdom",-2.16004734062772,-0.0687218558374553,1
"quota","harassment","United Kingdom",0.13324811251058,-0.0687218558374553,1
"all_male","harassment","United Kingdom",-0.616836558459554,-0.0687218558374553,0
"quota","harassment","United Kingdom",1.19870780604685,1.45124921879962,0
"balanced","harassment","United Kingdom",1.19870780604685,-0.0687218558374553,1
"balanced","harassment","United Kingdom",0.13324811251058,-0.0687218558374553,0
"quota","harassment","United Kingdom",-0.182126910055553,-0.0366061799164935,0
"quota","harassment","United Kingdom",0.448623135076714,-0.0687218558374553,1
"balanced","harassment","United Kingdom",1.19870780604685,1.45124921879962,0
"quota","harassment","United Kingdom",-0.932211581025687,-1.58869293047453,1
"quota","harassment","United Kingdom",0.13324811251058,1.45124921879962,1
"balanced","harassment","United Kingdom",1.19870780604685,0.838402467552273,1
"balanced","harassment","United Kingdom",-0.182126910055553,-1.29803451098841,1
"balanced","harassment","United Kingdom",0.13324811251058,-0.0687218558374553,0
"all_male","harassment","United Kingdom",1.67645889467875,0.398795685666832,0
"quota","harassment","United Kingdom",1.67645889467875,1.45124921879962,0
"balanced","harassment","United Kingdom",-0.182126910055553,-0.0687218558374553,1
"all_male","harassment","United Kingdom",1.67645889467875,-1.44336372073147,1
"all_male","harassment","United Kingdom",1.67645889467875,0.0766073539056023,0
"quota","harassment","United Kingdom",0.13324811251058,0.983731677295331,0
"quota","harassment","United Kingdom",1.19870780604685,1.45124921879962,1
"balanced","harassment","United Kingdom",1.67645889467875,0.54412489540989,1
"all_male","harassment","United Kingdom",0.176289552738477,1.45124921879962,0
"all_male","harassment","United Kingdom",0.13324811251058,0.0766073539056023,0
"all_male","harassment","United Kingdom",0.13324811251058,-0.0687218558374553,1
"balanced","harassment","United Kingdom",-0.182126910055553,-0.214051065580513,1
"quota","harassment","United Kingdom",-0.0197508439897879,0.983731677295331,1
"balanced","harassment","United Kingdom",0.13324811251058,0.0766073539056023,1
"all_male","harassment","United Kingdom",1.19870780604685,0.54412489540989,0
"quota","harassment","United Kingdom",0.13324811251058,0.54412489540989,1
"quota","harassment","United Kingdom",-0.182126910055553,-0.0687218558374553,1
"quota","harassment","United Kingdom",-0.182126910055553,-0.0687218558374553,1
"balanced","harassment","United Kingdom",0.883332783480715,0.54412489540989,1
"balanced","harassment","United Kingdom",1.67645889467875,1.45124921879962,0
"balanced","harassment","United Kingdom",0.13324811251058,-0.0687218558374553,0
"quota","harassment","United Kingdom",-0.573795118231657,-2.67267637588243,0
"all_male","harassment","United Kingdom",-0.182126910055553,-0.0687218558374553,0
"balanced","harassment","United Kingdom",0.883332783480715,-0.0687218558374553,0
"balanced","harassment","United Kingdom",0.13324811251058,-0.0687218558374553,0
"balanced","harassment","United Kingdom",-0.301461535893421,-0.0687218558374553,1
"quota","harassment","United Kingdom",-0.344502976121318,-0.0687218558374553,1
"quota","harassment","United Kingdom",0.13324811251058,-0.0687218558374553,1
"balanced","harassment","United Kingdom",1.67645889467875,1.45124921879962,0
"quota","harassment","United Kingdom",0.13324811251058,0.0766073539056023,0
"quota","harassment","United Kingdom",0.13324811251058,-0.0687218558374553,1
"balanced","harassment","United Kingdom",0.448623135076714,1.30592000905656,1
"balanced","harassment","United Kingdom",0.610999201142478,0.983731677295331,1
"quota","harassment","United Kingdom",0.13324811251058,-0.0687218558374553,1
"all_male","harassment","United Kingdom",-0.182126910055553,-0.214051065580513,1
"all_male","harassment","United Kingdom",1.19870780604685,1.45124921879962,0
"balanced","harassment","United Kingdom",1.67645889467875,1.45124921879962,1
"balanced","harassment","United Kingdom",-0.182126910055553,-0.0687218558374553,1
"all_male","harassment","United Kingdom",-1.40996266965759,-1.58869293047453,0
"balanced","harassment","United Kingdom",-1.09458764709145,-0.214051065580513,1
"all_male","harassment","United Kingdom",-1.84467231806159,-0.0687218558374553,0
"all_male","harassment","United Kingdom",0.448623135076714,0.0766073539056023,1
"all_male","harassment","United Kingdom",-1.40996266965759,-0.0687218558374553,1
"balanced","harassment","United Kingdom",0.448623135076714,-0.0687218558374553,1
"balanced","harassment","United Kingdom",-1.09458764709145,-1.58869293047453,0
"all_male","harassment","United Kingdom",0.405581694848817,-0.0687218558374553,1
"all_male","harassment","United Kingdom",-2.16004734062772,-1.73402214021759,0
"quota","harassment","United Kingdom",1.67645889467875,-2.67267637588243,1
"quota","harassment","United Kingdom",0.13324811251058,0.983731677295331,0
"balanced","harassment","United Kingdom",1.67645889467875,-2.67267637588243,0
"quota","harassment","United Kingdom",0.13324811251058,0.983731677295331,0
"all_male","harassment","United Kingdom",-2.47542236319385,-3.1086640051116,0
"balanced","harassment","United Kingdom",-1.40996266965759,-1.58869293047453,0
"quota","harassment","United Kingdom",0.13324811251058,0.0766073539056023,0
"balanced","harassment","United Kingdom",1.19870780604685,-0.536239397341743,1
"all_male","harassment","United Kingdom",-0.182126910055553,-0.0687218558374553,0
"all_male","harassment","United Kingdom",-0.932211581025687,-1.12117538897024,0
"balanced","harassment","United Kingdom",0.13324811251058,0.0766073539056023,0
"quota","harassment","United Kingdom",0.883332783480715,0.0766073539056023,1
"balanced","harassment","United Kingdom",-0.182126910055553,-0.0687218558374553,1
"quota","harassment","United Kingdom",-1.68229625199582,-1.12117538897024,1
"quota","harassment","United Kingdom",0.13324811251058,-0.508328637722896,1
"balanced","animals","United Kingdom",-0.471780633919048,-1.7560989841967,0
"quota","animals","United Kingdom",1.24992634032575,1.03612505294719,1
"all_male","animals","United Kingdom",-1.16337329250538,-0.357788931400104,0
"quota","animals","United Kingdom",-0.00667152149985312,-0.357788931400104,1
"quota","animals","United Kingdom",1.52670038499852,1.14989094650834,1
"all_male","animals","United Kingdom",0.18166354624657,-0.248419106288257,0
"balanced","animals","United Kingdom",-0.00667152149985312,-1.7517029157474,1
"all_male","animals","United Kingdom",-0.00667152149985312,-0.357788931400104,1
"balanced","animals","United Kingdom",0.18166354624657,-0.248419106288257,0
"quota","animals","United Kingdom",-0.748554678591819,0.926755227835345,1
"all_male","animals","United Kingdom",-0.00667152149985312,-1.7560989841967,1
"all_male","animals","United Kingdom",-0.195006589246276,-0.471554824961255,0
"all_male","animals","United Kingdom",-1.26326938332545,1.03612505294719,0
"all_male","animals","United Kingdom",-0.00667152149985312,-0.248419106288257,1
"quota","animals","United Kingdom",1.24992634032575,1.03612505294719,0
"balanced","animals","United Kingdom",0.18166354624657,1.03612505294719,1
"balanced","animals","United Kingdom",1.24992634032575,1.03612505294719,0
"all_male","animals","United Kingdom",-0.283445566172624,1.14989094650834,1
"balanced","animals","United Kingdom",0.18166354624657,-0.357788931400104,1
"balanced","animals","United Kingdom",-0.195006589246276,-0.357788931400104,0
"all_male","animals","United Kingdom",-2.6083062220774,1.03612505294719,1
"all_male","animals","United Kingdom",-0.00667152149985312,-0.248419106288257,0
"quota","animals","United Kingdom",-1.26326938332545,-1.7517029157474,0
"balanced","animals","United Kingdom",1.52670038499852,1.14989094650834,0
"balanced","animals","United Kingdom",1.52670038499852,1.14989094650834,0
"all_male","animals","United Kingdom",-0.00667152149985312,1.14989094650834,1
"balanced","animals","United Kingdom",1.52670038499852,1.14989094650834,0
"balanced","animals","United Kingdom",1.33836531725209,-0.357788931400104,0
"balanced","animals","United Kingdom",0.18166354624657,-0.248419106288257,0
"quota","animals","United Kingdom",1.33836531725209,1.14989094650834,1
"quota","animals","United Kingdom",0.18166354624657,-0.244023037838953,0
"all_male","animals","United Kingdom",-0.195006589246276,-1.7517029157474,0
"quota","animals","United Kingdom",-0.00667152149985312,-0.471554824961255,0
"quota","animals","United Kingdom",-0.283445566172624,-0.248419106288257,0
"all_male","animals","United Kingdom",-0.00667152149985312,-0.357788931400104,0
"balanced","animals","United Kingdom",-0.00667152149985312,1.03612505294719,0
"balanced","animals","United Kingdom",-0.560219610845396,1.03612505294719,1
"all_male","animals","United Kingdom",-1.07493431557903,-0.248419106288257,1
"quota","animals","United Kingdom",-0.195006589246276,-0.248419106288257,1
"quota","animals","United Kingdom",0.18166354624657,1.03612505294719,0
"all_male","animals","United Kingdom",-2.69674519900375,1.03612505294719,0
"all_male","animals","United Kingdom",-1.62848240492457,-0.248419106288257,1
"balanced","animals","United Kingdom",-0.471780633919048,-0.357788931400104,0
"all_male","animals","United Kingdom",-2.41997115433097,1.03612505294719,0
"balanced","animals","United Kingdom",1.24992634032575,1.14989094650834,1
"balanced","animals","United Kingdom",-0.00667152149985312,-0.357788931400104,1
"quota","animals","United Kingdom",1.52670038499852,1.14989094650834,1
"quota","animals","United Kingdom",0.458437590919341,1.03612505294719,1
"balanced","animals","United Kingdom",-0.00667152149985312,-0.357788931400104,0
"all_male","animals","United Kingdom",-0.00667152149985312,-0.357788931400104,1
"balanced","animals","United Kingdom",-0.195006589246276,-0.467158756511951,1
"balanced","animals","United Kingdom",-0.00667152149985312,-0.248419106288257,1
"quota","animals","United Kingdom",1.24992634032575,-0.248419106288257,1
"quota","animals","United Kingdom",-0.195006589246276,-1.7560989841967,0
"quota","animals","United Kingdom",-0.00667152149985312,-3.1544090369933,1
"all_male","animals","United Kingdom",-1.54004342799822,-1.64233309063555,0
"all_male","animals","United Kingdom",-1.3517083602518,1.0405211213965,1
"balanced","animals","United Kingdom",1.52670038499852,1.14989094650834,1
"balanced","animals","United Kingdom",-0.195006589246276,-0.357788931400104,1
"all_male","animals","United Kingdom",-2.6083062220774,-1.86546880930855,1
"all_male","animals","United Kingdom",-2.79664128982382,-3.373148687217,0
"quota","animals","United Kingdom",-1.07493431557903,-1.86546880930855,1
"quota","animals","United Kingdom",-0.00667152149985312,-0.357788931400104,0
"balanced","animals","United Kingdom",-1.54004342799822,-1.7517029157474,0
"quota","animals","United Kingdom",1.52670038499852,-0.244023037838953,1
"all_male","animals","United Kingdom",-1.54004342799822,-1.86546880930855,1
"quota","animals","United Kingdom",0.18166354624657,1.03612505294719,0
"quota","animals","United Kingdom",0.18166354624657,-0.357788931400104,0
"all_male","animals","United Kingdom",-0.00667152149985312,-0.357788931400104,0
"quota","animals","United Kingdom",-0.195006589246276,-0.357788931400104,1
"all_male","animals","United Kingdom",-0.00667152149985312,-0.248419106288257,0
"quota","animals","United Kingdom",-0.471780633919048,-0.467158756511951,1
"all_male","animals","United Kingdom",-1.54004342799822,-0.362184999849408,0
"quota","animals","United Kingdom",0.973152295652974,1.03612505294719,0
"quota","animals","United Kingdom",-0.283445566172624,-0.357788931400104,1
"balanced","animals","United Kingdom",-0.195006589246276,-0.357788931400104,1
"balanced","animals","United Kingdom",-0.00667152149985312,-0.357788931400104,1
"balanced","animals","United Kingdom",1.24992634032575,1.14989094650834,0
"all_male","animals","United Kingdom",9.30421589758174e-17,-1.27649614406017e-16,0
"balanced","animals","United Kingdom",-0.00667152149985312,-0.357788931400104,1
"quota","animals","United Kingdom",0.18166354624657,1.03612505294719,0
"quota","animals","United Kingdom",1.52670038499852,1.14989094650834,0
"quota","animals","United Kingdom",0.18166354624657,0.926755227835345,1
"all_male","animals","United Kingdom",-1.81681747267099,-0.357788931400104,0
"balanced","animals","United Kingdom",-1.3517083602518,-1.86546880930855,1
"balanced","animals","United Kingdom",1.06159127257932,-0.357788931400104,0
"balanced","animals","United Kingdom",-0.195006589246276,-0.357788931400104,1
"quota","animals","United Kingdom",-1.54004342799822,-1.86546880930855,0
"balanced","animals","United Kingdom",1.52670038499852,1.14989094650834,1
"all_male","animals","United Kingdom",1.24992634032575,-0.357788931400104,1
"all_male","animals","United Kingdom",-0.283445566172624,-0.357788931400104,0
"all_male","animals","United Kingdom",-1.3517083602518,1.03612505294719,0
"quota","animals","United Kingdom",-0.283445566172624,-0.471554824961255,0
"quota","animals","United Kingdom",-0.00667152149985312,1.14989094650834,1
"balanced","animals","United Kingdom",-0.00667152149985312,-0.357788931400104,1
"all_male","animals","United Kingdom",-0.195006589246276,-0.357788931400104,0
"quota","animals","United Kingdom",1.24992634032575,1.03612505294719,1
"balanced","animals","United Kingdom",-0.195006589246276,-0.357788931400104,1
"all_male","animals","United Kingdom",-1.16337329250538,1.14989094650834,0
"all_male","animals","United Kingdom",1.24992634032575,1.14989094650834,1
"balanced","animals","United Kingdom",-1.3517083602518,-1.86546880930855,0
"all_male","animals","United Kingdom",0.684921137086476,-0.248419106288257,1
"quota","animals","United Kingdom",-0.283445566172624,-0.357788931400104,1
"quota","animals","United Kingdom",-1.54004342799822,-1.86546880930855,0
"all_male","animals","United Kingdom",-0.00667152149985312,-0.471554824961255,1
"balanced","animals","United Kingdom",-0.00667152149985312,1.03612505294719,0
"balanced","animals","United Kingdom",-1.07493431557903,-1.86546880930855,1
"all_male","animals","United Kingdom",-0.195006589246276,-0.357788931400104,1
"balanced","animals","United Kingdom",1.24992634032575,1.03612505294719,0
"all_male","animals","United Kingdom",1.24992634032575,1.14989094650834,0
"quota","animals","United Kingdom",1.06159127257932,1.03612505294719,1
"all_male","animals","United Kingdom",-0.195006589246276,-0.357788931400104,1
"balanced","animals","United Kingdom",-0.00667152149985312,1.0405211213965,1
"quota","animals","United Kingdom",1.52670038499852,1.14989094650834,0
"all_male","animals","United Kingdom",-0.283445566172624,-0.471554824961255,1
"quota","animals","United Kingdom",-0.00667152149985312,1.03612505294719,1
"quota","animals","United Kingdom",-0.00667152149985312,-0.357788931400104,0
"all_male","animals","United Kingdom",1.24992634032575,1.03612505294719,0
"balanced","animals","United Kingdom",1.24992634032575,1.03612505294719,1
"balanced","animals","United Kingdom",-0.195006589246276,-0.576528581623798,1
"all_male","animals","United Kingdom",-1.07493431557903,-0.357788931400104,1
"quota","animals","United Kingdom",-0.00667152149985312,1.03612505294719,0
"all_male","animals","United Kingdom",-0.00667152149985312,1.03612505294719,1
"balanced","animals","United Kingdom",-0.00667152149985312,-0.248419106288257,0
"balanced","animals","United Kingdom",-0.00667152149985312,-0.362184999849408,0
"balanced","animals","United Kingdom",-0.195006589246276,-0.357788931400104,1
"quota","animals","United Kingdom",-0.195006589246276,-0.357788931400104,0
"quota","animals","United Kingdom",0.18166354624657,1.03612505294719,0
"quota","animals","United Kingdom",1.52670038499852,1.14989094650834,0
"quota","animals","United Kingdom",-0.00667152149985312,-0.357788931400104,1
"balanced","animals","United Kingdom",-0.00667152149985312,-0.357788931400104,0
"all_male","animals","United Kingdom",0.961695181759247,1.14989094650834,0
"all_male","animals","United Kingdom",1.24992634032575,1.14989094650834,0
"all_male","animals","United Kingdom",-0.0951104984262013,1.14989094650834,1
"balanced","animals","United Kingdom",-0.00667152149985312,1.03612505294719,0
"all_male","animals","United Kingdom",-0.00667152149985312,1.03612505294719,0
"balanced","animals","United Kingdom",-0.00667152149985312,-0.357788931400104,0
"quota","animals","United Kingdom",-1.3517083602518,-1.86546880930855,1
"quota","animals","United Kingdom",-0.00667152149985312,-0.471554824961255,0
"all_male","animals","United Kingdom",-1.26326938332545,-1.86546880930855,1
"all_male","animals","United Kingdom",-1.86642306498543,1.14989094650834,1
"quota","animals","United Kingdom",-0.560219610845396,-0.471554824961255,0
"all_male","animals","United Kingdom",-0.00667152149985312,0.926755227835345,0
"quota","animals","United Kingdom",-1.07493431557903,-0.467158756511951,0
"balanced","animals","United Kingdom",-0.283445566172624,-0.471554824961255,0
"balanced","animals","United Kingdom",-0.00667152149985312,-0.357788931400104,1
"all_male","animals","United Kingdom",-1.07493431557903,-0.248419106288257,1
"balanced","animals","United Kingdom",-0.00667152149985312,-0.471554824961255,1
"all_male","animals","United Kingdom",-0.00667152149985312,0.926755227835345,1
"all_male","animals","United Kingdom",-1.54004342799822,-1.86546880930855,0
"quota","animals","United Kingdom",-1.3517083602518,-0.580924650073102,0
"quota","animals","United Kingdom",-0.195006589246276,-0.248419106288257,0
"quota","animals","United Kingdom",1.24992634032575,-0.248419106288257,1
"all_male","animals","United Kingdom",-1.3517083602518,-0.357788931400104,1
"balanced","animals","United Kingdom",-0.195006589246276,-0.357788931400104,0
"all_male","animals","United Kingdom",-0.00667152149985312,-0.357788931400104,1
"all_male","animals","United Kingdom",-1.07493431557903,-0.248419106288257,0
"all_male","animals","United Kingdom",1.06159127257932,1.03612505294719,1
"all_male","animals","United Kingdom",-1.3517083602518,-0.467158756511951,0
"quota","animals","United Kingdom",-0.283445566172624,-0.357788931400104,1
"all_male","animals","United Kingdom",0.458437590919341,1.14989094650834,1
"balanced","animals","United Kingdom",-0.00667152149985312,1.03612505294719,1
"all_male","animals","United Kingdom",-0.00667152149985312,1.03612505294719,0
"all_male","animals","United Kingdom",-0.00667152149985312,1.14989094650834,1
"balanced","animals","United Kingdom",-0.00667152149985312,-0.357788931400104,0
"all_male","animals","United Kingdom",1.52670038499852,1.14989094650834,1
"quota","animals","United Kingdom",1.52670038499852,1.14989094650834,1
"all_male","animals","United Kingdom",-0.00667152149985312,-0.357788931400104,0
"all_male","animals","United Kingdom",0.18166354624657,1.14989094650834,1
"quota","animals","United Kingdom",1.52670038499852,1.14989094650834,0
"all_male","animals","United Kingdom",-0.00667152149985312,-0.467158756511951,1
"all_male","animals","United Kingdom",-1.54004342799822,-1.86107274085925,1
"all_male","animals","United Kingdom",1.52670038499852,1.03612505294719,0
"quota","animals","United Kingdom",-0.195006589246276,-1.7560989841967,0
"all_male","animals","United Kingdom",-2.41997115433097,0.926755227835345,1
"all_male","animals","United Kingdom",-0.195006589246276,-0.357788931400104,1
"balanced","animals","United Kingdom",-0.00667152149985312,-0.357788931400104,0
"all_male","animals","United Kingdom",-2.6083062220774,-3.373148687217,1
"balanced","animals","United Kingdom",-1.54004342799822,-1.7517029157474,0
"balanced","animals","United Kingdom",0.18166354624657,0.926755227835345,1
"balanced","animals","United Kingdom",0.18166354624657,-0.357788931400104,0
"balanced","animals","United Kingdom",1.06159127257932,-0.248419106288257,0
"all_male","animals","United Kingdom",-1.16337329250538,1.03612505294719,1
"balanced","animals","United Kingdom",9.30421589758174e-17,-0.248419106288257,1
"quota","animals","United Kingdom",-0.00667152149985312,-0.357788931400104,0
"all_male","animals","United Kingdom",-0.00667152149985312,1.14989094650834,1
"all_male","animals","United Kingdom",-0.371884543098973,-0.357788931400104,0
"quota","animals","United Kingdom",-0.00667152149985312,-0.357788931400104,0
"balanced","animals","United Kingdom",0.0817674554264951,-1.7560989841967,1
"all_male","animals","United Kingdom",-0.0951104984262013,1.14989094650834,1
"quota","animals","United Kingdom",1.33836531725209,1.03612505294719,1
"quota","animals","United Kingdom",-0.00667152149985312,-0.357788931400104,1
"balanced","animals","United Kingdom",-0.195006589246276,-0.357788931400104,1
"all_male","animals","United Kingdom",-0.3833416569927,-0.585320718522406,0
"quota","animals","United Kingdom",0.973152295652974,-0.467158756511951,1
"all_male","animals","United Kingdom",-1.67808799723901,1.0405211213965,0
"all_male","animals","United Kingdom",-0.00667152149985312,-0.357788931400104,0
"balanced","animals","United Kingdom",-0.283445566172624,-0.357788931400104,0
"all_male","animals","United Kingdom",-0.195006589246276,-0.471554824961255,0
"balanced","animals","United Kingdom",1.06159127257932,-0.357788931400104,1
"all_male","animals","United Kingdom",-0.00667152149985312,0.926755227835345,1
"quota","animals","United Kingdom",1.52670038499852,1.0405211213965,0
"all_male","animals","United Kingdom",-1.3517083602518,1.14989094650834,1
"all_male","animals","United Kingdom",-0.00667152149985312,-0.248419106288257,0
"all_male","animals","United Kingdom",-1.3517083602518,1.03612505294719,1
"balanced","animals","United Kingdom",-1.54004342799822,-1.7560989841967,1
"quota","animals","United Kingdom",1.52670038499852,1.14989094650834,0
"quota","animals","United Kingdom",-0.283445566172624,-1.64233309063555,0
"balanced","animals","United Kingdom",1.52670038499852,1.0405211213965,0
"all_male","animals","United Kingdom",0.270102523172918,-0.357788931400104,0
"balanced","animals","United Kingdom",1.52670038499852,1.14989094650834,1
"quota","animals","United Kingdom",0.18166354624657,1.0405211213965,1
"quota","animals","United Kingdom",1.24992634032575,1.14989094650834,1
"quota","animals","United Kingdom",0.18166354624657,1.03612505294719,1
"all_male","animals","United Kingdom",-0.00667152149985312,-0.357788931400104,1
"quota","animals","United Kingdom",0.596482160160127,-1.7517029157474,1
"quota","animals","United Kingdom",1.52670038499852,1.03612505294719,0
"all_male","animals","United Kingdom",-2.1431971096582,-0.585320718522406,1
"quota","animals","United Kingdom",-0.0951104984262013,-0.357788931400104,1
"quota","animals","United Kingdom",-0.195006589246276,-0.357788931400104,0
"all_male","animals","United Kingdom",-0.886599247832605,-0.357788931400104,0
"all_male","animals","United Kingdom",1.24992634032575,1.14989094650834,1
"quota","animals","United Kingdom",-0.00667152149985312,-0.357788931400104,0
"balanced","animals","United Kingdom",-0.00667152149985312,-0.357788931400104,0
"balanced","animals","United Kingdom",-0.00667152149985312,-0.357788931400104,0
"quota","animals","United Kingdom",-0.283445566172624,-0.357788931400104,0
"balanced","animals","United Kingdom",-0.195006589246276,-0.357788931400104,1
"all_male","animals","United Kingdom",1.24992634032575,0.926755227835345,0
"all_male","animals","United Kingdom",-0.00667152149985312,1.14989094650834,0
"all_male","animals","United Kingdom",-0.283445566172624,-0.580924650073102,1
"quota","animals","United Kingdom",-1.54004342799822,0.922359159386041,0
"all_male","animals","United Kingdom",-1.3517083602518,-0.471554824961255,0
"quota","animals","United Kingdom",-0.00667152149985312,-0.357788931400104,1
"all_male","animals","United Kingdom",-1.3517083602518,-0.357788931400104,0
"quota","animals","United Kingdom",1.52670038499852,1.14989094650834,0
"all_male","animals","United Kingdom",0.18166354624657,-0.248419106288257,0
"balanced","animals","United Kingdom",-0.00667152149985312,1.14989094650834,1
"quota","animals","United Kingdom",1.06159127257932,1.14989094650834,1
"balanced","animals","United Kingdom",-0.195006589246276,-0.357788931400104,1
"all_male","animals","United Kingdom",-0.00667152149985312,-0.248419106288257,1
"quota","animals","United Kingdom",1.52670038499852,1.0405211213965,1
"all_male","animals","United Kingdom",-0.00667152149985312,-0.357788931400104,0
"balanced","animals","United Kingdom",-1.26326938332545,-0.580924650073102,0
"all_male","animals","United Kingdom",-0.00667152149985312,-0.357788931400104,0
"all_male","animals","United Kingdom",-1.07493431557903,-0.357788931400104,0
"balanced","animals","United Kingdom",-0.00667152149985312,-0.357788931400104,1
"balanced","animals","United Kingdom",-2.88508026675017,-0.357788931400104,0
"quota","animals","United Kingdom",-0.195006589246276,-0.357788931400104,0
"balanced","animals","United Kingdom",-0.00667152149985312,-0.357788931400104,1
"all_male","animals","United Kingdom",-1.3517083602518,1.14989094650834,1
"all_male","animals","United Kingdom",-1.54004342799822,-1.7560989841967,1
"all_male","animals","United Kingdom",-1.95486204191178,0.922359159386041,0
"all_male","animals","United Kingdom",-0.00667152149985312,-0.357788931400104,0
"balanced","animals","United Kingdom",-1.54004342799822,-1.86546880930855,1
"balanced","animals","United Kingdom",1.52670038499852,1.14989094650834,1
"quota","animals","United Kingdom",1.24992634032575,-0.244023037838953,1
"balanced","animals","United Kingdom",-0.283445566172624,-0.357788931400104,0
"quota","animals","United Kingdom",1.52670038499852,1.03612505294719,0
"quota","animals","United Kingdom",1.24992634032575,1.03612505294719,1
"quota","animals","United Kingdom",-0.00667152149985312,-0.357788931400104,0
"balanced","animals","United Kingdom",0.18166354624657,-0.357788931400104,1
"quota","animals","United Kingdom",-1.3517083602518,1.03612505294719,0
"all_male","animals","United Kingdom",1.24992634032575,1.14989094650834,1
"quota","animals","United Kingdom",1.24992634032575,1.03612505294719,1
"all_male","animals","United Kingdom",-1.07493431557903,-0.248419106288257,1
"quota","animals","United Kingdom",-1.54004342799822,-1.7560989841967,0
"balanced","animals","United Kingdom",1.52670038499852,1.14989094650834,1
"all_male","animals","United Kingdom",1.24992634032575,0.926755227835345,0
"quota","animals","United Kingdom",1.24992634032575,1.14989094650834,1
"quota","animals","United Kingdom",-0.195006589246276,-0.357788931400104,1
"quota","animals","United Kingdom",-0.00667152149985312,0.926755227835345,1
"balanced","animals","United Kingdom",0.18166354624657,1.03612505294719,1
"quota","animals","United Kingdom",0.458437590919341,1.03612505294719,0
"all_male","animals","United Kingdom",0.18166354624657,1.14989094650834,0
"quota","animals","United Kingdom",1.33836531725209,1.14989094650834,1
"balanced","animals","United Kingdom",-1.54004342799822,-3.373148687217,1
"quota","animals","United Kingdom",-0.195006589246276,1.14989094650834,1
"balanced","animals","United Kingdom",-0.00667152149985312,-0.357788931400104,0
"quota","animals","United Kingdom",0.18166354624657,-0.248419106288257,0
"quota","animals","United Kingdom",1.06159127257932,-0.248419106288257,0
"balanced","animals","United Kingdom",-0.195006589246276,-0.357788931400104,0
"quota","animals","United Kingdom",1.06159127257932,1.03612505294719,1
"balanced","animals","United Kingdom",-2.50841013125732,-3.373148687217,0
"balanced","animals","United Kingdom",-0.00667152149985312,-0.248419106288257,1
"balanced","animals","United Kingdom",-0.00667152149985312,-0.357788931400104,1
"balanced","animals","United Kingdom",0.784817227906551,-1.7517029157474,1
"quota","animals","United Kingdom",0.18166354624657,1.14989094650834,1
"quota","animals","United Kingdom",-0.195006589246276,-0.357788931400104,1
"quota","animals","United Kingdom",-0.0951104984262013,-0.471554824961255,0
"balanced","animals","United Kingdom",-0.0951104984262013,-0.248419106288257,0
"quota","animals","United Kingdom",-0.00667152149985312,-0.248419106288257,1
"quota","animals","United Kingdom",1.52670038499852,1.03612505294719,1
"all_male","animals","United Kingdom",-0.00667152149985312,0.699223440713043,1
"all_male","animals","United Kingdom",1.52670038499852,1.14989094650834,1
"all_male","animals","United Kingdom",-2.41997115433097,-0.248419106288257,0
"quota","animals","United Kingdom",-0.283445566172624,-0.248419106288257,0
"balanced","animals","United Kingdom",-0.195006589246276,-0.357788931400104,0
"balanced","animals","United Kingdom",-0.00667152149985312,-0.471554824961255,0
"all_male","animals","United Kingdom",0.18166354624657,1.0405211213965,1
"all_male","animals","United Kingdom",-0.00667152149985312,-0.471554824961255,1
"balanced","animals","United Kingdom",1.24992634032575,1.03612505294719,1
"quota","animals","United Kingdom",0.18166354624657,1.03612505294719,1
"all_male","animals","United Kingdom",1.24992634032575,1.14989094650834,1
"all_male","animals","United Kingdom",-0.0951104984262013,-0.357788931400104,0
"quota","animals","United Kingdom",-0.195006589246276,-3.03624707498285,1
"balanced","animals","United Kingdom",-0.00667152149985312,-0.357788931400104,1
"quota","animals","United Kingdom",0.18166354624657,-0.357788931400104,1
"quota","animals","United Kingdom",-0.00667152149985312,-0.357788931400104,1
"balanced","animals","United Kingdom",1.24992634032575,1.14989094650834,0
"balanced","animals","United Kingdom",0.18166354624657,-0.357788931400104,0
"all_male","animals","United Kingdom",-1.3517083602518,-0.357788931400104,0
"quota","animals","United Kingdom",-0.00667152149985312,-0.357788931400104,1
"all_male","animals","United Kingdom",-0.195006589246276,-0.357788931400104,1
"balanced","animals","United Kingdom",1.24992634032575,1.03612505294719,0
"balanced","animals","United Kingdom",-0.195006589246276,-0.357788931400104,0
"quota","animals","United Kingdom",-1.26326938332545,1.03612505294719,1
"all_male","animals","United Kingdom",-0.00667152149985312,-0.357788931400104,1
"all_male","animals","United Kingdom",0.18166354624657,-0.357788931400104,1
"quota","animals","United Kingdom",-1.54004342799822,-1.86546880930855,1
"balanced","animals","United Kingdom",-0.00667152149985312,-0.357788931400104,1
"quota","animals","United Kingdom",-1.54004342799822,-1.7560989841967,1
"quota","animals","United Kingdom",0.784817227906551,-0.471554824961255,0
"quota","animals","United Kingdom",-0.471780633919048,-0.471554824961255,0
"quota","animals","United Kingdom",-0.00667152149985312,1.14989094650834,1
"balanced","animals","United Kingdom",-0.00667152149985312,-0.357788931400104,0
"quota","animals","United Kingdom",-0.00667152149985312,1.03612505294719,1
"balanced","animals","United Kingdom",-0.560219610845396,-0.471554824961255,0
"balanced","animals","United Kingdom",-0.00667152149985312,-0.248419106288257,1
"quota","animals","United Kingdom",1.24992634032575,-0.248419106288257,0
"balanced","animals","United Kingdom",-2.23163608658455,-3.373148687217,0
"balanced","animals","United Kingdom",1.24992634032575,1.03612505294719,1
"all_male","animals","United Kingdom",-2.88508026675017,-0.471554824961255,1
"quota","animals","United Kingdom",-0.195006589246276,1.14989094650834,0
"all_male","animals","United Kingdom",-0.195006589246276,-0.471554824961255,1
"all_male","animals","United Kingdom",-1.26326938332545,-1.74970702287791,1
"all_male","animals","United Kingdom",0.0817674554264951,-0.576528581623798,0
"quota","animals","United Kingdom",1.06159127257932,-0.248419106288257,0
"balanced","animals","United Kingdom",-0.00667152149985312,-0.357788931400104,0
"quota","animals","United Kingdom",1.24992634032575,-0.248419106288257,1
"all_male","animals","United Kingdom",-1.3517083602518,-0.471554824961255,0
"all_male","animals","United Kingdom",-0.00667152149985312,1.03612505294719,0
"all_male","animals","United Kingdom",-0.195006589246276,-0.357788931400104,1
"all_male","animals","United Kingdom",-0.00667152149985312,-0.357788931400104,1
"balanced","animals","United Kingdom",0.18166354624657,-0.357788931400104,1
"all_male","animals","United Kingdom",-1.3517083602518,1.14989094650834,0
"all_male","animals","United Kingdom",-0.283445566172624,-0.357788931400104,1
"balanced","animals","United Kingdom",1.24992634032575,-0.357788931400104,0
"balanced","animals","United Kingdom",1.24992634032575,1.14989094650834,0
"quota","animals","United Kingdom",1.06159127257932,1.14989094650834,1
"balanced","animals","United Kingdom",-0.00667152149985312,1.14989094650834,1
"balanced","animals","United Kingdom",-0.00667152149985312,-0.357788931400104,0
"all_male","animals","United Kingdom",-2.6083062220774,-3.150012968544,0
"quota","animals","United Kingdom",-0.195006589246276,-0.357788931400104,1
"quota","animals","United Kingdom",-1.26326938332545,-1.7560989841967,1
"balanced","animals","United Kingdom",-0.00667152149985312,-0.357788931400104,0
"balanced","animals","United Kingdom",1.52670038499852,1.14989094650834,1
"balanced","animals","United Kingdom",1.52670038499852,1.14989094650834,1
"balanced","animals","United Kingdom",-0.00667152149985312,-0.357788931400104,1
"balanced","animals","United Kingdom",-0.00667152149985312,0.926755227835345,0
"all_male","animals","United Kingdom",-0.00667152149985312,-0.357788931400104,1
"all_male","animals","United Kingdom",-0.00667152149985312,1.03612505294719,0
"quota","animals","United Kingdom",1.33836531725209,-0.248419106288257,0
"quota","animals","United Kingdom",-0.195006589246276,-0.467158756511951,1
"balanced","animals","United Kingdom",-0.00667152149985312,1.03612505294719,1
"balanced","animals","United Kingdom",1.24992634032575,-0.248419106288257,1
"balanced","animals","United Kingdom",1.06159127257932,-0.471554824961255,0
"quota","animals","United Kingdom",-1.72837849574465,-1.7517029157474,1
"quota","animals","United Kingdom",0.18166354624657,1.03612505294719,0
"quota","animals","United Kingdom",-2.79664128982382,0.80859326582489,0
"balanced","animals","United Kingdom",-0.00667152149985312,0.703619509162348,0
"quota","animals","United Kingdom",-0.00667152149985312,-0.362184999849408,0
"balanced","animals","United Kingdom",1.52670038499852,1.03612505294719,0
"balanced","animals","United Kingdom",0.18166354624657,-0.357788931400104,1
"quota","animals","United Kingdom",1.24992634032575,1.14989094650834,1
"balanced","animals","United Kingdom",-0.00667152149985312,-0.248419106288257,1
"balanced","animals","United Kingdom",-0.283445566172624,-0.248419106288257,0
"balanced","animals","United Kingdom",-0.00667152149985312,-0.357788931400104,1
"all_male","animals","United Kingdom",1.52670038499852,1.14989094650834,0
"quota","animals","United Kingdom",-0.00667152149985312,0.821781471172802,1
"all_male","animals","United Kingdom",1.52670038499852,-0.248419106288257,0
"quota","animals","United Kingdom",-0.00667152149985312,-0.357788931400104,1
"quota","animals","United Kingdom",1.52670038499852,1.03612505294719,1
"quota","animals","United Kingdom",1.33836531725209,-0.357788931400104,1
"balanced","animals","United Kingdom",1.52670038499852,1.14989094650834,1
"balanced","animals","United Kingdom",-0.195006589246276,-0.357788931400104,0
"quota","animals","United Kingdom",1.52670038499852,-0.244023037838953,1
"balanced","animals","United Kingdom",1.52670038499852,1.14989094650834,1
"all_male","animals","United Kingdom",-0.195006589246276,-0.357788931400104,1
"all_male","animals","United Kingdom",-0.00667152149985312,-0.357788931400104,0
"balanced","animals","United Kingdom",-0.00667152149985312,-0.357788931400104,1
"all_male","animals","United Kingdom",-1.3517083602518,-1.86546880930855,1
"all_male","animals","United Kingdom",-1.16337329250538,1.14989094650834,0
"all_male","animals","United Kingdom",-1.16337329250538,1.0405211213965,0
"balanced","animals","United Kingdom",1.24992634032575,1.14989094650834,0
"balanced","animals","United Kingdom",1.33836531725209,-0.357788931400104,0
"all_male","animals","United Kingdom",-2.41997115433097,1.14989094650834,1
"balanced","animals","United Kingdom",-0.00667152149985312,-0.357788931400104,0
"all_male","animals","United Kingdom",-0.560219610845396,0.703619509162348,0
"quota","animals","United Kingdom",1.52670038499852,1.03612505294719,1
"quota","animals","United Kingdom",-0.00667152149985312,0.926755227835345,0
"balanced","animals","United Kingdom",1.52670038499852,1.14989094650834,0
"balanced","animals","United Kingdom",1.52670038499852,0.80859326582489,0
"balanced","animals","United Kingdom",-0.283445566172624,-0.357788931400104,1
"balanced","animals","United Kingdom",1.24992634032575,1.14989094650834,1
"balanced","animals","United Kingdom",0.18166354624657,0.922359159386041,0
"balanced","animals","United Kingdom",-0.195006589246276,-0.357788931400104,1
"quota","animals","United Kingdom",-0.00667152149985312,-0.357788931400104,0
"quota","animals","United Kingdom",0.458437590919341,0.922359159386041,1
"balanced","animals","United Kingdom",1.24992634032575,1.14989094650834,1
"balanced","animals","United Kingdom",0.18166354624657,1.14989094650834,1
"balanced","animals","United Kingdom",-0.00667152149985312,-0.357788931400104,1
"balanced","animals","United Kingdom",1.24992634032575,0.922359159386041,1
"quota","animals","United Kingdom",-0.00667152149985312,-0.357788931400104,1
"balanced","animals","United Kingdom",-0.00667152149985312,-0.357788931400104,0
"quota","animals","United Kingdom",-0.00667152149985312,-0.248419106288257,0
"balanced","animals","United Kingdom",-0.283445566172624,-0.248419106288257,0
"quota","animals","United Kingdom",0.0149900198383937,-0.467158756511951,1
"balanced","animals","United Kingdom",-0.00667152149985312,-0.357788931400104,1
"quota","animals","United Kingdom",1.52670038499852,1.03612505294719,0
"all_male","animals","United Kingdom",-0.195006589246276,-0.357788931400104,0
"all_male","animals","United Kingdom",-0.283445566172624,-0.357788931400104,0
"balanced","animals","United Kingdom",1.24992634032575,1.14989094650834,1
"all_male","animals","United Kingdom",1.52670038499852,1.14989094650834,1
"quota","animals","United Kingdom",-0.471780633919048,-0.471554824961255,0
"all_male","animals","United Kingdom",-0.283445566172624,-0.357788931400104,1
"balanced","animals","United Kingdom",1.24992634032575,-0.248419106288257,1
"quota","animals","United Kingdom",1.24992634032575,1.14989094650834,1
"quota","animals","United Kingdom",1.52670038499852,1.14989094650834,1
"quota","animals","United Kingdom",1.24992634032575,1.14989094650834,0
"all_male","animals","United Kingdom",-2.41997115433097,-3.25938279365585,1
"quota","animals","United Kingdom",-0.00667152149985312,-0.357788931400104,0
"all_male","animals","United Kingdom",1.24992634032575,-0.248419106288257,1
"quota","animals","United Kingdom",-1.07493431557903,-0.357788931400104,0
"balanced","animals","United Kingdom",1.24992634032575,1.14989094650834,1
"balanced","animals","United Kingdom",0.18166354624657,-0.357788931400104,1
"quota","animals","United Kingdom",1.06159127257932,1.14989094650834,1
"all_male","animals","United Kingdom",-0.195006589246276,-0.580924650073102,0
"quota","animals","United Kingdom",-1.3517083602518,-0.467158756511951,0
"quota","animals","United Kingdom",-0.00667152149985312,-0.357788931400104,0
"all_male","animals","United Kingdom",-1.3517083602518,-0.357788931400104,0
"all_male","animals","United Kingdom",-0.00667152149985312,-0.357788931400104,0
"all_male","animals","United Kingdom",1.52670038499852,1.14989094650834,1
"balanced","animals","United Kingdom",-0.00667152149985312,-0.357788931400104,0
"balanced","animals","United Kingdom",-0.195006589246276,0.926755227835345,0
"balanced","animals","United Kingdom",-0.195006589246276,-0.357788931400104,0
"all_male","animals","United Kingdom",-1.26326938332545,-0.467158756511951,0
"balanced","animals","United Kingdom",0.18166354624657,-0.248419106288257,1
"balanced","animals","United Kingdom",1.52670038499852,1.14989094650834,0
"all_male","animals","United Kingdom",-0.371884543098973,-0.357788931400104,0
"all_male","animals","United Kingdom",-3.07341533449659,-0.357788931400104,0
"quota","animals","United Kingdom",-3.07341533449659,-0.471554824961255,0
"balanced","animals","United Kingdom",0.18166354624657,-0.357788931400104,0
"all_male","animals","United Kingdom",1.24992634032575,1.14989094650834,1
"balanced","animals","United Kingdom",1.52670038499852,1.0405211213965,1
"quota","animals","United Kingdom",-0.00667152149985312,-0.357788931400104,0
"balanced","animals","United Kingdom",-1.3517083602518,-1.86546880930855,1
"quota","animals","United Kingdom",-0.00667152149985312,-0.357788931400104,0
"all_male","animals","United Kingdom",-0.0951104984262013,1.03612505294719,1
"quota","animals","United Kingdom",-1.54004342799822,-0.471554824961255,1
"balanced","animals","United Kingdom",-1.54004342799822,-1.64233309063555,1
"balanced","animals","United Kingdom",-0.00667152149985312,-0.357788931400104,0
"quota","animals","United Kingdom",1.52670038499852,-3.04503921188146,0
"balanced","animals","United Kingdom",1.52670038499852,1.14989094650834,0
"all_male","animals","United Kingdom",-1.07493431557903,-0.357788931400104,0
"quota","animals","United Kingdom",-0.00667152149985312,-0.357788931400104,0
"quota","animals","United Kingdom",0.458437590919341,-0.248419106288257,0
"all_male","animals","United Kingdom",-1.54004342799822,-1.86546880930855,0
"all_male","animals","United Kingdom",-1.07493431557903,1.0405211213965,1
"balanced","animals","United Kingdom",-0.00667152149985312,0.926755227835345,0
"balanced","animals","United Kingdom",-0.195006589246276,-0.357788931400104,1
"quota","animals","United Kingdom",-0.00667152149985312,-0.357788931400104,1
"quota","animals","United Kingdom",0.18166354624657,-0.471554824961255,0
"all_male","animals","United Kingdom",-1.3517083602518,-0.357788931400104,1
"all_male","animals","United Kingdom",-0.00667152149985312,1.14989094650834,0
"balanced","animals","United Kingdom",-0.00667152149985312,0.926755227835345,1
"balanced","animals","United Kingdom",1.52670038499852,1.03612505294719,1
"all_male","animals","United Kingdom",0.18166354624657,-0.248419106288257,0
"balanced","animals","United Kingdom",-0.00667152149985312,-0.357788931400104,1
"quota","animals","United Kingdom",1.24992634032575,1.03612505294719,1
"balanced","animals","United Kingdom",-0.195006589246276,-1.7560989841967,1
"quota","animals","United Kingdom",-0.00667152149985312,1.03612505294719,1
"all_male","animals","United Kingdom",0.18166354624657,1.03612505294719,1
"quota","animals","United Kingdom",-0.00667152149985312,-0.244023037838953,0
"all_male","animals","United Kingdom",-0.0951104984262013,1.03612505294719,0
"quota","animals","United Kingdom",-0.471780633919048,-0.471554824961255,0
"balanced","animals","United Kingdom",-0.00667152149985312,-0.357788931400104,1
"balanced","animals","United Kingdom",1.52670038499852,1.14989094650834,1
"quota","animals","United Kingdom",1.24992634032575,1.14989094650834,1
"balanced","animals","United Kingdom",0.18166354624657,1.03612505294719,1
"quota","animals","United Kingdom",1.06159127257932,1.14989094650834,1
"balanced","animals","United Kingdom",-0.00667152149985312,-0.357788931400104,0
"balanced","animals","United Kingdom",0.458437590919341,-0.248419106288257,1
"quota","animals","United Kingdom",-0.00667152149985312,-0.357788931400104,1
"quota","animals","United Kingdom",-0.00667152149985312,-0.357788931400104,1
"balanced","animals","United Kingdom",-0.00667152149985312,0.926755227835345,1
"quota","animals","United Kingdom",-0.00667152149985312,-0.471554824961255,0
"balanced","animals","United Kingdom",1.24992634032575,1.03612505294719,0
"balanced","animals","United Kingdom",-0.00667152149985312,-0.357788931400104,0
"all_male","animals","United Kingdom",-1.07493431557903,-0.248419106288257,0
"balanced","animals","United Kingdom",-0.00667152149985312,-0.357788931400104,1
"all_male","animals","United Kingdom",-1.3517083602518,-0.357788931400104,0
"balanced","animals","United Kingdom",-0.00667152149985312,-0.357788931400104,1
"all_male","animals","United Kingdom",-1.3517083602518,-0.357788931400104,1
"quota","animals","United Kingdom",1.24992634032575,1.14989094650834,1
"quota","animals","United Kingdom",-2.79664128982382,-3.25938279365585,0
"quota","animals","United Kingdom",-0.00667152149985312,1.03612505294719,0
"balanced","animals","United Kingdom",-0.195006589246276,-0.357788931400104,1
"balanced","animals","United Kingdom",-0.195006589246276,-0.134653212727106,0
"all_male","animals","United Kingdom",0.18166354624657,1.14989094650834,0
"balanced","animals","United Kingdom",-0.00667152149985312,-0.248419106288257,0
"quota","animals","United Kingdom",0.18166354624657,1.03612505294719,0
"quota","animals","United Kingdom",-0.195006589246276,-0.357788931400104,0
"quota","animals","United Kingdom",1.52670038499852,1.14989094650834,1
"all_male","animals","United Kingdom",-0.00667152149985312,-0.357788931400104,0
"balanced","animals","United Kingdom",1.52670038499852,-0.248419106288257,0
"all_male","animals","United Kingdom",0.18166354624657,1.03612505294719,1
"all_male","animals","United Kingdom",-0.195006589246276,-0.357788931400104,0
"quota","animals","United Kingdom",-0.00667152149985312,-0.248419106288257,1
"balanced","animals","United Kingdom",-0.560219610845396,-0.248419106288257,0
"all_male","animals","United Kingdom",-1.07493431557903,-0.248419106288257,1
"all_male","animals","United Kingdom",-0.00667152149985312,-0.248419106288257,1
"all_male","animals","United Kingdom",-1.62848240492457,-0.362184999849408,0
"all_male","animals","United Kingdom",-1.54004342799822,1.03612505294719,0
"quota","animals","United Kingdom",-0.00667152149985312,-0.357788931400104,0
"quota","animals","United Kingdom",-0.283445566172624,-0.471554824961255,0
"balanced","animals","United Kingdom",1.24992634032575,1.14989094650834,1
"all_male","animals","United Kingdom",-0.00667152149985312,1.03612505294719,0
"quota","animals","United Kingdom",-0.00667152149985312,-0.357788931400104,0
"quota","animals","United Kingdom",-1.26326938332545,-0.580924650073102,1
"balanced","animals","United Kingdom",1.24992634032575,-0.357788931400104,0
"all_male","animals","United Kingdom",-0.00667152149985312,-0.357788931400104,0
"balanced","animals","United Kingdom",0.18166354624657,-0.248419106288257,1
"quota","animals","United Kingdom",-0.195006589246276,-0.357788931400104,1
"all_male","animals","United Kingdom",-0.371884543098973,-0.248419106288257,0
"quota","animals","United Kingdom",1.24992634032575,1.03612505294719,0
"quota","animals","United Kingdom",-0.283445566172624,-0.357788931400104,0
"all_male","animals","United Kingdom",0.18166354624657,0.926755227835345,1
"balanced","animals","United Kingdom",-0.195006589246276,-0.357788931400104,1
"all_male","animals","United Kingdom",1.06159127257932,-0.357788931400104,0
"all_male","animals","United Kingdom",-0.00667152149985312,-1.64233309063555,1
"balanced","animals","United Kingdom",1.52670038499852,1.14989094650834,1
"quota","animals","United Kingdom",-0.195006589246276,-0.357788931400104,0
"quota","animals","United Kingdom",-0.00667152149985312,-0.357788931400104,1
"all_male","animals","United Kingdom",-0.283445566172624,-0.357788931400104,0
"quota","animals","United Kingdom",-0.560219610845396,-3.1544090369933,0
"quota","animals","United Kingdom",-0.283445566172624,-0.248419106288257,0
"all_male","animals","United Kingdom",1.52670038499852,-0.134653212727106,1
"all_male","animals","United Kingdom",-0.283445566172624,0.926755227835345,0
"balanced","animals","United Kingdom",-1.07493431557903,-0.362184999849408,0
"quota","animals","United Kingdom",1.06159127257932,-0.357788931400104,0
"all_male","animals","United Kingdom",-1.16337329250538,-3.04503921188146,0
"quota","animals","United Kingdom",-0.195006589246276,-0.357788931400104,1
"all_male","animals","United Kingdom",-0.00667152149985312,1.14989094650834,0
"quota","animals","United Kingdom",-0.00667152149985312,-0.357788931400104,1
"all_male","animals","United Kingdom",0.973152295652974,1.14989094650834,1
"quota","animals","United Kingdom",-0.00667152149985312,-0.357788931400104,0
"all_male","animals","United Kingdom",-0.00667152149985312,-0.357788931400104,1
"all_male","animals","United Kingdom",-1.54004342799822,-0.357788931400104,1
"quota","animals","United Kingdom",-0.00667152149985312,-0.357788931400104,1
"balanced","animals","United Kingdom",1.52670038499852,1.14989094650834,0
"all_male","animals","United Kingdom",-1.54004342799822,-1.86546880930855,1
"quota","animals","United Kingdom",0.458437590919341,-0.357788931400104,0
"all_male","animals","United Kingdom",-0.00667152149985312,-0.357788931400104,1
"balanced","animals","United Kingdom",-1.26326938332545,-1.7560989841967,0
"balanced","animals","United Kingdom",-0.00667152149985312,-0.357788931400104,0
"quota","animals","United Kingdom",1.24992634032575,-0.357788931400104,0
"quota","animals","United Kingdom",-0.00667152149985312,-0.467158756511951,0
"all_male","animals","United Kingdom",-1.07493431557903,1.14989094650834,1
"all_male","animals","United Kingdom",-0.00667152149985312,1.03612505294719,1
"all_male","animals","United Kingdom",-0.00667152149985312,1.03612505294719,1
"balanced","animals","United Kingdom",1.52670038499852,1.14989094650834,1
"all_male","animals","United Kingdom",-0.00667152149985312,-0.357788931400104,1
"all_male","animals","United Kingdom",1.24992634032575,1.14989094650834,1
"balanced","animals","United Kingdom",1.52670038499852,1.14989094650834,0
"balanced","animals","United Kingdom",-0.195006589246276,-0.357788931400104,1
"all_male","animals","United Kingdom",-0.00667152149985312,-0.357788931400104,1
"balanced","animals","United Kingdom",-0.00667152149985312,-0.471554824961255,0
"quota","animals","United Kingdom",0.18166354624657,1.03612505294719,0
"all_male","animals","United Kingdom",-1.26326938332545,-0.357788931400104,1
"all_male","animals","United Kingdom",-1.07493431557903,1.14989094650834,1
"balanced","animals","United Kingdom",-1.07493431557903,-0.580924650073102,1
"quota","animals","United Kingdom",-0.195006589246276,-0.357788931400104,0
"balanced","animals","United Kingdom",-0.00667152149985312,-0.248419106288257,1
"quota","animals","United Kingdom",-2.69674519900375,-0.475950893410559,0
"all_male","animals","United Kingdom",0.18166354624657,-0.248419106288257,0
"all_male","animals","United Kingdom",1.06159127257932,0.926755227835345,0
"balanced","animals","United Kingdom",1.06159127257932,1.03612505294719,1
"all_male","animals","United Kingdom",-0.0951104984262013,1.0405211213965,0
"quota","animals","United Kingdom",1.24992634032575,-0.248419106288257,0
"balanced","animals","United Kingdom",1.06159127257932,-0.248419106288257,0
"balanced","animals","United Kingdom",0.18166354624657,-0.357788931400104,0
"all_male","animals","United Kingdom",-0.471780633919048,-0.467158756511951,1
"balanced","animals","United Kingdom",1.06159127257932,-3.04503921188146,0
"quota","animals","United Kingdom",-0.00667152149985312,-0.248419106288257,1
"all_male","animals","United Kingdom",-0.283445566172624,-1.86546880930855,0
"quota","animals","United Kingdom",1.24992634032575,1.03612505294719,1
"quota","animals","United Kingdom",1.24992634032575,1.03612505294719,0
"quota","animals","United Kingdom",1.24992634032575,-0.357788931400104,1
"all_male","animals","United Kingdom",-0.471780633919048,-0.357788931400104,0
"all_male","animals","United Kingdom",-1.11207332476835,-1.7560989841967,0
"balanced","animals","United Kingdom",-1.26326938332545,-0.580924650073102,1
"quota","animals","United Kingdom",0.18166354624657,-0.357788931400104,0
"quota","animals","United Kingdom",-1.26326938332545,-1.86546880930855,1
"quota","animals","United Kingdom",1.24992634032575,-0.248419106288257,1
"quota","animals","United Kingdom",-0.283445566172624,-0.357788931400104,1
"all_male","animals","United Kingdom",1.24992634032575,1.14989094650834,0
"all_male","animals","United Kingdom",-1.54004342799822,-0.471554824961255,0
"all_male","animals","United Kingdom",1.24992634032575,1.14989094650834,1
"all_male","animals","United Kingdom",0.18166354624657,1.14989094650834,1
"quota","animals","United Kingdom",1.52670038499852,-3.04503921188146,0
"balanced","animals","United Kingdom",-1.3517083602518,-1.86546880930855,0
"all_male","animals","United Kingdom",-0.471780633919048,1.0405211213965,0
"all_male","animals","United Kingdom",-1.54004342799822,1.03612505294719,1
"quota","animals","United Kingdom",1.52670038499852,1.14989094650834,1
"balanced","animals","United Kingdom",-0.00667152149985312,-0.357788931400104,0
"all_male","animals","United Kingdom",0.458437590919341,1.14989094650834,1
"all_male","animals","United Kingdom",0.458437590919341,1.03612505294719,0
"quota","animals","United Kingdom",1.24992634032575,1.0405211213965,0
"all_male","animals","United Kingdom",-3.07341533449659,-1.86546880930855,0
"quota","animals","United Kingdom",0.458437590919341,1.14989094650834,0
"balanced","animals","United Kingdom",0.18166354624657,-0.248419106288257,0
"all_male","animals","United Kingdom",-1.3517083602518,1.14989094650834,1
"balanced","animals","United Kingdom",-0.00667152149985312,-1.7517029157474,0
"quota","animals","United Kingdom",-1.07493431557903,1.14989094650834,0
"all_male","animals","United Kingdom",1.52670038499852,1.14989094650834,0
"quota","animals","United Kingdom",-0.195006589246276,-0.357788931400104,1
"all_male","animals","United Kingdom",-0.00667152149985312,1.0405211213965,1
"balanced","animals","United Kingdom",0.973152295652974,1.03612505294719,1
"quota","animals","United Kingdom",1.06159127257932,1.03612505294719,1
"quota","harassment","Spain",1.34911176095941,1.10006134707428,0
"quota","harassment","Spain",-0.025616446530681,-0.404657336925848,0
"balanced","harassment","Spain",0.188387280190788,0.350143468214993,1
"quota","harassment","Spain",0.717664206616164,1.10006134707428,0
"quota","harassment","Spain",1.34911176095941,0.350143468214993,0
"quota","harassment","Spain",-0.911589415733184,-0.418628377002163,1
"all_male","harassment","Spain",-2.28631762322328,-2.67326493986158,1
"balanced","harassment","Spain",-1.07450782849572,-1.41548951088296,0
"quota","harassment","Spain",0.717664206616164,1.10006134707428,1
"all_male","harassment","Spain",-0.280141861389933,-0.157714081904339,1
"balanced","harassment","Spain",0.13730196623185,-0.157714081904339,0
"all_male","harassment","Spain",-0.911589415733184,-1.16854625586145,0
"balanced","harassment","Spain",0.300220378994381,-0.157714081904339,0
"all_male","harassment","Spain",-2.12339921046075,-1.40151847080664,0
"all_male","harassment","Spain",-0.657064000873932,0.592203796954947,1
"quota","harassment","Spain",0.13730196623185,-0.157714081904339,1
"all_male","harassment","Spain",-1.79756238493569,-2.67326493986158,0
"all_male","harassment","Spain",-1.07450782849572,-0.418628377002163,0
"balanced","harassment","Spain",1.34911176095941,1.10006134707428,1
"all_male","harassment","Spain",0.13730196623185,-0.157714081904339,0
"all_male","harassment","Spain",-1.79756238493569,1.10006134707428,1
"all_male","harassment","Spain",0.13730196623185,0.85311809205277,0
"quota","harassment","Spain",-0.025616446530681,-0.907631960763626,0
"quota","harassment","Spain",1.34911176095941,1.10006134707428,0
"balanced","harassment","Spain",0.13730196623185,-1.16854625586145,0
"balanced","harassment","Spain",-0.025616446530681,1.10006134707428,0
"balanced","harassment","Spain",0.554745793853633,-0.157714081904339,1
"all_male","harassment","Spain",-0.494145588111401,-1.41548951088296,1
"all_male","harassment","Spain",-0.657064000873932,-1.41548951088296,1
"all_male","harassment","Spain",-1.4919516561175,-1.41548951088296,0
"quota","harassment","Spain",-0.494145588111401,-0.157714081904339,1
"all_male","harassment","Spain",-0.025616446530681,-1.16854625586145,1
"quota","harassment","Spain",-0.025616446530681,-0.157714081904339,0
"all_male","harassment","Spain",-1.70595538283897,-1.41548951088296,0
"quota","harassment","Spain",-1.79756238493569,-1.93243517479705,0
"balanced","harassment","Spain",1.34911176095941,1.10006134707428,1
"quota","harassment","Spain",0.717664206616164,0.103200213193484,1
"all_male","harassment","Spain",0.931667933337632,1.10006134707428,0
"balanced","harassment","Spain",1.34911176095941,1.10006134707428,1
"quota","harassment","Spain",0.931667933337632,0.839147051976456,0
"all_male","harassment","Spain",-1.3801185573139,-0.171685121980653,1
"quota","harassment","Spain",0.13730196623185,-0.907631960763626,1
"balanced","harassment","Spain",-0.025616446530681,-1.15457521578513,1
"balanced","harassment","Spain",0.931667933337632,1.10006134707428,0
"quota","harassment","Spain",-0.443060274152464,-0.157714081904339,1
"balanced","harassment","Spain",0.13730196623185,-0.157714081904339,1
"balanced","harassment","Spain",-0.0767017604896187,-1.41548951088296,1
"quota","harassment","Spain",-0.657064000873932,-0.157714081904339,0
"quota","harassment","Spain",0.13730196623185,-0.157714081904339,0
"all_male","harassment","Spain",0.60583110781257,-0.660688705742117,1
"all_male","harassment","Spain",0.13730196623185,0.350143468214993,1
"quota","harassment","Spain",1.02327493543435,1.10006134707428,1
"quota","harassment","Spain",1.34911176095941,-0.390686296849534,1
"quota","harassment","Spain",0.300220378994381,0.350143468214993,1
"quota","harassment","Spain",-0.657064000873932,-1.41548951088296,1
"all_male","harassment","Spain",-0.860504101774246,0.839147051976456,1
"all_male","harassment","Spain",0.13730196623185,-0.157714081904339,1
"balanced","harassment","Spain",1.18619334819688,1.10006134707428,0
"balanced","harassment","Spain",0.931667933337632,1.10006134707428,0
"balanced","harassment","Spain",-1.79756238493569,-1.41548951088296,0
"all_male","harassment","Spain",-2.28631762322328,-2.42632168484007,1
"all_male","harassment","Spain",0.931667933337632,1.10006134707428,1
"quota","harassment","Spain",0.442912695050039,1.10006134707428,0
"balanced","harassment","Spain",1.34911176095941,-0.157714081904339,0
"quota","harassment","Spain",1.34911176095941,1.10006134707428,1
"quota","harassment","Spain",0.60583110781257,-0.157714081904339,1
"quota","harassment","Spain",1.34911176095941,-0.399774410644293,1
"all_male","harassment","Spain",1.34911176095941,1.10006134707428,0
"quota","harassment","Spain",-0.025616446530681,-0.157714081904339,1
"balanced","harassment","Spain",-0.117223448627402,0.345260541933438,1
"balanced","harassment","Spain",1.18619334819688,1.10006134707428,1
"quota","harassment","Spain",0.300220378994381,0.85311809205277,1
"balanced","harassment","Spain",-1.07450782849572,-0.157714081904339,1
"quota","harassment","Spain",-0.494145588111401,-0.157714081904339,1
"quota","harassment","Spain",1.34911176095941,1.10006134707428,0
"quota","harassment","Spain",-1.07450782849572,-0.157714081904339,0
"balanced","harassment","Spain",1.34911176095941,1.10006134707428,1
"all_male","harassment","Spain",1.34911176095941,1.10006134707428,0
"balanced","harassment","Spain",0.717664206616164,0.85311809205277,1
"quota","harassment","Spain",0.931667933337632,0.85311809205277,1
"balanced","harassment","Spain",0.554745793853633,0.839147051976456,1
"all_male","harassment","Spain",-1.96048079769822,-0.418628377002163,0
"all_male","harassment","Spain",-2.12339921046075,0.350143468214993,1
"all_male","harassment","Spain",-0.33122717534887,1.10006134707428,1
"balanced","harassment","Spain",0.13730196623185,-0.157714081904339,1
"all_male","harassment","Spain",0.300220378994381,-2.15143634966593,0
"quota","harassment","Spain",0.768749520575101,0.85311809205277,1
"quota","harassment","Spain",0.13730196623185,0.592203796954947,0
"balanced","harassment","Spain",-2.28631762322328,-2.67326493986158,1
"balanced","harassment","Spain",0.768749520575101,-0.157714081904339,0
"quota","harassment","Spain",1.34911176095941,1.10006134707428,1
"balanced","harassment","Spain",0.300220378994381,1.10006134707428,0
"all_male","harassment","Spain",-1.07450782849572,-1.16854625586145,1
"balanced","harassment","Spain",0.300220378994381,0.85311809205277,0
"all_male","harassment","Spain",-0.494145588111401,-1.41548951088296,0
"all_male","harassment","Spain",-0.871067727595401,-0.404657336925848,0
"all_male","harassment","Spain",-2.28631762322328,-1.41548951088296,1
"all_male","harassment","Spain",0.300220378994381,-0.157714081904339,0
"balanced","harassment","Spain",1.34911176095941,1.10006134707428,1
"all_male","harassment","Spain",1.34911176095941,1.10006134707428,0
"balanced","harassment","Spain",0.717664206616164,1.10006134707428,1
"balanced","harassment","Spain",-0.025616446530681,-0.157714081904339,1
"balanced","harassment","Spain",0.300220378994381,-0.157714081904339,0
"all_male","harassment","Spain",-1.07450782849572,-1.41548951088296,0
"balanced","harassment","Spain",0.442912695050039,-0.646717665665802,1
"balanced","harassment","Spain",-0.911589415733184,-1.41548951088296,0
"all_male","harassment","Spain",-1.3801185573139,0.350143468214993,1
"all_male","harassment","Spain",0.717664206616164,-0.157714081904339,1
"all_male","harassment","Spain",-0.657064000873932,-0.907631960763626,1
"all_male","harassment","Spain",-0.280141861389933,-1.15457521578513,0
"all_male","harassment","Spain",-0.911589415733184,-2.41235064476375,1
"balanced","harassment","Spain",1.34911176095941,0.103200213193484,0
"balanced","harassment","Spain",1.34911176095941,1.10006134707428,1
"balanced","harassment","Spain",-1.07450782849572,-1.15457521578513,0
"all_male","harassment","Spain",-1.54303697007644,-0.157714081904339,0
"all_male","harassment","Spain",-0.33122717534887,1.10006134707428,1
"all_male","harassment","Spain",0.13730196623185,-0.157714081904339,0
"quota","harassment","Spain",0.13730196623185,-0.157714081904339,1
"quota","harassment","Spain",-0.025616446530681,-0.157714081904339,0
"quota","harassment","Spain",-0.494145588111401,0.85311809205277,1
"all_male","harassment","Spain",0.717664206616164,1.10006134707428,1
"quota","harassment","Spain",-0.025616446530681,-0.157714081904339,1
"balanced","harassment","Spain",-0.025616446530681,-0.157714081904339,1
"balanced","harassment","Spain",-0.025616446530681,-0.157714081904339,0
"all_male","harassment","Spain",-0.911589415733184,-1.66243276590447,1
"balanced","harassment","Spain",0.351305692953319,0.592203796954947,1
"all_male","harassment","Spain",-1.54303697007644,1.10006134707428,1
"balanced","harassment","Spain",0.931667933337632,1.10006134707428,1
"quota","harassment","Spain",1.34911176095941,1.10006134707428,1
"balanced","harassment","Spain",1.34911176095941,-0.399774410644293,1
"quota","harassment","Spain",0.13730196623185,-0.157714081904339,1
"all_male","harassment","Spain",-0.657064000873932,0.103200213193484,0
"balanced","harassment","Spain",1.34911176095941,-0.907631960763626,1
"balanced","harassment","Spain",-0.911589415733184,-1.41548951088296,1
"all_male","harassment","Spain",-1.07450782849572,-1.15457521578513,1
"quota","harassment","Spain",-1.16611483059244,1.10006134707428,1
"quota","harassment","Spain",1.18619334819688,1.10006134707428,1
"balanced","harassment","Spain",0.931667933337632,0.103200213193484,0
"quota","harassment","Spain",-0.657064000873932,-1.15457521578513,1
"balanced","harassment","Spain",1.34911176095941,1.10006134707428,0
"all_male","harassment","Spain",0.13730196623185,1.10006134707428,0
"all_male","harassment","Spain",-0.280141861389933,1.10006134707428,0
"balanced","harassment","Spain",0.768749520575101,0.839147051976456,1
"quota","harassment","Spain",-0.657064000873932,-1.41548951088296,1
"quota","harassment","Spain",-1.28851155521718,-1.67640380598078,0
"all_male","harassment","Spain",-0.657064000873932,-0.157714081904339,1
"all_male","harassment","Spain",-1.54303697007644,-0.912514887045181,0
"quota","harassment","Spain",1.34911176095941,1.10006134707428,0
"quota","harassment","Spain",0.13730196623185,-0.157714081904339,0
"quota","harassment","Spain",1.34911176095941,1.10006134707428,1
"balanced","harassment","Spain",0.13730196623185,-0.157714081904339,1
"all_male","harassment","Spain",-0.962674729692122,-0.157714081904339,1
"all_male","harassment","Spain",0.13730196623185,-0.157714081904339,1
"all_male","harassment","Spain",-0.025616446530681,-0.157714081904339,1
"balanced","harassment","Spain",0.717664206616164,0.0983172869119289,0
"all_male","harassment","Spain",0.860356522671822,1.10006134707428,0
"balanced","harassment","Spain",1.34911176095941,1.10006134707428,0
"all_male","harassment","Spain",-1.54303697007644,1.10006134707428,0
"quota","harassment","Spain",-0.025616446530681,-0.907631960763626,1
"quota","harassment","Spain",-0.280141861389933,-0.157714081904339,0
"balanced","harassment","Spain",1.34911176095941,-0.157714081904339,1
"balanced","harassment","Spain",0.931667933337632,0.839147051976456,0
"all_male","harassment","Spain",-0.657064000873932,0.839147051976456,0
"quota","harassment","Spain",1.34911176095941,0.839147051976456,0
"all_male","harassment","Spain",-2.28631762322328,-2.67326493986158,1
"balanced","harassment","Spain",-0.657064000873932,-0.157714081904339,0
"balanced","harassment","Spain",1.34911176095941,0.350143468214993,1
"balanced","harassment","Spain",0.0862166522729123,0.839147051976456,1
"balanced","harassment","Spain",1.34911176095941,1.10006134707428,0
"balanced","harassment","Spain",-0.534667276249184,-1.89052205456811,1
"quota","harassment","Spain",-1.07450782849572,-0.157714081904339,0
"quota","harassment","Spain",-0.025616446530681,-0.157714081904339,0
"quota","harassment","Spain",-0.025616446530681,0.85311809205277,1
"balanced","harassment","Spain",-1.32903324335497,-2.67326493986158,1
"all_male","harassment","Spain",-0.280141861389933,-0.157714081904339,1
"all_male","harassment","Spain",-1.07450782849572,-1.41548951088296,1
"quota","harassment","Spain",0.13730196623185,-0.157714081904339,1
"balanced","harassment","Spain",0.860356522671822,1.10006134707428,0
"all_male","harassment","Spain",-0.33122717534887,1.10006134707428,1
"all_male","harassment","Spain",-1.07450782849572,1.10006134707428,0
"all_male","harassment","Spain",-0.494145588111401,-0.157714081904339,1
"balanced","harassment","Spain",0.931667933337632,1.10006134707428,1
"quota","harassment","Spain",0.300220378994381,0.0892291731171698,0
"balanced","harassment","Spain",-0.280141861389933,-0.157714081904339,0
"quota","harassment","Spain",1.34911176095941,1.10006134707428,0
"quota","harassment","Spain",0.717664206616164,1.10006134707428,1
"quota","harassment","Spain",0.300220378994381,-0.404657336925848,0
"balanced","harassment","Spain",-1.07450782849572,-1.14060417570882,1
"balanced","harassment","Spain",-1.79756238493569,-1.41548951088296,0
"all_male","harassment","Spain",-0.443060274152464,-0.665571632023672,1
"balanced","harassment","Spain",0.300220378994381,0.839147051976456,0
"all_male","harassment","Spain",-0.025616446530681,-0.157714081904339,0
"balanced","harassment","Spain",0.931667933337632,1.10006134707428,1
"balanced","harassment","Spain",-0.025616446530681,0.839147051976456,1
"all_male","harassment","Spain",-2.28631762322328,-2.41235064476375,1
"quota","harassment","Spain",1.34911176095941,1.10006134707428,1
"all_male","harassment","Spain",-0.443060274152464,-0.404657336925848,0
"all_male","harassment","Spain",1.02327493543435,-0.418628377002163,1
"all_male","harassment","Spain",-0.33122717534887,-1.15457521578513,0
"all_male","harassment","Spain",-0.025616446530681,-0.157714081904339,1
"all_male","harassment","Spain",-0.657064000873932,-1.41548951088296,1
"balanced","harassment","Spain",0.768749520575101,-0.404657336925848,1
"balanced","harassment","Spain",0.13730196623185,-0.157714081904339,0
"quota","harassment","Spain",0.554745793853633,0.85311809205277,1
"all_male","harassment","Spain",-0.280141861389933,-0.157714081904339,0
"balanced","harassment","Spain",-0.443060274152464,-0.418628377002163,0
"balanced","harassment","Spain",-1.07450782849572,-1.16854625586145,0
"quota","harassment","Spain",0.13730196623185,-0.157714081904339,0
"quota","harassment","Spain",1.34911176095941,1.10006134707428,1
"quota","harassment","Spain",1.34911176095941,1.10006134707428,0
"balanced","harassment","Spain",-0.025616446530681,-0.157714081904339,0
"all_male","harassment","Spain",1.34911176095941,1.10006134707428,1
"quota","harassment","Spain",-0.280141861389933,-0.157714081904339,0
"balanced","harassment","Spain",-1.8688737956015,-1.41548951088296,0
"quota","harassment","Spain",-0.911589415733184,-1.41548951088296,1
"all_male","harassment","Spain",-0.025616446530681,-0.404657336925848,1
"quota","harassment","Spain",0.717664206616164,0.85311809205277,0
"all_male","harassment","Spain",-0.443060274152464,-0.404657336925848,0
"balanced","harassment","Spain",0.860356522671822,1.10006134707428,0
"all_male","harassment","Spain",-1.28851155521718,1.10006134707428,1
"all_male","harassment","Spain",-0.025616446530681,-0.122900553290139,0
"all_male","harassment","Spain",1.18619334819688,1.10006134707428,0
"quota","harassment","Spain",-0.025616446530681,0.85311809205277,0
"all_male","harassment","Spain",-0.911589415733184,1.10006134707428,0
"balanced","harassment","Spain",0.717664206616164,-0.157714081904339,1
"quota","harassment","Spain",1.34911176095941,1.10006134707428,1
"quota","harassment","Spain",1.34911176095941,0.103200213193484,0
"all_male","harassment","Spain",0.391827381091102,1.10006134707428,1
"balanced","harassment","Spain",1.34911176095941,0.592203796954947,1
"all_male","harassment","Spain",0.351305692953319,-0.157714081904339,1
"all_male","harassment","Spain",-1.07450782849572,-0.157714081904339,1
"quota","harassment","Spain",1.34911176095941,-0.157714081904339,0
"quota","harassment","Spain",-0.025616446530681,-0.157714081904339,0
"all_male","harassment","Spain",-2.12339921046075,-0.157714081904339,0
"quota","harassment","Spain",-0.280141861389933,-0.907631960763626,1
"balanced","harassment","Spain",-0.545230902070339,1.10006134707428,1
"balanced","harassment","Spain",0.554745793853633,1.10006134707428,1
"balanced","harassment","Spain",-0.657064000873932,1.10006134707428,1
"quota","harassment","Spain",0.931667933337632,1.10006134707428,1
"all_male","harassment","Spain",-0.025616446530681,-0.418628377002163,1
"all_male","harassment","Spain",0.554745793853633,0.0892291731171698,0
"quota","harassment","Spain",0.768749520575101,0.85311809205277,1
"balanced","harassment","Spain",0.768749520575101,1.10006134707428,0
"quota","harassment","Spain",0.13730196623185,-1.41548951088296,1
"balanced","harassment","Spain",-0.280141861389933,-0.418628377002163,0
"balanced","harassment","Spain",-0.025616446530681,-0.157714081904339,1
"quota","harassment","Spain",-0.33122717534887,-0.665571632023672,1
"all_male","harassment","Spain",-0.025616446530681,1.10006134707428,0
"quota","harassment","Spain",-0.697585689011715,-2.16540738974225,1
"balanced","harassment","Spain",1.02327493543435,1.10006134707428,1
"balanced","harassment","Spain",-0.657064000873932,-1.40151847080664,0
"balanced","harassment","Spain",-0.911589415733184,-1.15457521578513,1
"balanced","harassment","Spain",0.717664206616164,0.85311809205277,1
"quota","harassment","Spain",-0.911589415733184,-1.41548951088296,0
"all_male","harassment","Spain",0.13730196623185,-0.157714081904339,1
"all_male","harassment","Spain",-0.025616446530681,-0.157714081904339,1
"all_male","harassment","Spain",-2.12339921046075,-0.157714081904339,1
"quota","harassment","Spain",1.34911176095941,1.10006134707428,1
"quota","harassment","Spain",-2.28631762322328,-2.41235064476375,1
"all_male","harassment","Spain",-0.494145588111401,-0.157714081904339,0
"quota","harassment","Spain",0.0894324862374562,0.226100766483623,1
"quota","harassment","Spain",-0.280141861389933,-0.157714081904339,1
"all_male","harassment","Spain",0.554745793853633,-0.157714081904339,1
"all_male","harassment","Spain",-1.65487006888003,0.578232756878633,0
"balanced","harassment","Spain",1.34911176095941,0.592203796954947,1
"all_male","harassment","Spain",-0.657064000873932,-0.404657336925848,1
"all_male","harassment","Spain",-0.657064000873932,-1.93243517479705,1
"balanced","harassment","Spain",0.931667933337632,1.10006134707428,0
"quota","harassment","Spain",-1.07450782849572,-1.15457521578513,1
"all_male","harassment","Spain",1.18619334819688,-0.157714081904339,0
"quota","harassment","Spain",1.34911176095941,1.10006134707428,0
"all_male","harassment","Spain",1.04535565958009e-17,-6.766169750915e-17,0
"balanced","harassment","Spain",0.931667933337632,1.10006134707428,1
"balanced","harassment","Spain",0.13730196623185,-0.665571632023672,0
"balanced","harassment","Spain",0.931667933337632,1.10006134707428,0
"balanced","harassment","Spain",-0.025616446530681,0.839147051976456,0
"all_male","harassment","Spain",-0.280141861389933,-0.157714081904339,0
"balanced","harassment","Spain",0.300220378994381,-1.15457521578513,1
"all_male","harassment","Spain",-1.07450782849572,-0.157714081904339,1
"balanced","harassment","Spain",0.60583110781257,0.592203796954947,1
"quota","harassment","Spain",0.717664206616164,1.10006134707428,0
"balanced","harassment","Spain",-2.28631762322328,-2.41235064476375,0
"all_male","harassment","Spain",0.13730196623185,-0.157714081904339,0
"all_male","harassment","Spain",-0.657064000873932,0.350143468214993,1
"all_male","harassment","Spain",-1.70595538283897,-0.418628377002163,0
"quota","harassment","Spain",1.34911176095941,1.10006134707428,1
"all_male","harassment","Spain",0.300220378994381,0.592203796954947,0
"balanced","harassment","Spain",-0.280141861389933,0.85311809205277,1
"balanced","harassment","Spain",1.34911176095941,1.10006134707428,1
"balanced","harassment","Spain",0.13730196623185,-0.157714081904339,0
"quota","harassment","Spain",1.34911176095941,0.85311809205277,1
"balanced","harassment","Spain",0.300220378994381,-0.157714081904339,0
"quota","harassment","Spain",0.13730196623185,0.103200213193484,1
"quota","harassment","Spain",-0.911589415733184,-1.41548951088296,1
"quota","harassment","Spain",-0.443060274152464,-0.404657336925848,1
"balanced","harassment","Spain",0.931667933337632,1.10006134707428,1
"balanced","harassment","Spain",0.13730196623185,-0.404657336925848,0
"all_male","harassment","Spain",-0.657064000873932,-0.418628377002163,1
"quota","harassment","Spain",0.768749520575101,0.85311809205277,0
"balanced","harassment","Spain",0.13730196623185,-0.157714081904339,1
"all_male","harassment","Spain",-0.697585689011715,-0.157714081904339,0
"all_male","harassment","Spain",-1.03398614035793,-2.67326493986158,0
"quota","harassment","Spain",0.717664206616164,1.10006134707428,1
"all_male","harassment","Spain",-0.657064000873932,-1.41548951088296,0
"balanced","harassment","Spain",-0.025616446530681,0.839147051976456,0
"quota","harassment","Spain",0.13730196623185,-0.157714081904339,1
"quota","harassment","Spain",-0.280141861389933,-0.157714081904339,1
"balanced","harassment","Spain",1.34911176095941,1.10006134707428,0
"quota","harassment","Spain",0.768749520575101,1.10006134707428,1
"balanced","harassment","Spain",0.13730196623185,-0.157714081904339,0
"all_male","harassment","Spain",-0.657064000873932,-1.41548951088296,0
"balanced","harassment","Spain",0.60583110781257,-0.418628377002163,0
"balanced","harassment","Spain",0.0967802780940669,1.10006134707428,1
"quota","harassment","Spain",1.34911176095941,1.10006134707428,0
"all_male","harassment","Spain",-2.28631762322328,-2.67326493986158,0
"balanced","harassment","Spain",0.13730196623185,0.103200213193484,0
"all_male","harassment","Spain",-0.657064000873932,-0.157714081904339,1
"balanced","harassment","Spain",-0.657064000873932,-0.665571632023672,0
"quota","harassment","Spain",-0.748671002970653,-1.41548951088296,1
"all_male","harassment","Spain",-0.911589415733184,-1.41548951088296,0
"quota","harassment","Spain",-0.657064000873932,-1.15457521578513,1
"balanced","harassment","Spain",1.34911176095941,1.10006134707428,0
"balanced","harassment","Spain",0.13730196623185,1.10006134707428,1
"all_male","harassment","Spain",-1.28851155521718,-0.157714081904339,0
"all_male","harassment","Spain",-2.28631762322328,-2.67326493986158,1
"all_male","harassment","Spain",-2.28631762322328,-0.418628377002163,0
"all_male","harassment","Spain",-1.3801185573139,1.10006134707428,0
"balanced","harassment","Spain",1.34911176095941,1.10006134707428,1
"quota","harassment","Spain",0.13730196623185,-1.15457521578513,1
"all_male","harassment","Spain",-1.4919516561175,-2.42632168484007,1
"all_male","harassment","Spain",-1.3801185573139,-0.157714081904339,0
"all_male","harassment","Spain",-0.025616446530681,-0.157714081904339,1
"all_male","harassment","Spain",-0.911589415733184,-1.41548951088296,0
"balanced","harassment","Spain",0.768749520575101,-0.157714081904339,0
"all_male","harassment","Spain",-0.494145588111401,-0.157714081904339,0
"quota","harassment","Spain",0.931667933337632,1.10006134707428,1
"quota","harassment","Spain",0.13730196623185,-0.660688705742117,1
"quota","harassment","Spain",-0.025616446530681,-0.157714081904339,0
"balanced","harassment","Spain",1.34911176095941,-1.15457521578513,1
"balanced","harassment","Spain",1.34911176095941,1.10006134707428,0
"balanced","harassment","Spain",1.34911176095941,1.10006134707428,1
"balanced","harassment","Spain",0.10016922977195,-0.157714081904339,1
"all_male","harassment","Spain",-1.79756238493569,-2.67326493986158,1
"all_male","harassment","Spain",-0.025616446530681,-0.418628377002163,1
"quota","harassment","Spain",0.931667933337632,0.839147051976456,0
"all_male","harassment","Spain",-0.911589415733184,-0.157714081904339,0
"quota","harassment","Spain",-1.07450782849572,-1.41548951088296,1
"balanced","harassment","Spain",1.34911176095941,1.10006134707428,0
"balanced","harassment","Spain",-0.494145588111401,-2.16540738974225,1
"quota","harassment","Spain",1.34911176095941,0.839147051976456,1
"balanced","harassment","Spain",-0.748671002970653,-1.15457521578513,0
"balanced","harassment","Spain",-0.443060274152464,-1.41548951088296,0
"all_male","harassment","Spain",-1.54303697007644,1.10006134707428,1
"quota","harassment","Spain",0.13730196623185,-0.157714081904339,1
"all_male","harassment","Spain",-1.16611483059244,-1.66243276590447,1
"balanced","harassment","Spain",1.34911176095941,1.10006134707428,1
"quota","harassment","Spain",-1.79756238493569,-2.67326493986158,0
"quota","harassment","Spain",0.554745793853633,0.85311809205277,0
"quota","harassment","Spain",-1.03398614035793,0.31731846178081,0
"quota","harassment","Spain",-1.96048079769822,0.103200213193484,1
"balanced","harassment","Spain",0.300220378994381,-0.157714081904339,0
"all_male","harassment","Spain",-2.12339921046075,0.592203796954947,1
"all_male","harassment","Spain",-0.280141861389933,-0.157714081904339,1
"balanced","harassment","Spain",0.13730196623185,-0.157714081904339,0
"all_male","harassment","Spain",-0.280141861389933,-0.157714081904339,1
"quota","harassment","Spain",0.860356522671822,1.10006134707428,0
"all_male","harassment","Spain",-0.025616446530681,-0.157714081904339,1
"all_male","harassment","Spain",0.768749520575101,-0.157714081904339,0
"quota","harassment","Spain",1.34911176095941,1.10006134707428,1
"quota","harassment","Spain",0.768749520575101,1.10006134707428,1
"all_male","harassment","Spain",0.60583110781257,1.10006134707428,1
"all_male","harassment","Spain",-0.025616446530681,-0.157714081904339,1
"balanced","harassment","Spain",0.13730196623185,-0.157714081904339,0
"quota","harassment","Spain",-0.280141861389933,-1.41548951088296,1
"balanced","harassment","Spain",0.931667933337632,-1.16854625586145,0
"quota","harassment","Spain",-1.03398614035793,-2.67326493986158,0
"balanced","harassment","Spain",1.34911176095941,1.10006134707428,0
"all_male","harassment","Spain",0.931667933337632,-0.157714081904339,1
"quota","harassment","Spain",0.13730196623185,-0.157714081904339,0
"all_male","harassment","Spain",-0.748671002970653,0.0892291731171698,0
"balanced","harassment","Spain",-0.025616446530681,-0.418628377002163,0
"all_male","harassment","Spain",-2.28631762322328,-2.67326493986158,0
"balanced","harassment","Spain",0.554745793853633,1.10006134707428,1
"all_male","harassment","Spain",-1.07450782849572,-1.41548951088296,1
"all_male","harassment","Spain",-1.07450782849572,-1.16854625586145,0
"quota","harassment","Spain",1.34911176095941,1.10006134707428,0
"balanced","harassment","Spain",1.34911176095941,0.592203796954947,0
"balanced","harassment","Spain",-0.657064000873932,0.578232756878633,0
"all_male","harassment","Spain",1.34911176095941,1.10006134707428,0
"quota","harassment","Spain",1.34911176095941,1.10006134707428,0
"all_male","harassment","Spain",-1.28851155521718,-0.157714081904339,1
"quota","harassment","Spain",-0.280141861389933,-0.157714081904339,0
"all_male","harassment","Spain",-0.280141861389933,0.0892291731171698,0
"balanced","harassment","Spain",1.34911176095941,-0.157714081904339,0
"all_male","harassment","Spain",-1.65487006888003,0.839147051976456,1
"balanced","harassment","Spain",-0.025616446530681,0.85311809205277,0
"balanced","harassment","Spain",0.13730196623185,0.85311809205277,0
"balanced","harassment","Spain",-0.025616446530681,-0.157714081904339,1
"all_male","harassment","Spain",-1.28851155521718,0.85311809205277,1
"all_male","harassment","Spain",0.860356522671822,1.10006134707428,1
"balanced","harassment","Spain",0.931667933337632,0.85311809205277,0
"quota","harassment","Spain",1.34911176095941,1.10006134707428,1
"all_male","harassment","Spain",-0.494145588111401,-0.907631960763626,1
"balanced","harassment","Spain",1.34911176095941,1.10006134707428,1
"quota","harassment","Spain",0.717664206616164,1.10006134707428,1
"quota","harassment","Spain",1.04535565958009e-17,-6.766169750915e-17,1
"all_male","harassment","Spain",-1.28851155521718,-0.907631960763626,0
"all_male","harassment","Spain",-0.605978686914995,-0.157714081904339,1
"quota","harassment","Spain",1.34911176095941,1.10006134707428,0
"all_male","harassment","Spain",-1.45142996797971,-0.157714081904339,0
"quota","harassment","Spain",-0.025616446530681,-0.404657336925848,0
"quota","harassment","Spain",0.13730196623185,-0.157714081904339,0
"quota","harassment","Spain",-0.657064000873932,-0.404657336925848,1
"quota","harassment","Spain",1.34911176095941,1.10006134707428,1
"all_male","harassment","Spain",-0.443060274152464,-0.157714081904339,1
"all_male","harassment","Spain",0.60583110781257,-0.157714081904339,1
"all_male","harassment","Spain",-0.70814931483287,0.0983172869119289,1
"quota","harassment","Spain",-0.657064000873932,-0.418628377002163,0
"quota","harassment","Spain",0.13730196623185,-0.157714081904339,0
"balanced","harassment","Spain",1.34911176095941,1.10006134707428,1
"all_male","harassment","Spain",-1.96048079769822,-0.157714081904339,1
"balanced","harassment","Spain",-0.025616446530681,-0.157714081904339,0
"quota","harassment","Spain",-0.280141861389933,-1.16854625586145,1
"all_male","harassment","Spain",-1.4919516561175,-0.157714081904339,1
"all_male","harassment","Spain",-1.70595538283897,-0.157714081904339,1
"balanced","harassment","Spain",1.34911176095941,1.10006134707428,0
"balanced","harassment","Spain",0.13730196623185,-0.157714081904339,1
"quota","harassment","Spain",1.34911176095941,1.10006134707428,1
"quota","harassment","Spain",0.13730196623185,-0.157714081904339,1
"balanced","harassment","Spain",-0.657064000873932,0.331289501857124,0
"all_male","harassment","Spain",-0.657064000873932,-1.15457521578513,0
"all_male","harassment","Spain",-1.28851155521718,-0.157714081904339,1
"all_male","harassment","Spain",-2.12339921046075,-2.67326493986158,0
"all_male","harassment","Spain",-0.025616446530681,-0.157714081904339,0
"all_male","harassment","Spain",-0.657064000873932,-0.157714081904339,0
"all_male","harassment","Spain",0.300220378994381,0.839147051976456,0
"balanced","harassment","Spain",-0.911589415733184,-0.418628377002163,0
"quota","harassment","Spain",1.34911176095941,1.10006134707428,0
"all_male","harassment","Spain",-0.025616446530681,-0.404657336925848,1
"quota","harassment","Spain",1.34911176095941,1.10006134707428,1
"all_male","harassment","Spain",-0.657064000873932,0.0892291731171698,0
"all_male","harassment","Spain",0.717664206616164,-1.41548951088296,0
"balanced","harassment","Spain",-0.443060274152464,0.839147051976456,1
"balanced","harassment","Spain",-0.911589415733184,-0.157714081904339,1
"all_male","harassment","Spain",-0.025616446530681,-0.157714081904339,1
"quota","harassment","Spain",0.300220378994381,-0.404657336925848,0
"quota","harassment","Spain",0.768749520575101,0.103200213193484,1
"quota","harassment","Spain",0.768749520575101,0.103200213193484,1
"balanced","harassment","Spain",-0.911589415733184,-1.16854625586145,1
"quota","harassment","Spain",-0.657064000873932,0.103200213193484,1
"quota","harassment","Spain",0.717664206616164,1.10006134707428,1
"all_male","harassment","Spain",0.717664206616164,1.10006134707428,0
"all_male","harassment","Spain",-2.28631762322328,-2.67326493986158,1
"balanced","harassment","Spain",1.02327493543435,0.85311809205277,1
"balanced","harassment","Spain",0.13730196623185,-0.157714081904339,0
"balanced","harassment","Spain",1.34911176095941,1.10006134707428,0
"all_male","harassment","Spain",-0.657064000873932,-0.157714081904339,1
"balanced","harassment","Spain",0.300220378994381,0.85311809205277,1
"quota","harassment","Spain",1.34911176095941,1.10006134707428,1
"quota","harassment","Spain",-0.911589415733184,-1.15457521578513,0
"balanced","harassment","Spain",-1.07450782849572,-0.665571632023672,1
"balanced","harassment","Spain",0.13730196623185,-0.157714081904339,0
"balanced","harassment","Spain",1.34911176095941,0.85311809205277,0
"quota","harassment","Spain",-0.443060274152464,-0.404657336925848,1
"quota","harassment","Spain",0.717664206616164,-0.157714081904339,0
"quota","harassment","Spain",-0.911589415733184,-1.41548951088296,0
"balanced","harassment","Spain",0.768749520575101,-0.157714081904339,0
"quota","harassment","Spain",1.34911176095941,0.0892291731171698,1
"balanced","harassment","Spain",0.60583110781257,1.10006134707428,1
"quota","harassment","Spain",-0.025616446530681,-0.157714081904339,0
"quota","harassment","Spain",0.717664206616164,1.10006134707428,0
"balanced","harassment","Spain",-0.911589415733184,-1.41548951088296,0
"all_male","harassment","Spain",-1.70595538283897,-1.16854625586145,0
"all_male","harassment","Spain",0.717664206616164,1.10006134707428,1
"quota","harassment","Spain",0.717664206616164,1.10006134707428,0
"balanced","harassment","Spain",-0.443060274152464,-1.15457521578513,0
"quota","harassment","Spain",0.300220378994381,-0.907631960763626,1
"balanced","harassment","Spain",0.717664206616164,0.85311809205277,1
"balanced","harassment","Spain",0.300220378994381,-0.157714081904339,1
"balanced","harassment","Spain",-0.534667276249184,-2.67326493986158,0
"balanced","harassment","Spain",1.34911176095941,1.10006134707428,0
"all_male","harassment","Spain",0.0862166522729123,1.10006134707428,0
"all_male","harassment","Spain",-0.494145588111401,1.10006134707428,0
"quota","harassment","Spain",0.768749520575101,1.10006134707428,1
"balanced","harassment","Spain",0.13730196623185,-0.157714081904339,0
"all_male","harassment","Spain",0.554745793853633,1.10006134707428,1
"quota","harassment","Spain",1.34911176095941,1.10006134707428,0
"all_male","harassment","Spain",-1.45142996797971,-1.41548951088296,1
"all_male","harassment","Spain",-1.70595538283897,-1.41548951088296,1
"quota","harassment","Spain",1.34911176095941,1.10006134707428,1
"balanced","harassment","Spain",1.34911176095941,1.10006134707428,1
"balanced","harassment","Spain",0.931667933337632,0.839147051976456,0
"quota","harassment","Spain",1.34911176095941,1.10006134707428,0
"balanced","harassment","Spain",1.34911176095941,1.10006134707428,0
"balanced","harassment","Spain",-1.4919516561175,0.359231582009752,0
"balanced","harassment","Spain",-1.07450782849572,-1.41548951088296,1
"quota","harassment","Spain",1.34911176095941,1.10006134707428,1
"all_male","harassment","Spain",0.442912695050039,1.10006134707428,1
"balanced","harassment","Spain",1.34911176095941,1.10006134707428,1
"all_male","harassment","Spain",-1.07450782849572,-1.41548951088296,0
"balanced","harassment","Spain",-0.657064000873932,-0.665571632023672,1
"all_male","harassment","Spain",0.13730196623185,1.10006134707428,1
"balanced","harassment","Spain",1.34911176095941,1.10006134707428,0
"quota","harassment","Spain",-0.025616446530681,-0.157714081904339,1
"balanced","harassment","Spain",0.391827381091102,1.10006134707428,1
"quota","harassment","Spain",1.34911176095941,1.10006134707428,1
"balanced","harassment","Spain",0.931667933337632,1.10006134707428,0
"quota","harassment","Spain",0.13730196623185,-0.157714081904339,0
"quota","harassment","Spain",0.228908968328571,-2.67326493986158,1
"quota","harassment","Spain",0.13730196623185,-0.157714081904339,1
"balanced","harassment","Spain",-0.025616446530681,-1.41548951088296,1
"all_male","harassment","Spain",-1.07450782849572,-1.41548951088296,1
"balanced","harassment","Spain",0.768749520575101,-0.157714081904339,1
"quota","harassment","Spain",-0.911589415733184,-1.15457521578513,1
"all_male","harassment","Spain",-0.494145588111401,1.10006134707428,0
"quota","harassment","Spain",1.04535565958009e-17,-6.766169750915e-17,0
"quota","harassment","Spain",-0.025616446530681,-1.67640380598078,1
"balanced","harassment","Spain",-0.025616446530681,-0.157714081904339,1
"all_male","harassment","Spain",-1.3801185573139,-0.157714081904339,1
"all_male","harassment","Spain",0.0862166522729123,1.10006134707428,1
"balanced","harassment","Spain",-0.534667276249184,-0.157714081904339,0
"all_male","harassment","Spain",-1.70595538283897,-1.41548951088296,1
"quota","harassment","Spain",1.34911176095941,1.10006134707428,0
"balanced","harassment","Spain",0.768749520575101,-1.41548951088296,0
"quota","harassment","Spain",-0.025616446530681,-0.157714081904339,1
"balanced","harassment","Spain",0.300220378994381,0.103200213193484,1
"all_male","harassment","Spain",0.931667933337632,1.10006134707428,0
"balanced","harassment","Spain",1.34911176095941,1.10006134707428,1
"quota","harassment","Spain",-0.280141861389933,-0.157714081904339,1
"balanced","harassment","Spain",0.13730196623185,0.839147051976456,0
"quota","harassment","Spain",-1.07450782849572,-1.41548951088296,1
"all_male","harassment","Spain",-1.79756238493569,-2.67326493986158,1
"all_male","harassment","Spain",-0.33122717534887,-0.157714081904339,0
"quota","harassment","Spain",-0.911589415733184,-0.418628377002163,1
"all_male","harassment","Spain",-0.025616446530681,-0.157714081904339,1
"balanced","harassment","Spain",0.931667933337632,1.10006134707428,1
"balanced","harassment","Spain",-0.025616446530681,-1.15457521578513,0
"all_male","harassment","Spain",0.300220378994381,0.0892291731171698,0
"balanced","harassment","Spain",-0.025616446530681,-0.404657336925848,0
"balanced","harassment","Spain",1.34911176095941,1.10006134707428,0
"balanced","harassment","Spain",1.34911176095941,1.10006134707428,0
"quota","harassment","Spain",-0.025616446530681,-0.157714081904339,0
"all_male","harassment","Spain",-0.911589415733184,-1.14060417570882,0
"all_male","harassment","Spain",0.768749520575101,1.10006134707428,1
"quota","harassment","Spain",0.13730196623185,-0.157714081904339,0
"quota","harassment","Spain",0.13730196623185,-0.157714081904339,1
"quota","harassment","Spain",-1.07450782849572,-1.16854625586145,1
"quota","harassment","Spain",0.13730196623185,1.10006134707428,0
"quota","harassment","Spain",1.34911176095941,1.10006134707428,1
"balanced","harassment","Spain",1.34911176095941,1.10006134707428,1
"quota","harassment","Spain",0.300220378994381,1.10006134707428,1
"balanced","harassment","Spain",-0.025616446530681,0.85311809205277,0
"balanced","harassment","Spain",1.34911176095941,1.10006134707428,1
"balanced","harassment","Spain",-0.025616446530681,-0.157714081904339,0
"quota","harassment","Spain",-0.025616446530681,-0.157714081904339,1
"balanced","harassment","Spain",0.717664206616164,0.103200213193484,0
"balanced","harassment","Spain",0.13730196623185,-0.157714081904339,0
"all_male","harassment","Spain",-1.70595538283897,-1.67640380598078,0
"all_male","harassment","Spain",1.34911176095941,-1.15457521578513,1
"balanced","harassment","Spain",0.300220378994381,-0.157714081904339,0
"balanced","harassment","Spain",0.554745793853633,-0.157714081904339,0
"quota","harassment","Spain",-0.657064000873932,-0.157714081904339,1
"balanced","harassment","Spain",1.34911176095941,0.839147051976456,0
"balanced","harassment","Spain",-0.025616446530681,-0.157714081904339,0
"all_male","harassment","Spain",-1.96048079769822,-2.67326493986158,0
"balanced","harassment","Spain",-0.025616446530681,-0.157714081904339,1
"all_male","harassment","Spain",-0.025616446530681,-0.157714081904339,0
"all_male","harassment","Spain",-1.07450782849572,1.10006134707428,1
"balanced","harassment","Spain",0.931667933337632,0.85311809205277,1
"balanced","harassment","Spain",-1.07450782849572,-1.41548951088296,0
"balanced","harassment","Spain",1.34911176095941,1.10006134707428,1
"all_male","harassment","Spain",-1.07450782849572,-0.404657336925848,0
"all_male","harassment","Spain",-0.025616446530681,-0.418628377002163,1
"balanced","harassment","Spain",1.34911176095941,1.10006134707428,0
"balanced","harassment","Spain",0.554745793853633,1.10006134707428,0
"balanced","harassment","Spain",1.34911176095941,1.10006134707428,0
"all_male","harassment","Spain",0.60583110781257,1.10006134707428,1
"quota","harassment","Spain",-0.025616446530681,-0.157714081904339,0
"quota","harassment","Spain",0.13730196623185,-0.157714081904339,1
"balanced","harassment","Spain",0.13730196623185,1.10006134707428,1
"all_male","harassment","Spain",-0.33122717534887,1.10006134707428,0
"all_male","harassment","Spain",-0.117223448627402,1.10006134707428,1
"balanced","harassment","Spain",-0.025616446530681,-0.157714081904339,1
"all_male","harassment","Spain",-2.12339921046075,-0.157714081904339,1
"all_male","harassment","Spain",-1.45142996797971,-0.157714081904339,0
"all_male","harassment","Spain",0.717664206616164,1.10006134707428,1
"balanced","harassment","Spain",-0.443060274152464,-0.157714081904339,0
"balanced","harassment","Spain",0.931667933337632,0.103200213193484,0
"all_male","harassment","Spain",-2.12339921046075,-0.157714081904339,1
"all_male","harassment","Spain",-2.28631762322328,-1.16854625586145,1
"quota","harassment","Spain",-1.07450782849572,-0.404657336925848,0
"balanced","harassment","Spain",-0.025616446530681,-0.157714081904339,0
"quota","harassment","Spain",-0.025616446530681,-0.907631960763626,0
"all_male","harassment","Spain",-0.025616446530681,-0.418628377002163,0
"all_male","harassment","Spain",-1.3801185573139,1.10006134707428,1
"all_male","harassment","Spain",-1.54303697007644,-0.907631960763626,1
"quota","harassment","Spain",-0.911589415733184,-0.157714081904339,0
"quota","harassment","Spain",-2.28631762322328,-1.41548951088296,0
"quota","harassment","Spain",1.34911176095941,1.10006134707428,1
"all_male","harassment","Spain",0.13730196623185,1.10006134707428,1
"balanced","harassment","Spain",0.860356522671822,1.10006134707428,0
"quota","harassment","Spain",1.34911176095941,1.10006134707428,1
"quota","harassment","Spain",0.860356522671822,0.839147051976456,0
"quota","harassment","Spain",0.717664206616164,-0.157714081904339,0
"quota","harassment","Spain",-0.443060274152464,0.0892291731171698,1
"balanced","harassment","Spain",-1.54303697007644,-2.67326493986158,0
"balanced","harassment","Spain",1.34911176095941,-0.157714081904339,1
"balanced","harassment","Spain",0.351305692953319,-0.157714081904339,0
"quota","harassment","Spain",1.34911176095941,1.10006134707428,0
"quota","harassment","Spain",1.18619334819688,0.592203796954947,1
"balanced","harassment","Spain",1.34911176095941,0.592203796954947,1
"all_male","harassment","Spain",-0.025616446530681,-0.157714081904339,0
"quota","harassment","Spain",0.13730196623185,0.0892291731171698,1
"quota","harassment","Spain",0.300220378994381,0.350143468214993,1
"balanced","harassment","Spain",-0.494145588111401,-0.157714081904339,0
"all_male","harassment","Spain",-0.911589415733184,-0.171685121980653,1
"quota","harassment","Spain",0.13730196623185,-1.41548951088296,0
"all_male","harassment","Spain",-2.12339921046075,0.103200213193484,1
"balanced","harassment","Spain",0.13730196623185,-0.157714081904339,0
"all_male","harassment","Spain",-1.28851155521718,0.0892291731171698,0
"quota","harassment","Spain",-0.443060274152464,-1.16854625586145,1
"quota","harassment","Spain",0.931667933337632,1.10006134707428,1
"all_male","harassment","Spain",-0.280141861389933,-0.157714081904339,0
"quota","harassment","Spain",-2.28631762322328,-0.651600591947358,1
"quota","harassment","Spain",0.391827381091102,-0.660688705742117,1
"quota","harassment","Spain",-0.025616446530681,-0.157714081904339,1
"quota","harassment","Spain",1.34911176095941,1.10006134707428,1
"all_male","harassment","Spain",-0.280141861389933,-0.157714081904339,1
"all_male","harassment","Spain",-1.07450782849572,-0.157714081904339,0
"quota","harassment","Spain",1.34911176095941,1.10006134707428,0
"all_male","harassment","Spain",-0.911589415733184,-0.157714081904339,0
"quota","harassment","Spain",0.300220378994381,0.592203796954947,0
"all_male","harassment","Spain",-1.3801185573139,1.10006134707428,0
"quota","harassment","Spain",0.60583110781257,0.350143468214993,0
"balanced","harassment","Spain",1.34911176095941,1.10006134707428,1
"balanced","harassment","Spain",1.34911176095941,-0.651600591947358,1
"quota","harassment","Spain",0.391827381091102,-0.171685121980653,1
"balanced","harassment","Spain",0.931667933337632,1.10006134707428,0
"quota","harassment","Spain",-0.911589415733184,-1.41548951088296,1
"quota","harassment","Spain",-0.494145588111401,-1.16854625586145,1
"all_male","harassment","Spain",0.931667933337632,1.10006134707428,1
"quota","harassment","Spain",-0.025616446530681,-0.157714081904339,1
"balanced","harassment","Spain",0.860356522671822,1.10006134707428,0
"all_male","harassment","Spain",-1.07450782849572,-1.41548951088296,0
"balanced","harassment","Spain",-0.657064000873932,-0.157714081904339,1
"all_male","harassment","Spain",-0.025616446530681,-0.157714081904339,1
"all_male","harassment","Spain",-1.54303697007644,-0.157714081904339,1
"balanced","harassment","Spain",1.34911176095941,1.10006134707428,0
"quota","harassment","Spain",-0.23962017325215,1.10006134707428,0
"quota","harassment","Spain",1.34911176095941,1.10006134707428,0
"all_male","harassment","Spain",0.931667933337632,1.10006134707428,0
"balanced","harassment","Spain",1.34911176095941,1.10006134707428,0
"balanced","harassment","Spain",1.18619334819688,-0.157714081904339,0
"all_male","harassment","Spain",-0.911589415733184,-1.41548951088296,0
"balanced","harassment","Spain",-0.025616446530681,-0.157714081904339,1
"quota","harassment","Spain",1.34911176095941,1.10006134707428,0
"balanced","harassment","Spain",1.34911176095941,1.10006134707428,0
"quota","harassment","Spain",1.34911176095941,1.10006134707428,0
"quota","harassment","Spain",-0.911589415733184,-1.15457521578513,1
"quota","harassment","Spain",1.34911176095941,1.10006134707428,1
"all_male","harassment","Spain",0.300220378994381,0.0892291731171698,1
"quota","harassment","Spain",1.34911176095941,1.10006134707428,0
"quota","harassment","Spain",-0.443060274152464,-0.157714081904339,0
"all_male","harassment","Spain",-1.28851155521718,-0.907631960763626,0
"balanced","harassment","Spain",0.13730196623185,0.103200213193484,0
"quota","harassment","Spain",-0.280141861389933,-0.157714081904339,1
"balanced","harassment","Spain",1.34911176095941,1.10006134707428,0
"balanced","harassment","Spain",-0.443060274152464,-0.157714081904339,1
"all_male","harassment","Spain",-1.70595538283897,-0.157714081904339,1
"all_male","harassment","Spain",-2.28631762322328,-1.41548951088296,1
"quota","harassment","Spain",1.34911176095941,1.10006134707428,0
"quota","harassment","Spain",0.13730196623185,1.10006134707428,1
"quota","harassment","Spain",1.34911176095941,1.10006134707428,1
"balanced","harassment","Spain",1.34911176095941,0.839147051976456,1
"balanced","harassment","Spain",0.51422410571585,1.10006134707428,0
"balanced","harassment","Spain",0.51422410571585,0.839147051976456,0
"all_male","harassment","Spain",-0.911589415733184,-0.418628377002163,0
"quota","harassment","Spain",-0.657064000873932,-1.41548951088296,0
"all_male","harassment","Spain",-2.28631762322328,-0.157714081904339,0
"quota","harassment","Spain",-0.911589415733184,-0.665571632023672,0
"quota","harassment","Spain",0.300220378994381,-0.157714081904339,1
"balanced","harassment","Spain",-1.65487006888003,-2.67326493986158,1
"quota","harassment","Spain",-1.07450782849572,-1.41548951088296,1
"balanced","harassment","Spain",1.18619334819688,1.10006134707428,0
"balanced","harassment","Spain",-0.911589415733184,-0.122900553290139,1
"quota","harassment","Spain",-2.28631762322328,-2.15143634966593,0
"all_male","harassment","Spain",-0.494145588111401,0.839147051976456,1
"all_male","harassment","Spain",1.34911176095941,0.0703752067593006,0
"all_male","harassment","Spain",-0.025616446530681,-0.157714081904339,0
"quota","harassment","Spain",1.34911176095941,1.10006134707428,1
"quota","harassment","Spain",0.300220378994381,0.839147051976456,0
"balanced","harassment","Spain",1.34911176095941,0.0983172869119289,0
"all_male","harassment","Spain",-1.70595538283897,-0.171685121980653,1
"quota","harassment","Spain",-0.280141861389933,-0.404657336925848,1
"balanced","harassment","Spain",0.13730196623185,1.10006134707428,1
"all_male","harassment","Spain",-0.443060274152464,-1.41548951088296,1
"quota","harassment","Spain",1.18619334819688,1.10006134707428,1
"quota","harassment","Spain",-2.28631762322328,-2.67326493986158,0
"all_male","harassment","Spain",1.18619334819688,1.10006134707428,0
"quota","harassment","Spain",1.34911176095941,1.10006134707428,1
"balanced","harassment","Spain",0.300220378994381,0.85311809205277,0
"all_male","harassment","Spain",-0.657064000873932,1.10006134707428,0
"balanced","animals","Spain",-0.0740674918458487,0.0244685419170307,1
"balanced","animals","Spain",0.119473985876824,-0.0755377236755569,1
"balanced","animals","Spain",0.938009170156505,-0.191148533195711,1
"all_male","animals","Spain",-1.41138014573235,-2.5392231136215,1
"quota","animals","Spain",-1.60492162345502,-0.191148533195711,1
"all_male","animals","Spain",0.313015463599496,-0.191148533195711,1
"balanced","animals","Spain",-0.0740674918458487,-0.191148533195711,0
"all_male","animals","Spain",-0.0740674918458487,0.982888757017182,1
"quota","animals","Spain",-1.99200457890036,-0.191148533195711,0
"balanced","animals","Spain",1.41241736637433,1.09849956653734,1
"quota","animals","Spain",-2.27287129739552,-2.77044473266181,1
"balanced","animals","Spain",1.41241736637433,1.09849956653734,1
"balanced","animals","Spain",-1.17346939462068,-1.48079663292876,1
"balanced","animals","Spain",-0.0108072222791475,1.09849956653734,0
"quota","animals","Spain",0.831792933206313,1.09849956653734,1
"quota","animals","Spain",0.270059496216006,0.76727168190444,0
"all_male","animals","Spain",0.119473985876824,-1.03395793877571,1
"balanced","animals","Spain",-0.0740674918458487,-0.191148533195711,0
"all_male","animals","Spain",-0.354934210341002,-1.26517955781602,0
"balanced","animals","Spain",1.41241736637433,1.09849956653734,1
"balanced","animals","Spain",-0.699061198402857,-1.3651858234086,0
"quota","animals","Spain",0.119473985876824,-0.191148533195711,0
"balanced","animals","Spain",1.41241736637433,-1.26517955781602,0
"quota","animals","Spain",-2.27679300754892e-16,-8.41729600767482e-17,0
"all_male","animals","Spain",-1.88578834195017,-0.191148533195711,1
"all_male","animals","Spain",-0.979927916898011,-2.65483392314165,1
"quota","animals","Spain",0.787423659817322,-0.191148533195711,1
"all_male","animals","Spain",0.206799226649305,1.09849956653734,0
"all_male","animals","Spain",-0.979927916898011,0.76727168190444,0
"balanced","animals","Spain",0.313015463599496,0.0244685419170307,0
"balanced","animals","Spain",0.119473985876824,-0.191148533195711,1
"all_male","animals","Spain",1.21887588865166,-2.12359350732358,1
"balanced","animals","Spain",-0.699061198402857,1.09849956653734,0
"all_male","animals","Spain",-1.17346939462068,-2.43921684802891,0
"quota","animals","Spain",-0.0740674918458487,-0.191148533195711,1
"balanced","animals","Spain",0.313015463599496,0.982888757017182,1
"quota","animals","Spain",1.21887588865166,1.09849956653734,0
"quota","animals","Spain",-0.0740674918458487,0.76727168190444,1
"balanced","animals","Spain",0.59388218209465,-0.191148533195711,1
"quota","animals","Spain",-0.0740674918458487,-0.191148533195711,0
"all_male","animals","Spain",0.313015463599496,0.76727168190444,0
"all_male","animals","Spain",-0.505519720680185,-1.14956874829586,0
"balanced","animals","Spain",0.119473985876824,-0.191148533195711,1
"quota","animals","Spain",-0.311978242957512,-2.65483392314165,1
"quota","animals","Spain",-0.699061198402857,-0.522376417828607,1
"quota","animals","Spain",-0.354934210341002,-0.0755377236755569,0
"balanced","animals","Spain",1.41241736637433,1.09849956653734,0
"quota","animals","Spain",1.41241736637433,0.982888757017182,0
"all_male","animals","Spain",0.0765180184933337,-1.48079663292876,1
"quota","animals","Spain",-0.699061198402857,-1.14956874829586,1
"quota","animals","Spain",0.119473985876824,0.982888757017182,1
"all_male","animals","Spain",-1.17346939462068,-0.191148533195711,1
"balanced","animals","Spain",-0.0740674918458487,-0.191148533195711,0
"balanced","animals","Spain",0.744467692433832,0.0244685419170307,0
"balanced","animals","Spain",1.41241736637433,1.09849956653734,0
"quota","animals","Spain",-0.0740674918458487,-0.191148533195711,0
"all_male","animals","Spain",0.787423659817322,-0.191148533195711,1
"all_male","animals","Spain",-0.462563753296695,1.09849956653734,1
"all_male","animals","Spain",-1.17346939462068,-2.65483392314165,1
"balanced","animals","Spain",1.41241736637433,0.751667137976873,0
"all_male","animals","Spain",-0.548475688063675,0.0244685419170307,1
"balanced","animals","Spain",-0.16139273261833,-0.191148533195711,0
"all_male","animals","Spain",-1.79846310117769,0.0244685419170307,0
"all_male","animals","Spain",-1.45433611311584,0.867277947497027,0
"quota","animals","Spain",1.41241736637433,1.09849956653734,1
"quota","animals","Spain",0.119473985876824,-1.48079663292876,0
"quota","animals","Spain",-0.0740674918458487,-0.191148533195711,0
"all_male","animals","Spain",-2.46641277511819,1.09849956653734,0
"balanced","animals","Spain",-0.311978242957512,0.982888757017182,0
"all_male","animals","Spain",-0.311978242957512,-2.2079952289886,0
"balanced","animals","Spain",0.119473985876824,-1.14956874829586,1
"all_male","animals","Spain",-0.354934210341002,-0.406765608308453,0
"quota","animals","Spain",0.119473985876824,-0.191148533195711,1
"all_male","animals","Spain",-2.27287129739552,-1.48079663292876,1
"balanced","animals","Spain",0.119473985876824,-0.191148533195711,1
"balanced","animals","Spain",0.119473985876824,-0.191148533195711,0
"quota","animals","Spain",-0.354934210341002,-2.33921058243632,0
"quota","animals","Spain",0.313015463599496,0.0244685419170307,1
"all_male","animals","Spain",-1.79846310117769,0.45164834119911,1
"all_male","animals","Spain",-0.548475688063675,0.76727168190444,1
"balanced","animals","Spain",0.313015463599496,0.982888757017182,0
"balanced","animals","Spain",1.41241736637433,1.09849956653734,0
"all_male","animals","Spain",-0.979927916898011,-0.191148533195711,0
"balanced","animals","Spain",-0.0740674918458487,-0.191148533195711,1
"balanced","animals","Spain",0.787423659817322,1.09849956653734,0
"quota","animals","Spain",-0.354934210341002,-0.306759342715866,0
"all_male","animals","Spain",-2.46641277511819,-0.42237015223602,1
"quota","animals","Spain",0.59388218209465,-0.191148533195711,1
"quota","animals","Spain",-0.354934210341002,-0.191148533195711,1
"quota","animals","Spain",-0.699061198402857,-0.191148533195711,1
"balanced","animals","Spain",0.119473985876824,-0.191148533195711,1
"all_male","animals","Spain",-1.17346939462068,0.982888757017182,0
"quota","animals","Spain",0.162429953260314,-0.306759342715866,0
"balanced","animals","Spain",1.41241736637433,1.09849956653734,0
"all_male","animals","Spain",-0.0740674918458487,1.09849956653734,0
"all_male","animals","Spain",1.41241736637433,1.09849956653734,1
"all_male","animals","Spain",-0.699061198402857,-1.26517955781602,0
"balanced","animals","Spain",-0.0740674918458487,-0.191148533195711,1
"quota","animals","Spain",0.787423659817322,-0.191148533195711,0
"quota","animals","Spain",0.119473985876824,-1.26517955781602,1
"quota","animals","Spain",1.41241736637433,0.982888757017182,1
"all_male","animals","Spain",-0.699061198402857,1.09849956653734,0
"quota","animals","Spain",-0.0740674918458487,0.0244685419170307,1
"balanced","animals","Spain",1.41241736637433,1.09849956653734,0
"all_male","animals","Spain",-0.699061198402857,-0.191148533195711,1
"quota","animals","Spain",0.787423659817322,0.882882491424594,0
"quota","animals","Spain",0.744467692433832,0.982888757017182,1
"all_male","animals","Spain",1.41241736637433,1.09849956653734,1
"all_male","animals","Spain",-1.17346939462068,-1.48079663292876,1
"quota","animals","Spain",-2.07932981967284,-0.637987227348762,1
"balanced","animals","Spain",-0.0740674918458487,-0.191148533195711,0
"balanced","animals","Spain",0.787423659817322,-0.291154798788299,1
"all_male","animals","Spain",-0.354934210341002,1.09849956653734,0
"balanced","animals","Spain",-0.0740674918458487,-1.26517955781602,0
"balanced","animals","Spain",0.119473985876824,1.09849956653734,0
"all_male","animals","Spain",0.119473985876824,-0.191148533195711,0
"all_male","animals","Spain",-2.27679300754892e-16,-8.41729600767482e-17,0
"quota","animals","Spain",0.313015463599496,-0.191148533195711,0
"all_male","animals","Spain",-1.60492162345502,1.09849956653734,0
"all_male","animals","Spain",-0.548475688063675,0.882882491424594,1
"balanced","animals","Spain",1.02533441092899,0.882882491424594,0
"all_male","animals","Spain",1.41241736637433,1.09849956653734,1
"balanced","animals","Spain",0.119473985876824,-1.3651858234086,1
"all_male","animals","Spain",-1.17346939462068,-1.3651858234086,0
"quota","animals","Spain",-0.699061198402857,-0.93395167318312,0
"all_male","animals","Spain",-1.26079463539316,-0.0755377236755569,0
"all_male","animals","Spain",0.787423659817322,0.76727168190444,0
"all_male","animals","Spain",-1.79846310117769,-1.26517955781602,1
"balanced","animals","Spain",0.119473985876824,-0.191148533195711,1
"quota","animals","Spain",0.119473985876824,-0.191148533195711,0
"balanced","animals","Spain",0.787423659817322,0.76727168190444,1
"quota","animals","Spain",1.41241736637433,1.09849956653734,0
"quota","animals","Spain",1.41241736637433,-0.191148533195711,1
"all_male","animals","Spain",0.119473985876824,-0.191148533195711,0
"balanced","animals","Spain",-0.0740674918458487,-0.191148533195711,0
"all_male","animals","Spain",-2.46641277511819,0.0244685419170307,1
"all_male","animals","Spain",-0.0740674918458487,-0.191148533195711,0
"balanced","animals","Spain",-0.548475688063675,-0.191148533195711,0
"all_male","animals","Spain",-0.979927916898011,-1.48079663292876,1
"all_male","animals","Spain",-2.46641277511819,-1.48079663292876,1
"all_male","animals","Spain",1.41241736637433,1.09849956653734,1
"balanced","animals","Spain",-0.699061198402857,-0.191148533195711,1
"balanced","animals","Spain",0.119473985876824,-0.191148533195711,0
"quota","animals","Spain",0.938009170156505,1.09849956653734,1
"all_male","animals","Spain",-0.979927916898011,-1.48079663292876,1
"quota","animals","Spain",-1.60492162345502,-2.77044473266181,1
"quota","animals","Spain",1.41241736637433,1.09849956653734,0
"balanced","animals","Spain",0.787423659817322,-0.306759342715866,1
"all_male","animals","Spain",-1.51759638268254,-2.43921684802891,1
"quota","animals","Spain",0.119473985876824,-0.191148533195711,1
"quota","animals","Spain",-0.0108072222791475,1.09849956653734,1
"quota","animals","Spain",1.41241736637433,1.09849956653734,0
"balanced","animals","Spain",0.313015463599496,-0.191148533195711,0
"quota","animals","Spain",-0.0740674918458487,-0.191148533195711,0
"balanced","animals","Spain",-1.64787759083851,-0.737993492941349,1
"quota","animals","Spain",0.119473985876824,0.0244685419170307,1
"balanced","animals","Spain",0.787423659817322,1.09849956653734,0
"balanced","animals","Spain",-0.0740674918458487,-0.191148533195711,0
"quota","animals","Spain",0.787423659817322,-1.3651858234086,1
"balanced","animals","Spain",-0.979927916898011,-0.191148533195711,1
"balanced","animals","Spain",0.787423659817322,-1.26517955781602,0
"balanced","animals","Spain",0.313015463599496,-0.0755377236755569,0
"all_male","animals","Spain",0.357384736988487,1.09849956653734,1
"quota","animals","Spain",-0.0108072222791475,1.09849956653734,0
"quota","animals","Spain",-0.548475688063675,-0.191148533195711,0
"quota","animals","Spain",-0.505519720680185,-1.6964137080415,1
"balanced","animals","Spain",0.938009170156505,0.982888757017182,0
"all_male","animals","Spain",1.41241736637433,1.09849956653734,0
"balanced","animals","Spain",1.41241736637433,0.140079351437185,0
"all_male","animals","Spain",-1.17346939462068,-0.191148533195711,0
"quota","animals","Spain",-0.829342406558828,-0.191148533195711,1
"all_male","animals","Spain",-0.548475688063675,-1.48079663292876,0
"balanced","animals","Spain",0.938009170156505,1.09849956653734,0
"balanced","animals","Spain",1.41241736637433,1.09849956653734,1
"all_male","animals","Spain",1.41241736637433,0.76727168190444,0
"balanced","animals","Spain",-0.979927916898011,-1.48079663292876,0
"balanced","animals","Spain",1.41241736637433,1.09849956653734,1
"all_male","animals","Spain",0.119473985876824,-0.191148533195711,0
"all_male","animals","Spain",-0.354934210341002,-0.191148533195711,1
"quota","animals","Spain",1.41241736637433,1.09849956653734,0
"balanced","animals","Spain",-1.17346939462068,-1.48079663292876,0
"balanced","animals","Spain",-0.267608969568521,-2.33921058243632,0
"all_male","animals","Spain",-0.0740674918458487,-0.191148533195711,0
"quota","animals","Spain",1.41241736637433,1.09849956653734,1
"quota","animals","Spain",-0.0740674918458487,0.982888757017182,1
"quota","animals","Spain",1.41241736637433,1.09849956653734,0
"all_male","animals","Spain",-0.548475688063675,-0.191148533195711,0
"all_male","animals","Spain",-1.17346939462068,-1.14956874829586,1
"all_male","animals","Spain",0.313015463599496,-0.191148533195711,0
"quota","animals","Spain",0.938009170156505,0.76727168190444,1
"all_male","animals","Spain",-0.979927916898011,-1.48079663292876,1
"balanced","animals","Spain",0.313015463599496,0.982888757017182,1
"balanced","animals","Spain",-0.0740674918458487,-0.191148533195711,0
"quota","animals","Spain",0.119473985876824,-0.191148533195711,0
"quota","animals","Spain",-0.397890177724492,-1.04956248270327,1
"balanced","animals","Spain",-0.354934210341002,-0.191148533195711,1
"all_male","animals","Spain",-0.0740674918458487,-0.191148533195711,0
"all_male","animals","Spain",-1.17346939462068,-0.306759342715866,0
"balanced","animals","Spain",-0.354934210341002,-0.191148533195711,1
"balanced","animals","Spain",-0.0740674918458487,-0.191148533195711,1
"quota","animals","Spain",-0.0740674918458487,0.882882491424594,1
"balanced","animals","Spain",0.744467692433832,-0.0755377236755569,0
"all_male","animals","Spain",-2.27287129739552,-0.191148533195711,0
"all_male","animals","Spain",0.119473985876824,0.76727168190444,1
"balanced","animals","Spain",1.41241736637433,1.09849956653734,1
"balanced","animals","Spain",0.119473985876824,-0.191148533195711,0
"all_male","animals","Spain",0.313015463599496,1.09849956653734,1
"all_male","animals","Spain",-0.699061198402857,-1.14956874829586,0
"all_male","animals","Spain",1.41241736637433,1.09849956653734,0
"balanced","animals","Spain",0.119473985876824,-0.191148533195711,1
"quota","animals","Spain",1.41241736637433,1.09849956653734,0
"quota","animals","Spain",-0.354934210341002,-0.191148533195711,0
"all_male","animals","Spain",-1.17346939462068,-1.48079663292876,0
"balanced","animals","Spain",0.938009170156505,1.09849956653734,1
"balanced","animals","Spain",0.119473985876824,0.982888757017182,0
"quota","animals","Spain",-0.0740674918458487,0.0244685419170307,1
"balanced","animals","Spain",0.357384736988487,-0.191148533195711,1
"quota","animals","Spain",0.938009170156505,1.09849956653734,1
"all_male","animals","Spain",-0.224653002185031,-0.406765608308453,1
"quota","animals","Spain",1.41241736637433,-0.191148533195711,1
"quota","animals","Spain",0.787423659817322,0.982888757017182,0
"quota","animals","Spain",-1.0228838842815,-0.191148533195711,0
"balanced","animals","Spain",0.787423659817322,0.651660872384285,1
"quota","animals","Spain",1.41241736637433,1.09849956653734,0
"all_male","animals","Spain",0.938009170156505,1.09849956653734,0
"all_male","animals","Spain",-0.0740674918458487,-0.406765608308453,0
"all_male","animals","Spain",-1.88578834195017,-2.77044473266181,0
"all_male","animals","Spain",-1.17346939462068,-0.306759342715866,1
"quota","animals","Spain",1.41241736637433,1.09849956653734,0
"quota","animals","Spain",-0.0740674918458487,-0.306759342715866,1
"quota","animals","Spain",-0.0108072222791475,-0.191148533195711,0
"all_male","animals","Spain",0.313015463599496,-0.42237015223602,1
"all_male","animals","Spain",0.463600973938679,1.09849956653734,1
"balanced","animals","Spain",1.41241736637433,0.867277947497027,1
"balanced","animals","Spain",-1.64787759083851,-0.42237015223602,0
"quota","animals","Spain",1.41241736637433,0.982888757017182,0
"balanced","animals","Spain",0.59388218209465,-0.191148533195711,1
"all_male","animals","Spain",-1.60492162345502,-1.38079036733617,1
"all_male","animals","Spain",-0.979927916898011,-0.191148533195711,0
"balanced","animals","Spain",0.59388218209465,-0.191148533195711,0
"all_male","animals","Spain",-1.41138014573235,-0.191148533195711,1
"all_male","animals","Spain",-1.79846310117769,-0.191148533195711,1
"balanced","animals","Spain",1.41241736637433,1.09849956653734,1
"balanced","animals","Spain",0.831792933206313,1.09849956653734,1
"quota","animals","Spain",0.119473985876824,-0.191148533195711,1
"quota","animals","Spain",0.119473985876824,1.09849956653734,0
"balanced","animals","Spain",-0.0740674918458487,-1.14956874829586,0
"balanced","animals","Spain",-2.27679300754892e-16,-1.22594837079694,0
"quota","animals","Spain",1.41241736637433,1.09849956653734,0
"quota","animals","Spain",-0.354934210341002,-0.191148533195711,1
"quota","animals","Spain",-0.548475688063675,-0.191148533195711,1
"all_male","animals","Spain",0.313015463599496,0.982888757017182,1
"all_male","animals","Spain",-0.505519720680185,0.982888757017182,1
"quota","animals","Spain",-0.267608969568521,-0.191148533195711,0
"balanced","animals","Spain",0.787423659817322,0.882882491424594,0
"balanced","animals","Spain",-1.64787759083851,-1.38079036733617,1
"balanced","animals","Spain",0.313015463599496,-1.48079663292876,0
"all_male","animals","Spain",0.313015463599496,-0.191148533195711,0
"quota","animals","Spain",1.41241736637433,1.09849956653734,1
"all_male","animals","Spain",-0.979927916898011,-0.306759342715866,0
"all_male","animals","Spain",-0.311978242957512,-1.04956248270327,1
"all_male","animals","Spain",-1.84141906856118,-0.406765608308453,0
"all_male","animals","Spain",-0.462563753296695,1.09849956653734,1
"all_male","animals","Spain",-0.0740674918458487,-0.191148533195711,1
"balanced","animals","Spain",-1.45433611311584,-1.48079663292876,0
"all_male","animals","Spain",-0.354934210341002,-0.191148533195711,1
"balanced","animals","Spain",0.313015463599496,0.982888757017182,1
"quota","animals","Spain",-1.17346939462068,-0.306759342715866,0
"balanced","animals","Spain",0.119473985876824,-2.33921058243632,0
"all_male","animals","Spain",0.313015463599496,0.882882491424594,0
"quota","animals","Spain",0.162429953260314,-1.48079663292876,0
"balanced","animals","Spain",1.41241736637433,0.982888757017182,0
"all_male","animals","Spain",-0.0740674918458487,-0.191148533195711,1
"balanced","animals","Spain",1.41241736637433,1.09849956653734,0
"quota","animals","Spain",1.41241736637433,1.09849956653734,0
"quota","animals","Spain",0.119473985876824,0.76727168190444,1
"all_male","animals","Spain",-0.0740674918458487,-1.48079663292876,0
"balanced","animals","Spain",1.41241736637433,0.76727168190444,1
"balanced","animals","Spain",-0.699061198402857,-1.48079663292876,0
"quota","animals","Spain",0.787423659817322,0.867277947497027,1
"balanced","animals","Spain",0.463600973938679,0.982888757017182,1
"quota","animals","Spain",0.831792933206313,1.09849956653734,0
"quota","animals","Spain",1.41241736637433,0.982888757017182,1
"quota","animals","Spain",0.313015463599496,-0.191148533195711,1
"balanced","animals","Spain",0.55092621471116,0.751667137976873,1
"balanced","animals","Spain",-0.979927916898011,-1.48079663292876,0
"all_male","animals","Spain",-0.979927916898011,1.09849956653734,1
"all_male","animals","Spain",0.787423659817322,1.09849956653734,1
"balanced","animals","Spain",-1.13051342723719,-2.77044473266181,0
"all_male","animals","Spain",-1.79846310117769,-1.48079663292876,0
"quota","animals","Spain",-0.979927916898011,-1.48079663292876,1
"balanced","animals","Spain",1.41241736637433,0.76727168190444,0
"balanced","animals","Spain",1.41241736637433,0.982888757017182,0
"balanced","animals","Spain",0.119473985876824,1.09849956653734,1
"quota","animals","Spain",-0.0740674918458487,-2.5392231136215,1
"all_male","animals","Spain",-0.505519720680185,0.982888757017182,0
"balanced","animals","Spain",-0.354934210341002,-0.191148533195711,0
"quota","animals","Spain",0.787423659817322,-2.77044473266181,0
"balanced","animals","Spain",0.787423659817322,-0.191148533195711,1
"balanced","animals","Spain",1.21887588865166,1.09849956653734,0
"quota","animals","Spain",0.744467692433832,0.982888757017182,0
"balanced","animals","Spain",1.41241736637433,1.09849956653734,0
"all_male","animals","Spain",0.119473985876824,0.882882491424594,1
"all_male","animals","Spain",-0.354934210341002,-0.191148533195711,0
"balanced","animals","Spain",0.313015463599496,0.982888757017182,0
"all_male","animals","Spain",0.119473985876824,-0.191148533195711,0
"all_male","animals","Spain",-1.36701087234336,-0.406765608308453,0
"all_male","animals","Spain",-0.0740674918458487,-0.191148533195711,1
"all_male","animals","Spain",-2.27287129739552,1.09849956653734,0
"balanced","animals","Spain",-0.979927916898011,-1.48079663292876,0
"balanced","animals","Spain",1.41241736637433,1.09849956653734,0
"quota","animals","Spain",-0.0740674918458487,-0.191148533195711,1
"all_male","animals","Spain",-1.17346939462068,-0.191148533195711,0
"all_male","animals","Spain",0.119473985876824,0.140079351437185,1
"all_male","animals","Spain",-0.979927916898011,-1.48079663292876,1
"quota","animals","Spain",0.938009170156505,1.09849956653734,1
"balanced","animals","Spain",-1.41138014573235,-0.406765608308453,1
"quota","animals","Spain",0.119473985876824,-0.191148533195711,0
"all_male","animals","Spain",-0.979927916898011,-1.59640744244891,0
"all_male","animals","Spain",-0.699061198402857,-0.191148533195711,0
"quota","animals","Spain",-1.64787759083851,-0.737993492941349,1
"quota","animals","Spain",1.41241736637433,1.09849956653734,0
"all_male","animals","Spain",-0.267608969568521,-0.191148533195711,0
"quota","animals","Spain",-0.786386439175338,0.982888757017182,1
"all_male","animals","Spain",-0.267608969568521,-0.191148533195711,1
"balanced","animals","Spain",1.41241736637433,1.09849956653734,0
"quota","animals","Spain",-0.0740674918458487,-0.191148533195711,1
"quota","animals","Spain",0.59388218209465,-2.43921684802891,0
"quota","animals","Spain",-1.17346939462068,0.982888757017182,0
"balanced","animals","Spain",-0.699061198402857,-0.522376417828607,1
"quota","animals","Spain",-0.354934210341002,-0.522376417828607,0
"all_male","animals","Spain",-0.462563753296695,-0.191148533195711,1
"all_male","animals","Spain",0.119473985876824,-0.191148533195711,0
"quota","animals","Spain",0.938009170156505,1.09849956653734,1
"quota","animals","Spain",1.41241736637433,1.09849956653734,1
"quota","animals","Spain",1.41241736637433,1.09849956653734,1
"all_male","animals","Spain",1.41241736637433,1.09849956653734,0
"balanced","animals","Spain",1.21887588865166,0.76727168190444,1
"quota","animals","Spain",-0.0740674918458487,-0.191148533195711,0
"all_male","animals","Spain",1.41241736637433,1.09849956653734,1
"quota","animals","Spain",-0.699061198402857,-1.3651858234086,1
"balanced","animals","Spain",-1.17346939462068,-1.26517955781602,0
"all_male","animals","Spain",-1.79846310117769,-1.48079663292876,1
"quota","animals","Spain",1.41241736637433,1.09849956653734,0
"all_male","animals","Spain",-2.46641277511819,-1.48079663292876,0
"all_male","animals","Spain",-0.354934210341002,-0.191148533195711,1
"all_male","animals","Spain",-0.224653002185031,-1.14956874829586,1
"all_male","animals","Spain",0.119473985876824,0.751667137976873,0
"balanced","animals","Spain",-2.27287129739552,-0.191148533195711,0
"balanced","animals","Spain",0.744467692433832,0.0244685419170307,1
"quota","animals","Spain",1.41241736637433,1.09849956653734,0
"balanced","animals","Spain",1.41241736637433,1.09849956653734,1
"balanced","animals","Spain",0.55092621471116,1.09849956653734,0
"all_male","animals","Spain",-2.46641277511819,1.09849956653734,0
"balanced","animals","Spain",0.313015463599496,0.982888757017182,0
"balanced","animals","Spain",0.313015463599496,-1.26517955781602,0
"quota","animals","Spain",0.831792933206313,1.09849956653734,1
"quota","animals","Spain",-0.0108072222791475,0.651660872384285,0
"quota","animals","Spain",1.21887588865166,-0.0911422676031237,0
"quota","animals","Spain",0.463600973938679,0.982888757017182,1
"all_male","animals","Spain",-0.0740674918458487,1.09849956653734,0
"quota","animals","Spain",1.41241736637433,1.09849956653734,0
"balanced","animals","Spain",1.41241736637433,1.09849956653734,1
"all_male","animals","Spain",-1.88578834195017,-2.77044473266181,0
"quota","animals","Spain",1.41241736637433,1.09849956653734,0
"balanced","animals","Spain",1.41241736637433,0.982888757017182,1
"all_male","animals","Spain",-0.354934210341002,-0.306759342715866,1
"all_male","animals","Spain",-0.0740674918458487,-0.191148533195711,0
"all_male","animals","Spain",-0.699061198402857,-0.406765608308453,0
"balanced","animals","Spain",0.744467692433832,0.0244685419170307,0
"all_male","animals","Spain",1.41241736637433,0.982888757017182,0
"all_male","animals","Spain",-1.17346939462068,-1.26517955781602,1
"quota","animals","Spain",1.41241736637433,0.0244685419170307,0
"balanced","animals","Spain",0.119473985876824,-0.42237015223602,0
"quota","animals","Spain",0.119473985876824,-0.191148533195711,0
"all_male","animals","Spain",0.119473985876824,-0.191148533195711,1
"all_male","animals","Spain",-0.0740674918458487,-0.191148533195711,0
"quota","animals","Spain",-0.0740674918458487,-0.191148533195711,0
"all_male","animals","Spain",-0.979927916898011,-1.48079663292876,0
"all_male","animals","Spain",1.21887588865166,0.0244685419170307,1
"balanced","animals","Spain",-0.635800928836156,0.982888757017182,0
"quota","animals","Spain",0.938009170156505,1.09849956653734,1
"quota","animals","Spain",0.119473985876824,-0.191148533195711,1
"quota","animals","Spain",0.247462962768086,-0.191148533195711,1
"all_male","animals","Spain",-0.311978242957512,-0.191148533195711,0
"balanced","animals","Spain",0.119473985876824,-0.191148533195711,0
"quota","animals","Spain",-0.699061198402857,-0.306759342715866,1
"all_male","animals","Spain",-1.32405490495987,0.76727168190444,1
"all_male","animals","Spain",-0.0740674918458487,-0.191148533195711,0
"quota","animals","Spain",0.119473985876824,-0.191148533195711,1
"balanced","animals","Spain",-0.979927916898011,-1.26517955781602,0
"quota","animals","Spain",1.41241736637433,1.09849956653734,0
"balanced","animals","Spain",-0.0740674918458487,-0.191148533195711,0
"all_male","animals","Spain",1.41241736637433,1.09849956653734,1
"all_male","animals","Spain",-1.26079463539316,-1.48079663292876,1
"all_male","animals","Spain",-0.354934210341002,-0.191148533195711,1
"quota","animals","Spain",1.41241736637433,0.0244685419170307,0
"quota","animals","Spain",1.41241736637433,1.09849956653734,1
"balanced","animals","Spain",-0.0740674918458487,0.0244685419170307,0
"all_male","animals","Spain",-0.979927916898011,-0.191148533195711,1
"all_male","animals","Spain",-0.0740674918458487,-0.191148533195711,0
"quota","animals","Spain",0.744467692433832,-0.191148533195711,1
"all_male","animals","Spain",-1.17346939462068,-0.191148533195711,0
"quota","animals","Spain",0.119473985876824,-1.26517955781602,0
"all_male","animals","Spain",-0.786386439175338,0.867277947497027,0
"quota","animals","Spain",1.41241736637433,1.09849956653734,0
"all_male","animals","Spain",-0.0740674918458487,-0.191148533195711,0
"balanced","animals","Spain",0.313015463599496,-1.38079036733617,0
"quota","animals","Spain",-0.699061198402857,-1.14956874829586,1
"balanced","animals","Spain",0.313015463599496,-0.191148533195711,1
"balanced","animals","Spain",-0.979927916898011,-0.406765608308453,0
"balanced","animals","Spain",-0.505519720680185,-1.58080289852135,0
"balanced","animals","Spain",0.787423659817322,0.982888757017182,1
"balanced","animals","Spain",1.41241736637433,0.882882491424594,1
"quota","animals","Spain",-0.0740674918458487,-0.191148533195711,0
"balanced","animals","Spain",1.41241736637433,-1.24957501388845,1
"balanced","animals","Spain",-0.354934210341002,0.982888757017182,1
"quota","animals","Spain",0.744467692433832,-0.191148533195711,1
"all_male","animals","Spain",-0.548475688063675,-0.191148533195711,1
"all_male","animals","Spain",-0.699061198402857,0.982888757017182,1
"all_male","animals","Spain",-0.699061198402857,-1.48079663292876,1
"all_male","animals","Spain",-0.0740674918458487,-0.191148533195711,1
"all_male","animals","Spain",-0.0740674918458487,1.09849956653734,1
"all_male","animals","Spain",-0.786386439175338,-0.191148533195711,0
"quota","animals","Spain",-0.0740674918458487,-0.191148533195711,0
"quota","animals","Spain",0.313015463599496,-0.191148533195711,0
"quota","animals","Spain",0.787423659817322,1.09849956653734,0
"balanced","animals","Spain",1.41241736637433,1.09849956653734,1
"balanced","animals","Spain",0.119473985876824,1.09849956653734,0
"all_male","animals","Spain",0.206799226649305,1.09849956653734,1
"all_male","animals","Spain",-0.786386439175338,0.882882491424594,0
"all_male","animals","Spain",0.119473985876824,-0.191148533195711,1
"all_male","animals","Spain",-0.548475688063675,-1.48079663292876,1
"balanced","animals","Spain",0.938009170156505,1.09849956653734,0
"balanced","animals","Spain",0.787423659817322,0.882882491424594,1
"quota","animals","Spain",-0.0740674918458487,-0.191148533195711,0
"all_male","animals","Spain",-1.88578834195017,1.09849956653734,1
"quota","animals","Spain",0.313015463599496,-0.191148533195711,1
"all_male","animals","Spain",-0.979927916898011,-1.48079663292876,0
"quota","animals","Spain",-0.0740674918458487,-0.191148533195711,1
"quota","animals","Spain",-0.224653002185031,0.982888757017182,1
"quota","animals","Spain",1.41241736637433,1.09849956653734,0
"balanced","animals","Spain",0.119473985876824,-0.191148533195711,1
"all_male","animals","Spain",0.162429953260314,1.09849956653734,0
"quota","animals","Spain",-2.46641277511819,0.751667137976873,0
"quota","animals","Spain",0.270059496216006,0.536050062864131,0
"balanced","animals","Spain",-0.0740674918458487,0.882882491424594,0
"quota","animals","Spain",-0.979927916898011,-0.306759342715866,1
"quota","animals","Spain",0.744467692433832,1.09849956653734,0
"all_male","animals","Spain",-0.0740674918458487,-0.191148533195711,1
"balanced","animals","Spain",-0.267608969568521,1.09849956653734,0
"balanced","animals","Spain",1.41241736637433,0.0244685419170307,0
"quota","animals","Spain",1.41241736637433,1.09849956653734,1
"quota","animals","Spain",-0.354934210341002,-0.191148533195711,0
"all_male","animals","Spain",-0.0740674918458487,-0.291154798788299,0
"quota","animals","Spain",1.41241736637433,1.09849956653734,1
"all_male","animals","Spain",-2.46641277511819,1.09849956653734,0
"all_male","animals","Spain",-1.79846310117769,-0.191148533195711,1
"balanced","animals","Spain",0.119473985876824,-0.191148533195711,0
"quota","animals","Spain",0.119473985876824,-0.191148533195711,0
"balanced","animals","Spain",1.41241736637433,1.09849956653734,1
"all_male","animals","Spain",-1.79846310117769,0.982888757017182,0
"all_male","animals","Spain",-1.17346939462068,-1.26517955781602,1
"all_male","animals","Spain",-0.0740674918458487,-0.191148533195711,1
"balanced","animals","Spain",-0.0740674918458487,-0.191148533195711,0
"quota","animals","Spain",-0.699061198402857,-1.3651858234086,0
"balanced","animals","Spain",0.162429953260314,0.651660872384285,1
"balanced","animals","Spain",0.831792933206313,1.09849956653734,1
"balanced","animals","Spain",0.119473985876824,-0.191148533195711,1
"balanced","animals","Spain",0.119473985876824,1.09849956653734,1
"balanced","animals","Spain",0.119473985876824,-0.191148533195711,0
"balanced","animals","Spain",0.119473985876824,-0.191148533195711,0
"all_male","animals","Spain",-0.354934210341002,-0.191148533195711,1
"balanced","animals","Spain",0.119473985876824,-0.306759342715866,0
"balanced","animals","Spain",-0.0740674918458487,-0.191148533195711,1
"quota","animals","Spain",-0.0740674918458487,0.982888757017182,0
"all_male","animals","Spain",-0.0740674918458487,-0.191148533195711,1
"balanced","animals","Spain",1.41241736637433,1.09849956653734,0
"balanced","animals","Spain",-0.548475688063675,-2.5392231136215,0
"balanced","animals","Spain",1.41241736637433,1.09849956653734,1
"all_male","animals","Spain",-1.99200457890036,-1.3651858234086,0
"balanced","animals","Spain",0.744467692433832,1.09849956653734,1
"all_male","animals","Spain",-0.892602676125529,-0.191148533195711,0
"all_male","animals","Spain",-1.32405490495987,-1.26517955781602,0
"all_male","animals","Spain",0.119473985876824,-1.26517955781602,0
"quota","animals","Spain",0.119473985876824,0.867277947497027,1
"quota","animals","Spain",0.119473985876824,0.982888757017182,1
"balanced","animals","Spain",1.41241736637433,1.09849956653734,1
"quota","animals","Spain",1.41241736637433,1.09849956653734,1
"all_male","animals","Spain",-1.99200457890036,-1.48079663292876,1
"quota","animals","Spain",-0.0740674918458487,-0.306759342715866,1
"balanced","animals","Spain",0.119473985876824,-0.191148533195711,1
"quota","animals","Spain",-0.979927916898011,-1.48079663292876,0
"balanced","animals","Spain",0.119473985876824,-1.14956874829586,0
"all_male","animals","Spain",0.119473985876824,-1.48079663292876,0
"balanced","animals","Spain",-1.88578834195017,-2.77044473266181,1
"all_male","animals","Spain",-0.548475688063675,0.76727168190444,1
"quota","animals","Spain",-0.354934210341002,-0.191148533195711,1
"balanced","animals","Spain",-0.0740674918458487,0.982888757017182,0
"quota","animals","Spain",1.41241736637433,1.09849956653734,1
"all_male","animals","Spain",-1.79846310117769,0.982888757017182,1
"quota","animals","Spain",-0.699061198402857,-1.48079663292876,0
"quota","animals","Spain",0.119473985876824,-0.191148533195711,1
"quota","animals","Spain",1.41241736637433,1.09849956653734,1
"quota","animals","Spain",1.41241736637433,1.09849956653734,0
"quota","animals","Spain",-0.699061198402857,-1.3651858234086,1
"quota","animals","Spain",0.119473985876824,-1.16517329222343,0
"balanced","animals","Spain",-0.699061198402857,-0.406765608308453,0
"balanced","animals","Spain",1.41241736637433,1.09849956653734,0
"balanced","animals","Spain",-0.354934210341002,-0.191148533195711,0
"all_male","animals","Spain",-1.88578834195017,-2.77044473266181,1
"all_male","animals","Spain",-0.0740674918458487,0.76727168190444,0
"all_male","animals","Spain",-1.17346939462068,-0.191148533195711,0
"balanced","animals","Spain",0.938009170156505,1.09849956653734,1
"quota","animals","Spain",0.119473985876824,0.982888757017182,0
"quota","animals","Spain",0.119473985876824,-0.191148533195711,1
"quota","animals","Spain",0.119473985876824,-0.191148533195711,0
"all_male","animals","Spain",-0.0740674918458487,-0.306759342715866,1
"quota","animals","Spain",-0.979927916898011,-1.14956874829586,1
"balanced","animals","Spain",-0.354934210341002,-0.191148533195711,1
"all_male","animals","Spain",-0.505519720680185,-0.191148533195711,1
"quota","animals","Spain",-1.88578834195017,-2.77044473266181,0
"balanced","animals","Spain",-0.548475688063675,-1.14956874829586,0
"quota","animals","Spain",1.41241736637433,1.09849956653734,1
"all_male","animals","Spain",0.119473985876824,-0.406765608308453,1
"balanced","animals","Spain",1.41241736637433,0.0244685419170307,0
"all_male","animals","Spain",-0.0740674918458487,-1.3651858234086,1
"all_male","animals","Spain",0.119473985876824,-1.14956874829586,1
"balanced","animals","Spain",0.119473985876824,0.982888757017182,0
"all_male","animals","Spain",-0.0311115244623585,-0.406765608308453,0
"balanced","animals","Spain",0.938009170156505,1.09849956653734,1
"balanced","animals","Spain",1.41241736637433,-0.0755377236755569,0
"all_male","animals","Spain",-0.0740674918458487,-0.191148533195711,1
"all_male","animals","Spain",-0.0740674918458487,-0.306759342715866,0
"quota","animals","Spain",1.41241736637433,-0.191148533195711,1
"quota","animals","Spain",1.41241736637433,1.09849956653734,1
"balanced","animals","Spain",-0.979927916898011,-1.48079663292876,0
"all_male","animals","Spain",-1.79846310117769,-0.191148533195711,0
"all_male","animals","Spain",0.831792933206313,0.0244685419170307,0
"quota","animals","Spain",0.55092621471116,0.982888757017182,1
"balanced","animals","Spain",-0.979927916898011,-0.191148533195711,0
"all_male","animals","Spain",1.41241736637433,1.09849956653734,1
"balanced","animals","Spain",0.119473985876824,1.09849956653734,0
"balanced","animals","Spain",-0.548475688063675,-0.306759342715866,1
"balanced","animals","Spain",1.41241736637433,-2.12359350732358,0
"quota","animals","Spain",-0.635800928836156,-1.26517955781602,1
"quota","animals","Spain",1.41241736637433,0.982888757017182,1
"quota","animals","Spain",-0.0740674918458487,-0.191148533195711,0
"balanced","animals","Spain",-0.505519720680185,-0.406765608308453,1
"balanced","animals","Spain",-0.0740674918458487,-0.191148533195711,1
"balanced","animals","Spain",0.787423659817322,0.882882491424594,1
"all_male","animals","Spain",0.119473985876824,-0.191148533195711,0
"quota","animals","Spain",-0.0740674918458487,-0.306759342715866,1
"quota","animals","Spain",1.41241736637433,1.09849956653734,1
"quota","animals","Spain",-0.0740674918458487,0.140079351437185,1
"quota","animals","Spain",1.41241736637433,1.09849956653734,0
"all_male","animals","Spain",-1.79846310117769,0.982888757017182,1
"balanced","animals","Spain",-0.0740674918458487,0.76727168190444,1
"all_male","animals","Spain",-0.548475688063675,-0.191148533195711,0
"all_male","animals","Spain",1.41241736637433,1.09849956653734,0
"quota","animals","Spain",-0.0740674918458487,-1.3651858234086,1
"quota","animals","Spain",-0.0740674918458487,-0.191148533195711,0
"balanced","animals","Spain",1.41241736637433,0.882882491424594,1
"quota","animals","Spain",0.119473985876824,-0.306759342715866,1
"all_male","animals","Spain",-1.60492162345502,0.982888757017182,1
"all_male","animals","Spain",-1.79846310117769,-0.406765608308453,1
"quota","animals","Spain",0.313015463599496,0.982888757017182,1
"balanced","animals","Spain",0.787423659817322,-0.306759342715866,1
"quota","animals","Spain",1.41241736637433,1.09849956653734,1
"balanced","animals","Spain",1.41241736637433,-0.0755377236755569,1
"balanced","animals","Spain",0.119473985876824,-0.191148533195711,1
"quota","animals","Spain",0.119473985876824,-0.191148533195711,1
"balanced","animals","Spain",-0.0740674918458487,-0.191148533195711,1
"quota","animals","Spain",-1.17346939462068,-2.43921684802891,1
"quota","animals","Spain",0.270059496216006,-0.191148533195711,1
"balanced","animals","Spain",0.119473985876824,-0.191148533195711,1
"balanced","animals","Spain",1.41241736637433,1.09849956653734,0
"all_male","animals","Spain",-0.548475688063675,-0.0911422676031237,0
"quota","animals","Spain",-0.548475688063675,-1.26517955781602,0
"balanced","animals","Spain",0.119473985876824,-0.191148533195711,1
"balanced","animals","Spain",0.744467692433832,0.982888757017182,1
"all_male","animals","Spain",-0.0108072222791475,0.882882491424594,0
"all_male","animals","Spain",0.119473985876824,-0.191148533195711,1
"all_male","animals","Spain",0.119473985876824,-0.191148533195711,0
"balanced","animals","Spain",-0.979927916898011,-1.48079663292876,1
"all_male","animals","Spain",-0.224653002185031,1.09849956653734,0
"all_male","animals","Spain",0.313015463599496,0.882882491424594,0
"all_male","animals","Spain",-0.548475688063675,-0.191148533195711,1
"balanced","animals","Spain",1.41241736637433,0.140079351437185,1
"balanced","animals","Spain",1.41241736637433,1.09849956653734,0
"all_male","animals","Spain",-2.46641277511819,-2.77044473266181,1
"quota","animals","Spain",-0.0740674918458487,-0.191148533195711,1
"quota","animals","Spain",0.59388218209465,0.982888757017182,1
"balanced","animals","Spain",0.938009170156505,-0.0387350032872345,0
"quota","animals","Spain",-1.17346939462068,0.867277947497027,1
"balanced","animals","Spain",0.463600973938679,-0.191148533195711,1
"all_male","animals","Spain",-1.99200457890036,0.0244685419170307,1
"balanced","animals","Spain",-2.46641277511819,-2.77044473266181,0
"quota","animals","Spain",0.119473985876824,0.982888757017182,0
"quota","animals","Spain",0.938009170156505,0.751667137976873,1
"all_male","animals","Spain",-0.505519720680185,-0.191148533195711,1
"quota","animals","Spain",1.41241736637433,-0.0755377236755569,0
"balanced","animals","Spain",0.787423659817322,0.982888757017182,0
"quota","animals","Spain",-1.64787759083851,-1.48079663292876,1
"quota","animals","Spain",-1.88578834195017,-2.77044473266181,0
"balanced","animals","Spain",1.41241736637433,1.09849956653734,0
"all_male","animals","Spain",-0.505519720680185,0.982888757017182,1
"quota","animals","Spain",-2.27679300754892e-16,-8.41729600767482e-17,0
"quota","animals","Spain",1.41241736637433,-0.0755377236755569,0
"all_male","animals","Spain",-1.79846310117769,-0.306759342715866,1
"all_male","animals","Spain",-0.0740674918458487,-0.191148533195711,1
"quota","animals","Spain",1.41241736637433,1.09849956653734,0
"all_male","animals","Spain",-0.979927916898011,-0.191148533195711,1
"balanced","animals","Spain",-0.0740674918458487,-0.191148533195711,0
"balanced","animals","Spain",-2.27679300754892e-16,-8.41729600767482e-17,1
"all_male","animals","Spain",-0.979927916898011,-1.48079663292876,0
"balanced","animals","Spain",-0.0740674918458487,-0.191148533195711,0
"quota","animals","Spain",-0.548475688063675,-0.306759342715866,0
"all_male","animals","Spain",-0.0740674918458487,-1.14956874829586,0
"quota","animals","Spain",0.787423659817322,1.09849956653734,1
"quota","animals","Spain",1.41241736637433,1.09849956653734,1
"quota","animals","Spain",1.41241736637433,-0.306759342715866,1
"quota","animals","Spain",0.787423659817322,1.09849956653734,1
"balanced","animals","Spain",1.41241736637433,0.982888757017182,0
"quota","animals","Spain",1.41241736637433,1.09849956653734,0
"all_male","animals","Spain",-0.786386439175338,-0.191148533195711,1
"quota","animals","Spain",-0.0740674918458487,0.982888757017182,1
"all_male","animals","Spain",-1.79846310117769,-0.306759342715866,0
"all_male","animals","Spain",-0.0740674918458487,-0.191148533195711,1
"balanced","animals","Spain",0.0765180184933337,0.982888757017182,1
"balanced","animals","Spain",0.20185987934399,-0.0755377236755569,0
"balanced","animals","Spain",1.41241736637433,1.09849956653734,0
"balanced","animals","Spain",-0.0740674918458487,-0.191148533195711,1
"all_male","animals","Spain",-0.0740674918458487,-0.191148533195711,1
"quota","animals","Spain",0.119473985876824,0.982888757017182,1
"all_male","animals","Spain",0.938009170156505,0.982888757017182,1
"quota","animals","Spain",-1.45433611311584,-1.48079663292876,0
"balanced","animals","Spain",-0.979927916898011,-1.48079663292876,0
"all_male","animals","Spain",-0.0740674918458487,-0.191148533195711,0
"quota","animals","Spain",-2.46641277511819,1.09849956653734,1
"all_male","animals","Spain",0.787423659817322,-1.48079663292876,1
"quota","animals","Spain",1.41241736637433,1.09849956653734,1
"quota","animals","Spain",-0.0740674918458487,-0.191148533195711,1
"quota","animals","Spain",-0.354934210341002,-0.191148533195711,1
"quota","animals","Spain",1.41241736637433,1.09849956653734,0
"quota","animals","Spain",1.41241736637433,-0.0755377236755569,0
"quota","animals","Spain",0.119473985876824,-0.191148533195711,1
"quota","animals","Spain",-0.0311115244623585,0.982888757017182,1
"all_male","animals","Spain",-0.786386439175338,0.982888757017182,0
"all_male","animals","Spain",-1.60492162345502,1.09849956653734,1
"balanced","animals","Spain",0.119473985876824,-0.406765608308453,1
"quota","animals","Spain",1.41241736637433,0.982888757017182,0
"balanced","animals","Spain",0.313015463599496,-0.191148533195711,1
"all_male","animals","Spain",-0.548475688063675,-0.191148533195711,1
"balanced","animals","Spain",1.41241736637433,1.09849956653734,1
"quota","animals","Spain",0.119473985876824,0.651660872384285,1
"all_male","animals","Spain",-1.17346939462068,-1.48079663292876,0
"all_male","animals","Spain",-2.46641277511819,0.76727168190444,0
"quota","animals","Spain",1.41241736637433,1.09849956653734,1
"balanced","animals","Spain",-0.354934210341002,-1.3651858234086,1
"balanced","animals","Spain",1.41241736637433,1.09849956653734,1
"all_male","animals","Spain",-0.979927916898011,0.882882491424594,1
"balanced","animals","Spain",-0.0740674918458487,-0.191148533195711,1
"all_male","animals","Spain",0.162429953260314,0.982888757017182,1
"quota","animals","Spain",0.270059496216006,0.867277947497027,0
"balanced","animals","Spain",-0.979927916898011,-1.48079663292876,1
"balanced","animals","Spain",1.41241736637433,1.09849956653734,0
"quota","animals","Spain",1.41241736637433,0.867277947497027,1
"all_male","animals","Spain",-2.27287129739552,-0.306759342715866,1
"quota","animals","Spain",1.41241736637433,-0.191148533195711,0
"quota","animals","Spain",-0.0740674918458487,0.882882491424594,1
"balanced","animals","Spain",-1.45433611311584,-2.22359977291617,0
"all_male","animals","Spain",0.313015463599496,0.76727168190444,1
"all_male","animals","Spain",-2.46641277511819,-2.77044473266181,1
"balanced","animals","Spain",0.119473985876824,0.982888757017182,0
"all_male","animals","Spain",-1.64787759083851,0.982888757017182,1
"quota","animals","Spain",1.41241736637433,1.09849956653734,0
"all_male","animals","Spain",-0.979927916898011,-1.48079663292876,0
"quota","animals","Spain",1.41241736637433,1.09849956653734,1
"all_male","animals","Spain",-1.17346939462068,-1.48079663292876,1
"balanced","animals","Spain",-1.99200457890036,-0.306759342715866,1
"quota","animals","Spain",0.400340704371977,-0.637987227348762,0
"all_male","animals","Spain",-2.46641277511819,-0.191148533195711,1
"quota","animals","Spain",-1.36701087234336,-0.306759342715866,0
"all_male","animals","Spain",0.119473985876824,-0.191148533195711,1
"all_male","animals","Spain",1.02533441092899,1.09849956653734,1
"quota","animals","Spain",-0.311978242957512,-0.191148533195711,0
"quota","animals","Spain",1.41241736637433,1.09849956653734,0
"balanced","animals","Spain",0.119473985876824,-0.191148533195711,0
"quota","animals","Spain",0.119473985876824,0.76727168190444,0
"balanced","animals","Spain",-2.46641277511819,-2.77044473266181,0
"balanced","animals","Spain",-0.311978242957512,0.982888757017182,0
"all_male","animals","Spain",1.41241736637433,1.09849956653734,0
"all_male","animals","Spain",-1.51759638268254,-2.77044473266181,1
"balanced","animals","Spain",-0.0740674918458487,-0.191148533195711,1
"balanced","animals","Spain",0.313015463599496,1.09849956653734,1
"quota","animals","Spain",0.313015463599496,-0.191148533195711,0
"all_male","animals","Spain",0.162429953260314,1.09849956653734,1
"all_male","animals","Spain",0.938009170156505,1.09849956653734,1
"quota","animals","Spain",1.02533441092899,-0.191148533195711,0
"quota","animals","Spain",1.41241736637433,1.09849956653734,1
"all_male","animals","Spain",-0.699061198402857,-1.26517955781602,1
"balanced","animals","Spain",0.313015463599496,-0.191148533195711,1
"quota","harassment","Portugal",0.929066481887976,0.22646787769305,0
"quota","harassment","Portugal",0.196268631692555,0.0543194949931574,0
"quota","harassment","Portugal",0.929066481887976,1.59191992849432,1
"balanced","harassment","Portugal",0.451550236938816,0.22646787769305,0
"quota","harassment","Portugal",0.196268631692555,0.22646787769305,0
"quota","harassment","Portugal",1.36659745905095,1.59191992849432,0
"balanced","harassment","Portugal",-0.241262345470422,-1.483280938508,1
"all_male","harassment","Portugal",0.929066481887976,1.59191992849432,1
"balanced","harassment","Portugal",-0.241262345470422,0.0543194949931574,0
"balanced","harassment","Portugal",-0.0590129735537052,0.0543194949931574,1
"balanced","harassment","Portugal",0.491535504724999,0.22646787769305,0
"quota","harassment","Portugal",-2.3996706282705,1.59191992849432,0
"all_male","harassment","Portugal",-0.496543950716682,-1.483280938508,1
"all_male","harassment","Portugal",-0.0590129735537052,0.0543194949931574,0
"all_male","harassment","Portugal",-1.26932706869829,-0.833364457446584,1
"quota","harassment","Portugal",0.196268631692555,0.0543194949931574,1
"balanced","harassment","Portugal",0.929066481887976,0.22646787769305,1
"balanced","harassment","Portugal",0.929066481887976,0.0543194949931574,0
"quota","harassment","Portugal",-0.0590129735537052,-1.483280938508,1
"balanced","harassment","Portugal",-0.0590129735537052,0.0543194949931574,1
"all_male","harassment","Portugal",-0.241262345470422,0.0543194949931574,0
"all_male","harassment","Portugal",1.18434808713424,1.59191992849432,0
"balanced","harassment","Portugal",-1.15630956758256,-1.483280938508,1
"balanced","harassment","Portugal",1.36659745905095,1.59191992849432,1
"balanced","harassment","Portugal",-0.791810823749126,-0.833364457446584,1
"quota","harassment","Portugal",1.18434808713424,0.532087593354682,1
"all_male","harassment","Portugal",1.18434808713424,1.59191992849432,0
"balanced","harassment","Portugal",0.929066481887976,0.22646787769305,1
"quota","harassment","Portugal",0.196268631692555,0.0543194949931574,1
"quota","harassment","Portugal",0.196268631692555,-0.423448603368367,0
"quota","harassment","Portugal",1.36659745905095,0.22646787769305,1
"quota","harassment","Portugal",0.451550236938816,0.0543194949931574,0
"quota","harassment","Portugal",0.929066481887976,0.0543194949931574,1
"balanced","harassment","Portugal",0.156283363906372,1.24762316309453,1
"quota","harassment","Portugal",0.196268631692555,0.0543194949931574,0
"all_male","harassment","Portugal",-2.21742125635378,-1.31113255580811,1
"balanced","harassment","Portugal",0.929066481887976,0.22646787769305,1
"all_male","harassment","Portugal",-0.241262345470422,0.22646787769305,1
"quota","harassment","Portugal",-0.281247613256605,0.0543194949931574,1
"quota","harassment","Portugal",-1.88910741777798,-3.02088137200916,0
"balanced","harassment","Portugal",0.196268631692555,0.0543194949931574,1
"balanced","harassment","Portugal",0.309286132808282,0.22646787769305,0
"balanced","harassment","Portugal",-1.96213965110752,-1.29410689158504,0
"quota","harassment","Portugal",0.929066481887976,1.59191992849432,0
"balanced","harassment","Portugal",0.196268631692555,0.22646787769305,0
"all_male","harassment","Portugal",-0.536529218502866,-1.483280938508,0
"all_male","harassment","Portugal",-2.21742125635378,0.532087593354682,0
"all_male","harassment","Portugal",1.62187906429721,0.132049292479874,1
"all_male","harassment","Portugal",1.18434808713424,0.0543194949931574,1
"balanced","harassment","Portugal",0.196268631692555,0.0543194949931574,0
"quota","harassment","Portugal",-0.974060195665842,-1.483280938508,0
"quota","harassment","Portugal",0.856034248558432,0.22646787769305,0
"quota","harassment","Portugal",0.196268631692555,0.22646787769305,0
"all_male","harassment","Portugal",-0.130113860427126,-0.00142204048186565,0
"balanced","harassment","Portugal",1.62187906429721,1.59191992849432,1
"all_male","harassment","Portugal",0.196268631692555,0.0543194949931574,0
"all_male","harassment","Portugal",0.451550236938816,-0.833364457446584,1
"balanced","harassment","Portugal",-0.241262345470422,0.0543194949931574,0
"balanced","harassment","Portugal",0.929066481887976,0.0543194949931574,0
"quota","harassment","Portugal",0.929066481887976,0.22646787769305,0
"all_male","harassment","Portugal",-0.536529218502866,0.0543194949931574,1
"quota","harassment","Portugal",1.62187906429721,1.59191992849432,0
"quota","harassment","Portugal",0.196268631692555,0.0543194949931574,0
"quota","harassment","Portugal",-0.0590129735537052,0.0543194949931574,1
"quota","harassment","Portugal",-0.791810823749126,-0.117828887706735,1
"all_male","harassment","Portugal",-1.96213965110752,-3.02088137200916,1
"all_male","harassment","Portugal",0.889081214101793,-1.31113255580811,0
"balanced","harassment","Portugal",1.18434808713424,0.22646787769305,0
"balanced","harassment","Portugal",-0.791810823749126,-0.117828887706735,1
"all_male","harassment","Portugal",-1.96213965110752,-0.833364457446584,0
"quota","harassment","Portugal",-1.26932706869829,0.22646787769305,1
"all_male","harassment","Portugal",-0.974060195665842,-1.31113255580811,0
"all_male","harassment","Portugal",-0.0590129735537052,0.0543194949931574,1
"balanced","harassment","Portugal",-0.0590129735537052,0.0543194949931574,1
"balanced","harassment","Portugal",1.18434808713424,1.11415183013279,1
"all_male","harassment","Portugal",0.929066481887976,0.22646787769305,1
"all_male","harassment","Portugal",-0.281247613256605,0.0543194949931574,1
"balanced","harassment","Portugal",-0.241262345470422,0.0543194949931574,0
"all_male","harassment","Portugal",-0.536529218502866,-1.483280938508,1
"balanced","harassment","Portugal",-0.496543950716682,0.0543194949931574,1
"quota","harassment","Portugal",0.196268631692555,0.0543194949931574,1
"quota","harassment","Portugal",1.62187906429721,0.22646787769305,1
"balanced","harassment","Portugal",0.196268631692555,0.0543194949931574,0
"quota","harassment","Portugal",0.378518003609272,0.0543194949931574,1
"all_male","harassment","Portugal",-1.2293418009121,0.22646787769305,1
"quota","harassment","Portugal",-0.791810823749126,-1.65542932120789,1
"quota","harassment","Portugal",0.929066481887976,0.942003447432899,1
"balanced","harassment","Portugal",0.889081214101793,1.59191992849432,0
"quota","harassment","Portugal",0.633799608855532,0.22646787769305,1
"balanced","harassment","Portugal",0.929066481887976,0.22646787769305,0
"quota","harassment","Portugal",0.196268631692555,0.0543194949931574,1
"quota","harassment","Portugal",-1.2293418009121,0.0543194949931574,1
"quota","harassment","Portugal",1.62187906429721,1.59191992849432,1
"balanced","harassment","Portugal",0.929066481887976,0.22646787769305,0
"quota","harassment","Portugal",-0.0590129735537052,0.0543194949931574,0
"quota","harassment","Portugal",0.929066481887976,0.22646787769305,0
"all_male","harassment","Portugal",0.071100886873421,0.0543194949931574,1
"all_male","harassment","Portugal",-0.536529218502866,0.0543194949931574,1
"balanced","harassment","Portugal",-0.791810823749126,-1.483280938508,0
"all_male","harassment","Portugal",-1.96213965110752,-0.251300220668475,0
"balanced","harassment","Portugal",0.196268631692555,0.22646787769305,1
"quota","harassment","Portugal",-0.791810823749126,-1.483280938508,0
"all_male","harassment","Portugal",-0.791810823749126,-1.00551284014648,1
"all_male","harassment","Portugal",-1.2293418009121,-1.483280938508,1
"balanced","harassment","Portugal",0.491535504724999,0.22646787769305,0
"all_male","harassment","Portugal",-1.52460867394455,0.532087593354682,1
"balanced","harassment","Portugal",-0.0590129735537052,-0.117828887706735,1
"all_male","harassment","Portugal",-1.01404546345203,0.22646787769305,1
"quota","harassment","Portugal",0.196268631692555,0.0543194949931574,0
"all_male","harassment","Portugal",0.929066481887976,1.59191992849432,1
"all_male","harassment","Portugal",0.196268631692555,0.22646787769305,0
"balanced","harassment","Portugal",0.856034248558432,1.59191992849432,0
"quota","harassment","Portugal",0.929066481887976,0.0543194949931574,0
"quota","harassment","Portugal",1.62187906429721,0.22646787769305,0
"all_male","harassment","Portugal",-1.2293418009121,-0.595596986068259,0
"quota","harassment","Portugal",-0.241262345470422,-1.31113255580811,1
"balanced","harassment","Portugal",0.196268631692555,0.0543194949931574,1
"quota","harassment","Portugal",-0.0590129735537052,0.0543194949931574,0
"all_male","harassment","Portugal",-1.77989027919081,1.59191992849432,0
"balanced","harassment","Portugal",-0.281247613256605,0.0543194949931574,1
"quota","harassment","Portugal",-0.0590129735537052,0.0543194949931574,0
"balanced","harassment","Portugal",0.196268631692555,0.0543194949931574,0
"quota","harassment","Portugal",0.929066481887976,0.22646787769305,0
"all_male","harassment","Portugal",-0.791810823749126,-1.00551284014648,1
"all_male","harassment","Portugal",0.196268631692555,0.0543194949931574,0
"quota","harassment","Portugal",0.196268631692555,-0.117828887706735,0
"all_male","harassment","Portugal",0.196268631692555,0.0543194949931574,1
"quota","harassment","Portugal",0.196268631692555,0.22646787769305,0
"balanced","harassment","Portugal",-0.791810823749126,-0.833364457446584,0
"all_male","harassment","Portugal",-0.536529218502866,1.59191992849432,1
"quota","harassment","Portugal",0.196268631692555,1.59191992849432,1
"balanced","harassment","Portugal",0.196268631692555,0.0543194949931574,0
"balanced","harassment","Portugal",1.18434808713424,0.22646787769305,0
"quota","harassment","Portugal",-1.2293418009121,-1.483280938508,1
"quota","harassment","Portugal",-0.791810823749126,-1.00551284014648,1
"quota","harassment","Portugal",0.196268631692555,-0.423448603368367,0
"balanced","harassment","Portugal",-2.14438902302424,1.07547478039464,0
"balanced","harassment","Portugal",-0.0590129735537052,0.22646787769305,0
"quota","harassment","Portugal",-0.791810823749126,-1.31113255580811,0
"balanced","harassment","Portugal",-0.496543950716682,-1.31113255580811,0
"quota","harassment","Portugal",-0.0590129735537052,0.0543194949931574,1
"all_male","harassment","Portugal",-0.751825555962943,1.59191992849432,0
"balanced","harassment","Portugal",-0.496543950716682,0.0543194949931574,1
"balanced","harassment","Portugal",0.929066481887976,0.22646787769305,0
"balanced","harassment","Portugal",0.929066481887976,1.59191992849432,1
"balanced","harassment","Portugal",0.633799608855532,1.59191992849432,1
"balanced","harassment","Portugal",1.62187906429721,0.22646787769305,1
"all_male","harassment","Portugal",-0.0590129735537052,0.22646787769305,1
"all_male","harassment","Portugal",-1.70685804586126,-1.31113255580811,1
"quota","harassment","Portugal",0.491535504724999,-0.117828887706735,1
"quota","harassment","Portugal",0.196268631692555,1.59191992849432,0
"balanced","harassment","Portugal",0.451550236938816,0.0543194949931574,0
"all_male","harassment","Portugal",-0.678793322633399,-1.00551284014648,1
"all_male","harassment","Portugal",-1.70685804586126,-1.483280938508,0
"all_male","harassment","Portugal",-0.974060195665842,-1.483280938508,0
"balanced","harassment","Portugal",0.929066481887976,0.22646787769305,1
"all_male","harassment","Portugal",-2.65495223351676,-1.31113255580811,0
"balanced","harassment","Portugal",0.889081214101793,0.22646787769305,0
"quota","harassment","Portugal",0.929066481887976,0.22646787769305,0
"quota","harassment","Portugal",1.62187906429721,0.22646787769305,0
"all_male","harassment","Portugal",-0.974060195665842,0.0543194949931574,0
"balanced","harassment","Portugal",0.929066481887976,-1.483280938508,1
"quota","harassment","Portugal",-0.791810823749126,-1.00551284014648,1
"balanced","harassment","Portugal",1.62187906429721,1.59191992849432,0
"quota","harassment","Portugal",0.873848830596465,0.0713451592162236,1
"all_male","harassment","Portugal",-2.3996706282705,-1.483280938508,0
"all_male","harassment","Portugal",1.62187906429721,1.59191992849432,1
"all_male","harassment","Portugal",-0.791810823749126,0.0543194949931574,1
"all_male","harassment","Portugal",-0.536529218502866,1.07547478039464,0
"quota","harassment","Portugal",1.62187906429721,0.22646787769305,0
"quota","harassment","Portugal",0.196268631692555,0.0543194949931574,0
"all_male","harassment","Portugal",1.62187906429721,1.59191992849432,1
"all_male","harassment","Portugal",-1.66687277807508,-1.483280938508,0
"quota","harassment","Portugal",1.18434808713424,1.59191992849432,0
"balanced","harassment","Portugal",0.451550236938816,0.22646787769305,1
"balanced","harassment","Portugal",0.929066481887976,1.11415183013279,0
"all_male","harassment","Portugal",0.929066481887976,0.0543194949931574,1
"balanced","harassment","Portugal",0.929066481887976,1.59191992849432,0
"all_male","harassment","Portugal",-1.2293418009121,-1.65542932120789,0
"quota","harassment","Portugal",0.196268631692555,-0.117828887706735,0
"quota","harassment","Portugal",0.889081214101793,1.59191992849432,1
"quota","harassment","Portugal",-1.15630956758256,-3.02088137200916,0
"all_male","harassment","Portugal",-1.96213965110752,0.0543194949931574,0
"all_male","harassment","Portugal",-2.14438902302424,0.0543194949931574,1
"quota","harassment","Portugal",-0.791810823749126,-0.117828887706735,0
"quota","harassment","Portugal",0.196268631692555,0.0543194949931574,0
"all_male","harassment","Portugal",1.62187906429721,1.59191992849432,0
"all_male","harassment","Portugal",0.196268631692555,-1.31113255580811,0
"quota","harassment","Portugal",1.62187906429721,1.59191992849432,1
"all_male","harassment","Portugal",-0.974060195665842,-0.595596986068259,0
"all_male","harassment","Portugal",-1.2293418009121,-1.483280938508,0
"balanced","harassment","Portugal",1.18434808713424,0.22646787769305,1
"balanced","harassment","Portugal",-1.2293418009121,-1.483280938508,0
"quota","harassment","Portugal",0.196268631692555,-0.117828887706735,1
"balanced","harassment","Portugal",-0.0590129735537052,0.0543194949931574,0
"quota","harassment","Portugal",-0.0590129735537052,0.0543194949931574,0
"all_male","harassment","Portugal",1.62187906429721,1.59191992849432,0
"quota","harassment","Portugal",0.196268631692555,0.22646787769305,1
"all_male","harassment","Portugal",-2.21742125635378,-1.31113255580811,1
"all_male","harassment","Portugal",-0.0590129735537052,0.0543194949931574,0
"all_male","harassment","Portugal",0.929066481887976,1.59191992849432,0
"all_male","harassment","Portugal",1.18434808713424,1.59191992849432,1
"quota","harassment","Portugal",0.196268631692555,0.22646787769305,0
"all_male","harassment","Portugal",-0.536529218502866,-1.31113255580811,1
"all_male","harassment","Portugal",0.451550236938816,-1.31113255580811,0
"quota","harassment","Portugal",0.196268631692555,-0.117828887706735,0
"balanced","harassment","Portugal",0.196268631692555,0.22646787769305,1
"all_male","harassment","Portugal",-0.974060195665842,-0.117828887706735,0
"all_male","harassment","Portugal",-1.48462340615836,-1.483280938508,0
"all_male","harassment","Portugal",-1.96213965110752,-1.483280938508,0
"balanced","harassment","Portugal",-0.974060195665842,-2.37096489094774,0
"balanced","harassment","Portugal",-1.2293418009121,-1.483280938508,1
"quota","harassment","Portugal",1.36659745905095,1.59191992849432,1
"quota","harassment","Portugal",-0.241262345470422,0.22646787769305,0
"all_male","harassment","Portugal",-2.65495223351676,-0.423448603368367,0
"all_male","harassment","Portugal",-0.974060195665842,-1.483280938508,1
"balanced","harassment","Portugal",-0.0590129735537052,0.0543194949931574,0
"balanced","harassment","Portugal",1.36659745905095,1.59191992849432,0
"quota","harassment","Portugal",0.196268631692555,0.0543194949931574,1
"quota","harassment","Portugal",-0.0590129735537052,0.0543194949931574,0
"all_male","harassment","Portugal",-0.974060195665842,0.0543194949931574,0
"quota","harassment","Portugal",-0.974060195665842,-1.31113255580811,0
"quota","harassment","Portugal",-0.0590129735537052,0.532087593354682,1
"all_male","harassment","Portugal",-0.791810823749126,-1.483280938508,0
"balanced","harassment","Portugal",-0.496543950716682,-0.833364457446584,1
"balanced","harassment","Portugal",-0.791810823749126,-0.117828887706735,1
"all_male","harassment","Portugal",0.196268631692555,0.0543194949931574,0
"all_male","harassment","Portugal",-1.2293418009121,-1.65542932120789,1
"quota","harassment","Portugal",-0.0590129735537052,0.0543194949931574,0
"quota","harassment","Portugal",0.196268631692555,-0.117828887706735,1
"balanced","harassment","Portugal",0.196268631692555,0.22646787769305,1
"quota","harassment","Portugal",1.18434808713424,0.22646787769305,0
"quota","harassment","Portugal",1.62187906429721,1.11415183013279,1
"balanced","harassment","Portugal",1.62187906429721,1.59191992849432,1
"balanced","harassment","Portugal",0.889081214101793,1.59191992849432,0
"all_male","harassment","Portugal",-0.974060195665842,-0.117828887706735,1
"all_male","harassment","Portugal",-0.496543950716682,0.0543194949931574,1
"quota","harassment","Portugal",0.196268631692555,0.22646787769305,1
"quota","harassment","Portugal",1.18434808713424,0.704235976054574,1
"all_male","harassment","Portugal",-0.0590129735537052,0.0543194949931574,0
"quota","harassment","Portugal",-0.0590129735537052,0.22646787769305,1
"balanced","harassment","Portugal",0.196268631692555,0.0543194949931574,0
"balanced","harassment","Portugal",0.196268631692555,0.532087593354682,1
"balanced","harassment","Portugal",0.196268631692555,0.0543194949931574,0
"balanced","harassment","Portugal",1.62187906429721,1.59191992849432,1
"all_male","harassment","Portugal",-0.536529218502866,1.59191992849432,1
"quota","harassment","Portugal",0.196268631692555,0.0543194949931574,1
"all_male","harassment","Portugal",-0.974060195665842,-1.483280938508,1
"quota","harassment","Portugal",-0.0590129735537052,0.0543194949931574,1
"balanced","harassment","Portugal",-0.0590129735537052,-1.31113255580811,1
"quota","harassment","Portugal",-0.0590129735537052,-0.117828887706735,0
"all_male","harassment","Portugal",-0.0590129735537052,0.0543194949931574,0
"all_male","harassment","Portugal",-0.791810823749126,-1.00551284014648,0
"balanced","harassment","Portugal",0.196268631692555,0.0543194949931574,0
"balanced","harassment","Portugal",-0.241262345470422,0.0543194949931574,0
"balanced","harassment","Portugal",0.196268631692555,0.0543194949931574,1
"all_male","harassment","Portugal",-1.2293418009121,-1.00551284014648,1
"all_male","harassment","Portugal",-1.70685804586126,0.0543194949931574,0
"all_male","harassment","Portugal",-2.65495223351676,-3.02088137200916,0
"balanced","harassment","Portugal",-0.791810823749126,0.769855064733007,0
"quota","harassment","Portugal",0.418503271395455,1.59191992849432,1
"balanced","harassment","Portugal",0.196268631692555,0.0543194949931574,0
"quota","harassment","Portugal",-0.791810823749126,-1.483280938508,0
"quota","harassment","Portugal",0.491535504724999,-1.00551284014648,0
"all_male","harassment","Portugal",0.196268631692555,0.0543194949931574,1
"all_male","harassment","Portugal",-1.19806220454554e-16,0.0156036237412006,0
"quota","harassment","Portugal",0.929066481887976,0.22646787769305,0
"quota","harassment","Portugal",0.196268631692555,0.0543194949931574,1
"all_male","harassment","Portugal",-0.791810823749126,-1.483280938508,0
"balanced","harassment","Portugal",1.62187906429721,1.59191992849432,0
"all_male","harassment","Portugal",-0.496543950716682,-1.483280938508,1
"quota","harassment","Portugal",1.18434808713424,1.59191992849432,1
"all_male","harassment","Portugal",-1.96213965110752,-0.117828887706735,1
"balanced","harassment","Portugal",-0.609561451832409,-1.96104903686953,1
"all_male","harassment","Portugal",-0.536529218502866,0.0543194949931574,0
"all_male","harassment","Portugal",-0.974060195665842,0.0543194949931574,1
"all_male","harassment","Portugal",-0.0590129735537052,0.0543194949931574,0
"all_male","harassment","Portugal",-0.0590129735537052,0.0543194949931574,0
"balanced","harassment","Portugal",0.929066481887976,1.59191992849432,1
"quota","harassment","Portugal",1.62187906429721,1.59191992849432,0
"balanced","harassment","Portugal",0.196268631692555,0.22646787769305,1
"balanced","harassment","Portugal",0.196268631692555,0.0543194949931574,1
"quota","harassment","Portugal",-0.241262345470422,0.0543194949931574,0
"balanced","harassment","Portugal",0.196268631692555,0.0543194949931574,0
"quota","harassment","Portugal",0.196268631692555,1.11415183013279,1
"all_male","harassment","Portugal",-1.96213965110752,0.22646787769305,0
"balanced","harassment","Portugal",0.929066481887976,1.59191992849432,1
"balanced","harassment","Portugal",0.929066481887976,1.59191992849432,1
"all_male","harassment","Portugal",-0.0590129735537052,-0.117828887706735,1
"all_male","harassment","Portugal",-0.791810823749126,-0.661216074746692,0
"all_male","harassment","Portugal",-0.536529218502866,1.59191992849432,1
"all_male","harassment","Portugal",0.196268631692555,0.22646787769305,1
"all_male","harassment","Portugal",-0.314294578799966,-0.289977270406627,0
"all_male","harassment","Portugal",-1.96213965110752,-0.289977270406627,0
"balanced","harassment","Portugal",1.18434808713424,1.59191992849432,0
"quota","harassment","Portugal",0.889081214101793,1.59191992849432,1
"balanced","harassment","Portugal",0.196268631692555,-0.251300220668475,0
"all_male","harassment","Portugal",-0.934074927879659,-0.595596986068259,1
"quota","harassment","Portugal",1.18434808713424,1.59191992849432,1
"all_male","harassment","Portugal",1.18434808713424,0.704235976054574,1
"all_male","harassment","Portugal",0.196268631692555,0.0543194949931574,0
"balanced","harassment","Portugal",0.196268631692555,0.0543194949931574,0
"balanced","harassment","Portugal",-0.241262345470422,0.292086966371483,0
"all_male","harassment","Portugal",-1.26932706869829,1.59191992849432,1
"quota","harassment","Portugal",0.633799608855532,1.11415183013279,1
"quota","harassment","Portugal",1.62187906429721,0.597706682033115,1
"quota","harassment","Portugal",0.633799608855532,-0.833364457446584,0
"all_male","harassment","Portugal",0.929066481887976,-0.595596986068259,0
"all_male","harassment","Portugal",-2.65495223351676,-1.65542932120789,1
"all_male","harassment","Portugal",1.62187906429721,0.22646787769305,0
"balanced","harassment","Portugal",0.929066481887976,0.704235976054574,1
"quota","harassment","Portugal",0.196268631692555,-0.117828887706735,0
"balanced","harassment","Portugal",-0.0590129735537052,0.0543194949931574,0
"all_male","harassment","Portugal",0.673784876641715,1.41977154579442,0
"all_male","harassment","Portugal",-0.791810823749126,1.11415183013279,1
"quota","harassment","Portugal",-0.0590129735537052,0.0543194949931574,0
"balanced","harassment","Portugal",0.196268631692555,1.41977154579442,1
"balanced","harassment","Portugal",0.929066481887976,0.0543194949931574,0
"all_male","harassment","Portugal",0.196268631692555,0.0543194949931574,1
"all_male","harassment","Portugal",0.889081214101793,-1.483280938508,1
"all_male","harassment","Portugal",-1.70685804586126,0.0543194949931574,0
"quota","harassment","Portugal",0.196268631692555,0.0543194949931574,1
"balanced","harassment","Portugal",0.929066481887976,1.59191992849432,1
"balanced","harassment","Portugal",-0.536529218502866,-0.423448603368367,0
"all_male","harassment","Portugal",-0.974060195665842,-1.483280938508,0
"all_male","harassment","Portugal",-0.496543950716682,-1.31113255580811,0
"quota","harassment","Portugal",-0.0590129735537052,0.22646787769305,0
"quota","harassment","Portugal",-0.0590129735537052,-0.423448603368367,1
"all_male","harassment","Portugal",-1.2293418009121,-1.483280938508,0
"all_male","harassment","Portugal",-1.2293418009121,-0.423448603368367,1
"balanced","harassment","Portugal",0.929066481887976,0.0543194949931574,1
"all_male","harassment","Portugal",0.196268631692555,0.22646787769305,0
"quota","harassment","Portugal",0.929066481887976,0.22646787769305,0
"balanced","harassment","Portugal",1.18434808713424,1.59191992849432,1
"quota","harassment","Portugal",1.18434808713424,0.0543194949931574,1
"balanced","harassment","Portugal",-0.791810823749126,0.22646787769305,1
"quota","harassment","Portugal",1.62187906429721,0.704235976054574,1
"quota","harassment","Portugal",0.196268631692555,-1.31113255580811,0
"quota","harassment","Portugal",0.929066481887976,0.22646787769305,0
"balanced","harassment","Portugal",-0.0590129735537052,0.0543194949931574,0
"balanced","harassment","Portugal",-0.496543950716682,-2.37096489094774,0
"quota","harassment","Portugal",-0.0590129735537052,0.0543194949931574,1
"all_male","harassment","Portugal",0.196268631692555,0.0543194949931574,0
"all_male","harassment","Portugal",-0.934074927879659,-1.31113255580811,0
"all_male","harassment","Portugal",-0.0590129735537052,0.0543194949931574,1
"all_male","harassment","Portugal",-0.0590129735537052,0.0543194949931574,0
"quota","harassment","Portugal",-1.2293418009121,-2.54311327364763,1
"balanced","harassment","Portugal",1.62187906429721,1.59191992849432,1
"quota","harassment","Portugal",-0.0590129735537052,0.0543194949931574,0
"balanced","harassment","Portugal",0.196268631692555,0.0543194949931574,0
"balanced","harassment","Portugal",1.18434808713424,1.59191992849432,0
"balanced","harassment","Portugal",0.929066481887976,0.22646787769305,1
"quota","harassment","Portugal",0.196268631692555,0.0543194949931574,1
"quota","harassment","Portugal",-0.791810823749126,0.0543194949931574,1
"balanced","harassment","Portugal",0.673784876641715,1.59191992849432,1
"balanced","harassment","Portugal",0.929066481887976,0.22646787769305,0
"quota","harassment","Portugal",-0.536529218502866,-0.117828887706735,1
"balanced","harassment","Portugal",1.18434808713424,-0.901216701729891,0
"all_male","harassment","Portugal",-1.96213965110752,-2.54311327364763,0
"all_male","harassment","Portugal",0.673784876641715,1.11415183013279,0
"all_male","harassment","Portugal",0.196268631692555,-1.31113255580811,0
"balanced","harassment","Portugal",0.196268631692555,0.22646787769305,1
"all_male","harassment","Portugal",-2.3996706282705,-1.65542932120789,0
"quota","harassment","Portugal",1.62187906429721,1.59191992849432,0
"quota","harassment","Portugal",-0.241262345470422,0.0543194949931574,1
"all_male","harassment","Portugal",-1.96213965110752,-1.483280938508,1
"quota","harassment","Portugal",-0.974060195665842,-1.00551284014648,0
"all_male","harassment","Portugal",-1.26932706869829,1.59191992849432,1
"balanced","harassment","Portugal",-0.0590129735537052,0.0543194949931574,0
"quota","harassment","Portugal",-0.791810823749126,-0.117828887706735,1
"balanced","harassment","Portugal",1.62187906429721,0.704235976054574,0
"quota","harassment","Portugal",0.196268631692555,0.0543194949931574,0
"balanced","harassment","Portugal",0.929066481887976,-2.06534517528611,1
"quota","harassment","Portugal",0.196268631692555,0.22646787769305,0
"balanced","harassment","Portugal",-0.791810823749126,-1.483280938508,0
"all_male","harassment","Portugal",-1.52460867394455,1.59191992849432,0
"quota","harassment","Portugal",0.196268631692555,0.0543194949931574,0
"balanced","harassment","Portugal",-0.0590129735537052,-1.31113255580811,0
"quota","harassment","Portugal",0.196268631692555,0.0543194949931574,0
"balanced","harassment","Portugal",0.196268631692555,0.0543194949931574,1
"quota","harassment","Portugal",-0.0590129735537052,0.0543194949931574,1
"quota","harassment","Portugal",-0.0590129735537052,-1.31113255580811,1
"balanced","harassment","Portugal",0.196268631692555,0.0543194949931574,0
"all_male","harassment","Portugal",-0.791810823749126,-0.117828887706735,0
"balanced","harassment","Portugal",-0.496543950716682,0.0543194949931574,0
"all_male","harassment","Portugal",-0.0590129735537052,0.0543194949931574,0
"quota","harassment","Portugal",0.196268631692555,0.22646787769305,1
"quota","harassment","Portugal",1.36659745905095,-0.661216074746692,0
"all_male","harassment","Portugal",-0.241262345470422,0.22646787769305,1
"all_male","harassment","Portugal",-0.241262345470422,1.41977154579442,0
"all_male","harassment","Portugal",-1.19806220454554e-16,-0.462164474620324,1
"quota","harassment","Portugal",0.929066481887976,0.22646787769305,1
"balanced","harassment","Portugal",0.196268631692555,0.0543194949931574,1
"balanced","harassment","Portugal",1.62187906429721,1.59191992849432,0
"quota","harassment","Portugal",1.18434808713424,1.59191992849432,0
"balanced","harassment","Portugal",-0.974060195665842,-1.483280938508,1
"balanced","harassment","Portugal",-0.0590129735537052,-1.483280938508,0
"balanced","harassment","Portugal",1.18434808713424,0.704235976054574,0
"balanced","harassment","Portugal",-1.66687277807508,-1.483280938508,0
"all_male","harassment","Portugal",-0.934074927879659,-0.423448603368367,0
"balanced","harassment","Portugal",0.196268631692555,0.532087593354682,0
"balanced","harassment","Portugal",1.62187906429721,1.59191992849432,1
"quota","harassment","Portugal",1.62187906429721,1.59191992849432,1
"balanced","harassment","Portugal",1.62187906429721,1.59191992849432,1
"all_male","harassment","Portugal",1.18434808713424,0.22646787769305,0
"quota","harassment","Portugal",1.62187906429721,1.59191992849432,1
"quota","harassment","Portugal",-0.974060195665842,-1.483280938508,0
"all_male","harassment","Portugal",-1.2293418009121,-0.595596986068259,0
"all_male","harassment","Portugal",-1.2293418009121,0.22646787769305,0
"all_male","harassment","Portugal",0.929066481887976,0.22646787769305,1
"quota","harassment","Portugal",-0.0590129735537052,-0.117828887706735,0
"all_male","harassment","Portugal",-1.2293418009121,-0.117828887706735,0
"balanced","harassment","Portugal",-0.0590129735537052,0.0543194949931574,1
"balanced","harassment","Portugal",0.673784876641715,-0.661216074746692,1
"balanced","harassment","Portugal",1.18434808713424,1.59191992849432,0
"balanced","harassment","Portugal",0.491535504724999,0.704235976054574,0
"quota","harassment","Portugal",-0.974060195665842,-1.483280938508,0
"quota","harassment","Portugal",0.196268631692555,0.22646787769305,1
"quota","harassment","Portugal",0.196268631692555,0.0543194949931574,0
"balanced","harassment","Portugal",-0.0590129735537052,0.0543194949931574,0
"balanced","harassment","Portugal",0.196268631692555,0.0543194949931574,0
"quota","harassment","Portugal",-0.0590129735537052,-1.00551284014648,0
"balanced","harassment","Portugal",-0.496543950716682,-1.483280938508,0
"quota","harassment","Portugal",0.633799608855532,0.0543194949931574,0
"quota","harassment","Portugal",-1.2293418009121,-1.483280938508,0
"balanced","harassment","Portugal",1.62187906429721,0.493371722102725,0
"all_male","harassment","Portugal",-0.281247613256605,1.59191992849432,0
"quota","harassment","Portugal",-0.536529218502866,-1.483280938508,1
"quota","harassment","Portugal",-0.536529218502866,-1.96104903686953,0
"quota","harassment","Portugal",-1.2293418009121,-1.00551284014648,1
"quota","harassment","Portugal",-0.791810823749126,0.0543194949931574,0
"balanced","harassment","Portugal",-0.0590129735537052,0.0543194949931574,0
"balanced","harassment","Portugal",-0.241262345470422,0.0543194949931574,0
"balanced","harassment","Portugal",1.62187906429721,-1.07113192882491,0
"quota","harassment","Portugal",0.929066481887976,0.22646787769305,1
"balanced","harassment","Portugal",-0.974060195665842,-1.89319679258622,1
"quota","harassment","Portugal",-0.0590129735537052,0.0543194949931574,0
"quota","harassment","Portugal",0.929066481887976,0.0543194949931574,1
"all_male","harassment","Portugal",-1.70685804586126,-0.423448603368367,1
"quota","harassment","Portugal",0.929066481887976,0.0543194949931574,1
"quota","harassment","Portugal",-1.2293418009121,-1.483280938508,1
"all_male","harassment","Portugal",0.196268631692555,0.0543194949931574,1
"all_male","harassment","Portugal",-0.974060195665842,0.636383731771267,1
"balanced","harassment","Portugal",0.196268631692555,0.0543194949931574,1
"quota","harassment","Portugal",-0.0590129735537052,0.0543194949931574,1
"balanced","harassment","Portugal",1.62187906429721,1.59191992849432,0
"balanced","harassment","Portugal",1.62187906429721,0.704235976054574,1
"all_male","harassment","Portugal",0.196268631692555,0.0543194949931574,0
"balanced","harassment","Portugal",0.451550236938816,0.22646787769305,0
"all_male","harassment","Portugal",0.929066481887976,1.59191992849432,1
"quota","harassment","Portugal",-0.0590129735537052,0.0543194949931574,0
"all_male","harassment","Portugal",-0.974060195665842,-1.00551284014648,0
"quota","harassment","Portugal",-0.536529218502866,0.22646787769305,1
"quota","harassment","Portugal",-0.536529218502866,-0.595596986068259,0
"quota","harassment","Portugal",0.451550236938816,1.11415183013279,0
"balanced","harassment","Portugal",0.196268631692555,-1.31113255580811,0
"all_male","harassment","Portugal",-0.496543950716682,-1.483280938508,0
"balanced","harassment","Portugal",0.196268631692555,0.0543194949931574,0
"balanced","harassment","Portugal",1.36659745905095,0.22646787769305,0
"quota","harassment","Portugal",0.673784876641715,-0.423448603368367,0
"all_male","harassment","Portugal",-1.2293418009121,-1.00551284014648,1
"quota","harassment","Portugal",1.62187906429721,1.59191992849432,0
"all_male","harassment","Portugal",0.196268631692555,0.22646787769305,0
"balanced","harassment","Portugal",0.196268631692555,0.22646787769305,0
"quota","harassment","Portugal",-0.0590129735537052,0.0543194949931574,0
"quota","harassment","Portugal",-0.0590129735537052,0.0543194949931574,0
"quota","harassment","Portugal",-0.0590129735537052,1.59191992849432,1
"balanced","harassment","Portugal",1.18434808713424,1.59191992849432,1
"quota","harassment","Portugal",0.451550236938816,-1.31113255580811,1
"quota","harassment","Portugal",0.196268631692555,0.0543194949931574,0
"quota","harassment","Portugal",-1.96213965110752,-1.31113255580811,0
"quota","harassment","Portugal",0.196268631692555,0.0543194949931574,0
"quota","harassment","Portugal",1.18434808713424,0.0543194949931574,1
"quota","harassment","Portugal",-0.0590129735537052,0.22646787769305,0
"all_male","harassment","Portugal",-1.26932706869829,0.0543194949931574,0
"balanced","harassment","Portugal",0.196268631692555,0.0543194949931574,0
"quota","harassment","Portugal",-0.791810823749126,-1.31113255580811,0
"balanced","harassment","Portugal",0.929066481887976,-0.833364457446584,0
"all_male","harassment","Portugal",0.929066481887976,1.59191992849432,1
"all_male","harassment","Portugal",-1.52460867394455,-0.595596986068259,0
"quota","harassment","Portugal",0.196268631692555,0.22646787769305,1
"all_male","harassment","Portugal",-0.791810823749126,-0.595596986068259,0
"all_male","harassment","Portugal",0.196268631692555,1.11415183013279,1
"balanced","harassment","Portugal",1.18434808713424,0.532087593354682,1
"quota","harassment","Portugal",1.62187906429721,0.22646787769305,0
"balanced","harassment","Portugal",0.633799608855532,0.942003447432899,1
"all_male","harassment","Portugal",-1.2293418009121,-0.595596986068259,1
"balanced","harassment","Portugal",-0.791810823749126,-0.117828887706735,0
"quota","harassment","Portugal",1.36659745905095,1.59191992849432,1
"balanced","harassment","Portugal",-0.791810823749126,-1.00551284014648,1
"quota","harassment","Portugal",0.196268631692555,0.0543194949931574,0
"all_male","harassment","Portugal",-0.791810823749126,-0.423448603368367,0
"balanced","harassment","Portugal",-0.0590129735537052,0.0543194949931574,0
"balanced","harassment","Portugal",-0.0590129735537052,0.0543194949931574,1
"quota","harassment","Portugal",0.196268631692555,0.0543194949931574,1
"quota","harassment","Portugal",-1.26932706869829,0.22646787769305,0
"all_male","harassment","Portugal",0.196268631692555,0.0543194949931574,1
"all_male","harassment","Portugal",-0.536529218502866,0.22646787769305,0
"quota","harassment","Portugal",0.856034248558432,1.59191992849432,0
"quota","harassment","Portugal",0.196268631692555,0.0543194949931574,1
"quota","harassment","Portugal",-1.52460867394455,0.22646787769305,0
"all_male","harassment","Portugal",-0.496543950716682,-0.251300220668475,0
"balanced","harassment","Portugal",0.929066481887976,1.11415183013279,1
"all_male","harassment","Portugal",-2.65495223351676,0.0543194949931574,0
"quota","harassment","Portugal",-0.791810823749126,0.0543194949931574,1
"quota","harassment","Portugal",0.929066481887976,0.22646787769305,0
"all_male","harassment","Portugal",-0.0590129735537052,0.942003447432899,0
"all_male","harassment","Portugal",-0.241262345470422,-1.31113255580811,0
"all_male","harassment","Portugal",-2.3996706282705,-1.65542932120789,1
"balanced","harassment","Portugal",0.451550236938816,1.59191992849432,1
"all_male","harassment","Portugal",-1.96213965110752,0.22646787769305,0
"all_male","harassment","Portugal",0.196268631692555,0.22646787769305,0
"balanced","harassment","Portugal",0.856034248558432,1.59191992849432,0
"quota","harassment","Portugal",0.929066481887976,0.22646787769305,1
"balanced","harassment","Portugal",-0.791810823749126,-0.117828887706735,0
"quota","harassment","Portugal",1.62187906429721,1.59191992849432,0
"all_male","harassment","Portugal",-2.21742125635378,0.704235976054574,1
"quota","harassment","Portugal",0.633799608855532,0.0543194949931574,0
"quota","harassment","Portugal",0.929066481887976,0.22646787769305,1
"all_male","harassment","Portugal",-0.974060195665842,-1.31113255580811,1
"balanced","harassment","Portugal",1.36659745905095,1.59191992849432,1
"all_male","harassment","Portugal",0.196268631692555,-1.31113255580811,0
"balanced","harassment","Portugal",0.196268631692555,0.22646787769305,0
"quota","harassment","Portugal",1.36659745905095,1.59191992849432,0
"balanced","harassment","Portugal",0.889081214101793,1.59191992849432,1
"quota","harassment","Portugal",-1.2293418009121,-1.483280938508,1
"balanced","harassment","Portugal",0.196268631692555,0.22646787769305,0
"quota","harassment","Portugal",0.196268631692555,-0.289977270406627,1
"all_male","harassment","Portugal",0.451550236938816,0.0543194949931574,1
"all_male","harassment","Portugal",0.929066481887976,1.59191992849432,1
"balanced","harassment","Portugal",1.18434808713424,0.0543194949931574,1
"all_male","harassment","Portugal",-0.241262345470422,0.0543194949931574,1
"balanced","harassment","Portugal",-1.2293418009121,-1.483280938508,1
"quota","harassment","Portugal",-0.661696963322,0.0543194949931574,0
"balanced","harassment","Portugal",0.929066481887976,0.0543194949931574,0
"all_male","harassment","Portugal",-2.3996706282705,-1.483280938508,0
"all_male","harassment","Portugal",-1.96213965110752,-3.02088137200916,1
"all_male","harassment","Portugal",-0.496543950716682,0.0543194949931574,0
"all_male","harassment","Portugal",-2.65495223351676,-1.483280938508,0
"quota","harassment","Portugal",1.62187906429721,1.59191992849432,1
"balanced","harassment","Portugal",-0.0590129735537052,0.0543194949931574,1
"quota","harassment","Portugal",-0.0590129735537052,-0.423448603368367,1
"quota","harassment","Portugal",-0.0590129735537052,0.0543194949931574,0
"quota","harassment","Portugal",1.18434808713424,1.59191992849432,1
"balanced","harassment","Portugal",-0.0590129735537052,0.0543194949931574,1
"all_male","harassment","Portugal",-1.52460867394455,-1.483280938508,0
"all_male","harassment","Portugal",-2.3996706282705,-1.65542932120789,0
"balanced","harassment","Portugal",-0.974060195665842,0.0543194949931574,1
"balanced","harassment","Portugal",0.929066481887976,0.22646787769305,1
"quota","harassment","Portugal",0.196268631692555,0.0156036237412006,1
"quota","harassment","Portugal",0.746817109971259,-2.19881650824785,0
"balanced","harassment","Portugal",-1.2293418009121,-1.483280938508,0
"all_male","harassment","Portugal",1.18434808713424,0.22646787769305,0
"balanced","harassment","Portugal",0.451550236938816,1.59191992849432,1
"balanced","harassment","Portugal",1.62187906429721,1.59191992849432,1
"balanced","harassment","Portugal",-0.496543950716682,-2.67658460660937,0
"all_male","harassment","Portugal",-0.791810823749126,-1.00551284014648,0
"balanced","harassment","Portugal",0.929066481887976,0.22646787769305,0
"all_male","harassment","Portugal",1.62187906429721,-0.183447976385168,0
"all_male","harassment","Portugal",-0.496543950716682,-1.31113255580811,0
"all_male","harassment","Portugal",-0.0590129735537052,0.0543194949931574,1
"balanced","harassment","Portugal",-0.974060195665842,-0.117828887706735,0
"all_male","harassment","Portugal",0.859116388360353,0.22646787769305,1
"all_male","harassment","Portugal",-0.0590129735537052,-0.117828887706735,1
"balanced","harassment","Portugal",0.196268631692555,-1.31113255580811,0
"balanced","harassment","Portugal",0.929066481887976,0.22646787769305,0
"balanced","harassment","Portugal",-0.0590129735537052,0.0543194949931574,0
"balanced","harassment","Portugal",0.929066481887976,0.22646787769305,0
"all_male","harassment","Portugal",0.196268631692555,1.59191992849432,0
"balanced","harassment","Portugal",0.491535504724999,0.22646787769305,0
"all_male","harassment","Portugal",-2.3996706282705,-0.833364457446584,0
"balanced","harassment","Portugal",-0.0590129735537052,-0.423448603368367,0
"balanced","harassment","Portugal",-1.66687277807508,-1.483280938508,1
"quota","harassment","Portugal",1.18434808713424,1.59191992849432,0
"balanced","harassment","Portugal",0.929066481887976,1.11415183013279,0
"balanced","harassment","Portugal",1.18434808713424,0.0543194949931574,1
"quota","harassment","Portugal",1.62187906429721,1.59191992849432,1
"quota","harassment","Portugal",1.62187906429721,1.59191992849432,1
"quota","harassment","Portugal",0.196268631692555,-1.00551284014648,1
"all_male","harassment","Portugal",0.196268631692555,0.0543194949931574,1
"quota","harassment","Portugal",0.196268631692555,-0.833364457446584,1
"balanced","harassment","Portugal",0.196268631692555,0.0543194949931574,1
"all_male","harassment","Portugal",1.36659745905095,0.22646787769305,0
"all_male","harassment","Portugal",-0.241262345470422,-1.31113255580811,1
"balanced","harassment","Portugal",-1.52460867394455,-0.117828887706735,0
"all_male","harassment","Portugal",-2.21742125635378,0.0543194949931574,0
"balanced","harassment","Portugal",0.929066481887976,0.22646787769305,1
"all_male","harassment","Portugal",-1.48462340615836,0.0543194949931574,1
"balanced","harassment","Portugal",-0.241262345470422,0.0543194949931574,1
"balanced","harassment","Portugal",0.451550236938816,1.59191992849432,0
"quota","harassment","Portugal",-0.0590129735537052,0.0543194949931574,1
"all_male","harassment","Portugal",-0.496543950716682,0.0543194949931574,1
"balanced","harassment","Portugal",0.929066481887976,0.22646787769305,0
"all_male","harassment","Portugal",-0.0590129735537052,0.0543194949931574,1
"quota","harassment","Portugal",1.18434808713424,1.07547478039464,1
"quota","harassment","Portugal",-0.974060195665842,-1.483280938508,0
"all_male","harassment","Portugal",-1.96213965110752,-1.65542932120789,1
"all_male","harassment","Portugal",-1.96213965110752,-1.31113255580811,0
"balanced","harassment","Portugal",0.196268631692555,0.0543194949931574,1
"all_male","harassment","Portugal",-0.0590129735537052,0.0543194949931574,0
"balanced","harassment","Portugal",0.929066481887976,1.59191992849432,1
"balanced","harassment","Portugal",1.62187906429721,1.59191992849432,1
"all_male","harassment","Portugal",-1.88910741777798,-2.54311327364763,0
"all_male","harassment","Portugal",-0.0590129735537052,0.0543194949931574,1
"all_male","harassment","Portugal",-0.0590129735537052,0.0543194949931574,1
"balanced","harassment","Portugal",0.633799608855532,0.0543194949931574,0
"balanced","harassment","Portugal",0.196268631692555,0.942003447432899,0
"all_male","harassment","Portugal",-2.21742125635378,0.0543194949931574,1
"quota","harassment","Portugal",-0.0590129735537052,0.0543194949931574,0
"quota","harassment","Portugal",0.196268631692555,0.0543194949931574,0
"balanced","harassment","Portugal",1.18434808713424,1.59191992849432,1
"balanced","harassment","Portugal",-0.0590129735537052,-1.483280938508,1
"balanced","harassment","Portugal",-0.791810823749126,0.359939210654789,1
"quota","harassment","Portugal",1.18434808713424,0.22646787769305,0
"quota","harassment","Portugal",0.196268631692555,0.0543194949931574,0
"all_male","harassment","Portugal",-0.281247613256605,1.59191992849432,0
"all_male","harassment","Portugal",-0.974060195665842,-1.31113255580811,1
"all_male","harassment","Portugal",0.196268631692555,0.0543194949931574,1
"balanced","harassment","Portugal",0.196268631692555,0.0543194949931574,1
"quota","harassment","Portugal",-0.791810823749126,-1.483280938508,0
"balanced","harassment","Portugal",0.196268631692555,0.0543194949931574,1
"quota","harassment","Portugal",1.62187906429721,0.22646787769305,1
"balanced","harassment","Portugal",0.929066481887976,0.532087593354682,0
"all_male","harassment","Portugal",-1.88910741777798,-2.54311327364763,1
"balanced","harassment","Portugal",0.929066481887976,1.11415183013279,0
"balanced","harassment","Portugal",-0.536529218502866,-0.833364457446584,1
"all_male","harassment","Portugal",-0.536529218502866,1.59191992849432,0
"quota","harassment","Portugal",0.196268631692555,-0.117828887706735,0
"quota","harassment","Portugal",0.856034248558432,0.22646787769305,0
"quota","harassment","Portugal",0.196268631692555,0.22646787769305,1
"balanced","harassment","Portugal",-0.791810823749126,-0.117828887706735,1
"all_male","harassment","Portugal",-0.496543950716682,-1.00551284014648,1
"quota","harassment","Portugal",0.929066481887976,0.22646787769305,1
"balanced","harassment","Portugal",0.125167744819134,1.59191992849432,1
"balanced","harassment","Portugal",0.856034248558432,-2.84873298930927,0
"balanced","harassment","Portugal",1.62187906429721,1.59191992849432,0
"balanced","harassment","Portugal",-0.0590129735537052,0.0543194949931574,1
"quota","harassment","Portugal",0.929066481887976,0.22646787769305,1
"all_male","harassment","Portugal",-1.2293418009121,-1.31113255580811,1
"all_male","harassment","Portugal",-0.496543950716682,-1.58757707692459,0
"all_male","harassment","Portugal",0.196268631692555,0.0543194949931574,1
"all_male","harassment","Portugal",-2.65495223351676,-0.833364457446584,1
"quota","harassment","Portugal",1.36659745905095,1.11415183013279,0
"quota","animals","Portugal",0.775811945754961,0.0153215205116795,0
"balanced","animals","Portugal",0.775811945754961,1.39777320660825,1
"quota","animals","Portugal",-0.392860283115431,-0.303798892550287,1
"balanced","animals","Portugal",1.45395209063855,1.39777320660825,0
"all_male","animals","Portugal",0.122088711140273,1.39777320660825,0
"quota","animals","Portugal",0.00483609659766691,-1.28191179247008,0
"balanced","animals","Portugal",0.775811945754961,1.19560381351986,1
"quota","animals","Portugal",0.775811945754961,1.19560381351986,0
"all_male","animals","Portugal",-7.65502398787581e-18,0.215301241884159,0
"quota","animals","Portugal",-0.275607668572824,-0.101629499461899,1
"all_male","animals","Portugal",0.00483609659766691,0.0153215205116795,0
"balanced","animals","Portugal",0.00483609659766691,-1.39886281244366,1
"quota","animals","Portugal",1.17350832546806,1.39777320660825,1
"balanced","animals","Portugal",1.45395209063855,-0.101629499461899,0
"quota","animals","Portugal",0.775811945754961,0.0153215205116795,0
"all_male","animals","Portugal",-2.1224200423268,0.0153215205116795,0
"balanced","animals","Portugal",1.45395209063855,-0.389017265665095,0
"balanced","animals","Portugal",1.45395209063855,1.39777320660825,1
"balanced","animals","Portugal",1.45395209063855,0.0153215205116795,0
"all_male","animals","Portugal",0.00483609659766691,-0.101629499461899,0
"balanced","animals","Portugal",1.45395209063855,1.39777320660825,1
"quota","animals","Portugal",0.00483609659766691,-0.218580519435478,0
"quota","animals","Portugal",-1.44427989744322,-0.505968285638674,1
"quota","animals","Portugal",0.00483609659766691,1.39777320660825,1
"balanced","animals","Portugal",0.775811945754961,0.0153215205116795,1
"quota","animals","Portugal",0.612620795127076,0.217490913600067,1
"balanced","animals","Portugal",-0.673304048285922,-1.48408118555847,1
"quota","animals","Portugal",0.775811945754961,1.19560381351986,1
"balanced","animals","Portugal",1.45395209063855,1.39777320660825,0
"balanced","animals","Portugal",-0.392860283115431,-0.218580519435478,1
"all_male","animals","Portugal",-0.673304048285922,0.0153215205116795,0
"all_male","animals","Portugal",-0.392860283115431,0.0153215205116795,0
"all_male","animals","Portugal",-1.04658351773012,-1.60103220553205,1
"all_male","animals","Portugal",0.00483609659766691,0.0153215205116795,0
"all_male","animals","Portugal",-1.44427989744322,-0.101629499461899,0
"balanced","animals","Portugal",1.45395209063855,1.39777320660825,0
"all_male","animals","Portugal",0.00483609659766691,-0.101629499461899,0
"balanced","animals","Portugal",1.05625571092545,1.07865279354628,1
"all_male","animals","Portugal",0.285279861768158,-0.101629499461899,0
"all_male","animals","Portugal",-1.04658351773012,-1.28191179247008,0
"quota","animals","Portugal",-0.275607668572824,-0.101629499461899,1
"quota","animals","Portugal",1.45395209063855,1.39777320660825,0
"all_male","animals","Portugal",-2.495699511771,-0.389017265665095,1
"balanced","animals","Portugal",-0.275607668572824,0.0153215205116795,1
"balanced","animals","Portugal",-2.05206459597263,-3.1004349116022,0
"all_male","animals","Portugal",-1.93481198143002,0.993434420431475,1
"quota","animals","Portugal",1.05625571092545,1.19560381351986,1
"all_male","animals","Portugal",0.49536818058447,1.39777320660825,0
"balanced","animals","Portugal",0.612620795127076,0.0153215205116795,0
"balanced","animals","Portugal",0.775811945754961,-0.101629499461899,1
"all_male","animals","Portugal",-2.21525574660051,-0.101629499461899,0
"quota","animals","Portugal",0.893064560297568,1.39777320660825,1
"quota","animals","Portugal",1.05625571092545,0.0153215205116795,1
"all_male","animals","Portugal",-0.766139752559628,-0.101629499461899,0
"balanced","animals","Portugal",1.45395209063855,1.39777320660825,1
"quota","animals","Portugal",1.05625571092545,0.0153215205116795,0
"quota","animals","Portugal",-0.275607668572824,-0.186847872576708,0
"quota","animals","Portugal",0.775811945754961,1.39777320660825,0
"all_male","animals","Portugal",0.260862951499257,1.19560381351986,1
"all_male","animals","Portugal",0.00483609659766691,-0.101629499461899,0
"quota","animals","Portugal",-0.275607668572824,-0.218580519435478,1
"quota","animals","Portugal",-0.392860283115431,-0.101629499461899,1
"quota","animals","Portugal",-0.392860283115431,-0.186847872576708,0
"all_male","animals","Portugal",-1.16383613227272,-0.101629499461899,0
"all_male","animals","Portugal",0.00483609659766691,1.39777320660825,1
"quota","animals","Portugal",-0.275607668572824,-0.101629499461899,0
"quota","animals","Portugal",0.00483609659766691,-0.218580519435478,0
"balanced","animals","Portugal",-0.673304048285922,-1.36713016558489,0
"balanced","animals","Portugal",1.45395209063855,0.0153215205116795,0
"all_male","animals","Portugal",0.00483609659766691,-0.101629499461899,1
"all_male","animals","Portugal",-1.16383613227272,-3.1004349116022,0
"quota","animals","Portugal",1.05625571092545,1.39777320660825,1
"quota","animals","Portugal",-1.16383613227272,-2.98348389162862,0
"balanced","animals","Portugal",-0.275607668572824,-1.80320159862044,1
"all_male","animals","Portugal",-0.673304048285922,-0.420749912523866,0
"balanced","animals","Portugal",0.00483609659766691,-1.60103220553205,0
"all_male","animals","Portugal",0.00483609659766691,-0.101629499461899,1
"all_male","animals","Portugal",-0.112416517944939,-0.101629499461899,0
"all_male","animals","Portugal",1.45395209063855,-0.101629499461899,1
"all_male","animals","Portugal",0.775811945754961,0.0153215205116795,1
"all_male","animals","Portugal",0.00483609659766691,-0.101629499461899,0
"all_male","animals","Portugal",-1.04658351773012,1.39777320660825,1
"balanced","animals","Portugal",0.00483609659766691,-1.92015261859401,1
"all_male","animals","Portugal",0.775811945754961,1.19560381351986,0
"balanced","animals","Portugal",0.00483609659766691,-0.101629499461899,1
"all_male","animals","Portugal",-0.0879996076760387,-0.420749912523866,0
"balanced","animals","Portugal",0.775811945754961,0.0153215205116795,0
"all_male","animals","Portugal",-0.275607668572824,0.0153215205116795,1
"balanced","animals","Portugal",1.05625571092545,1.39777320660825,1
"balanced","animals","Portugal",1.45395209063855,1.39777320660825,1
"quota","animals","Portugal",0.682976241481256,1.39777320660825,1
"quota","animals","Portugal",0.00483609659766691,1.19560381351986,1
"balanced","animals","Portugal",-1.16383613227272,-1.60103220553205,1
"balanced","animals","Portugal",1.45395209063855,0.0153215205116795,0
"all_male","animals","Portugal",-0.392860283115431,-0.101629499461899,0
"quota","animals","Portugal",0.00483609659766691,1.07865279354628,1
"balanced","animals","Portugal",0.00483609659766691,-0.101629499461899,0
"quota","animals","Portugal",0.00483609659766691,-0.101629499461899,1
"quota","animals","Portugal",1.05625571092545,1.39777320660825,0
"balanced","animals","Portugal",0.775811945754961,0.217490913600067,0
"all_male","animals","Portugal",-1.16383613227272,0.993434420431475,1
"balanced","animals","Portugal",0.285279861768158,-0.101629499461899,0
"balanced","animals","Portugal",-0.392860283115431,-0.101629499461899,1
"balanced","animals","Portugal",0.00483609659766691,-0.218580519435478,1
"balanced","animals","Portugal",0.775811945754961,0.0153215205116795,1
"all_male","animals","Portugal",0.00483609659766691,-0.101629499461899,0
"all_male","animals","Portugal",-1.44427989744322,-0.101629499461899,0
"quota","animals","Portugal",0.00483609659766691,-0.101629499461899,0
"all_male","animals","Portugal",1.05625571092545,1.39777320660825,1
"quota","animals","Portugal",0.775811945754961,-0.101629499461899,0
"all_male","animals","Portugal",-0.673304048285922,-1.48408118555847,0
"all_male","animals","Portugal",-0.275607668572824,-0.101629499461899,0
"quota","animals","Portugal",1.17350832546806,1.39777320660825,0
"balanced","animals","Portugal",-0.485695987389136,-0.101629499461899,1
"quota","animals","Portugal",-0.766139752559628,-1.39886281244366,0
"quota","animals","Portugal",-2.61295212631361,-3.1004349116022,0
"balanced","animals","Portugal",0.260862951499257,1.07865279354628,1
"balanced","animals","Portugal",1.45395209063855,1.39777320660825,1
"quota","animals","Portugal",1.45395209063855,1.28082218663467,1
"balanced","animals","Portugal",0.775811945754961,0.0153215205116795,1
"balanced","animals","Portugal",0.00483609659766691,-0.101629499461899,0
"balanced","animals","Portugal",-0.275607668572824,-0.101629499461899,1
"quota","animals","Portugal",0.49536818058447,0.0153215205116795,1
"balanced","animals","Portugal",0.00483609659766691,-0.101629499461899,1
"balanced","animals","Portugal",0.00483609659766691,-0.101629499461899,0
"quota","animals","Portugal",-1.28108874681533,-3.1004349116022,0
"quota","animals","Portugal",0.00483609659766691,1.07865279354628,1
"quota","animals","Portugal",0.775811945754961,1.19560381351986,1
"balanced","animals","Portugal",1.05625571092545,1.39777320660825,1
"balanced","animals","Portugal",-0.275607668572824,-0.101629499461899,0
"balanced","animals","Portugal",-0.766139752559628,-0.420749912523866,0
"all_male","animals","Portugal",-0.766139752559628,-0.218580519435478,0
"all_male","animals","Portugal",-1.04658351773012,1.19560381351986,1
"quota","animals","Portugal",0.49536818058447,-1.71798322550563,0
"balanced","animals","Portugal",-1.04658351773012,-0.218580519435478,1
"balanced","animals","Portugal",1.45395209063855,1.39777320660825,1
"quota","animals","Portugal",0.00483609659766691,-0.101629499461899,1
"balanced","animals","Portugal",0.00483609659766691,1.39777320660825,1
"all_male","animals","Portugal",0.00483609659766691,-0.101629499461899,0
"all_male","animals","Portugal",-0.275607668572824,-0.101629499461899,0
"quota","animals","Portugal",-0.392860283115431,1.07865279354628,0
"all_male","animals","Portugal",0.49536818058447,-0.13336214632067,0
"quota","animals","Portugal",0.00483609659766691,-0.101629499461899,0
"balanced","animals","Portugal",-0.392860283115431,-1.48408118555847,1
"quota","animals","Portugal",-0.275607668572824,0.0153215205116795,0
"quota","animals","Portugal",-2.8933958914841,-3.1004349116022,0
"quota","animals","Portugal",1.45395209063855,0.0153215205116795,1
"quota","animals","Portugal",0.00483609659766691,-0.101629499461899,0
"balanced","animals","Portugal",-0.275607668572824,-0.101629499461899,0
"quota","animals","Portugal",1.45395209063855,0.0153215205116795,0
"quota","animals","Portugal",0.00483609659766691,-0.101629499461899,1
"balanced","animals","Portugal",-0.275607668572824,-0.101629499461899,1
"quota","animals","Portugal",-1.04658351773012,-1.71798322550563,1
"all_male","animals","Portugal",0.00483609659766691,-0.101629499461899,1
"quota","animals","Portugal",-1.44427989744322,-1.60103220553205,1
"quota","animals","Portugal",0.775811945754961,-0.101629499461899,1
"quota","animals","Portugal",0.260862951499257,1.39777320660825,0
"all_male","animals","Portugal",0.285279861768158,1.39777320660825,0
"balanced","animals","Portugal",1.05625571092545,-0.101629499461899,1
"quota","animals","Portugal",0.00483609659766691,-1.39886281244366,0
"all_male","animals","Portugal",0.00483609659766691,-0.101629499461899,0
"balanced","animals","Portugal",-0.275607668572824,-0.101629499461899,1
"quota","animals","Portugal",1.45395209063855,-0.101629499461899,0
"balanced","animals","Portugal",0.285279861768158,0.217490913600067,1
"quota","animals","Portugal",-0.275607668572824,-0.101629499461899,0
"balanced","animals","Portugal",0.775811945754961,-0.101629499461899,0
"balanced","animals","Portugal",0.49536818058447,0.0153215205116795,1
"all_male","animals","Portugal",0.00483609659766691,-0.303798892550287,1
"all_male","animals","Portugal",-1.16383613227272,-0.101629499461899,1
"quota","animals","Portugal",0.00483609659766691,-1.39886281244366,0
"all_male","animals","Portugal",-0.275607668572824,-0.101629499461899,0
"balanced","animals","Portugal",1.45395209063855,1.39777320660825,0
"quota","animals","Portugal",0.00483609659766691,-0.101629499461899,1
"balanced","animals","Portugal",-1.44427989744322,-1.36713016558489,1
"balanced","animals","Portugal",0.775811945754961,0.0153215205116795,1
"balanced","animals","Portugal",1.05625571092545,1.39777320660825,0
"balanced","animals","Portugal",0.00483609659766691,-0.101629499461899,0
"all_male","animals","Portugal",-2.8933958914841,-1.60103220553205,1
"all_male","animals","Portugal",-0.275607668572824,-0.101629499461899,1
"quota","animals","Portugal",0.775811945754961,1.19560381351986,1
"all_male","animals","Portugal",0.00483609659766691,-0.101629499461899,1
"balanced","animals","Portugal",1.05625571092545,1.19560381351986,1
"balanced","animals","Portugal",1.45395209063855,0.0153215205116795,1
"all_male","animals","Portugal",1.45395209063855,1.39777320660825,0
"balanced","animals","Portugal",0.00483609659766691,-0.101629499461899,1
"quota","animals","Portugal",1.45395209063855,0.0153215205116795,0
"all_male","animals","Portugal",0.00483609659766691,1.39777320660825,1
"balanced","animals","Portugal",-0.275607668572824,-0.101629499461899,0
"balanced","animals","Portugal",0.00483609659766691,-0.420749912523866,0
"quota","animals","Portugal",1.05625571092545,0.0153215205116795,0
"balanced","animals","Portugal",0.682976241481256,-0.218580519435478,0
"quota","animals","Portugal",0.00483609659766691,-0.303798892550287,1
"all_male","animals","Portugal",-0.766139752559628,-0.186847872576708,1
"all_male","animals","Portugal",0.00483609659766691,-0.101629499461899,1
"quota","animals","Portugal",-1.25667183654643,-0.335531539409057,0
"quota","animals","Portugal",0.00483609659766691,-1.39886281244366,1
"quota","animals","Portugal",-0.392860283115431,-0.505968285638674,0
"balanced","animals","Portugal",0.775811945754961,0.0153215205116795,0
"all_male","animals","Portugal",0.00483609659766691,-0.101629499461899,0
"all_male","animals","Portugal",-2.05206459597263,1.39777320660825,1
"all_male","animals","Portugal",-0.673304048285922,0.0153215205116795,1
"quota","animals","Portugal",0.658559331212355,0.0153215205116795,0
"balanced","animals","Portugal",0.775811945754961,0.0153215205116795,0
"balanced","animals","Portugal",-1.93481198143002,1.04692014668751,1
"balanced","animals","Portugal",0.775811945754961,0.0153215205116795,1
"all_male","animals","Portugal",-2.61295212631361,-3.1004349116022,1
"quota","animals","Portugal",-0.112416517944939,-1.28191179247008,1
"balanced","animals","Portugal",1.05625571092545,1.07865279354628,1
"all_male","animals","Portugal",-0.766139752559628,-0.101629499461899,1
"balanced","animals","Portugal",1.45395209063855,0.0153215205116795,1
"quota","animals","Portugal",0.893064560297568,0.0153215205116795,1
"balanced","animals","Portugal",-0.858975456833333,1.04692014668751,0
"balanced","animals","Portugal",1.45395209063855,1.39777320660825,0
"quota","animals","Portugal",0.00483609659766691,-0.101629499461899,1
"balanced","animals","Portugal",-0.275607668572824,-0.101629499461899,1
"quota","animals","Portugal",-0.790556662828528,-0.101629499461899,0
"balanced","animals","Portugal",-0.275607668572824,-0.101629499461899,1
"quota","animals","Portugal",0.612620795127076,1.39777320660825,1
"quota","animals","Portugal",1.45395209063855,0.0153215205116795,0
"quota","animals","Portugal",0.00483609659766691,-0.101629499461899,0
"all_male","animals","Portugal",0.00483609659766691,-0.101629499461899,0
"quota","animals","Portugal",1.45395209063855,-0.101629499461899,1
"all_male","animals","Portugal",-2.495699511771,0.0153215205116795,1
"balanced","animals","Portugal",1.45395209063855,1.39777320660825,0
"all_male","animals","Portugal",-2.0980031320579,-0.101629499461899,0
"balanced","animals","Portugal",1.05625571092545,1.39777320660825,1
"balanced","animals","Portugal",1.05625571092545,0.844750753599125,0
"balanced","animals","Portugal",0.00483609659766691,-0.101629499461899,0
"all_male","animals","Portugal",0.00483609659766691,-0.101629499461899,0
"all_male","animals","Portugal",-0.556051433743316,1.19560381351986,1
"balanced","animals","Portugal",0.285279861768158,-1.48408118555847,0
"balanced","animals","Portugal",-0.275607668572824,1.19560381351986,1
"balanced","animals","Portugal",1.45395209063855,0.0153215205116795,0
"quota","animals","Portugal",1.45395209063855,1.39777320660825,0
"quota","animals","Portugal",0.775811945754961,0.0153215205116795,0
"quota","animals","Portugal",-1.44427989744322,-1.60103220553205,0
"balanced","animals","Portugal",1.45395209063855,1.39777320660825,1
"all_male","animals","Portugal",-1.81755936688741,-1.71798322550563,0
"balanced","animals","Portugal",0.49536818058447,-0.101629499461899,0
"all_male","animals","Portugal",0.00483609659766691,-0.101629499461899,0
"all_male","animals","Portugal",-0.275607668572824,-0.101629499461899,1
"all_male","animals","Portugal",1.05625571092545,1.39777320660825,0
"quota","animals","Portugal",1.05625571092545,1.39777320660825,1
"quota","animals","Portugal",0.775811945754961,-0.101629499461899,0
"quota","animals","Portugal",-2.05206459597263,-3.1004349116022,0
"balanced","animals","Portugal",1.45395209063855,0.0153215205116795,0
"balanced","animals","Portugal",0.00483609659766691,-1.48408118555847,0
"balanced","animals","Portugal",0.775811945754961,-1.48408118555847,1
"quota","animals","Portugal",-0.673304048285922,-1.39886281244366,0
"quota","animals","Portugal",0.00483609659766691,1.19560381351986,1
"quota","animals","Portugal",-1.44427989744322,-1.60103220553205,0
"all_male","animals","Portugal",-2.495699511771,1.39777320660825,0
"balanced","animals","Portugal",1.17350832546806,-0.101629499461899,0
"all_male","animals","Portugal",-0.766139752559628,-0.186847872576708,0
"balanced","animals","Portugal",1.05625571092545,-0.101629499461899,0
"quota","animals","Portugal",-1.16383613227272,-1.60103220553205,1
"all_male","animals","Portugal",-0.275607668572824,0.0153215205116795,1
"balanced","animals","Portugal",1.45395209063855,-0.218580519435478,1
"balanced","animals","Portugal",1.45395209063855,1.39777320660825,1
"quota","animals","Portugal",0.00483609659766691,-0.303798892550287,0
"all_male","animals","Portugal",-0.275607668572824,-0.101629499461899,0
"quota","animals","Portugal",-0.275607668572824,-0.101629499461899,0
"balanced","animals","Portugal",-1.16383613227272,-1.60103220553205,0
"all_male","animals","Portugal",-1.13941922200382,1.19560381351986,1
"quota","animals","Portugal",0.00483609659766691,-0.101629499461899,0
"all_male","animals","Portugal",-1.16383613227272,-1.60103220553205,1
"balanced","animals","Portugal",0.00483609659766691,-0.101629499461899,0
"all_male","animals","Portugal",-2.21525574660051,-0.101629499461899,0
"quota","animals","Portugal",1.45395209063855,0.0153215205116795,1
"balanced","animals","Portugal",1.45395209063855,1.19560381351986,1
"balanced","animals","Portugal",-0.392860283115431,-0.186847872576708,0
"quota","animals","Portugal",-2.8933958914841,-0.303798892550287,0
"balanced","animals","Portugal",1.45395209063855,-0.101629499461899,1
"balanced","animals","Portugal",0.402532476310764,-0.101629499461899,1
"balanced","animals","Portugal",0.775811945754961,-0.101629499461899,1
"balanced","animals","Portugal",1.05625571092545,0.217490913600067,0
"quota","animals","Portugal",1.45395209063855,0.100539893626488,1
"balanced","animals","Portugal",1.05625571092545,1.39777320660825,1
"quota","animals","Portugal",0.775811945754961,0.0153215205116795,1
"all_male","animals","Portugal",0.00483609659766691,0.0153215205116795,1
"quota","animals","Portugal",0.775811945754961,0.0153215205116795,1
"balanced","animals","Portugal",0.775811945754961,-0.101629499461899,0
"all_male","animals","Portugal",0.612620795127076,1.39777320660825,1
"balanced","animals","Portugal",0.00483609659766691,1.19560381351986,1
"quota","animals","Portugal",1.45395209063855,1.39777320660825,0
"all_male","animals","Portugal",-0.392860283115431,-0.101629499461899,1
"all_male","animals","Portugal",-1.04658351773012,-0.303798892550287,0
"quota","animals","Portugal",1.45395209063855,1.39777320660825,0
"all_male","animals","Portugal",-1.04658351773012,-0.101629499461899,1
"balanced","animals","Portugal",1.05625571092545,0.0153215205116795,0
"balanced","animals","Portugal",0.00483609659766691,1.19560381351986,1
"balanced","animals","Portugal",0.00483609659766691,-0.101629499461899,0
"all_male","animals","Portugal",-0.766139752559628,1.39777320660825,0
"all_male","animals","Portugal",-0.392860283115431,-0.101629499461899,1
"all_male","animals","Portugal",1.45395209063855,1.19560381351986,1
"quota","animals","Portugal",1.45395209063855,1.39777320660825,1
"all_male","animals","Portugal",-0.485695987389136,0.0153215205116795,0
"quota","animals","Portugal",-1.16383613227272,-1.60103220553205,0
"quota","animals","Portugal",-0.673304048285922,-0.420749912523866,0
"all_male","animals","Portugal",0.00483609659766691,-0.101629499461899,1
"all_male","animals","Portugal",-0.0327080663278853,-0.101629499461899,1
"quota","animals","Portugal",0.00483609659766691,-0.303798892550287,0
"quota","animals","Portugal",-0.275607668572824,-0.218580519435478,0
"quota","animals","Portugal",0.00483609659766691,-1.28191179247008,1
"all_male","animals","Portugal",0.00483609659766691,-0.101629499461899,1
"all_male","animals","Portugal",0.00483609659766691,-0.505968285638674,0
"balanced","animals","Portugal",-0.766139752559628,1.39777320660825,1
"all_male","animals","Portugal",-1.81755936688741,-3.1004349116022,0
"all_male","animals","Portugal",0.00483609659766691,-0.186847872576708,1
"quota","animals","Portugal",1.45395209063855,1.19560381351986,0
"balanced","animals","Portugal",-1.16383613227272,-1.39886281244366,0
"all_male","animals","Portugal",-0.766139752559628,-0.101629499461899,1
"quota","animals","Portugal",-1.44427989744322,-0.101629499461899,1
"balanced","animals","Portugal",0.775811945754961,-1.1649607724965,0
"all_male","animals","Portugal",-0.766139752559628,0.0153215205116795,1
"quota","animals","Portugal",-1.16383613227272,-1.60103220553205,1
"all_male","animals","Portugal",-1.25667183654643,1.39777320660825,1
"all_male","animals","Portugal",-2.8933958914841,-1.39886281244366,0
"balanced","animals","Portugal",-0.392860283115431,-1.60103220553205,0
"all_male","animals","Portugal",-0.275607668572824,-0.303798892550287,0
"quota","animals","Portugal",-0.275607668572824,-0.218580519435478,0
"quota","animals","Portugal",-0.392860283115431,-0.101629499461899,1
"all_male","animals","Portugal",0.00483609659766691,-0.101629499461899,0
"all_male","animals","Portugal",-1.04658351773012,-0.218580519435478,0
"all_male","animals","Portugal",1.45395209063855,1.39777320660825,1
"balanced","animals","Portugal",-1.04658351773012,-1.39886281244366,0
"balanced","animals","Portugal",0.00483609659766691,-0.303798892550287,0
"all_male","animals","Portugal",-1.16383613227272,-0.101629499461899,0
"quota","animals","Portugal",1.05625571092545,-0.101629499461899,1
"balanced","animals","Portugal",0.00483609659766691,-0.420749912523866,1
"balanced","animals","Portugal",-1.53711560171692,-1.60103220553205,1
"all_male","animals","Portugal",-1.04658351773012,0.0153215205116795,0
"balanced","animals","Portugal",1.45395209063855,1.39777320660825,1
"quota","animals","Portugal",1.05625571092545,1.39777320660825,1
"all_male","animals","Portugal",-1.81755936688741,1.19560381351986,0
"quota","animals","Portugal",0.00483609659766691,-0.335531539409057,1
"balanced","animals","Portugal",0.00483609659766691,-0.101629499461899,1
"balanced","animals","Portugal",-1.44427989744322,-1.60103220553205,1
"quota","animals","Portugal",0.00483609659766691,-0.101629499461899,0
"quota","animals","Portugal",1.45395209063855,1.39777320660825,1
"all_male","animals","Portugal",0.775811945754961,0.0153215205116795,1
"quota","animals","Portugal",-1.04658351773012,0.993434420431475,0
"all_male","animals","Portugal",-0.392860283115431,-0.101629499461899,0
"balanced","animals","Portugal",0.00483609659766691,1.19560381351986,1
"all_male","animals","Portugal",0.00483609659766691,-0.101629499461899,0
"quota","animals","Portugal",-0.510112897658037,1.39777320660825,0
"all_male","animals","Portugal",0.285279861768158,1.19560381351986,0
"all_male","animals","Portugal",0.0110310709446789,0.0153215205116795,0
"all_male","animals","Portugal",-1.53711560171692,0.876483400457896,1
"balanced","animals","Portugal",1.45395209063855,-0.303798892550287,1
"quota","animals","Portugal",0.00483609659766691,-0.303798892550287,1
"all_male","animals","Portugal",0.00483609659766691,-0.101629499461899,0
"balanced","animals","Portugal",-0.673304048285922,-0.303798892550287,0
"all_male","animals","Portugal",-2.495699511771,-0.420749912523866,0
"balanced","animals","Portugal",1.45395209063855,1.39777320660825,0
"balanced","animals","Portugal",0.00483609659766691,1.19560381351986,0
"quota","animals","Portugal",0.00483609659766691,-0.303798892550287,1
"all_male","animals","Portugal",-2.8933958914841,-1.60103220553205,1
"all_male","animals","Portugal",0.00483609659766691,-0.101629499461899,1
"all_male","animals","Portugal",0.00483609659766691,-0.101629499461899,0
"balanced","animals","Portugal",0.775811945754961,0.0153215205116795,0
"quota","animals","Portugal",0.775811945754961,-0.101629499461899,0
"quota","animals","Portugal",0.00483609659766691,-0.101629499461899,1
"quota","animals","Portugal",1.45395209063855,1.39777320660825,0
"quota","animals","Portugal",1.05625571092545,0.100539893626488,0
"quota","animals","Portugal",1.05625571092545,0.0153215205116795,1
"balanced","animals","Portugal",-0.275607668572824,-1.48408118555847,1
"all_male","animals","Portugal",0.49536818058447,1.39777320660825,1
"all_male","animals","Portugal",-2.1224200423268,-2.86653287165504,1
"all_male","animals","Portugal",-0.158355054030218,-0.101629499461899,1
"all_male","animals","Portugal",-0.766139752559628,-0.186847872576708,1
"all_male","animals","Portugal",0.775811945754961,-0.335531539409057,0
"balanced","animals","Portugal",-1.16383613227272,-0.505968285638674,0
"quota","animals","Portugal",0.775811945754961,-0.335531539409057,1
"quota","animals","Portugal",0.775811945754961,0.0153215205116795,1
"balanced","animals","Portugal",0.00483609659766691,-0.101629499461899,1
"quota","animals","Portugal",0.00483609659766691,0.0153215205116795,1
"balanced","animals","Portugal",0.00483609659766691,1.39777320660825,1
"all_male","animals","Portugal",-1.16383613227272,-1.60103220553205,1
"all_male","animals","Portugal",-1.04658351773012,-0.218580519435478,0
"all_male","animals","Portugal",-0.766139752559628,-1.60103220553205,1
"balanced","animals","Portugal",0.775811945754961,0.0153215205116795,0
"all_male","animals","Portugal",0.00483609659766691,-0.101629499461899,1
"all_male","animals","Portugal",-0.766139752559628,0.993434420431475,0
"balanced","animals","Portugal",0.00483609659766691,-0.101629499461899,0
"quota","animals","Portugal",0.00483609659766691,-0.101629499461899,1
"all_male","animals","Portugal",0.00483609659766691,1.39777320660825,1
"quota","animals","Portugal",0.285279861768158,-0.101629499461899,0
"balanced","animals","Portugal",-0.275607668572824,-0.101629499461899,1
"quota","animals","Portugal",1.05625571092545,-0.101629499461899,0
"balanced","animals","Portugal",0.00483609659766691,-0.101629499461899,0
"all_male","animals","Portugal",-0.275607668572824,-0.101629499461899,1
"quota","animals","Portugal",-0.275607668572824,1.39777320660825,0
"all_male","animals","Portugal",0.00483609659766691,-0.303798892550287,0
"balanced","animals","Portugal",-0.275607668572824,-0.101629499461899,0
"quota","animals","Portugal",0.00483609659766691,-1.48408118555847,0
"quota","animals","Portugal",0.775811945754961,-0.186847872576708,1
"all_male","animals","Portugal",-1.44427989744322,-1.60103220553205,0
"all_male","animals","Portugal",1.05625571092545,0.993434420431475,1
"quota","animals","Portugal",1.45395209063855,1.19560381351986,0
"balanced","animals","Portugal",0.49536818058447,0.0153215205116795,0
"balanced","animals","Portugal",0.775811945754961,0.0153215205116795,1
"all_male","animals","Portugal",-1.16383613227272,-1.60103220553205,0
"all_male","animals","Portugal",0.285279861768158,-0.101629499461899,0
"balanced","animals","Portugal",1.05625571092545,0.0153215205116795,0
"quota","animals","Portugal",0.00483609659766691,-0.101629499461899,0
"balanced","animals","Portugal",-0.275607668572824,-1.60103220553205,0
"balanced","animals","Portugal",-0.275607668572824,-0.101629499461899,1
"quota","animals","Portugal",1.17350832546806,0.0153215205116795,1
"balanced","animals","Portugal",0.00483609659766691,-0.101629499461899,0
"balanced","animals","Portugal",-1.04658351773012,-0.101629499461899,0
"all_male","animals","Portugal",-1.25667183654643,1.39777320660825,1
"balanced","animals","Portugal",0.775811945754961,1.39777320660825,1
"quota","animals","Portugal",1.45395209063855,0.0153215205116795,1
"all_male","animals","Portugal",-2.21525574660051,-0.101629499461899,0
"quota","animals","Portugal",-0.766139752559628,-1.60103220553205,1
"quota","animals","Portugal",1.05625571092545,1.19560381351986,1
"quota","animals","Portugal",-0.36844337284653,-0.101629499461899,1
"quota","animals","Portugal",-1.44427989744322,-0.420749912523866,1
"quota","animals","Portugal",1.17350832546806,0.0153215205116795,0
"all_male","animals","Portugal",1.45395209063855,1.39777320660825,0
"balanced","animals","Portugal",0.00483609659766691,1.19560381351986,0
"balanced","animals","Portugal",1.05625571092545,1.28082218663467,1
"all_male","animals","Portugal",-0.883392367102234,-1.60103220553205,0
"quota","animals","Portugal",0.00483609659766691,-0.101629499461899,0
"balanced","animals","Portugal",1.05625571092545,1.39777320660825,1
"balanced","animals","Portugal",-0.275607668572824,1.28082218663467,0
"all_male","animals","Portugal",0.00483609659766691,-0.101629499461899,1
"quota","animals","Portugal",1.05625571092545,0.217490913600067,1
"all_male","animals","Portugal",1.45395209063855,1.39777320660825,0
"all_male","animals","Portugal",-2.8933958914841,-1.71798322550563,1
"balanced","animals","Portugal",1.45395209063855,1.39777320660825,0
"quota","animals","Portugal",1.45395209063855,1.39777320660825,0
"balanced","animals","Portugal",0.00483609659766691,-0.101629499461899,0
"quota","animals","Portugal",0.775811945754961,-0.101629499461899,1
"quota","animals","Portugal",0.775811945754961,1.19560381351986,1
"quota","animals","Portugal",0.00483609659766691,-0.101629499461899,0
"balanced","animals","Portugal",0.612620795127076,1.19560381351986,1
"all_male","animals","Portugal",-0.275607668572824,-0.101629499461899,0
"all_male","animals","Portugal",-0.766139752559628,0.0153215205116795,0
"quota","animals","Portugal",-0.392860283115431,-0.303798892550287,0
"balanced","animals","Portugal",-0.275607668572824,-0.186847872576708,0
"balanced","animals","Portugal",0.00483609659766691,-0.101629499461899,1
"quota","animals","Portugal",0.378115566041864,0.0153215205116795,0
"balanced","animals","Portugal",0.00483609659766691,-0.101629499461899,0
"balanced","animals","Portugal",1.05625571092545,1.39777320660825,0
"quota","animals","Portugal",0.775811945754961,0.0153215205116795,0
"all_male","animals","Portugal",-0.0879996076760387,1.19560381351986,0
"balanced","animals","Portugal",1.05625571092545,0.217490913600067,0
"balanced","animals","Portugal",0.49536818058447,-0.101629499461899,1
"balanced","animals","Portugal",0.775811945754961,0.0153215205116795,0
"all_male","animals","Portugal",-0.275607668572824,-0.101629499461899,1
"quota","animals","Portugal",-0.275607668572824,-0.101629499461899,0
"quota","animals","Portugal",0.00483609659766691,1.39777320660825,1
"all_male","animals","Portugal",-1.44427989744322,-1.60103220553205,1
"all_male","animals","Portugal",-2.8933958914841,-0.303798892550287,0
"quota","animals","Portugal",0.00483609659766691,-1.48408118555847,0
"all_male","animals","Portugal",-2.21525574660051,-0.101629499461899,0
"all_male","animals","Portugal",1.05625571092545,1.39777320660825,1
"quota","animals","Portugal",-0.275607668572824,-1.28191179247008,0
"all_male","animals","Portugal",-1.25667183654643,1.39777320660825,0
"quota","animals","Portugal",-0.673304048285922,-0.420749912523866,1
"all_male","animals","Portugal",0.00483609659766691,0.0153215205116795,1
"quota","animals","Portugal",-0.392860283115431,-0.101629499461899,1
"balanced","animals","Portugal",0.00483609659766691,-0.303798892550287,1
"quota","animals","Portugal",-0.673304048285922,-1.48408118555847,0
"quota","animals","Portugal",-0.275607668572824,-0.303798892550287,0
"quota","animals","Portugal",1.05625571092545,1.39777320660825,1
"balanced","animals","Portugal",0.00483609659766691,-0.101629499461899,1
"quota","animals","Portugal",-0.275607668572824,1.28082218663467,0
"balanced","animals","Portugal",0.285279861768158,1.28082218663467,0
"all_male","animals","Portugal",-1.44427989744322,-1.60103220553205,1
"balanced","animals","Portugal",-0.275607668572824,-0.101629499461899,0
"balanced","animals","Portugal",1.05625571092545,0.0153215205116795,1
"quota","animals","Portugal",1.45395209063855,1.39777320660825,1
"balanced","animals","Portugal",0.00483609659766691,-0.101629499461899,0
"balanced","animals","Portugal",0.00483609659766691,-0.101629499461899,1
"all_male","animals","Portugal",1.05625571092545,1.39777320660825,1
"all_male","animals","Portugal",1.05625571092545,1.39777320660825,1
"quota","animals","Portugal",-1.32702728290061,-1.71798322550563,0
"balanced","animals","Portugal",0.00483609659766691,0.0153215205116795,0
"quota","animals","Portugal",1.45395209063855,0.0153215205116795,1
"balanced","animals","Portugal",1.45395209063855,0.0153215205116795,1
"all_male","animals","Portugal",-0.275607668572824,-0.101629499461899,0
"quota","animals","Portugal",-1.81755936688741,-1.48408118555847,1
"balanced","animals","Portugal",0.00483609659766691,-0.101629499461899,0
"quota","animals","Portugal",1.45395209063855,0.0153215205116795,1
"balanced","animals","Portugal",1.45395209063855,1.39777320660825,0
"all_male","animals","Portugal",-2.21525574660051,-1.48408118555847,0
"quota","animals","Portugal",0.775811945754961,-0.101629499461899,1
"quota","animals","Portugal",-1.16383613227272,-1.60103220553205,1
"all_male","animals","Portugal",-1.04658351773012,-1.60103220553205,1
"balanced","animals","Portugal",0.00483609659766691,-0.101629499461899,0
"all_male","animals","Portugal",1.05625571092545,1.28082218663467,0
"quota","animals","Portugal",-1.44427989744322,-3.1004349116022,1
"balanced","animals","Portugal",0.00483609659766691,0.0153215205116795,0
"quota","animals","Portugal",0.00483609659766691,0.100539893626488,0
"all_male","animals","Portugal",1.45395209063855,1.39777320660825,0
"quota","animals","Portugal",1.17350832546806,1.19560381351986,0
"quota","animals","Portugal",-0.275607668572824,-0.101629499461899,1
"quota","animals","Portugal",-2.0980031320579,-1.60103220553205,1
"balanced","animals","Portugal",0.775811945754961,-0.101629499461899,1
"balanced","animals","Portugal",1.05625571092545,1.19560381351986,1
"quota","animals","Portugal",1.45395209063855,1.39777320660825,0
"balanced","animals","Portugal",-1.16383613227272,-1.60103220553205,0
"quota","animals","Portugal",0.00483609659766691,1.19560381351986,0
"quota","animals","Portugal",0.775811945754961,1.07865279354628,1
"balanced","animals","Portugal",1.05625571092545,1.39777320660825,1
"quota","animals","Portugal",0.775811945754961,0.0153215205116795,1
"quota","animals","Portugal",1.17350832546806,0.100539893626488,1
"balanced","animals","Portugal",0.00483609659766691,-1.48408118555847,1
"quota","animals","Portugal",-1.04658351773012,-1.60103220553205,1
"all_male","animals","Portugal",-1.16383613227272,-1.60103220553205,0
"all_male","animals","Portugal",-2.8933958914841,-1.48408118555847,0
"balanced","animals","Portugal",-0.275607668572824,-0.101629499461899,0
"balanced","animals","Portugal",0.00483609659766691,-0.101629499461899,1
"balanced","animals","Portugal",0.00483609659766691,-0.101629499461899,1
"quota","animals","Portugal",0.775811945754961,-0.101629499461899,0
"quota","animals","Portugal",0.285279861768158,0.0153215205116795,1
"all_male","animals","Portugal",0.775811945754961,0.0153215205116795,0
"all_male","animals","Portugal",-0.275607668572824,-0.186847872576708,0
"balanced","animals","Portugal",0.00483609659766691,0.0153215205116795,1
"balanced","animals","Portugal",-0.392860283115431,-0.303798892550287,0
"all_male","animals","Portugal",-1.53711560171692,1.39777320660825,1
"all_male","animals","Portugal",-2.61295212631361,-3.1004349116022,1
"quota","animals","Portugal",0.682976241481256,1.28082218663467,0
"all_male","animals","Portugal",-2.33250836114312,0.0153215205116795,1
"quota","animals","Portugal",0.378115566041864,0.0153215205116795,0
"quota","animals","Portugal",1.45395209063855,0.0153215205116795,0
"all_male","animals","Portugal",0.682976241481256,0.0153215205116795,1
"quota","animals","Portugal",0.00483609659766691,-0.303798892550287,1
"balanced","animals","Portugal",1.45395209063855,1.39777320660825,0
"quota","animals","Portugal",-1.44427989744322,-1.48408118555847,0
"balanced","animals","Portugal",-2.21525574660051,-3.1004349116022,0
"all_male","animals","Portugal",-1.70030675234481,-3.1004349116022,1
"quota","animals","Portugal",1.05625571092545,1.39777320660825,1
"all_male","animals","Portugal",-0.275607668572824,-0.101629499461899,0
"balanced","animals","Portugal",-0.392860283115431,-1.39886281244366,1
"balanced","animals","Portugal",0.775811945754961,1.39777320660825,1
"quota","animals","Portugal",0.00483609659766691,1.19560381351986,1
"balanced","animals","Portugal",0.775811945754961,1.19560381351986,1
"quota","animals","Portugal",0.00483609659766691,-0.101629499461899,1
"all_male","animals","Portugal",0.00483609659766691,-0.101629499461899,0
"all_male","animals","Portugal",-0.883392367102234,-2.74958185168146,0
"balanced","animals","Portugal",1.05625571092545,-0.186847872576708,0
"all_male","animals","Portugal",1.45395209063855,1.39777320660825,1
"all_male","animals","Portugal",-1.44427989744322,0.844750753599125,0
"balanced","animals","Portugal",1.45395209063855,1.39777320660825,0
"all_male","animals","Portugal",1.45395209063855,1.39777320660825,1
"balanced","animals","Portugal",-1.25667183654643,-0.335531539409057,1
"all_male","animals","Portugal",-1.16383613227272,-1.60103220553205,0
"all_male","animals","Portugal",-1.04658351773012,0.0153215205116795,0
"quota","animals","Portugal",0.775811945754961,1.39777320660825,1
"quota","animals","Portugal",0.775811945754961,-0.101629499461899,0
"balanced","animals","Portugal",0.00483609659766691,-0.101629499461899,1
"all_male","animals","Portugal",-0.929330903187513,-0.101629499461899,0
"balanced","animals","Portugal",0.00483609659766691,-0.101629499461899,0
"quota","animals","Portugal",1.05625571092545,0.0153215205116795,1
"all_male","animals","Portugal",0.285279861768158,1.19560381351986,1
"quota","animals","Portugal",0.00483609659766691,-0.303798892550287,1
"balanced","animals","Portugal",-0.275607668572824,-0.303798892550287,1
"all_male","animals","Portugal",-0.275607668572824,-1.48408118555847,1
"quota","animals","Portugal",-0.275607668572824,0.0153215205116795,1
"all_male","animals","Portugal",1.45395209063855,1.39777320660825,0
"all_male","animals","Portugal",-1.04658351773012,-1.60103220553205,0
"all_male","animals","Portugal",-1.44427989744322,-0.101629499461899,0
"all_male","animals","Portugal",-2.21525574660051,-0.420749912523866,1
"all_male","animals","Portugal",0.49536818058447,1.39777320660825,0
"all_male","animals","Portugal",0.0375441629255522,0.00218967171590814,0
"all_male","animals","Portugal",-1.16383613227272,-1.60103220553205,0
"all_male","animals","Portugal",0.378115566041864,0.0153215205116795,0
"balanced","animals","Portugal",0.775811945754961,0.0153215205116795,1
"balanced","animals","Portugal",1.05625571092545,1.19560381351986,0
"balanced","animals","Portugal",0.00483609659766691,-1.39886281244366,1
"quota","animals","Portugal",-0.883392367102234,-1.60103220553205,0
"all_male","animals","Portugal",0.00483609659766691,0.0153215205116795,1
"balanced","animals","Portugal",0.775811945754961,0.0153215205116795,0
"all_male","animals","Portugal",1.05625571092545,1.39777320660825,1
"balanced","animals","Portugal",1.45395209063855,0.217490913600067,0
"quota","animals","Portugal",0.00483609659766691,-0.101629499461899,0
"all_male","animals","Portugal",-0.766139752559628,1.28082218663467,0
"quota","animals","Portugal",-0.392860283115431,-0.101629499461899,0
"quota","animals","Portugal",-0.673304048285922,-0.218580519435478,0
"balanced","animals","Portugal",-0.392860283115431,-0.335531539409057,0
"quota","animals","Portugal",0.00483609659766691,-0.101629499461899,1
"all_male","animals","Portugal",-2.8933958914841,-3.1004349116022,0
"all_male","animals","Portugal",-2.21525574660051,-0.389017265665095,0
"quota","animals","Portugal",1.45395209063855,1.19560381351986,0
"balanced","animals","Portugal",0.402532476310764,-0.218580519435478,1
"quota","animals","Portugal",-0.485695987389136,1.19560381351986,1
"all_male","animals","Portugal",-2.495699511771,1.39777320660825,1
"balanced","animals","Portugal",-1.04658351773012,-1.39886281244366,1
"quota","animals","Portugal",0.00483609659766691,0.0153215205116795,0
"all_male","animals","Portugal",0.00483609659766691,-0.101629499461899,0
"quota","animals","Portugal",1.17350832546806,0.0153215205116795,0
"all_male","animals","Portugal",-0.275607668572824,-0.101629499461899,0
"all_male","animals","Portugal",0.00483609659766691,-0.101629499461899,1
"balanced","animals","Portugal",-0.673304048285922,-1.48408118555847,0
"balanced","animals","Portugal",0.00483609659766691,0.0153215205116795,0
"all_male","animals","Portugal",0.00483609659766691,-0.101629499461899,1
"quota","animals","Portugal",-0.275607668572824,-0.101629499461899,0
"all_male","animals","Portugal",-0.766139752559628,-1.39886281244366,1
"all_male","animals","Portugal",-0.766139752559628,0.0153215205116795,1
"quota","animals","Portugal",0.00483609659766691,-0.101629499461899,1
"balanced","animals","Portugal",0.00483609659766691,-0.101629499461899,1
"quota","animals","Portugal",0.00483609659766691,0.0153215205116795,0
"balanced","animals","Portugal",1.05625571092545,0.0153215205116795,0
"quota","animals","Portugal",1.05625571092545,0.217490913600067,0
"balanced","animals","Portugal",0.775811945754961,0.0153215205116795,0
"quota","animals","Portugal",1.45395209063855,1.39777320660825,0
"all_male","animals","Portugal",-2.0980031320579,-0.186847872576708,0
"balanced","animals","Portugal",1.05625571092545,0.0153215205116795,0
"balanced","animals","Portugal",0.00483609659766691,-0.101629499461899,1
"all_male","animals","Portugal",0.00483609659766691,0.0153215205116795,0
"quota","animals","Portugal",-0.766139752559628,-1.60103220553205,0
"all_male","animals","Portugal",1.05625571092545,1.19560381351986,0
"balanced","animals","Portugal",-1.16383613227272,-1.60103220553205,0
"balanced","animals","Portugal",0.00483609659766691,-1.48408118555847,0
"quota","animals","Portugal",1.45395209063855,1.39777320660825,1
"all_male","animals","Portugal",-1.16383613227272,1.39777320660825,1
"quota","animals","Portugal",0.00483609659766691,-0.101629499461899,0
"all_male","animals","Portugal",-0.275607668572824,-0.101629499461899,1
"balanced","animals","Portugal",0.402532476310764,0.0153215205116795,1
"all_male","animals","Portugal",0.402532476310764,-0.101629499461899,0
"quota","animals","Portugal",0.00483609659766691,-0.218580519435478,1
"all_male","animals","Portugal",0.00483609659766691,-0.101629499461899,0
"balanced","animals","Portugal",0.00483609659766691,0.0153215205116795,0
"all_male","animals","Portugal",-0.275607668572824,-0.101629499461899,0
"balanced","animals","Portugal",-1.04658351773012,-0.303798892550287,0
"balanced","animals","Portugal",0.00483609659766691,-0.101629499461899,0
"all_male","animals","Portugal",0.775811945754961,1.19560381351986,1
"quota","animals","Portugal",1.05625571092545,1.19560381351986,1
"quota","animals","Portugal",-0.275607668572824,-0.101629499461899,1
"balanced","animals","Portugal",0.775811945754961,0.217490913600067,0
"all_male","animals","Portugal",-1.16383613227272,-1.80320159862044,0
"all_male","animals","Portugal",0.00483609659766691,-0.101629499461899,0
"all_male","animals","Portugal",-1.44427989744322,-1.48408118555847,0
"quota","animals","Portugal",0.775811945754961,0.0153215205116795,1
"all_male","animals","Portugal",0.00483609659766691,-0.303798892550287,1
"all_male","animals","Portugal",-1.04658351773012,-1.39886281244366,0
"all_male","animals","Portugal",-1.16383613227272,-1.60103220553205,0
"all_male","animals","Portugal",-0.392860283115431,-1.60103220553205,0
"all_male","animals","Portugal",0.00483609659766691,0.0153215205116795,0
"balanced","animals","Portugal",1.45395209063855,-0.101629499461899,0
"balanced","animals","Portugal",0.260862951499257,1.39777320660825,0
"quota","animals","Portugal",0.00483609659766691,-0.101629499461899,1
"all_male","animals","Portugal",-0.0879996076760387,1.39777320660825,0
"all_male","animals","Portugal",-0.275607668572824,-0.101629499461899,0
"quota","animals","Portugal",0.775811945754961,-0.101629499461899,1
"quota","animals","Portugal",0.00483609659766691,-0.303798892550287,0
"all_male","animals","Portugal",1.45395209063855,1.39777320660825,1
"balanced","animals","Portugal",0.00483609659766691,1.39777320660825,1
"balanced","animals","Portugal",-1.44427989744322,-1.28191179247008,1
"quota","animals","Portugal",0.285279861768158,0.0153215205116795,1
"balanced","animals","Portugal",1.45395209063855,1.39777320660825,1
"quota","animals","Portugal",0.775811945754961,0.0153215205116795,1
"all_male","animals","Portugal",-1.16383613227272,-0.186847872576708,1
"balanced","animals","Portugal",0.00483609659766691,-0.101629499461899,1
"quota","animals","Portugal",1.45395209063855,0.0153215205116795,0
"balanced","animals","Portugal",0.00483609659766691,-0.101629499461899,0
"balanced","animals","Portugal",0.00483609659766691,0.0153215205116795,0
"balanced","animals","Portugal",-0.275607668572824,1.19560381351986,1
"all_male","animals","Portugal",0.682976241481256,1.39777320660825,0
"quota","harassment","United States",-0.111401303264929,-0.216604355957854,0
"balanced","harassment","United States",-0.111401303264929,-0.216604355957854,1
"all_male","harassment","United States",-0.111401303264929,-0.216604355957854,0
"all_male","harassment","United States",1.46842500172767,1.23729617144943,1
"quota","harassment","United States",0.79165027698852,-0.216604355957854,1
"balanced","harassment","United States",-0.111401303264929,-0.216604355957854,1
"all_male","harassment","United States",1.46842500172767,-0.216604355957854,0
"quota","harassment","United States",-0.788176028004075,-0.944271535900884,0
"balanced","harassment","United States",1.04333471527271,1.23729617144943,1
"quota","harassment","United States",1.04333471527271,1.23729617144943,1
"all_male","harassment","United States",-0.111401303264929,-0.216604355957854,0
"quota","harassment","United States",0.79165027698852,1.23729617144943,1
"all_male","harassment","United States",1.04333471527271,-0.216604355957854,1
"balanced","harassment","United States",1.46842500172767,1.23729617144943,0
"balanced","harassment","United States",-0.788176028004075,-1.91410065834156,0
"quota","harassment","United States",0.140283135019263,-0.216604355957854,0
"quota","harassment","United States",0.79165027698852,-0.216604355957854,1
"balanced","harassment","United States",1.04333471527271,1.23729617144943,0
"all_male","harassment","United States",1.04333471527271,1.23729617144943,0
"quota","harassment","United States",0.79165027698852,1.23729617144943,1
"quota","harassment","United States",0.79165027698852,1.23729617144943,1
"all_male","harassment","United States",-0.536491589719884,-0.338402243446067,0
"balanced","harassment","United States",-0.111401303264929,-0.338402243446067,0
"quota","harassment","United States",-0.536491589719884,-1.67050488336513,0
"balanced","harassment","United States",-0.111401303264929,-0.641336889673475,1
"all_male","harassment","United States",0.140283135019263,0.0863302902695542,0
"quota","harassment","United States",-0.111401303264929,-0.46020013093428,0
"all_male","harassment","United States",-2.59427918851097,-0.338402243446067,1
"balanced","harassment","United States",-0.36308574154912,0.0863302902695542,1
"quota","harassment","United States",-0.111401303264929,-0.216604355957854,0
"all_male","harassment","United States",-2.59427918851097,-0.338402243446067,0
"quota","harassment","United States",-1.69122760825752,-0.338402243446067,0
"all_male","harassment","United States",-1.43954316997333,-1.91410065834156,0
"balanced","harassment","United States",-1.43954316997333,-1.67050488336513,0
"all_male","harassment","United States",0.140283135019263,-0.216604355957854,1
"all_male","harassment","United States",-1.43954316997333,1.11549828396121,0
"balanced","harassment","United States",1.04333471527271,1.23729617144943,1
"quota","harassment","United States",-0.536491589719884,-1.79230277085335,0
"all_male","harassment","United States",1.46842500172767,1.23729617144943,0
"balanced","harassment","United States",0.313688983190026,-0.216604355957854,0
"quota","harassment","United States",1.46842500172767,-0.216604355957854,0
"all_male","harassment","United States",-0.111401303264929,-0.338402243446067,0
"all_male","harassment","United States",-0.284807151435692,1.23729617144943,0
"balanced","harassment","United States",1.04333471527271,1.23729617144943,1
"quota","harassment","United States",-1.26613732180257,-0.46020013093428,0
"quota","harassment","United States",0.140283135019263,-0.216604355957854,0
"all_male","harassment","United States",-0.111401303264929,-0.216604355957854,0
"balanced","harassment","United States",-2.36800233299667,-1.79230277085335,0
"all_male","harassment","United States",-0.614770179833311,-0.641336889673475,1
"balanced","harassment","United States",0.140283135019263,-0.338402243446067,0
"quota","harassment","United States",-3.27105391325012,-3.48979907323705,0
"all_male","harassment","United States",-0.614770179833311,-1.61116601211415,0
"quota","harassment","United States",-0.111401303264929,-0.338402243446067,0
"balanced","harassment","United States",1.46842500172767,1.23729617144943,1
"quota","harassment","United States",0.140283135019263,-0.216604355957854,1
"balanced","harassment","United States",-0.111401303264929,-0.338402243446067,0
"balanced","harassment","United States",-0.111401303264929,-0.338402243446067,1
"all_male","harassment","United States",-1.43954316997333,-0.216604355957854,1
"all_male","harassment","United States",-0.536491589719884,-0.216604355957854,1
"quota","harassment","United States",0.140283135019263,-0.216604355957854,1
"all_male","harassment","United States",-0.111401303264929,-0.338402243446067,1
"quota","harassment","United States",1.46842500172767,1.23729617144943,0
"all_male","harassment","United States",-0.111401303264929,0.0863302902695542,0
"balanced","harassment","United States",-0.111401303264929,-0.338402243446067,0
"all_male","harassment","United States",0.193154142362802,-2.03589854582977,0
"quota","harassment","United States",-0.111401303264929,1.23729617144943,1
"all_male","harassment","United States",-1.69122760825752,-0.338402243446067,0
"quota","harassment","United States",-0.337678158779232,-0.216604355957854,1
"balanced","harassment","United States",1.46842500172767,1.23729617144943,1
"all_male","harassment","United States",1.46842500172767,1.23729617144943,0
"quota","harassment","United States",0.140283135019263,-0.216604355957854,0
"quota","harassment","United States",1.04333471527271,1.23729617144943,0
"all_male","harassment","United States",0.114875552249374,-0.216604355957854,0
"balanced","harassment","United States",1.46842500172767,1.23729617144943,0
"all_male","harassment","United States",0.0620045449058351,1.23729617144943,0
"quota","harassment","United States",-0.111401303264929,-0.216604355957854,0
"all_male","harassment","United States",-0.111401303264929,-0.338402243446067,0
"balanced","harassment","United States",1.46842500172767,1.23729617144943,0
"all_male","harassment","United States",-0.111401303264929,1.23729617144943,0
"balanced","harassment","United States",0.79165027698852,0.934361525222017,0
"quota","harassment","United States",1.04333471527271,0.934361525222017,0
"balanced","harassment","United States",-0.111401303264929,1.23729617144943,0
"quota","harassment","United States",1.04333471527271,1.23729617144943,0
"all_male","harassment","United States",0.713371686875093,1.1712877925159,0
"balanced","harassment","United States",-0.536491589719884,-0.216604355957854,0
"balanced","harassment","United States",-0.111401303264929,-0.338402243446067,1
"quota","harassment","United States",-0.111401303264929,-0.338402243446067,0
"all_male","harassment","United States",-0.111401303264929,-0.216604355957854,0
"balanced","harassment","United States",0.366559990533565,1.23729617144943,0
"all_male","harassment","United States",-0.111401303264929,-0.338402243446067,0
"quota","harassment","United States",0.313688983190026,0.0863302902695542,0
"quota","harassment","United States",-0.111401303264929,-0.216604355957854,0
"all_male","harassment","United States",-1.01445288351838,1.23729617144943,1
"quota","harassment","United States",0.140283135019263,1.23729617144943,0
"balanced","harassment","United States",0.79165027698852,1.23729617144943,0
"all_male","harassment","United States",1.04333471527271,1.23729617144943,1
"quota","harassment","United States",-0.536491589719884,-1.79230277085335,0
"all_male","harassment","United States",-1.43954316997333,-3.36800118574884,0
"all_male","harassment","United States",1.46842500172767,1.23729617144943,0
"balanced","harassment","United States",1.04333471527271,1.23729617144943,1
"balanced","harassment","United States",-0.536491589719884,-0.338402243446067,1
"quota","harassment","United States",-0.36308574154912,-0.216604355957854,0
"quota","harassment","United States",-0.788176028004075,-0.338402243446067,1
"balanced","harassment","United States",-0.614770179833311,0.0863302902695542,0
"all_male","harassment","United States",-1.43954316997333,-0.338402243446067,1
"balanced","harassment","United States",0.140283135019263,-0.216604355957854,0
"all_male","harassment","United States",-2.59427918851097,-1.91410065834156,0
"balanced","harassment","United States",0.618244428817757,1.23729617144943,0
"quota","harassment","United States",-0.111401303264929,-0.216604355957854,1
"balanced","harassment","United States",-0.111401303264929,-0.338402243446067,1
"all_male","harassment","United States",-1.26613732180257,-1.91410065834156,1
"quota","harassment","United States",1.21674056344348,1.23729617144943,0
"balanced","harassment","United States",-0.536491589719884,-0.338402243446067,0
"all_male","harassment","United States",-1.01445288351838,-1.91410065834156,0
"quota","harassment","United States",-0.111401303264929,-0.216604355957854,0
"balanced","harassment","United States",1.46842500172767,1.23729617144943,0
"all_male","harassment","United States",-0.536491589719884,-0.338402243446067,0
"quota","harassment","United States",-1.01445288351838,-1.79230277085335,0
"balanced","harassment","United States",0.79165027698852,-0.216604355957854,0
"balanced","harassment","United States",1.46842500172767,1.23729617144943,1
"balanced","harassment","United States",1.04333471527271,1.11549828396121,0
"quota","harassment","United States",-0.111401303264929,-0.338402243446067,1
"balanced","harassment","United States",-0.111401303264929,-0.338402243446067,1
"quota","harassment","United States",-0.111401303264929,-0.338402243446067,0
"all_male","harassment","United States",0.140283135019263,1.23729617144943,0
"quota","harassment","United States",1.04333471527271,1.23729617144943,1
"all_male","harassment","United States",-0.111401303264929,-0.216604355957854,1
"all_male","harassment","United States",1.46842500172767,1.23729617144943,0
"quota","harassment","United States",-1.94291204654172,-1.91410065834156,0
"quota","harassment","United States",1.04333471527271,-0.216604355957854,1
"balanced","harassment","United States",0.140283135019263,1.11549828396121,1
"all_male","harassment","United States",-1.01445288351838,0.934361525222017,0
"quota","harassment","United States",-0.111401303264929,-0.216604355957854,0
"balanced","harassment","United States",1.46842500172767,1.23729617144943,0
"all_male","harassment","United States",-0.536491589719884,-0.338402243446067,1
"balanced","harassment","United States",-0.111401303264929,-0.338402243446067,0
"quota","harassment","United States",1.46842500172767,-0.338402243446067,0
"balanced","harassment","United States",-0.788176028004075,-0.338402243446067,1
"quota","harassment","United States",-0.111401303264929,-0.338402243446067,0
"balanced","harassment","United States",0.140283135019263,-0.216604355957854,1
"balanced","harassment","United States",-0.284807151435692,-0.216604355957854,1
"all_male","harassment","United States",-0.536491589719884,-0.0354675972186584,0
"balanced","harassment","United States",-0.111401303264929,-0.216604355957854,1
"balanced","harassment","United States",1.46842500172767,1.23729617144943,0
"all_male","harassment","United States",0.79165027698852,-0.216604355957854,1
"quota","harassment","United States",-0.111401303264929,-0.216604355957854,1
"all_male","harassment","United States",0.140283135019263,1.23729617144943,1
"balanced","harassment","United States",1.04333471527271,1.23729617144943,0
"quota","harassment","United States",-0.111401303264929,1.23729617144943,1
"all_male","harassment","United States",-0.111401303264929,-0.338402243446067,0
"balanced","harassment","United States",0.140283135019263,-0.338402243446067,0
"quota","harassment","United States",-0.111401303264929,-0.216604355957854,1
"all_male","harassment","United States",-0.111401303264929,-0.338402243446067,1
"quota","harassment","United States",-0.111401303264929,-0.216604355957854,1
"balanced","harassment","United States",-0.111401303264929,-0.338402243446067,0
"all_male","harassment","United States",-0.284807151435692,-0.216604355957854,0
"balanced","harassment","United States",1.04333471527271,1.23729617144943,0
"quota","harassment","United States",-0.111401303264929,-0.338402243446067,0
"all_male","harassment","United States",1.04333471527271,1.23729617144943,1
"balanced","harassment","United States",-0.111401303264929,-0.338402243446067,0
"quota","harassment","United States",1.46842500172767,1.23729617144943,1
"balanced","harassment","United States",1.04333471527271,1.23729617144943,1
"all_male","harassment","United States",1.21674056344348,1.23729617144943,1
"quota","harassment","United States",-0.111401303264929,1.11549828396121,1
"all_male","harassment","United States",-0.536491589719884,-1.61116601211415,1
"balanced","harassment","United States",-0.111401303264929,-0.216604355957854,0
"quota","harassment","United States",1.04333471527271,-0.216604355957854,0
"balanced","harassment","United States",1.46842500172767,1.23729617144943,0
"quota","harassment","United States",-0.961581876174839,-1.79230277085335,1
"quota","harassment","United States",-0.536491589719884,-0.338402243446067,0
"all_male","harassment","United States",0.79165027698852,1.23729617144943,1
"balanced","harassment","United States",1.46842500172767,0.0863302902695542,0
"all_male","harassment","United States",1.04333471527271,1.23729617144943,0
"quota","harassment","United States",-0.536491589719884,-0.338402243446067,1
"balanced","harassment","United States",0.965056125159284,1.23729617144943,1
"all_male","harassment","United States",-2.34259475022678,-0.338402243446067,1
"quota","harassment","United States",-0.111401303264929,-0.338402243446067,0
"quota","harassment","United States",-0.111401303264929,-1.48936812462594,1
"balanced","harassment","United States",-0.111401303264929,-1.67050488336513,1
"balanced","harassment","United States",1.46842500172767,-0.216604355957854,1
"all_male","harassment","United States",-0.111401303264929,-0.216604355957854,0
"quota","harassment","United States",-0.111401303264929,-0.338402243446067,1
"balanced","harassment","United States",0.140283135019263,1.11549828396121,1
"quota","harassment","United States",0.140283135019263,-0.216604355957854,0
"quota","harassment","United States",1.46842500172767,1.23729617144943,1
"all_male","harassment","United States",-0.111401303264929,-0.216604355957854,0
"balanced","harassment","United States",-1.69122760825752,-1.79230277085335,1
"all_male","harassment","United States",0.713371686875093,-0.338402243446067,1
"quota","harassment","United States",1.04333471527271,1.23729617144943,0
"all_male","harassment","United States",-0.111401303264929,-0.338402243446067,1
"balanced","harassment","United States",-0.111401303264929,-0.216604355957854,1
"quota","harassment","United States",-0.36308574154912,-0.216604355957854,1
"quota","harassment","United States",-2.84596362679516,-3.36800118574884,0
"all_male","harassment","United States",-2.16918890205602,-0.338402243446067,0
"balanced","harassment","United States",-0.111401303264929,-0.338402243446067,0
"balanced","harassment","United States",-0.111401303264929,-0.338402243446067,1
"quota","harassment","United States",-0.284807151435692,-0.216604355957854,1
"all_male","harassment","United States",-2.59427918851097,-3.36800118574884,1
"all_male","harassment","United States",1.46842500172767,1.23729617144943,0
"balanced","harassment","United States",-0.111401303264929,1.11549828396121,1
"all_male","harassment","United States",-0.536491589719884,-0.338402243446067,1
"quota","harassment","United States",-0.111401303264929,-0.338402243446067,1
"balanced","harassment","United States",1.04333471527271,1.23729617144943,0
"all_male","harassment","United States",-0.788176028004075,-2.64033400580581,1
"quota","harassment","United States",-1.69122760825752,-1.91410065834156,1
"all_male","harassment","United States",-3.27105391325012,-3.48979907323705,1
"balanced","harassment","United States",0.140283135019263,-0.216604355957854,0
"quota","harassment","United States",-0.111401303264929,0.0863302902695542,1
"quota","harassment","United States",-0.788176028004075,-0.216604355957854,0
"balanced","harassment","United States",0.713371686875093,1.23729617144943,1
"all_male","harassment","United States",-1.91750446377183,-0.338402243446067,1
"all_male","harassment","United States",0.140283135019263,-0.338402243446067,1
"quota","harassment","United States",1.04333471527271,1.23729617144943,1
"all_male","harassment","United States",-1.26613732180257,-0.46020013093428,1
"quota","harassment","United States",-2.34259475022678,-0.338402243446067,1
"balanced","harassment","United States",0.193154142362802,1.23729617144943,0
"quota","harassment","United States",0.565373421474218,1.23729617144943,1
"quota","harassment","United States",-0.762768445234187,-0.46020013093428,1
"all_male","harassment","United States",-1.69122760825752,-0.763134777161688,1
"balanced","harassment","United States",0.618244428817757,1.23729617144943,1
"balanced","harassment","United States",1.04333471527271,1.23729617144943,1
"balanced","harassment","United States",-4.84519713316075e-18,3.00492329686064e-16,1
"all_male","harassment","United States",1.04333471527271,1.23729617144943,0
"balanced","harassment","United States",1.04333471527271,1.23729617144943,1
"quota","harassment","United States",1.46842500172767,1.23729617144943,1
"balanced","harassment","United States",1.04333471527271,1.23729617144943,1
"balanced","harassment","United States",-1.43954316997333,-2.03589854582977,1
"quota","harassment","United States",-0.36308574154912,-0.216604355957854,1
"balanced","harassment","United States",-0.36308574154912,-0.0354675972186584,1
"all_male","harassment","United States",1.46842500172767,1.11549828396121,1
"quota","harassment","United States",-0.111401303264929,-0.338402243446067,1
"balanced","harassment","United States",-0.536491589719884,-0.338402243446067,1
"all_male","harassment","United States",0.140283135019263,0.0863302902695542,1
"balanced","harassment","United States",0.140283135019263,1.11549828396121,0
"balanced","harassment","United States",-1.26613732180257,-0.338402243446067,1
"all_male","harassment","United States",-0.36308574154912,-0.46020013093428,0
"quota","harassment","United States",-0.536491589719884,-0.338402243446067,1
"all_male","harassment","United States",1.46842500172767,1.23729617144943,0
"balanced","harassment","United States",-0.536491589719884,-0.216604355957854,1
"quota","harassment","United States",0.140283135019263,-0.338402243446067,1
"quota","harassment","United States",-0.614770179833311,1.11549828396121,1
"all_male","harassment","United States",-0.111401303264929,-0.338402243446067,1
"balanced","harassment","United States",1.46842500172767,0.0863302902695542,0
"all_male","harassment","United States",-0.111401303264929,-0.338402243446067,1
"all_male","harassment","United States",-0.762768445234187,0.0863302902695542,1
"quota","harassment","United States",1.46842500172767,1.23729617144943,0
"all_male","harassment","United States",-0.111401303264929,-0.216604355957854,1
"balanced","harassment","United States",-0.111401303264929,-0.338402243446067,1
"quota","harassment","United States",-0.111401303264929,-0.338402243446067,1
"all_male","harassment","United States",-1.91750446377183,-2.45919724706661,1
"quota","harassment","United States",-0.111401303264929,-0.338402243446067,1
"quota","harassment","United States",0.79165027698852,-0.216604355957854,0
"balanced","harassment","United States",-0.36308574154912,-0.338402243446067,1
"all_male","harassment","United States",0.140283135019263,-0.216604355957854,0
"balanced","harassment","United States",0.313688983190026,-0.338402243446067,1
"all_male","harassment","United States",-1.01445288351838,-0.338402243446067,1
"quota","harassment","United States",0.140283135019263,-0.216604355957854,1
"balanced","harassment","United States",-0.111401303264929,-0.338402243446067,1
"quota","harassment","United States",1.46842500172767,-0.216604355957854,1
"all_male","harassment","United States",-2.11631789471248,-1.61116601211415,1
"all_male","harassment","United States",-0.614770179833311,-0.338402243446067,0
"balanced","harassment","United States",1.46842500172767,1.23729617144943,1
"all_male","harassment","United States",1.04333471527271,1.23729617144943,1
"balanced","harassment","United States",-0.36308574154912,-0.338402243446067,1
"quota","harassment","United States",0.565373421474218,1.23729617144943,1
"balanced","harassment","United States",0.79165027698852,1.23729617144943,1
"all_male","harassment","United States",1.46842500172767,1.23729617144943,1
"balanced","harassment","United States",0.565373421474218,0.934361525222017,1
"quota","harassment","United States",1.21674056344348,-0.216604355957854,0
"quota","harassment","United States",-0.111401303264929,-0.216604355957854,0
"all_male","harassment","United States",1.46842500172767,1.23729617144943,0
"balanced","harassment","United States",1.46842500172767,1.23729617144943,1
"all_male","harassment","United States",0.288281400420138,1.23729617144943,0
"quota","harassment","United States",1.46842500172767,1.23729617144943,0
"balanced","harassment","United States",1.46842500172767,-0.216604355957854,1
"all_male","harassment","United States",-0.111401303264929,-0.216604355957854,1
"quota","harassment","United States",-0.111401303264929,-0.338402243446067,1
"quota","harassment","United States",-0.189679893378356,-0.46020013093428,1
"all_male","harassment","United States",-0.111401303264929,-0.216604355957854,1
"quota","harassment","United States",-0.111401303264929,-0.216604355957854,1
"all_male","harassment","United States",0.79165027698852,0.0863302902695542,1
"all_male","harassment","United States",-0.111401303264929,1.23729617144943,1
"quota","harassment","United States",-0.111401303264929,-0.338402243446067,0
"quota","harassment","United States",-0.111401303264929,-0.216604355957854,1
"balanced","harassment","United States",-0.111401303264929,0.934361525222017,0
"all_male","harassment","United States",-0.788176028004075,-1.30823136588674,1
"balanced","harassment","United States",0.288281400420138,-0.216604355957854,0
"balanced","harassment","United States",-0.788176028004075,-1.79230277085335,1
"all_male","harassment","United States",-0.36308574154912,-0.338402243446067,1
"balanced","harassment","United States",0.565373421474218,-0.338402243446067,1
"all_male","harassment","United States",1.04333471527271,0.0863302902695542,1
"all_male","harassment","United States",-1.69122760825752,-0.641336889673475,1
"quota","harassment","United States",-1.69122760825752,-1.91410065834156,0
"balanced","harassment","United States",-0.111401303264929,-0.338402243446067,1
"balanced","harassment","United States",-0.111401303264929,0.812563637733804,1
"quota","harassment","United States",-0.111401303264929,-0.216604355957854,1
"quota","harassment","United States",-0.111401303264929,-0.216604355957854,1
"all_male","harassment","United States",-1.43954316997333,-0.338402243446067,1
"quota","harassment","United States",-0.36308574154912,-0.216604355957854,1
"balanced","harassment","United States",0.539965838704329,1.23729617144943,0
"all_male","harassment","United States",0.79165027698852,0.0863302902695542,1
"all_male","harassment","United States",-0.111401303264929,-0.338402243446067,0
"quota","harassment","United States",1.21674056344348,1.23729617144943,1
"balanced","harassment","United States",0.140283135019263,-1.48936812462594,1
"quota","harassment","United States",-0.111401303264929,-0.338402243446067,1
"quota","harassment","United States",-0.111401303264929,-0.338402243446067,1
"all_male","harassment","United States",-1.43954316997333,1.11549828396121,1
"balanced","harassment","United States",-0.111401303264929,-0.338402243446067,1
"quota","harassment","United States",-0.111401303264929,-0.338402243446067,1
"balanced","harassment","United States",0.713371686875093,1.23729617144943,0
"all_male","harassment","United States",1.46842500172767,1.23729617144943,1
"balanced","harassment","United States",-0.111401303264929,-0.216604355957854,1
"all_male","harassment","United States",-1.26613732180257,-0.338402243446067,0
"all_male","harassment","United States",-0.536491589719884,-1.48936812462594,0
"quota","harassment","United States",-0.36308574154912,-0.216604355957854,1
"all_male","harassment","United States",-0.111401303264929,-0.338402243446067,0
"quota","harassment","United States",1.46842500172767,1.23729617144943,1
"balanced","harassment","United States",-0.788176028004075,-0.338402243446067,1
"all_male","harassment","United States",-0.536491589719884,-0.338402243446067,0
"quota","harassment","United States",-0.111401303264929,-0.338402243446067,1
"all_male","harassment","United States",1.46842500172767,0.934361525222017,1
"quota","harassment","United States",0.140283135019263,-0.338402243446067,0
"balanced","harassment","United States",-0.536491589719884,-0.338402243446067,1
"quota","harassment","United States",-0.536491589719884,-0.338402243446067,1
"balanced","harassment","United States",-0.111401303264929,-0.216604355957854,1
"balanced","harassment","United States",0.79165027698852,-0.216604355957854,1
"balanced","harassment","United States",-0.111401303264929,-0.0354675972186584,1
"quota","harassment","United States",-0.111401303264929,-0.338402243446067,0
"all_male","harassment","United States",1.04333471527271,-0.216604355957854,1
"quota","harassment","United States",1.46842500172767,1.23729617144943,1
"all_male","harassment","United States",-0.536491589719884,1.11549828396121,1
"balanced","harassment","United States",-0.111401303264929,-0.338402243446067,1
"quota","harassment","United States",0.79165027698852,1.23729617144943,1
"all_male","harassment","United States",-0.111401303264929,-0.338402243446067,1
"balanced","harassment","United States",-0.111401303264929,-0.338402243446067,1
"all_male","harassment","United States",-0.111401303264929,-0.216604355957854,1
"all_male","harassment","United States",-1.43954316997333,-1.61116601211415,1
"balanced","harassment","United States",0.140283135019263,-0.338402243446067,1
"quota","harassment","United States",-0.111401303264929,-0.338402243446067,1
"balanced","harassment","United States",1.46842500172767,1.23729617144943,0
"balanced","harassment","United States",1.04333471527271,1.23729617144943,1
"all_male","harassment","United States",1.21674056344348,1.23729617144943,1
"balanced","harassment","United States",-0.536491589719884,-1.79230277085335,0
"balanced","harassment","United States",-0.111401303264929,0.812563637733804,1
"all_male","harassment","United States",0.140283135019263,1.23729617144943,1
"quota","harassment","United States",-0.111401303264929,-0.338402243446067,1
"all_male","harassment","United States",-0.111401303264929,-0.216604355957854,1
"balanced","harassment","United States",0.79165027698852,-0.338402243446067,1
"quota","harassment","United States",0.140283135019263,1.23729617144943,1
"all_male","harassment","United States",1.46842500172767,1.23729617144943,1
"all_male","harassment","United States",-2.59427918851097,-0.338402243446067,1
"quota","harassment","United States",-0.36308574154912,-0.338402243446067,0
"balanced","harassment","United States",1.04333471527271,1.23729617144943,1
"balanced","harassment","United States",0.79165027698852,-0.338402243446067,1
"all_male","harassment","United States",-2.84596362679516,0.934361525222017,1
"all_male","harassment","United States",-0.536491589719884,-0.338402243446067,1
"balanced","harassment","United States",1.04333471527271,1.23729617144943,1
"all_male","harassment","United States",-0.111401303264929,-0.338402243446067,0
"balanced","harassment","United States",-0.111401303264929,-0.338402243446067,1
"balanced","harassment","United States",0.79165027698852,-0.216604355957854,0
"all_male","harassment","United States",-0.536491589719884,1.23729617144943,1
"all_male","harassment","United States",-3.01936947496593,-3.18686442700964,1
"balanced","harassment","United States",-0.36308574154912,-0.338402243446067,1
"all_male","harassment","United States",-1.66582002548764,0.0863302902695542,1
"balanced","harassment","United States",1.04333471527271,1.23729617144943,1
"quota","harassment","United States",1.04333471527271,1.23729617144943,1
"quota","harassment","United States",0.140283135019263,-0.216604355957854,1
"balanced","harassment","United States",-1.69122760825752,-0.46020013093428,1
"all_male","harassment","United States",-1.69122760825752,-1.91410065834156,1
"all_male","harassment","United States",-0.111401303264929,-0.338402243446067,1
"quota","harassment","United States",-0.111401303264929,-0.338402243446067,1
"all_male","harassment","United States",-1.91750446377183,1.23729617144943,0
"quota","harassment","United States",0.193154142362802,1.23729617144943,0
"all_male","harassment","United States",-1.69122760825752,-1.79230277085335,1
"all_male","harassment","United States",-1.01445288351838,-0.216604355957854,1
"all_male","harassment","United States",0.140283135019263,-0.216604355957854,0
"quota","harassment","United States",-3.27105391325012,-1.79230277085335,0
"quota","harassment","United States",-0.111401303264929,-0.338402243446067,0
"balanced","harassment","United States",0.140283135019263,0.0863302902695542,0
"all_male","harassment","United States",-0.536491589719884,-0.46020013093428,0
"balanced","harassment","United States",-0.111401303264929,-0.216604355957854,0
"quota","harassment","United States",1.46842500172767,1.23729617144943,0
"quota","harassment","United States",1.04333471527271,0.0863302902695542,0
"all_male","harassment","United States",1.04333471527271,0.3284922327672,0
"all_male","harassment","United States",0.79165027698852,1.23729617144943,0
"balanced","harassment","United States",1.04333471527271,-0.216604355957854,0
"balanced","harassment","United States",-0.111401303264929,0.934361525222017,0
"balanced","harassment","United States",-2.51600059839755,-3.18686442700964,0
"quota","harassment","United States",-1.6129490181441,-1.79230277085335,0
"all_male","harassment","United States",-1.43954316997333,-0.216604355957854,0
"quota","harassment","United States",-0.36308574154912,-1.79230277085335,0
"all_male","harassment","United States",-0.111401303264929,-0.338402243446067,0
"quota","harassment","United States",-0.111401303264929,-0.338402243446067,0
"all_male","harassment","United States",1.46842500172767,1.23729617144943,0
"quota","harassment","United States",-0.111401303264929,-0.338402243446067,0
"balanced","harassment","United States",-0.111401303264929,-0.216604355957854,0
"quota","harassment","United States",0.140283135019263,-0.216604355957854,0
"balanced","harassment","United States",1.04333471527271,1.23729617144943,0
"balanced","harassment","United States",-0.111401303264929,-0.216604355957854,0
"quota","harassment","United States",1.46842500172767,1.23729617144943,0
"all_male","harassment","United States",0.140283135019263,1.23729617144943,0
"quota","harassment","United States",1.04333471527271,1.23729617144943,0
"balanced","harassment","United States",1.04333471527271,0.934361525222017,0
"all_male","harassment","United States",1.21674056344348,1.23729617144943,0
"balanced","harassment","United States",1.04333471527271,-0.338402243446067,0
"all_male","harassment","United States",-1.18785873168914,1.23729617144943,0
"all_male","harassment","United States",-1.01445288351838,-0.338402243446067,0
"balanced","harassment","United States",1.46842500172767,1.23729617144943,0
"quota","harassment","United States",-2.36800233299667,-1.91410065834156,0
"quota","harassment","United States",-0.111401303264929,-0.216604355957854,0
"all_male","harassment","United States",-0.111401303264929,-0.338402243446067,0
"quota","harassment","United States",-0.111401303264929,-0.338402243446067,0
"balanced","harassment","United States",-0.111401303264929,-0.216604355957854,0
"all_male","harassment","United States",1.46842500172767,1.23729617144943,0
"all_male","harassment","United States",-1.01445288351838,-0.338402243446067,0
"balanced","harassment","United States",-0.111401303264929,-0.216604355957854,0
"all_male","harassment","United States",1.04333471527271,1.23729617144943,0
"quota","harassment","United States",1.04333471527271,-0.338402243446067,0
"balanced","harassment","United States",0.79165027698852,1.23729617144943,0
"quota","harassment","United States",1.46842500172767,-0.216604355957854,0
"all_male","harassment","United States",-1.43954316997333,-1.91410065834156,0
"quota","harassment","United States",-0.111401303264929,-0.338402243446067,0
"all_male","harassment","United States",0.140283135019263,1.23729617144943,0
"balanced","harassment","United States",1.46842500172767,1.23729617144943,0
"quota","harassment","United States",-0.111401303264929,-0.338402243446067,0
"balanced","harassment","United States",-0.788176028004075,-1.79230277085335,0
"quota","harassment","United States",0.140283135019263,-0.338402243446067,0
"all_male","harassment","United States",-0.111401303264929,-0.216604355957854,0
"balanced","harassment","United States",-0.111401303264929,-0.216604355957854,0
"balanced","harassment","United States",0.79165027698852,-0.216604355957854,0
"all_male","harassment","United States",-0.111401303264929,-0.216604355957854,0
"quota","harassment","United States",0.140283135019263,-0.338402243446067,0
"all_male","harassment","United States",0.140283135019263,-0.216604355957854,0
"quota","harassment","United States",1.46842500172767,1.23729617144943,0
"balanced","harassment","United States",-0.36308574154912,-0.216604355957854,0
"quota","harassment","United States",1.04333471527271,1.23729617144943,0
"all_male","harassment","United States",-1.43954316997333,-0.338402243446067,0
"balanced","harassment","United States",0.79165027698852,-0.641336889673475,0
"balanced","harassment","United States",0.565373421474218,-0.338402243446067,0
"all_male","harassment","United States",-2.59427918851097,-1.73296389960236,0
"quota","harassment","United States",-1.69122760825752,-2.09523741708076,0
"all_male","harassment","United States",-0.111401303264929,-0.216604355957854,0
"quota","harassment","United States",-0.111401303264929,-0.338402243446067,0
"quota","animals","United States",-1.41644279256779,-1.18373747967112,1
"balanced","animals","United States",-0.207124632031353,-0.277613601802222,0
"all_male","animals","United States",-2.21412402755177,-0.850218969557479,0
"quota","animals","United States",0.103355355145135,0.269873311335354,0
"balanced","animals","United States",0.799879651753147,1.41725862670555,1
"all_male","animals","United States",1.2115165773056,-0.10349078229559,0
"balanced","animals","United States",1.11035963892964,0.269873311335354,0
"all_male","animals","United States",0.00219841676916735,-0.10349078229559,0
"quota","animals","United States",1.52199656448209,1.41725862670555,0
"balanced","animals","United States",1.21852574935419,1.41725862670555,1
"all_male","animals","United States",-0.30828157040732,-0.10349078229559,0
"balanced","animals","United States",0.312678403945655,-1.18373747967112,0
"quota","animals","United States",1.52199656448209,1.41725862670555,0
"quota","animals","United States",0.00219841676916735,0.269873311335354,0
"all_male","animals","United States",0.00219841676916735,-0.10349078229559,0
"quota","animals","United States",1.52199656448209,0.976755915079941,0
"balanced","animals","United States",0.00219841676916735,-0.10349078229559,1
"all_male","animals","United States",0.00219841676916735,0.269873311335354,1
"balanced","animals","United States",0.413835342321623,1.41725862670555,0
"quota","animals","United States",0.103355355145135,0.269873311335354,0
"all_male","animals","United States",0.00219841676916735,-0.10349078229559,0
"balanced","animals","United States",0.00219841676916735,-0.10349078229559,0
"quota","animals","United States",-0.0989585216068006,-0.10349078229559,0
"quota","animals","United States",-1.41644279256779,-1.25087609766579,0
"balanced","animals","United States",1.21852574935419,1.41725862670555,0
"all_male","animals","United States",-1.51759973094376,-0.5439934939212,1
"balanced","animals","United States",-0.30828157040732,-1.25087609766579,0
"all_male","animals","United States",0.00219841676916735,-0.10349078229559,0
"quota","animals","United States",0.00219841676916735,0.976755915079941,1
"all_male","animals","United States",1.2115165773056,-0.10349078229559,0
"quota","animals","United States",-0.0989585216068006,1.41725862670555,0
"quota","animals","United States",1.00920270055367,0.0957504918287218,1
"balanced","animals","United States",1.52199656448209,-0.98449620554681,0
"all_male","animals","United States",0.00219841676916735,-0.917357587552144,0
"balanced","animals","United States",1.2115165773056,0.976755915079941,1
"all_male","animals","United States",-0.409438508783288,-0.10349078229559,0
"balanced","animals","United States",1.11035963892964,-0.5439934939212,0
"quota","animals","United States",0.103355355145135,-0.10349078229559,0
"quota","animals","United States",0.103355355145135,-0.10349078229559,0
"all_male","animals","United States",-1.1059628053913,1.41725862670555,0
"balanced","animals","United States",0.00219841676916735,-0.10349078229559,1
"balanced","animals","United States",1.52199656448209,1.41725862670555,1
"all_male","animals","United States",-1.1059628053913,-0.5439934939212,0
"quota","animals","United States",-1.1059628053913,0.269873311335354,0
"quota","animals","United States",-1.20711974376727,-0.170629400290256,0
"all_male","animals","United States",0.103355355145135,0.269873311335354,0
"balanced","animals","United States",-0.0989585216068006,-0.10349078229559,0
"all_male","animals","United States",-1.51759973094376,-1.62424019129673,0
"quota","animals","United States",1.52199656448209,0.269873311335354,0
"all_male","animals","United States",0.00219841676916735,0.269873311335354,0
"quota","animals","United States",1.2115165773056,-0.10349078229559,0
"balanced","animals","United States",-0.0989585216068006,-0.10349078229559,0
"balanced","animals","United States",0.00219841676916735,-0.10349078229559,0
"all_male","animals","United States",-1.1059628053913,-0.10349078229559,0
"all_male","animals","United States",1.2115165773056,0.269873311335354,1
"balanced","animals","United States",-1.51759973094376,-1.25087609766579,0
"quota","animals","United States",0.00219841676916735,-0.10349078229559,0
"all_male","animals","United States",-1.41644279256779,-0.10349078229559,0
"quota","animals","United States",0.00219841676916735,-0.10349078229559,1
"balanced","animals","United States",0.00219841676916735,-0.10349078229559,0
"quota","animals","United States",1.2115165773056,-0.170629400290256,0
"balanced","animals","United States",1.11035963892964,-0.10349078229559,0
"all_male","animals","United States",0.103355355145135,1.41725862670555,0
"all_male","animals","United States",-0.0989585216068006,-0.10349078229559,1
"quota","animals","United States",0.799879651753147,-0.5439934939212,0
"all_male","animals","United States",1.52199656448209,0.269873311335354,1
"balanced","animals","United States",1.2115165773056,0.976755915079941,1
"quota","animals","United States",-1.82807971812024,-1.62424019129673,0
"balanced","animals","United States",1.52199656448209,0.976755915079941,0
"quota","animals","United States",0.00219841676916735,-0.10349078229559,0
"all_male","animals","United States",0.103355355145135,0.976755915079941,0
"quota","animals","United States",0.00219841676916735,0.976755915079941,1
"balanced","animals","United States",-0.409438508783288,-0.917357587552144,1
"all_male","animals","United States",-1.20711974376727,-0.810373386040178,0
"balanced","animals","United States",1.2115165773056,1.41725862670555,0
"all_male","animals","United States",0.00219841676916735,0.269873311335354,1
"quota","animals","United States",1.52199656448209,1.41725862670555,1
"all_male","animals","United States",-1.00480586701533,1.41725862670555,0
"balanced","animals","United States",0.590556602952628,-2.02489731940504,0
"quota","animals","United States",1.11035963892964,-2.30738054063279,0
"balanced","animals","United States",0.103355355145135,0.269873311335354,1
"quota","animals","United States",-0.0989585216068006,0.269873311335354,0
"all_male","animals","United States",-1.20711974376727,-0.5439934939212,0
"quota","animals","United States",0.211521465569687,-0.10349078229559,0
"all_male","animals","United States",-0.30828157040732,-0.810373386040178,0
"balanced","animals","United States",-1.41644279256779,-1.25087609766579,0
"all_male","animals","United States",-1.41644279256779,-1.62424019129673,0
"balanced","animals","United States",1.21852574935419,1.41725862670555,1
"quota","animals","United States",1.11035963892964,0.976755915079941,0
"quota","animals","United States",-0.719918495959776,-1.25087609766579,1
"balanced","animals","United States",0.00219841676916735,0.269873311335354,0
"all_male","animals","United States",1.2115165773056,1.41725862670555,0
"all_male","animals","United States",0.00219841676916735,0.976755915079941,1
"quota","animals","United States",1.21852574935419,1.41725862670555,1
"balanced","animals","United States",-0.0989585216068006,-0.10349078229559,0
"balanced","animals","United States",-0.0989585216068006,-0.437009292409234,1
"all_male","animals","United States",0.00219841676916735,-0.10349078229559,1
"quota","animals","United States",1.52199656448209,0.976755915079941,1
"balanced","animals","United States",1.2115165773056,0.976755915079941,1
"all_male","animals","United States",-1.51759973094376,-1.25087609766579,0
"quota","animals","United States",1.52199656448209,0.976755915079941,1
"balanced","animals","United States",0.103355355145135,-0.10349078229559,0
"all_male","animals","United States",-2.21412402755177,1.04389453307461,1
"quota","animals","United States",0.00219841676916735,-0.5439934939212,0
"all_male","animals","United States",1.2115165773056,1.41725862670555,0
"balanced","animals","United States",-1.41644279256779,-1.62424019129673,1
"quota","animals","United States",1.11035963892964,0.976755915079941,0
"quota","animals","United States",1.52199656448209,1.41725862670555,0
"balanced","animals","United States",0.00219841676916735,0.269873311335354,1
"all_male","animals","United States",0.00219841676916735,-0.10349078229559,1
"all_male","animals","United States",-2.31528096592774,-0.98449620554681,0
"balanced","animals","United States",0.00219841676916735,-2.06474290292234,0
"quota","animals","United States",0.287085787824724,-3.14498960029787,0
"all_male","animals","United States",0.00219841676916735,-1.25087609766579,0
"balanced","animals","United States",1.52199656448209,0.269873311335354,0
"quota","animals","United States",-0.409438508783288,-1.18373747967112,0
"balanced","animals","United States",0.00219841676916735,-0.10349078229559,1
"quota","animals","United States",-0.30828157040732,-1.62424019129673,0
"all_male","animals","United States",-0.0989585216068006,-0.10349078229559,0
"balanced","animals","United States",0.00219841676916735,-0.10349078229559,0
"quota","animals","United States",1.2115165773056,0.269873311335354,1
"all_male","animals","United States",-1.1059628053913,-0.5439934939212,1
"quota","animals","United States",0.103355355145135,0.269873311335354,0
"all_male","animals","United States",-0.0989585216068006,-0.10349078229559,0
"balanced","animals","United States",0.00219841676916735,0.269873311335354,1
"balanced","animals","United States",1.11035963892964,1.41725862670555,1
"quota","animals","United States",-1.20711974376727,-1.62424019129673,0
"balanced","animals","United States",-0.0989585216068006,-1.62424019129673,1
"quota","animals","United States",1.52199656448209,1.41725862670555,1
"all_male","animals","United States",0.103355355145135,-0.10349078229559,0
"quota","animals","United States",0.00219841676916735,-0.10349078229559,0
"balanced","animals","United States",0.00219841676916735,-0.10349078229559,1
"all_male","animals","United States",0.103355355145135,0.976755915079941,0
"all_male","animals","United States",1.2115165773056,0.976755915079941,1
"quota","animals","United States",-0.0989585216068006,-0.476854875926535,0
"balanced","animals","United States",1.52199656448209,1.41725862670555,0
"balanced","animals","United States",1.52199656448209,1.41725862670555,0
"quota","animals","United States",1.21852574935419,1.41725862670555,1
"all_male","animals","United States",-1.51759973094376,-0.10349078229559,0
"all_male","animals","United States",-0.30828157040732,-0.917357587552144,0
"balanced","animals","United States",-1.31528585419182,-3.14498960029787,1
"quota","animals","United States",1.2115165773056,1.41725862670555,1
"balanced","animals","United States",0.312678403945655,0.269873311335354,0
"all_male","animals","United States",1.2115165773056,1.41725862670555,0
"quota","animals","United States",1.52199656448209,0.269873311335354,1
"all_male","animals","United States",0.413835342321623,0.976755915079941,1
"balanced","animals","United States",0.103355355145135,0.710376022960963,0
"quota","animals","United States",-1.51759973094376,-0.10349078229559,0
"all_male","animals","United States",0.00219841676916735,-0.10349078229559,1
"balanced","animals","United States",-1.20711974376727,-0.10349078229559,0
"quota","animals","United States",0.00219841676916735,0.976755915079941,1
"quota","animals","United States",0.00219841676916735,-0.10349078229559,1
"balanced","animals","United States",-0.30828157040732,0.269873311335354,0
"all_male","animals","United States",-2.52460401472826,0.976755915079941,0
"balanced","animals","United States",1.52199656448209,0.269873311335354,1
"all_male","animals","United States",1.52199656448209,1.41725862670555,1
"quota","animals","United States",-1.41644279256779,-1.62424019129673,0
"balanced","animals","United States",0.00219841676916735,-0.10349078229559,1
"quota","animals","United States",0.590556602952628,-3.14498960029787,1
"all_male","animals","United States",1.52199656448209,0.976755915079941,0
"balanced","animals","United States",0.00219841676916735,0.269873311335354,0
"quota","animals","United States",0.00219841676916735,0.269873311335354,1
"all_male","animals","United States",-2.73392706352878,-2.77162550666693,1
"quota","animals","United States",0.103355355145135,-0.10349078229559,0
"all_male","animals","United States",-1.55285528817e-16,9.68514998541725e-17,0
"quota","animals","United States",0.00219841676916735,0.269873311335354,0
"all_male","animals","United States",-0.30828157040732,-0.10349078229559,0
"balanced","animals","United States",-1.20711974376727,-0.5439934939212,1
"quota","animals","United States",-0.821075434335744,-2.39826141303599,0
"balanced","animals","United States",0.00219841676916735,-0.917357587552144,0
"all_male","animals","United States",0.00219841676916735,0.603391821448997,1
"quota","animals","United States",0.00219841676916735,-0.10349078229559,1
"all_male","animals","United States",-1.41644279256779,0.269873311335354,0
"balanced","animals","United States",-1.20711974376727,-0.476854875926535,0
"balanced","animals","United States",1.52199656448209,1.41725862670555,0
"quota","animals","United States",0.00219841676916735,-0.10349078229559,0
"balanced","animals","United States",0.413835342321623,1.41725862670555,0
"all_male","animals","United States",-0.0989585216068006,-0.10349078229559,0
"quota","animals","United States",-0.409438508783288,-0.5439934939212,1
"quota","animals","United States",1.2115165773056,1.04389453307461,0
"all_male","animals","United States",-1.51759973094376,-0.5439934939212,1
"balanced","animals","United States",-1.31528585419182,-1.62424019129673,1
"all_male","animals","United States",-0.0989585216068006,0.269873311335354,1
"quota","animals","United States",-0.0989585216068006,-0.10349078229559,1
"balanced","animals","United States",1.52199656448209,0.269873311335354,0
"balanced","animals","United States",0.00219841676916735,-0.10349078229559,1
"all_male","animals","United States",-1.41644279256779,-1.25087609766579,0
"quota","animals","United States",-2.72691789148019,-1.25087609766579,0
"quota","animals","United States",0.00219841676916735,0.603391821448997,0
"all_male","animals","United States",0.00219841676916735,-0.10349078229559,0
"balanced","animals","United States",1.52199656448209,0.269873311335354,0
"all_male","animals","United States",0.00219841676916735,-0.10349078229559,0
"quota","animals","United States",0.103355355145135,0.269873311335354,0
"balanced","animals","United States",-0.0989585216068006,-0.10349078229559,0
"quota","animals","United States",1.2115165773056,0.269873311335354,0
"balanced","animals","United States",-0.0989585216068006,-0.10349078229559,0
"all_male","animals","United States",0.00219841676916735,-0.10349078229559,0
"quota","animals","United States",0.00219841676916735,-0.10349078229559,0
"balanced","animals","United States",0.00219841676916735,-0.10349078229559,0
"all_male","animals","United States",0.413835342321623,1.41725862670555,0
"balanced","animals","United States",-1.51759973094376,-1.25087609766579,1
"all_male","animals","United States",1.2115165773056,0.710376022960963,1
"quota","animals","United States",-1.51759973094376,-1.62424019129673,1
"balanced","animals","United States",1.2115165773056,1.41725862670555,1
"quota","animals","United States",0.103355355145135,-0.10349078229559,0
"all_male","animals","United States",-2.52460401472826,-1.62424019129673,0
"all_male","animals","United States",1.52199656448209,1.41725862670555,0
"quota","animals","United States",0.00219841676916735,-0.10349078229559,0
"balanced","animals","United States",-2.73392706352878,-3.14498960029787,0
"all_male","animals","United States",-0.0989585216068006,-0.10349078229559,1
"balanced","animals","United States",-1.1059628053913,-1.25087609766579,1
"quota","animals","United States",-1.41644279256779,-0.476854875926535,0
"all_male","animals","United States",-0.207124632031353,1.41725862670555,1
"quota","animals","United States",-1.72692277974428,-1.25087609766579,1
"balanced","animals","United States",-0.0989585216068006,1.41725862670555,1
"all_male","animals","United States",-1.31528585419182,1.41725862670555,0
"balanced","animals","United States",0.00219841676916735,0.603391821448997,1
"all_male","animals","United States",1.2115165773056,0.976755915079941,0
"quota","animals","United States",-1.62576584136831,-2.43810699655329,1
"balanced","animals","United States",0.413835342321623,-0.10349078229559,0
"quota","animals","United States",-0.0989585216068006,-0.10349078229559,1
"all_male","animals","United States",0.00219841676916735,0.269873311335354,1
"balanced","animals","United States",1.52199656448209,1.41725862670555,1
"quota","animals","United States",0.799879651753147,1.41725862670555,0
"all_male","animals","United States",1.00920270055367,1.41725862670555,1
"quota","animals","United States",1.2115165773056,1.41725862670555,1
"all_male","animals","United States",0.00219841676916735,-0.10349078229559,0
"balanced","animals","United States",0.00219841676916735,-0.5439934939212,1
"balanced","animals","United States",-0.0989585216068006,-0.10349078229559,0
"all_male","animals","United States",-0.0989585216068006,-0.10349078229559,0
"quota","animals","United States",1.52199656448209,1.41725862670555,1
"balanced","animals","United States",0.00219841676916735,-0.10349078229559,1
"all_male","animals","United States",-1.41644279256779,-0.5439934939212,1
"quota","animals","United States",0.00219841676916735,-0.5439934939212,1
"quota","animals","United States",-0.0989585216068006,-0.5439934939212,1
"all_male","animals","United States",-0.30828157040732,0.269873311335354,0
"balanced","animals","United States",-1.1059628053913,-0.476854875926535,1
"all_male","animals","United States",-0.0989585216068006,-0.10349078229559,0
"quota","animals","United States",0.103355355145135,1.41725862670555,1
"balanced","animals","United States",0.00219841676916735,-0.5439934939212,0
"quota","animals","United States",-0.0989585216068006,0.269873311335354,0
"balanced","animals","United States",1.52199656448209,1.41725862670555,1
"all_male","animals","United States",-0.30828157040732,-1.62424019129673,1
"balanced","animals","United States",0.00219841676916735,-1.25087609766579,1
"quota","animals","United States",-1.51759973094376,-1.62424019129673,1
"all_male","animals","United States",0.00219841676916735,-0.5439934939212,1
"balanced","animals","United States",1.52199656448209,1.41725862670555,1
"quota","animals","United States",-0.0989585216068006,-0.10349078229559,1
"quota","animals","United States",1.11035963892964,-0.5439934939212,1
"all_male","animals","United States",0.103355355145135,0.603391821448997,0
"quota","animals","United States",1.52199656448209,0.976755915079941,0
"balanced","animals","United States",-2.93624094028071,-1.25087609766579,1
"all_male","animals","United States",0.103355355145135,0.976755915079941,1
"quota","animals","United States",0.00219841676916735,-0.10349078229559,0
"all_male","animals","United States",0.103355355145135,-0.10349078229559,0
"balanced","animals","United States",-0.0989585216068006,-0.850218969557479,0
"balanced","animals","United States",-0.409438508783288,-0.10349078229559,0
"all_male","animals","United States",-1.55285528817e-16,9.68514998541725e-17,1
"quota","animals","United States",-0.409438508783288,-1.95775870141038,0
"balanced","animals","United States",0.103355355145135,1.41725862670555,0
"quota","animals","United States",-0.0989585216068006,-1.25087609766579,0
"quota","animals","United States",1.11035963892964,0.269873311335354,0
"all_male","animals","United States",0.103355355145135,1.41725862670555,0
"all_male","animals","United States",-0.0989585216068006,-0.5439934939212,1
"balanced","animals","United States",-2.73392706352878,-3.14498960029787,1
"quota","animals","United States",1.52199656448209,0.269873311335354,1
"all_male","animals","United States",-1.1059628053913,-0.10349078229559,1
"balanced","animals","United States",-0.207124632031353,-1.7312243928087,0
"balanced","animals","United States",-0.0989585216068006,-0.10349078229559,1
"quota","animals","United States",0.00219841676916735,-0.10349078229559,0
"all_male","animals","United States",0.00219841676916735,-0.10349078229559,1
"quota","animals","United States",0.00219841676916735,0.603391821448997,0
"quota","animals","United States",-0.30828157040732,-0.5439934939212,1
"all_male","animals","United States",-0.30828157040732,0.269873311335354,0
"balanced","animals","United States",0.00219841676916735,1.04389453307461,1
"balanced","animals","United States",0.103355355145135,0.976755915079941,1
"all_male","animals","United States",0.901036590129115,1.41725862670555,0
"quota","animals","United States",0.00219841676916735,-0.10349078229559,1
"all_male","animals","United States",1.52199656448209,1.41725862670555,1
"balanced","animals","United States",0.00219841676916735,-0.10349078229559,0
"quota","animals","United States",0.103355355145135,0.976755915079941,1
"balanced","animals","United States",0.00219841676916735,-0.10349078229559,1
"all_male","animals","United States",1.2115165773056,1.04389453307461,1
"quota","animals","United States",-0.30828157040732,-2.43810699655329,0
"balanced","animals","United States",0.00219841676916735,0.976755915079941,1
"all_male","animals","United States",1.52199656448209,0.976755915079941,1
"quota","animals","United States",0.00219841676916735,0.976755915079941,0
"balanced","animals","United States",1.2115165773056,-0.877512004034844,1
"all_male","animals","United States",-1.20711974376727,-0.10349078229559,1
"quota","animals","United States",0.00219841676916735,0.976755915079941,0
"all_male","animals","United States",0.413835342321623,-0.277613601802222,0
"balanced","animals","United States",0.103355355145135,0.976755915079941,1
"quota","animals","United States",-3.03739787865668,-3.14498960029787,1
"all_male","animals","United States",-0.0989585216068006,-0.10349078229559,0
"balanced","animals","United States",1.52199656448209,1.41725862670555,0
"quota","animals","United States",1.52199656448209,1.41725862670555,1
"quota","animals","United States",0.103355355145135,1.41725862670555,1
"balanced","animals","United States",1.52199656448209,1.41725862670555,0
"all_male","animals","United States",-0.0989585216068006,0.269873311335354,0
"quota","animals","United States",0.00219841676916735,-0.5439934939212,1
"all_male","animals","United States",-0.0989585216068006,-0.5439934939212,1
"quota","animals","United States",-0.0989585216068006,-0.10349078229559,0
"all_male","animals","United States",-0.30828157040732,0.269873311335354,1
"balanced","animals","United States",0.103355355145135,0.269873311335354,0
"balanced","animals","United States",1.52199656448209,-0.10349078229559,0
"quota","animals","United States",0.00219841676916735,0.269873311335354,1
"all_male","animals","United States",1.52199656448209,1.41725862670555,1
"all_male","animals","United States",1.2115165773056,0.976755915079941,1
"balanced","animals","United States",1.00920270055367,0.269873311335354,1
"quota","animals","United States",0.103355355145135,1.04389453307461,0
"balanced","animals","United States",-1.1059628053913,0.603391821448997,1
"quota","animals","United States",-0.200115459982769,0.0957504918287218,1
"all_male","animals","United States",-1.41644279256779,-1.25087609766579,0
"balanced","animals","United States",-0.0989585216068006,-0.10349078229559,1
"quota","animals","United States",-0.207124632031353,0.603391821448997,1
"all_male","animals","United States",-0.30828157040732,-0.5439934939212,1
"balanced","animals","United States",-0.30828157040732,-0.98449620554681,1
"all_male","animals","United States",0.00219841676916735,-0.917357587552144,0
"quota","animals","United States",0.103355355145135,-0.10349078229559,1
"quota","animals","United States",-1.72692277974428,-2.70448688867226,1
"all_male","animals","United States",-0.409438508783288,-0.98449620554681,0
"balanced","animals","United States",0.00219841676916735,0.269873311335354,1
"all_male","animals","United States",-1.51759973094376,-0.5439934939212,0
"quota","animals","United States",-0.409438508783288,0.603391821448997,0
"balanced","animals","United States",-0.409438508783288,-1.62424019129673,1
"all_male","animals","United States",1.00920270055367,0.269873311335354,0
"balanced","animals","United States",0.00219841676916735,-0.10349078229559,1
"quota","animals","United States",0.00219841676916735,0.337011929330019,1
"balanced","animals","United States",-2.73392706352878,-3.14498960029787,1
"quota","animals","United States",1.52199656448209,1.41725862670555,1
"all_male","animals","United States",-1.1059628053913,-0.810373386040178,0
"balanced","animals","United States",0.00219841676916735,-0.10349078229559,0
"balanced","animals","United States",0.00219841676916735,-1.62424019129673,1
"quota","animals","United States",0.00219841676916735,-0.10349078229559,1
"balanced","animals","United States",-0.409438508783288,-0.810373386040178,1
"all_male","animals","United States",-2.1129670891758,0.269873311335354,0
"quota","animals","United States",-0.30828157040732,-0.10349078229559,0
"all_male","animals","United States",1.2115165773056,0.976755915079941,1
"quota","animals","United States",-1.51759973094376,-0.10349078229559,1
"all_male","animals","United States",-1.51759973094376,-1.62424019129673,1
"all_male","animals","United States",0.00219841676916735,-1.14389189615382,1
"quota","animals","United States",1.31968268773015,1.04389453307461,1
"balanced","animals","United States",-0.30828157040732,-0.10349078229559,1
"quota","animals","United States",-0.0989585216068006,-0.10349078229559,1
"quota","animals","United States",0.00219841676916735,-0.10349078229559,1
"all_male","animals","United States",1.2115165773056,-0.10349078229559,0
"all_male","animals","United States",-1.20711974376727,-0.476854875926535,1
"balanced","animals","United States",0.103355355145135,0.976755915079941,1
"balanced","animals","United States",-0.0989585216068006,0.269873311335354,0
"quota","animals","United States",0.103355355145135,-0.10349078229559,0
"all_male","animals","United States",-1.41644279256779,-1.62424019129673,0
"quota","animals","United States",-0.0989585216068006,-0.10349078229559,0
"balanced","animals","United States",0.00219841676916735,0.269873311335354,0
"all_male","animals","United States",0.00219841676916735,-0.10349078229559,1
"quota","animals","United States",-0.0989585216068006,-0.10349078229559,0
"all_male","animals","United States",1.52199656448209,1.41725862670555,0
"balanced","animals","United States",1.21852574935419,1.41725862670555,0
"quota","animals","United States",0.00219841676916735,-0.10349078229559,0
"all_male","animals","United States",0.00219841676916735,0.269873311335354,1
"quota","animals","United States",1.42083962610612,-0.10349078229559,1
"balanced","animals","United States",0.00219841676916735,-0.10349078229559,1
"quota","animals","United States",1.42083962610612,1.41725862670555,1
"balanced","animals","United States",0.103355355145135,0.269873311335354,1
"all_male","animals","United States",0.211521465569687,-0.10349078229559,0
"all_male","animals","United States",1.21852574935419,0.603391821448997,0
"balanced","animals","United States",-2.73392706352878,-3.14498960029787,0
"quota","animals","United States",-0.200115459982769,0.536253203454331,1
"balanced","animals","United States",0.103355355145135,-0.5439934939212,0
"all_male","animals","United States",-0.0989585216068006,-0.10349078229559,1
"quota","animals","United States",0.00219841676916735,-0.10349078229559,1
"quota","animals","United States",-1.20711974376727,0.230027727818053,1
"balanced","animals","United States",0.413835342321623,1.41725862670555,0
"all_male","animals","United States",0.00219841676916735,-0.10349078229559,0
"balanced","animals","United States",-0.0989585216068006,-0.10349078229559,1
"all_male","animals","United States",-0.409438508783288,-0.810373386040178,1
"balanced","animals","United States",1.52199656448209,0.536253203454331,1
"quota","animals","United States",1.52199656448209,1.41725862670555,0
"all_male","animals","United States",-0.30828157040732,-0.810373386040178,1
"all_male","animals","United States",-0.0989585216068006,-0.5439934939212,0
"balanced","animals","United States",-1.20711974376727,-0.476854875926535,1
"quota","animals","United States",0.590556602952628,-0.5439934939212,1
"all_male","animals","United States",-1.51759973094376,-1.25087609766579,1
"all_male","animals","United States",1.52199656448209,1.41725862670555,1
"balanced","animals","United States",1.2115165773056,-0.5439934939212,1
"quota","animals","United States",1.52199656448209,1.41725862670555,1
"all_male","animals","United States",-2.62576095310422,-0.10349078229559,1
"quota","animals","United States",-1.61875666931972,-1.62424019129673,1
"quota","animals","United States",-1.1059628053913,-1.25087609766579,0
"all_male","animals","United States",-0.30828157040732,-1.25087609766579,1
"balanced","animals","United States",-2.52460401472826,-0.917357587552144,1
"quota","animals","United States",-1.1059628053913,-1.18373747967112,1
"balanced","animals","United States",-0.0989585216068006,-1.25087609766579,1
"all_male","animals","United States",-0.0989585216068006,-0.10349078229559,0
"quota","animals","United States",0.00219841676916735,-0.10349078229559,0
"balanced","animals","United States",-1.41644279256779,-1.62424019129673,0
"all_male","animals","United States",-1.41644279256779,-2.06474290292234,1
"balanced","animals","United States",-0.0989585216068006,-0.810373386040178,1
"quota","animals","United States",-0.409438508783288,-1.99760428492768,0
"balanced","animals","United States",1.52199656448209,1.41725862670555,1
"all_male","animals","United States",-0.207124632031353,0.269873311335354,1
"all_male","animals","United States",-0.51760461920784,-0.10349078229559,0
"balanced","animals","United States",-0.0989585216068006,-0.10349078229559,1
"quota","animals","United States",-1.55285528817e-16,9.68514998541725e-17,0
"quota","animals","United States",-0.89663975659078,-0.10349078229559,0
"all_male","animals","United States",-0.0989585216068006,-0.810373386040178,1
"balanced","animals","United States",0.413835342321623,0.976755915079941,0
"quota","animals","United States",1.2115165773056,0.269873311335354,0
"all_male","animals","United States",-1.41644279256779,-1.62424019129673,0
"balanced","animals","United States",-1.41644279256779,-1.62424019129673,1
"balanced","animals","United States",-0.0989585216068006,1.41725862670555,1
"balanced","animals","United States",-1.55285528817e-16,9.68514998541725e-17,1
"all_male","animals","United States",0.00219841676916735,-0.10349078229559,1
"quota","animals","United States",1.2115165773056,0.976755915079941,1
"all_male","animals","United States",0.103355355145135,1.41725862670555,1
"balanced","animals","United States",-0.0989585216068006,-0.10349078229559,1
"quota","animals","United States",0.413835342321623,0.337011929330019,1
"all_male","animals","United States",-2.52460401472826,-1.62424019129673,1
"balanced","animals","United States",1.11035963892964,0.269873311335354,1
"balanced","animals","United States",0.00219841676916735,-0.10349078229559,1
"quota","animals","United States",-1.41644279256779,-1.25087609766579,1
"all_male","animals","United States",-1.1059628053913,0.337011929330019,1
"balanced","animals","United States",-1.20711974376727,-0.5439934939212,1
"quota","animals","United States",0.312678403945655,0.976755915079941,1
"all_male","animals","United States",0.00219841676916735,-0.10349078229559,1
"balanced","animals","United States",-0.0989585216068006,0.269873311335354,1
"quota","animals","United States",1.52199656448209,1.41725862670555,1
"all_male","animals","United States",-0.30828157040732,-1.25087609766579,1
"quota","animals","United States",-0.30828157040732,-0.5439934939212,1
"balanced","animals","United States",-0.30828157040732,-0.10349078229559,1
"all_male","animals","United States",-2.21412402755177,1.41725862670555,1
"quota","animals","United States",1.2115165773056,-0.10349078229559,1
"all_male","animals","United States",-1.1059628053913,0.976755915079941,1
"balanced","animals","United States",0.799879651753147,1.41725862670555,1
"quota","animals","United States",-0.0989585216068006,-0.10349078229559,1
"balanced","animals","United States",0.00219841676916735,-0.877512004034844,1
"all_male","animals","United States",1.2115165773056,1.41725862670555,1
"quota","animals","United States",-0.0989585216068006,-0.10349078229559,1
"balanced","animals","United States",0.103355355145135,1.41725862670555,1
"all_male","animals","United States",-0.30828157040732,-0.10349078229559,1
"balanced","animals","United States",0.00219841676916735,0.269873311335354,1
"balanced","animals","United States",-0.0989585216068006,-0.10349078229559,1
"quota","animals","United States",-0.30828157040732,0.976755915079941,1
"quota","animals","United States",0.413835342321623,0.269873311335354,0
"all_male","animals","United States",-0.0989585216068006,-0.10349078229559,1
"balanced","animals","United States",1.52199656448209,1.41725862670555,1
"quota","animals","United States",0.00219841676916735,0.269873311335354,1
"all_male","animals","United States",-1.1059628053913,-0.5439934939212,1
"balanced","animals","United States",1.2115165773056,-0.10349078229559,1
"quota","animals","United States",0.00219841676916735,0.269873311335354,1
"all_male","animals","United States",-0.409438508783288,-1.25087609766579,1
"balanced","animals","United States",1.52199656448209,0.269873311335354,1
"all_male","animals","United States",0.00219841676916735,1.41725862670555,0
"all_male","animals","United States",1.11035963892964,1.41725862670555,1
"quota","animals","United States",0.00219841676916735,0.269873311335354,1
"all_male","animals","United States",-1.41644279256779,-0.5439934939212,1
"balanced","animals","United States",-0.30828157040732,-0.5439934939212,0
"quota","animals","United States",0.312678403945655,-0.10349078229559,1
"balanced","animals","United States",-1.1059628053913,-0.476854875926535,1
"balanced","animals","United States",-1.82807971812024,-1.62424019129673,1
"quota","animals","United States",1.2115165773056,0.976755915079941,1
"all_male","animals","United States",-1.51759973094376,-1.99760428492768,1
"quota","animals","United States",0.00219841676916735,0.976755915079941,1
"balanced","animals","United States",1.2115165773056,0.976755915079941,1
"all_male","animals","United States",0.00219841676916735,0.536253203454331,1
"all_male","animals","United States",1.52199656448209,1.04389453307461,0
"quota","animals","United States",0.312678403945655,0.269873311335354,1
"balanced","animals","United States",-0.0989585216068006,-0.10349078229559,1
"all_male","animals","United States",1.21852574935419,1.41725862670555,0
"balanced","animals","United States",-0.0989585216068006,-0.810373386040178,1
"quota","animals","United States",0.103355355145135,1.41725862670555,1
"balanced","animals","United States",1.52199656448209,1.41725862670555,1
"all_male","animals","United States",-0.30828157040732,-0.10349078229559,1
"quota","animals","United States",1.52199656448209,0.0957504918287218,1
"quota","animals","United States",1.21852574935419,1.41725862670555,1
"balanced","animals","United States",-1.55285528817e-16,9.68514998541725e-17,1
"quota","animals","United States",0.00219841676916735,-0.10349078229559,1
"all_male","animals","United States",1.21852574935419,1.41725862670555,1
"quota","animals","United States",-0.30828157040732,-0.10349078229559,1
"balanced","animals","United States",-0.30828157040732,-0.5439934939212,1
"balanced","animals","United States",-0.0989585216068006,-0.10349078229559,1
"all_male","animals","United States",0.00219841676916735,-1.62424019129673,1
"quota","animals","United States",0.00219841676916735,-0.10349078229559,1
"all_male","animals","United States",-0.409438508783288,-0.5439934939212,1
"balanced","animals","United States",-1.20711974376727,-0.476854875926535,1
"quota","animals","United States",1.2115165773056,-1.62424019129673,1
"all_male","animals","United States",-1.20711974376727,0.536253203454331,1
"balanced","animals","United States",1.52199656448209,1.41725862670555,1
"all_male","animals","United States",-1.55285528817e-16,9.68514998541725e-17,0
"all_male","animals","United States",0.00219841676916735,0.603391821448997,1
"balanced","animals","United States",-1.41644279256779,-1.62424019129673,1
"all_male","animals","United States",1.42083962610612,1.41725862670555,1
"quota","animals","United States",1.52199656448209,1.41725862670555,1
"quota","animals","United States",0.00219841676916735,0.269873311335354,1
"balanced","animals","United States",1.2115165773056,1.41725862670555,1
"all_male","animals","United States",1.2115165773056,0.269873311335354,1
"balanced","animals","United States",-0.30828157040732,-0.10349078229559,1
"quota","animals","United States",1.52199656448209,1.41725862670555,1
"balanced","animals","United States",0.00219841676916735,0.269873311335354,1
"all_male","animals","United States",0.00219841676916735,-0.10349078229559,1
"quota","animals","United States",1.11035963892964,-0.10349078229559,1
"balanced","animals","United States",-0.30828157040732,0.269873311335354,1
"quota","animals","United States",1.00920270055367,0.269873311335354,0
"all_male","animals","United States",-2.52460401472826,-0.10349078229559,0
"balanced","animals","United States",1.52199656448209,0.976755915079941,0
"quota","animals","United States",-0.0989585216068006,0.603391821448997,0
"balanced","animals","United States",0.103355355145135,0.976755915079941,1
"all_male","animals","United States",0.00219841676916735,0.603391821448997,1
"balanced","animals","United States",1.52199656448209,1.41725862670555,1
"quota","animals","United States",0.00219841676916735,-0.10349078229559,1
"all_male","animals","United States",-2.93624094028071,-1.25087609766579,1
"all_male","animals","United States",-0.30828157040732,-0.10349078229559,1
"balanced","animals","United States",-0.30828157040732,-0.170629400290256,1
"quota","animals","United States",-2.62576095310422,-2.77162550666693,1
"all_male","animals","United States",-2.62576095310422,-1.99760428492768,1
"quota","animals","United States",-1.55285528817e-16,9.68514998541725e-17,0
"quota","animals","United States",1.52199656448209,1.41725862670555,1
"balanced","animals","United States",0.00219841676916735,-0.10349078229559,1
"all_male","animals","United States",0.00219841676916735,0.269873311335354,1
"balanced","animals","United States",0.00219841676916735,0.269873311335354,1
"balanced","animals","United States",-1.55285528817e-16,9.68514998541725e-17,0
"quota","animals","United States",0.00219841676916735,-0.10349078229559,1
"all_male","animals","United States",-1.41644279256779,0.269873311335354,1
"balanced","animals","United States",0.413835342321623,0.269873311335354,1
"quota","animals","United States",0.00219841676916735,0.976755915079941,0
"balanced","animals","United States",1.21852574935419,1.41725862670555,1
"all_male","animals","United States",-1.82807971812024,-1.62424019129673,1
"quota","animals","United States",0.00219841676916735,-0.5439934939212,1
"balanced","animals","United States",1.2115165773056,0.269873311335354,0
"quota","animals","United States",-1.55285528817e-16,9.68514998541725e-17,1
"all_male","animals","United States",0.799879651753147,1.41725862670555,1
"quota","animals","United States",0.00219841676916735,-0.10349078229559,1
"balanced","animals","United States",-0.0989585216068006,-1.62424019129673,1
"all_male","animals","United States",-1.20711974376727,-1.62424019129673,1
"all_male","animals","United States",0.00219841676916735,-0.917357587552144,1
"quota","animals","United States",1.11035963892964,-0.10349078229559,0
"balanced","animals","United States",0.00219841676916735,-0.10349078229559,1
"quota","animals","United States",-0.0989585216068006,-0.10349078229559,1
"all_male","animals","United States",0.00219841676916735,-0.10349078229559,1
"balanced","animals","United States",0.103355355145135,0.976755915079941,1
"quota","animals","United States",0.103355355145135,0.976755915079941,1
"balanced","animals","United States",-0.0989585216068006,0.269873311335354,1
"all_male","animals","United States",1.21852574935419,1.41725862670555,1
"quota","animals","United States",-2.73392706352878,-0.98449620554681,1
"balanced","animals","United States",-1.41738378734338,-1.62424019129673,1
"quota","animals","United States",-0.0989585216068006,-0.476854875926535,1
"balanced","animals","United States",0.00219841676916735,0.976755915079941,1
"all_male","animals","United States",-1.41644279256779,-1.62424019129673,1
"balanced","animals","United States",-0.0989585216068006,-1.25087609766579,1
"all_male","animals","United States",-0.0989585216068006,0.269873311335354,1
"quota","animals","United States",-0.0989585216068006,-0.10349078229559,1
"all_male","animals","United States",1.2115165773056,0.976755915079941,1
"quota","animals","United States",-1.20711974376727,-0.650977695433166,0
"balanced","animals","United States",0.00219841676916735,-0.10349078229559,1
"balanced","animals","United States",0.799879651753147,-0.10349078229559,1
"quota","animals","United States",0.103355355145135,-0.10349078229559,0
"all_male","animals","United States",0.00219841676916735,0.269873311335354,1
"all_male","animals","United States",-0.30828157040732,-0.10349078229559,1
"quota","animals","United States",-1.51759973094376,-0.810373386040178,0
"all_male","animals","United States",-3.03739787865668,-1.02434178906411,1
"balanced","animals","United States",-1.55285528817e-16,9.68514998541725e-17,1
"balanced","animals","United States",-1.61875666931972,-1.25087609766579,0
"quota","animals","United States",-0.0989585216068006,-0.10349078229559,1
"quota","animals","United States",-0.0989585216068006,-1.62424019129673,1
"all_male","animals","United States",-1.51759973094376,-1.62424019129673,1
"balanced","animals","United States",-0.409438508783288,-0.10349078229559,1
"balanced","animals","United States",-0.30828157040732,-0.5439934939212,1
"all_male","animals","United States",-1.55285528817e-16,9.68514998541725e-17,0
"all_male","animals","United States",-1.51759973094376,-0.5439934939212,1
"balanced","animals","United States",0.00219841676916735,0.269873311335354,1
"balanced","animals","United States",-1.55285528817e-16,9.68514998541725e-17,1
"quota","animals","United States",-2.73392706352878,-3.14498960029787,0
"all_male","animals","United States",-1.55285528817e-16,9.68514998541725e-17,0
"all_male","animals","United States",-1.20711974376727,-0.917357587552144,0
"balanced","animals","United States",-1.55285528817e-16,9.68514998541725e-17,1
"balanced","animals","United States",0.00219841676916735,-0.10349078229559,1
"balanced","animals","United States",-0.30828157040732,-1.25087609766579,0
"all_male","animals","United States",0.103355355145135,-2.39826141303599,0
"quota","animals","United States",0.413835342321623,0.976755915079941,0
"all_male","animals","United States",0.00219841676916735,-0.10349078229559,0
"balanced","animals","United States",0.00219841676916735,-0.10349078229559,0
"quota","animals","United States",1.52199656448209,1.41725862670555,0
"all_male","animals","United States",0.00219841676916735,-0.10349078229559,0
"quota","animals","United States",-0.409438508783288,-1.18373747967112,0
"balanced","animals","United States",-0.0989585216068006,-1.25087609766579,0
"balanced","animals","United States",0.00219841676916735,-0.10349078229559,0
"all_male","animals","United States",1.2115165773056,1.41725862670555,0
"quota","animals","United States",0.103355355145135,0.269873311335354,0
"all_male","animals","United States",1.2115165773056,1.41725862670555,0
"balanced","animals","United States",-0.30828157040732,-1.25087609766579,0
"quota","animals","United States",1.11035963892964,1.41725862670555,0
"quota","animals","United States",1.52199656448209,1.41725862670555,0
"balanced","animals","United States",0.00219841676916735,-0.98449620554681,0
"all_male","animals","United States",-1.82807971812024,-0.5439934939212,0
"all_male","animals","United States",1.2115165773056,0.269873311335354,0
"balanced","animals","United States",-0.200115459982769,-0.10349078229559,0
"quota","animals","United States",0.00219841676916735,0.976755915079941,0
"quota","animals","United States",0.103355355145135,-0.10349078229559,0
"all_male","animals","United States",1.52199656448209,1.41725862670555,0
"all_male","animals","United States",0.00219841676916735,-0.10349078229559,0
"balanced","animals","United States",0.00219841676916735,-0.10349078229559,0
"quota","animals","United States",1.52199656448209,1.41725862670555,0
"quota","animals","United States",-1.55285528817e-16,9.68514998541725e-17,0
"all_male","animals","United States",-1.51759973094376,-0.10349078229559,0
"quota","animals","United States",1.21852574935419,1.41725862670555,0
"all_male","animals","United States",-1.51759973094376,-0.10349078229559,0
"balanced","animals","United States",1.52199656448209,1.41725862670555,0
"quota","animals","United States",1.11035963892964,1.41725862670555,0
"quota","animals","United States",0.413835342321623,0.269873311335354,0
"all_male","animals","United States",1.2115165773056,0.269873311335354,0
"balanced","animals","United States",1.52199656448209,0.269873311335354,0
"quota","animals","United States",0.00219841676916735,-0.10349078229559,0
"balanced","animals","United States",0.799879651753147,-0.10349078229559,0
"all_male","animals","United States",0.103355355145135,-0.10349078229559,0
"all_male","animals","United States",-0.0989585216068006,-0.10349078229559,0
"balanced","animals","United States",0.103355355145135,-0.10349078229559,0
"all_male","animals","United States",1.31968268773015,0.337011929330019,0
"quota","animals","United States",1.21852574935419,1.41725862670555,0
"balanced","animals","United States",-0.0989585216068006,0.603391821448997,0
"quota","animals","United States",0.00219841676916735,0.269873311335354,0
"all_male","animals","United States",1.21852574935419,1.41725862670555,0
"balanced","animals","United States",0.00219841676916735,-0.10349078229559,0
"quota","animals","United States",0.00219841676916735,-0.10349078229559,0
"all_male","animals","United States",-0.0989585216068006,0.230027727818053,0
"quota","animals","United States",-0.0989585216068006,-2.02489731940504,0
"balanced","animals","United States",-0.30828157040732,-0.10349078229559,0
"all_male","animals","United States",1.2115165773056,1.41725862670555,0
"quota","animals","United States",-0.0989585216068006,-0.5439934939212,0
"balanced","animals","United States",0.00219841676916735,-0.10349078229559,0
"all_male","animals","United States",-3.03739787865668,1.41725862670555,0
"balanced","animals","United States",0.00219841676916735,-0.5439934939212,0
"quota","animals","United States",0.00219841676916735,-0.10349078229559,0
"quota","animals","United States",1.2115165773056,0.269873311335354,0
"all_male","animals","United States",-1.00480586701533,1.41725862670555,0
"balanced","animals","United States",1.42083962610612,1.41725862670555,0
"quota","animals","United States",0.103355355145135,0.603391821448997,0
"balanced","animals","United States",-0.409438508783288,-0.5439934939212,0
"all_male","animals","United States",1.52199656448209,1.41725862670555,0
"all_male","animals","United States",0.103355355145135,1.41725862670555,0
"quota","animals","United States",1.42083962610612,0.269873311335354,0
"balanced","animals","United States",0.413835342321623,0.269873311335354,0
"all_male","animals","United States",-0.30828157040732,-0.5439934939212,0
"quota","animals","United States",0.00219841676916735,-0.5439934939212,0
"balanced","animals","United States",-1.51759973094376,-2.70448688867226,0
"quota","animals","United States",0.413835342321623,0.976755915079941,0
"all_male","animals","United States",-0.30828157040732,-0.10349078229559,0
"quota","animals","United States",-3.03739787865668,-3.14498960029787,0
"all_male","animals","United States",0.00219841676916735,-0.5439934939212,0
"balanced","animals","United States",-0.0989585216068006,-0.10349078229559,1
"balanced","animals","United States",1.52199656448209,1.41725862670555,0
"quota","animals","United States",0.00219841676916735,-0.10349078229559,0
"balanced","animals","United States",0.00219841676916735,-0.5439934939212,0
"all_male","animals","United States",-0.30828157040732,-1.25087609766579,0
"quota","animals","United States",1.52199656448209,1.41725862670555,0
"all_male","animals","United States",0.103355355145135,1.41725862670555,0
"balanced","animals","United States",-0.0989585216068006,-0.10349078229559,0
"balanced","animals","United States",1.11035963892964,-0.10349078229559,0
"all_male","animals","United States",0.590556602952628,1.41725862670555,0
"all_male","animals","United States",0.103355355145135,0.976755915079941,0
"balanced","animals","United States",0.103355355145135,-0.10349078229559,0
"quota","animals","United States",0.00219841676916735,-0.10349078229559,0
"all_male","animals","United States",-0.0989585216068006,-0.10349078229559,1
"quota","animals","United States",-1.55285528817e-16,9.68514998541725e-17,1
"all_male","animals","United States",-1.55285528817e-16,9.68514998541725e-17,1
"all_male","harassment","Brazil",-1.74315786489558,-2.78044533177583,1
"balanced","harassment","Brazil",0.800125758259505,1.28254004049592,0
"balanced","harassment","Brazil",-1.58526100231221,-1.30691637543574,1
"quota","harassment","Brazil",0.0970509479898657,-0.191608988218623,0
"all_male","harassment","Brazil",-1.94037176336669,-0.191608988218623,1
"all_male","harassment","Brazil",-0.179111381772931,-1.48633719618445,1
"balanced","harassment","Brazil",-0.606023862279774,-1.66575801693317,1
"balanced","harassment","Brazil",-0.179111381772931,0.564236685126608,1
"quota","harassment","Brazil",-0.179111381772931,-0.0121881674699093,1
"balanced","harassment","Brazil",-0.179111381772931,-0.191608988218623,1
"quota","harassment","Brazil",-0.179111381772931,-0.0121881674699093,0
"all_male","harassment","Brazil",-1.23729695309705,-1.48633719618445,1
"quota","harassment","Brazil",-0.179111381772931,-0.0121881674699093,0
"all_male","harassment","Brazil",0.800125758259505,-0.371029808967337,1
"balanced","harassment","Brazil",1.43139884907678,1.28254004049592,1
"quota","harassment","Brazil",1.43139884907678,-0.0121881674699093,0
"quota","harassment","Brazil",1.15523651931398,1.28254004049592,1
"all_male","harassment","Brazil",-1.94037176336669,-0.191608988218623,1
"balanced","harassment","Brazil",0.800125758259505,-0.550450629716052,0
"balanced","harassment","Brazil",-1.23729695309705,-2.60102451102711,1
"all_male","harassment","Brazil",1.0762880880223,1.28254004049592,0
"quota","harassment","Brazil",0.0970509479898657,1.28254004049592,0
"all_male","harassment","Brazil",-0.606023862279774,-0.371029808967337,1
"all_male","harassment","Brazil",-2.21653409312949,-0.191608988218623,1
"balanced","harassment","Brazil",0.523963428496709,-0.0121881674699093,1
"all_male","harassment","Brazil",-0.961134623334253,-0.191608988218623,1
"balanced","harassment","Brazil",0.800125758259505,-0.0121881674699093,1
"all_male","harassment","Brazil",-0.179111381772931,-0.0121881674699093,1
"balanced","harassment","Brazil",0.800125758259505,-0.0121881674699093,1
"quota","harassment","Brazil",-0.179111381772931,-0.191608988218623,1
"balanced","harassment","Brazil",0.523963428496709,0.923078326624036,1
"quota","harassment","Brazil",1.15523651931398,-0.0121881674699093,1
"all_male","harassment","Brazil",-0.53422214282741,0.167852725653262,1
"all_male","harassment","Brazil",0.0970509479898657,-0.191608988218623,0
"all_male","harassment","Brazil",1.43139884907678,1.28254004049592,0
"balanced","harassment","Brazil",0.800125758259505,-0.0121881674699093,1
"quota","harassment","Brazil",-0.258059813064613,-1.30629630306128,0
"all_male","harassment","Brazil",1.43139884907678,0.204154898880265,1
"balanced","harassment","Brazil",0.0970509479898657,-0.191608988218623,0
"balanced","harassment","Brazil",0.800125758259505,-0.0121881674699093,0
"all_male","harassment","Brazil",-0.606023862279774,-0.191608988218623,0
"all_male","harassment","Brazil",-1.23729695309705,-1.66575801693317,0
"balanced","harassment","Brazil",-0.258059813064613,-0.551070702090509,0
"balanced","harassment","Brazil",-0.258059813064613,-0.191608988218623,0
"quota","harassment","Brazil",0.0970509479898657,-0.191608988218623,1
"balanced","harassment","Brazil",-0.606023862279774,-0.551070702090509,1
"quota","harassment","Brazil",-0.258059813064613,-0.0121881674699093,1
"balanced","harassment","Brazil",-0.179111381772931,-0.191608988218623,0
"all_male","harassment","Brazil",-0.606023862279774,-0.191608988218623,0
"balanced","harassment","Brazil",-1.66420943360389,-3.13990704564771,0
"balanced","harassment","Brazil",1.0762880880223,0.204154898880265,1
"quota","harassment","Brazil",0.523963428496709,1.28254004049592,1
"balanced","harassment","Brazil",-0.88218619204257,-0.730491522839223,0
"all_male","harassment","Brazil",0.0970509479898657,-0.191608988218623,1
"quota","harassment","Brazil",0.800125758259505,0.923078326624036,1
"all_male","harassment","Brazil",-1.03293634278662,-0.191608988218623,0
"all_male","harassment","Brazil",0.721177326967823,1.28254004049592,0
"balanced","harassment","Brazil",1.43139884907678,1.10311921974721,1
"all_male","harassment","Brazil",-1.51345928285985,-1.84517883768188,0
"balanced","harassment","Brazil",0.523963428496709,-0.191608988218623,0
"quota","harassment","Brazil",0.800125758259505,0.347273546401976,1
"quota","harassment","Brazil",1.0762880880223,1.28254004049592,1
"all_male","harassment","Brazil",0.0970509479898657,-0.191608988218623,0
"all_male","harassment","Brazil",-0.179111381772931,-0.191608988218623,1
"balanced","harassment","Brazil",-0.179111381772931,0.564236685126608,0
"quota","harassment","Brazil",1.43139884907678,1.28254004049592,0
"all_male","harassment","Brazil",0.0970509479898657,-0.191608988218623,1
"balanced","harassment","Brazil",0.373213277752662,1.28254004049592,0
"balanced","harassment","Brazil",-0.179111381772931,-1.66575801693317,1
"all_male","harassment","Brazil",1.43139884907678,1.28254004049592,0
"balanced","harassment","Brazil",1.0762880880223,-0.0121881674699093,1
"all_male","harassment","Brazil",0.0181025166981831,-1.12687548231257,1
"quota","harassment","Brazil",-1.94037176336669,-2.960486224899,0
"balanced","harassment","Brazil",-0.961134623334253,-1.66575801693317,1
"all_male","harassment","Brazil",-1.23729695309705,-1.66575801693317,0
"quota","harassment","Brazil",0.800125758259505,0.923078326624036,1
"all_male","harassment","Brazil",-0.179111381772931,-0.191608988218623,1
"quota","harassment","Brazil",0.800125758259505,1.28254004049592,1
"quota","harassment","Brazil",1.0762880880223,0.923078326624036,1
"balanced","harassment","Brazil",-0.258059813064613,0.167852725653262,0
"all_male","harassment","Brazil",-1.94037176336669,-0.0121881674699093,0
"balanced","harassment","Brazil",1.15523651931398,-0.0121881674699093,1
"balanced","harassment","Brazil",0.721177326967823,1.28254004049592,1
"quota","harassment","Brazil",1.0762880880223,1.28254004049592,1
"balanced","harassment","Brazil",-0.258059813064613,-0.191608988218623,1
"quota","harassment","Brazil",-0.179111381772931,-0.0121881674699093,1
"all_male","harassment","Brazil",0.800125758259505,-0.0121881674699093,1
"quota","harassment","Brazil",-0.684972293571456,-2.02521973080505,1
"all_male","harassment","Brazil",-1.23729695309705,-0.191608988218623,0
"quota","harassment","Brazil",-1.59240771415153,-2.78106540415029,1
"balanced","harassment","Brazil",-0.258059813064613,-0.191608988218623,0
"all_male","harassment","Brazil",-0.88218619204257,-0.191608988218623,1
"all_male","harassment","Brazil",0.373213277752662,-0.0121881674699093,0
"quota","harassment","Brazil",-2.57164485418396,-3.13990704564771,0
"quota","harassment","Brazil",0.800125758259505,1.28254004049592,1
"all_male","harassment","Brazil",-1.94037176336669,-0.0121881674699093,1
"quota","harassment","Brazil",-0.462420423375046,-0.909912343587937,1
"all_male","harassment","Brazil",-0.606023862279774,-0.191608988218623,1
"all_male","harassment","Brazil",0.175999379281548,-1.30629630306128,0
"all_male","harassment","Brazil",-1.66420943360389,-0.191608988218623,1
"quota","harassment","Brazil",1.43139884907678,1.28254004049592,0
"balanced","harassment","Brazil",1.43139884907678,1.28254004049592,0
"all_male","harassment","Brazil",0.800125758259505,0.347273546401976,1
"all_male","harassment","Brazil",0.373213277752662,1.28254004049592,1
"quota","harassment","Brazil",-1.23729695309705,1.28254004049592,1
"balanced","harassment","Brazil",0.721177326967823,1.28254004049592,1
"quota","harassment","Brazil",0.800125758259505,-0.0121881674699093,1
"balanced","harassment","Brazil",0.800125758259505,-0.0121881674699093,0
"all_male","harassment","Brazil",-2.57164485418396,-1.48571712381,1
"quota","harassment","Brazil",0.800125758259505,-0.0121881674699093,1
"all_male","harassment","Brazil",-2.21653409312949,1.10311921974721,0
"quota","harassment","Brazil",-0.606023862279774,-0.730491522839223,1
"all_male","harassment","Brazil",-0.88218619204257,-0.191608988218623,1
"balanced","harassment","Brazil",1.15523651931398,-0.0121881674699093,1
"balanced","harassment","Brazil",1.0762880880223,1.28254004049592,1
"all_male","harassment","Brazil",0.0970509479898657,-0.0121881674699093,0
"balanced","harassment","Brazil",0.800125758259505,-0.0121881674699093,0
"quota","harassment","Brazil",0.0970509479898657,-0.191608988218623,1
"all_male","harassment","Brazil",1.43139884907678,-0.0121881674699093,0
"quota","harassment","Brazil",1.43139884907678,1.28254004049592,0
"balanced","harassment","Brazil",0.0970509479898657,-0.191608988218623,1
"all_male","harassment","Brazil",-2.21653409312949,-0.191608988218623,0
"all_male","harassment","Brazil",0.0970509479898657,-0.191608988218623,0
"quota","harassment","Brazil",0.0970509479898657,-0.191608988218623,1
"all_male","harassment","Brazil",0.523963428496709,-0.0121881674699093,1
"all_male","harassment","Brazil",-0.179111381772931,-0.0121881674699093,1
"balanced","harassment","Brazil",0.366066565913344,1.28254004049592,1
"balanced","harassment","Brazil",0.800125758259505,1.28254004049592,1
"all_male","harassment","Brazil",-0.53422214282741,-0.191608988218623,1
"quota","harassment","Brazil",1.43139884907678,1.28254004049592,1
"all_male","harassment","Brazil",0.602911859788391,1.28254004049592,0
"balanced","harassment","Brazil",0.0970509479898657,-1.12687548231257,0
"all_male","harassment","Brazil",-1.94037176336669,-0.0121881674699093,1
"quota","harassment","Brazil",-0.179111381772931,-0.191608988218623,0
"balanced","harassment","Brazil",1.0762880880223,1.28254004049592,1
"all_male","harassment","Brazil",-0.606023862279774,1.28254004049592,1
"balanced","harassment","Brazil",0.800125758259505,0.384815864377894,1
"all_male","harassment","Brazil",-0.53422214282741,-0.191608988218623,1
"balanced","harassment","Brazil",0.373213277752662,-0.0121881674699093,1
"quota","harassment","Brazil",-0.53422214282741,-0.371029808967337,1
"all_male","harassment","Brazil",1.43139884907678,0.347273546401976,1
"quota","harassment","Brazil",-1.58526100231221,-0.191608988218623,0
"balanced","harassment","Brazil",-1.30909867254941,-0.909912343587937,0
"quota","harassment","Brazil",0.800125758259505,-0.0121881674699093,0
"balanced","harassment","Brazil",-1.59240771415153,-1.66575801693317,1
"all_male","harassment","Brazil",0.0970509479898657,-0.191608988218623,1
"all_male","harassment","Brazil",0.0970509479898657,-0.191608988218623,1
"quota","harassment","Brazil",0.523963428496709,-0.191608988218623,0
"all_male","harassment","Brazil",-0.179111381772931,-0.0121881674699093,1
"balanced","harassment","Brazil",-0.53422214282741,-0.191608988218623,0
"balanced","harassment","Brazil",-0.107309662320567,-0.0121881674699093,1
"all_male","harassment","Brazil",-0.53422214282741,-0.551070702090509,1
"balanced","harassment","Brazil",0.602911859788391,1.28254004049592,1
"all_male","harassment","Brazil",-0.179111381772931,-0.191608988218623,1
"quota","harassment","Brazil",-1.94037176336669,-0.191608988218623,1
"all_male","harassment","Brazil",-2.57164485418396,-0.371649881341795,0
"quota","harassment","Brazil",0.800125758259505,1.28254004049592,1
"balanced","harassment","Brazil",1.15523651931398,1.28254004049592,0
"balanced","harassment","Brazil",-0.527075430988091,-0.550450629716052,0
"all_male","harassment","Brazil",-1.66420943360389,-0.371029808967337,0
"quota","harassment","Brazil",0.800125758259505,-0.0121881674699093,0
"all_male","harassment","Brazil",-1.58526100231221,-0.0121881674699093,0
"balanced","harassment","Brazil",-0.53422214282741,-1.48633719618445,0
"quota","harassment","Brazil",0.0970509479898657,-0.191608988218623,0
"balanced","harassment","Brazil",1.43139884907678,1.28254004049592,0
"balanced","harassment","Brazil",0.800125758259505,-0.0121881674699093,0
"all_male","harassment","Brazil",1.43139884907678,1.28254004049592,1
"balanced","harassment","Brazil",-0.961134623334253,-1.30691637543574,0
"quota","harassment","Brazil",0.800125758259505,-0.550450629716052,1
"quota","harassment","Brazil",1.43139884907678,1.28254004049592,0
"balanced","harassment","Brazil",-0.258059813064613,-1.12687548231257,1
"quota","harassment","Brazil",0.0970509479898657,0.923078326624036,0
"quota","harassment","Brazil",0.800125758259505,-0.0121881674699093,0
"balanced","harassment","Brazil",1.15523651931398,1.28254004049592,1
"all_male","harassment","Brazil",-0.179111381772931,-0.0121881674699093,1
"all_male","harassment","Brazil",-1.51345928285985,0.923078326624036,1
"balanced","harassment","Brazil",1.0762880880223,-0.0121881674699093,0
"quota","harassment","Brazil",-0.186258093612249,1.28254004049592,1
"balanced","harassment","Brazil",0.445014997205026,-0.550450629716052,0
"quota","harassment","Brazil",-0.258059813064613,-0.191608988218623,0
"all_male","harassment","Brazil",-0.961134623334253,-1.66575801693317,0
"quota","harassment","Brazil",0.373213277752662,-1.12687548231257,0
"balanced","harassment","Brazil",-0.179111381772931,0.347273546401976,1
"quota","harassment","Brazil",1.43139884907678,1.28254004049592,0
"all_male","harassment","Brazil",-0.88218619204257,-0.0121881674699093,1
"balanced","harassment","Brazil",0.452161709044345,1.28254004049592,0
"quota","harassment","Brazil",0.721177326967823,1.28254004049592,1
"quota","harassment","Brazil",0.0970509479898657,0.347273546401976,1
"balanced","harassment","Brazil",0.800125758259505,-0.191608988218623,1
"quota","harassment","Brazil",0.0970509479898657,-0.191608988218623,1
"balanced","harassment","Brazil",0.800125758259505,-0.0121881674699093,1
"all_male","harassment","Brazil",-1.23729695309705,0.743657505875322,1
"all_male","harassment","Brazil",-0.961134623334253,-1.66575801693317,0
"quota","harassment","Brazil",0.800125758259505,1.28254004049592,1
"all_male","harassment","Brazil",1.0762880880223,1.28254004049592,0
"all_male","harassment","Brazil",0.373213277752662,0.743657505875322,1
"balanced","harassment","Brazil",-0.258059813064613,-0.371649881341795,0
"balanced","harassment","Brazil",1.43139884907678,1.28254004049592,1
"quota","harassment","Brazil",-1.30909867254941,-0.371029808967337,1
"balanced","harassment","Brazil",1.0762880880223,1.28254004049592,0
"quota","harassment","Brazil",-1.58526100231221,-0.550450629716052,1
"all_male","harassment","Brazil",-0.88218619204257,-1.30629630306128,1
"balanced","harassment","Brazil",1.43139884907678,1.28254004049592,1
"quota","harassment","Brazil",-1.3880471038411,-1.84517883768188,1
"all_male","harassment","Brazil",-0.179111381772931,-0.191608988218623,1
"quota","harassment","Brazil",0.602911859788391,1.28254004049592,0
"balanced","harassment","Brazil",0.800125758259505,-0.191608988218623,1
"all_male","harassment","Brazil",-2.57164485418396,-0.730491522839223,0
"quota","harassment","Brazil",0.0970509479898657,1.28254004049592,1
"all_male","harassment","Brazil",-0.179111381772931,-0.551070702090509,1
"all_male","harassment","Brazil",-0.88218619204257,-1.66575801693317,1
"quota","harassment","Brazil",0.800125758259505,-0.371649881341795,0
"all_male","harassment","Brazil",-1.94037176336669,0.384195792003436,1
"quota","harassment","Brazil",0.0970509479898657,-0.191608988218623,1
"quota","harassment","Brazil",0.0970509479898657,0.743657505875322,1
"all_male","harassment","Brazil",-0.179111381772931,0.167852725653262,0
"quota","harassment","Brazil",0.0899042361505472,-0.550450629716052,1
"balanced","harassment","Brazil",-0.179111381772931,-0.191608988218623,1
"all_male","harassment","Brazil",-0.258059813064613,-0.191608988218623,0
"balanced","harassment","Brazil",1.0762880880223,1.28254004049592,1
"quota","harassment","Brazil",0.523963428496709,0.347273546401976,0
"all_male","harassment","Brazil",0.0970509479898657,-0.191608988218623,0
"quota","harassment","Brazil",1.0762880880223,-0.0121881674699093,1
"balanced","harassment","Brazil",0.0970509479898657,-0.0121881674699093,0
"quota","harassment","Brazil",1.43139884907678,1.28254004049592,1
"all_male","harassment","Brazil",-0.889332903881889,-1.84517883768188,1
"quota","harassment","Brazil",-0.179111381772931,-0.191608988218623,1
"balanced","harassment","Brazil",0.800125758259505,-0.0121881674699093,1
"all_male","harassment","Brazil",-0.179111381772931,-0.191608988218623,1
"all_male","harassment","Brazil",-1.74315786489558,-1.66575801693317,1
"quota","harassment","Brazil",0.800125758259505,1.28254004049592,1
"balanced","harassment","Brazil",1.0762880880223,1.28254004049592,1
"quota","harassment","Brazil",0.373213277752662,0.923078326624036,1
"all_male","harassment","Brazil",-1.58526100231221,1.28254004049592,1
"balanced","harassment","Brazil",1.43139884907678,0.923078326624036,1
"quota","harassment","Brazil",0.445014997205026,-0.0121881674699093,1
"balanced","harassment","Brazil",1.43139884907678,1.28254004049592,1
"all_male","harassment","Brazil",-0.53422214282741,-0.191608988218623,1
"all_male","harassment","Brazil",0.0970509479898657,-0.191608988218623,1
"balanced","harassment","Brazil",1.43139884907678,1.28254004049592,1
"quota","harassment","Brazil",0.800125758259505,-0.0121881674699093,0
"all_male","harassment","Brazil",-0.53422214282741,-1.12687548231257,1
"balanced","harassment","Brazil",0.0970509479898657,0.167852725653262,0
"all_male","harassment","Brazil",-0.179111381772931,-0.191608988218623,1
"quota","harassment","Brazil",-0.88218619204257,1.10311921974721,1
"quota","harassment","Brazil",-0.258059813064613,1.28254004049592,1
"balanced","harassment","Brazil",-0.179111381772931,-0.191608988218623,1
"quota","harassment","Brazil",-0.337008244356296,0.0247340781315506,0
"all_male","harassment","Brazil",-0.179111381772931,-0.191608988218623,1
"quota","harassment","Brazil",-0.258059813064613,-1.48633719618445,1
"balanced","harassment","Brazil",0.445014997205026,-1.48633719618445,1
"balanced","harassment","Brazil",0.602911859788391,1.28254004049592,1
"quota","harassment","Brazil",0.800125758259505,-0.0121881674699093,0
"all_male","harassment","Brazil",-0.258059813064613,-0.191608988218623,1
"quota","harassment","Brazil",-0.606023862279774,-0.191608988218623,0
"all_male","harassment","Brazil",-1.94037176336669,-0.371029808967337,1
"balanced","harassment","Brazil",1.43139884907678,1.28254004049592,1
"balanced","harassment","Brazil",1.43139884907678,1.28254004049592,1
"quota","harassment","Brazil",-0.53422214282741,1.28254004049592,0
"balanced","harassment","Brazil",0.0970509479898657,-0.191608988218623,1
"quota","harassment","Brazil",0.800125758259505,1.28254004049592,0
"all_male","harassment","Brazil",-0.179111381772931,-0.0121881674699093,1
"balanced","harassment","Brazil",-1.74315786489558,-3.13990704564771,0
"balanced","harassment","Brazil",0.800125758259505,0.347273546401976,1
"quota","harassment","Brazil",0.373213277752662,-0.191608988218623,1
"quota","harassment","Brazil",0.445014997205026,-0.0121881674699093,1
"all_male","harassment","Brazil",0.721177326967823,1.28254004049592,0
"balanced","harassment","Brazil",-1.23729695309705,-1.66575801693317,1
"all_male","harassment","Brazil",0.0970509479898657,-0.191608988218623,0
"balanced","harassment","Brazil",-0.88218619204257,-1.66575801693317,0
"all_male","harassment","Brazil",-2.57164485418396,-3.13990704564771,1
"quota","harassment","Brazil",0.0970509479898657,-0.191608988218623,0
"balanced","harassment","Brazil",0.452161709044345,-0.0121881674699093,1
"all_male","harassment","Brazil",-0.88218619204257,-0.550450629716052,1
"quota","harassment","Brazil",0.452161709044345,1.28254004049592,0
"quota","harassment","Brazil",-1.31624538438873,-1.08995323671111,0
"balanced","harassment","Brazil",1.0762880880223,1.28254004049592,1
"quota","harassment","Brazil",-0.606023862279774,-1.66575801693317,0
"all_male","harassment","Brazil",-1.23729695309705,1.28254004049592,0
"balanced","harassment","Brazil",0.0970509479898657,1.10311921974721,0
"quota","harassment","Brazil",1.0762880880223,0.923078326624036,0
"all_male","harassment","Brazil",-0.53422214282741,-0.191608988218623,1
"all_male","harassment","Brazil",0.0970509479898657,-0.191608988218623,1
"quota","harassment","Brazil",0.800125758259505,-0.191608988218623,1
"balanced","harassment","Brazil",1.0762880880223,1.28254004049592,1
"balanced","harassment","Brazil",0.800125758259505,-0.0121881674699093,1
"all_male","harassment","Brazil",0.445014997205026,1.28254004049592,1
"all_male","harassment","Brazil",-0.53422214282741,-0.191608988218623,1
"all_male","harassment","Brazil",0.800125758259505,0.347273546401976,0
"quota","harassment","Brazil",0.373213277752662,-0.191608988218623,1
"all_male","harassment","Brazil",0.800125758259505,-0.0121881674699093,1
"quota","harassment","Brazil",0.879074189551188,1.28254004049592,1
"balanced","harassment","Brazil",-0.179111381772931,-0.191608988218623,1
"all_male","harassment","Brazil",-1.30909867254941,1.28254004049592,1
"all_male","harassment","Brazil",-1.66420943360389,-0.191608988218623,0
"quota","harassment","Brazil",-0.258059813064613,-1.66575801693317,1
"balanced","harassment","Brazil",-0.258059813064613,-0.191608988218623,0
"all_male","harassment","Brazil",-0.88218619204257,-1.66575801693317,0
"balanced","harassment","Brazil",0.373213277752662,-0.0121881674699093,0
"all_male","harassment","Brazil",-0.258059813064613,-0.191608988218623,1
"quota","harassment","Brazil",-2.21653409312949,-0.730491522839223,1
"balanced","harassment","Brazil",0.800125758259505,-0.0121881674699093,1
"quota","harassment","Brazil",-0.88218619204257,-1.66575801693317,1
"balanced","harassment","Brazil",0.800125758259505,-0.191608988218623,0
"all_male","harassment","Brazil",-1.94037176336669,-0.191608988218623,1
"balanced","harassment","Brazil",0.800125758259505,1.28254004049592,0
"all_male","harassment","Brazil",0.445014997205026,-0.0121881674699093,0
"quota","harassment","Brazil",1.43139884907678,-0.0121881674699093,1
"balanced","harassment","Brazil",0.0970509479898657,-0.191608988218623,1
"all_male","harassment","Brazil",0.800125758259505,1.28254004049592,1
"quota","harassment","Brazil",0.800125758259505,-0.0121881674699093,0
"quota","harassment","Brazil",-0.53422214282741,-0.191608988218623,1
"balanced","harassment","Brazil",1.43139884907678,1.28254004049592,1
"all_male","harassment","Brazil",0.366066565913344,1.28254004049592,1
"quota","harassment","Brazil",1.0762880880223,1.28254004049592,1
"quota","harassment","Brazil",1.43139884907678,1.28254004049592,0
"all_male","harassment","Brazil",-1.30909867254941,-0.191608988218623,1
"balanced","harassment","Brazil",-0.258059813064613,1.28254004049592,1
"all_male","harassment","Brazil",1.0762880880223,1.28254004049592,1
"balanced","harassment","Brazil",-1.66420943360389,1.28254004049592,1
"all_male","harassment","Brazil",-0.961134623334253,-0.191608988218623,0
"quota","harassment","Brazil",-1.3880471038411,1.28254004049592,1
"balanced","harassment","Brazil",-0.179111381772931,-0.191608988218623,1
"all_male","harassment","Brazil",-2.01932019465837,-2.20464055155377,1
"balanced","harassment","Brazil",0.800125758259505,0.923078326624036,1
"quota","harassment","Brazil",-0.329861532516977,-1.84579891005634,0
"all_male","harassment","Brazil",-1.94037176336669,-0.191608988218623,0
"balanced","harassment","Brazil",0.0970509479898657,-0.191608988218623,1
"quota","harassment","Brazil",1.0762880880223,1.28254004049592,0
"quota","harassment","Brazil",1.43139884907678,1.28254004049592,1
"all_male","harassment","Brazil",-1.23729695309705,-0.371029808967337,1
"balanced","harassment","Brazil",1.43139884907678,0.923078326624036,0
"quota","harassment","Brazil",-1.23729695309705,-0.0121881674699093,1
"balanced","harassment","Brazil",1.43139884907678,-0.191608988218623,0
"quota","harassment","Brazil",1.0762880880223,-0.0121881674699093,0
"all_male","harassment","Brazil",-1.23729695309705,-1.66575801693317,1
"balanced","harassment","Brazil",-0.179111381772931,1.28254004049592,0
"all_male","harassment","Brazil",-0.53422214282741,-0.371029808967337,1
"all_male","harassment","Brazil",-2.57164485418396,-3.13990704564771,0
"quota","harassment","Brazil",1.43139884907678,-0.0121881674699093,0
"balanced","harassment","Brazil",-1.30909867254941,-0.550450629716052,0
"all_male","harassment","Brazil",1.0762880880223,1.28254004049592,1
"quota","harassment","Brazil",0.445014997205026,1.10311921974721,1
"all_male","harassment","Brazil",-0.606023862279774,-0.191608988218623,1
"balanced","harassment","Brazil",0.0970509479898657,-0.0121881674699093,1
"quota","harassment","Brazil",-0.179111381772931,-0.191608988218623,1
"quota","harassment","Brazil",0.0970509479898657,-0.0121881674699093,0
"quota","harassment","Brazil",0.0970509479898657,0.167852725653262,1
"balanced","harassment","Brazil",0.800125758259505,-0.0121881674699093,0
"all_male","harassment","Brazil",-0.179111381772931,-0.551070702090509,0
"balanced","harassment","Brazil",-0.258059813064613,-0.191608988218623,0
"quota","harassment","Brazil",0.800125758259505,-0.0121881674699093,1
"balanced","harassment","Brazil",1.43139884907678,-0.0121881674699093,0
"all_male","harassment","Brazil",-0.258059813064613,-0.730491522839223,1
"quota","harassment","Brazil",-1.23729695309705,-1.66575801693317,0
"balanced","harassment","Brazil",1.0762880880223,1.28254004049592,0
"quota","harassment","Brazil",-0.961134623334253,-1.66575801693317,0
"all_male","harassment","Brazil",1.43139884907678,1.10311921974721,0
"balanced","harassment","Brazil",0.602911859788391,1.28254004049592,0
"all_male","harassment","Brazil",0.0970509479898657,0.384195792003436,0
"balanced","harassment","Brazil",-1.94037176336669,-1.84517883768188,0
"all_male","harassment","Brazil",-0.258059813064613,-0.191608988218623,0
"quota","harassment","Brazil",0.366066565913344,0.923078326624036,0
"balanced","harassment","Brazil",0.373213277752662,0.923078326624036,0
"quota","harassment","Brazil",0.800125758259505,-0.0121881674699093,0
"balanced","harassment","Brazil",0.0970509479898657,-0.191608988218623,1
"balanced","harassment","Brazil",0.366066565913344,-0.731111595213681,0
"all_male","harassment","Brazil",-0.258059813064613,-0.191608988218623,0
"balanced","harassment","Brazil",0.452161709044345,1.28254004049592,0
"quota","harassment","Brazil",0.800125758259505,-0.0121881674699093,0
"all_male","harassment","Brazil",1.0762880880223,1.28254004049592,0
"quota","harassment","Brazil",0.800125758259505,-0.0121881674699093,0
"balanced","harassment","Brazil",-1.23729695309705,-1.66575801693317,0
"quota","harassment","Brazil",-1.23729695309705,-1.48633719618445,0
"quota","harassment","Brazil",0.800125758259505,-0.0121881674699093,0
"balanced","harassment","Brazil",0.0970509479898657,-0.191608988218623,0
"quota","harassment","Brazil",1.15523651931398,-0.191608988218623,0
"balanced","harassment","Brazil",0.800125758259505,-0.0121881674699093,0
"all_male","harassment","Brazil",-0.179111381772931,-0.191608988218623,0
"quota","harassment","Brazil",-0.179111381772931,-0.191608988218623,0
"quota","harassment","Brazil",-0.613170574119092,-0.191608988218623,0
"balanced","harassment","Brazil",-0.258059813064613,-0.191608988218623,0
"quota","harassment","Brazil",-0.179111381772931,0.923078326624036,0
"all_male","harassment","Brazil",0.721177326967823,1.28254004049592,0
"all_male","harassment","Brazil",0.0970509479898657,-0.191608988218623,0
"quota","harassment","Brazil",0.0970509479898657,-0.191608988218623,0
"balanced","harassment","Brazil",1.15523651931398,-0.0121881674699093,1
"quota","harassment","Brazil",-0.613170574119092,-0.551070702090509,0
"quota","harassment","Brazil",-0.179111381772931,-1.48633719618445,0
"balanced","harassment","Brazil",0.800125758259505,-0.0121881674699093,0
"all_male","harassment","Brazil",0.800125758259505,-0.0121881674699093,0
"all_male","harassment","Brazil",0.728324038807141,1.28254004049592,0
"balanced","harassment","Brazil",1.43139884907678,1.28254004049592,0
"all_male","harassment","Brazil",-1.23729695309705,-0.0121881674699093,0
"balanced","harassment","Brazil",0.373213277752662,-0.0121881674699093,0
"all_male","harassment","Brazil",1.15523651931398,-0.0121881674699093,0
"balanced","harassment","Brazil",0.800125758259505,-0.0121881674699093,0
"balanced","harassment","Brazil",-0.53422214282741,-0.191608988218623,0
"all_male","harassment","Brazil",0.0970509479898657,-0.550450629716052,0
"quota","harassment","Brazil",0.800125758259505,-0.371649881341795,0
"quota","harassment","Brazil",0.445014997205026,-0.550450629716052,0
"all_male","harassment","Brazil",-0.961134623334253,-0.191608988218623,0
"balanced","harassment","Brazil",-0.179111381772931,-0.191608988218623,0
"balanced","harassment","Brazil",0.800125758259505,-0.191608988218623,0
"all_male","harassment","Brazil",-1.94037176336669,-1.48633719618445,0
"all_male","harassment","Brazil",-0.258059813064613,-0.191608988218623,1
"all_male","harassment","Brazil",0.800125758259505,-0.0121881674699093,0
"balanced","harassment","Brazil",1.15523651931398,0.923078326624036,0
"quota","harassment","Brazil",0.373213277752662,-0.191608988218623,0
"quota","harassment","Brazil",1.0762880880223,-0.0121881674699093,0
"balanced","harassment","Brazil",0.0899042361505472,-2.06152190403206,0
"all_male","harassment","Brazil",0.800125758259505,-0.0121881674699093,0
"all_male","harassment","Brazil",-0.606023862279774,-0.0121881674699093,0
"all_male","harassment","Brazil",-1.30909867254941,-2.42098361790394,0
"quota","harassment","Brazil",1.15523651931398,1.28254004049592,0
"balanced","harassment","Brazil",1.43139884907678,1.28254004049592,0
"balanced","harassment","Brazil",0.602911859788391,1.28254004049592,0
"all_male","harassment","Brazil",-2.29548252442117,-2.78044533177583,0
"balanced","harassment","Brazil",1.43139884907678,1.28254004049592,0
"all_male","harassment","Brazil",1.43139884907678,1.28254004049592,0
"all_male","harassment","Brazil",-2.57164485418396,-3.13990704564771,0
"quota","harassment","Brazil",1.0762880880223,1.28254004049592,0
"all_male","harassment","Brazil",-0.53422214282741,1.28254004049592,0
"quota","harassment","Brazil",-1.94037176336669,-0.371649881341795,0
"quota","harassment","Brazil",-1.66420943360389,-0.551070702090509,0
"all_male","harassment","Brazil",-0.677825581732138,0.923078326624036,0
"balanced","harassment","Brazil",0.0970509479898657,-0.191608988218623,0
"quota","harassment","Brazil",1.15523651931398,1.28254004049592,0
"quota","harassment","Brazil",-0.179111381772931,-1.84579891005634,0
"all_male","harassment","Brazil",-1.94037176336669,-0.191608988218623,0
"all_male","animals","Brazil",0.627579858610359,-1.67350678738806,0
"quota","animals","Brazil",-0.0124460682833137,-0.198038689097261,0
"balanced","animals","Brazil",1.36453677077945,1.11527054570965,1
"quota","animals","Brazil",0.920922324481756,1.11527054570965,0
"all_male","animals","Brazil",-2.76641174640885,0.156100000118928,1
"balanced","animals","Brazil",0.627579858610359,0.79554703051274,1
"all_male","animals","Brazil",-1.58584038794206,-0.758703393634567,1
"quota","animals","Brazil",-0.0124460682833137,-0.43897987843766,1
"balanced","animals","Brazil",0.627579858610359,0.79554703051274,1
"balanced","animals","Brazil",1.36453677077945,1.11527054570965,1
"quota","animals","Brazil",0.920922324481756,-0.198038689097261,1
"all_male","animals","Brazil",0.47730787818406,1.11527054570965,0
"quota","animals","Brazil",0.627579858610359,-0.43897987843766,0
"all_male","animals","Brazil",-2.02945483423975,-0.758703393634567,0
"quota","animals","Brazil",-0.30578853415471,-0.198038689097261,1
"balanced","animals","Brazil",-0.30578853415471,-1.51134792390417,1
"quota","animals","Brazil",1.36453677077945,1.11527054570965,1
"balanced","animals","Brazil",-1.38942890734608,-0.758703393634567,1
"balanced","animals","Brazil",-1.09608644147468,-0.758703393634567,1
"quota","animals","Brazil",-0.30578853415471,-0.758703393634567,0
"all_male","animals","Brazil",0.920922324481756,-0.198038689097261,0
"quota","animals","Brazil",0.627579858610359,1.11527054570965,1
"all_male","animals","Brazil",0.627579858610359,-0.67992106777806,0
"quota","animals","Brazil",0.627579858610359,0.79554703051274,1
"balanced","animals","Brazil",-0.456060514581009,-2.31295381778187,0
"quota","animals","Brazil",-0.30578853415471,0.79554703051274,1
"quota","animals","Brazil",0.280896397588083,0.79554703051274,0
"balanced","animals","Brazil",-0.555541009901567,1.11527054570965,0
"all_male","animals","Brazil",-0.35912952930559,0.156100000118928,0
"quota","animals","Brazil",-0.0124460682833137,-0.43897987843766,1
"all_male","animals","Brazil",0.280896397588083,-0.198038689097261,0
"balanced","animals","Brazil",0.484509373165261,1.11527054570965,0
"all_male","animals","Brazil",-1.09608644147468,-0.198038689097261,1
"quota","animals","Brazil",1.07119430490806,-0.43897987843766,1
"quota","animals","Brazil",0.627579858610359,-0.43897987843766,1
"all_male","animals","Brazil",-0.456060514581009,-0.43897987843766,1
"quota","animals","Brazil",0.484509373165261,1.11527054570965,1
"balanced","animals","Brazil",1.36453677077945,1.11527054570965,1
"all_male","animals","Brazil",-0.652471995176987,-0.198038689097261,1
"all_male","animals","Brazil",-1.88638434879465,-3.54748072673227,0
"balanced","animals","Brazil",-0.749402980452406,-0.43897987843766,1
"quota","animals","Brazil",1.36453677077945,1.11527054570965,1
"all_male","animals","Brazil",-0.30578853415471,0.874329356369247,0
"balanced","animals","Brazil",-2.02945483423975,0.79554703051274,1
"all_male","animals","Brazil",-0.0124460682833137,-0.43897987843766,0
"quota","animals","Brazil",0.920922324481756,1.11527054570965,0
"balanced","animals","Brazil",-0.945814461048384,-2.31295381778187,0
"balanced","animals","Brazil",-1.88638434879465,-3.54748072673227,1
"quota","animals","Brazil",-1.38942890734608,-1.99323030258497,0
"all_male","animals","Brazil",-2.32279730011115,-2.23417149192537,0
"balanced","animals","Brazil",-1.09608644147468,-1.99323030258497,1
"all_male","animals","Brazil",-0.0124460682833137,-0.43897987843766,1
"quota","animals","Brazil",0.47730787818406,1.11527054570965,1
"balanced","animals","Brazil",-0.0124460682833137,1.11527054570965,1
"balanced","animals","Brazil",1.36453677077945,-0.198038689097261,1
"all_male","animals","Brazil",-0.945814461048384,-0.43897987843766,1
"all_male","animals","Brazil",0.627579858610359,-0.198038689097261,1
"quota","animals","Brazil",1.36453677077945,1.11527054570965,0
"quota","animals","Brazil",-0.0124460682833137,-0.517762204294167,1
"balanced","animals","Brazil",-0.749402980452406,-0.758703393634567,1
"quota","animals","Brazil",0.627579858610359,1.11527054570965,0
"balanced","animals","Brazil",-0.555541009901567,1.11527054570965,1
"quota","animals","Brazil",-0.749402980452406,-3.54748072673227,0
"all_male","animals","Brazil",-0.0124460682833137,-0.198038689097261,1
"balanced","animals","Brazil",0.920922324481756,1.11527054570965,0
"quota","animals","Brazil",-0.456060514581009,-0.67992106777806,1
"balanced","animals","Brazil",0.334237392738963,-0.198038689097261,0
"all_male","animals","Brazil",-2.02945483423975,0.475823515315834,1
"balanced","animals","Brazil",0.183965412312664,-0.198038689097261,1
"quota","animals","Brazil",0.920922324481756,1.11527054570965,0
"all_male","animals","Brazil",-0.30578853415471,-0.43897987843766,1
"all_male","animals","Brazil",-0.749402980452406,-1.43256559804766,0
"balanced","animals","Brazil",0.920922324481756,0.79554703051274,1
"quota","animals","Brazil",0.627579858610359,-0.198038689097261,1
"all_male","animals","Brazil",-0.30578853415471,0.0727234624915419,0
"quota","animals","Brazil",1.36453677077945,-0.198038689097261,0
"all_male","animals","Brazil",0.627579858610359,1.11527054570965,1
"balanced","animals","Brazil",1.36453677077945,0.79554703051274,1
"quota","animals","Brazil",-0.30578853415471,-0.43897987843766,1
"balanced","animals","Brazil",-0.30578853415471,-0.198038689097261,1
"balanced","animals","Brazil",0.627579858610359,1.11527054570965,1
"all_male","animals","Brazil",-2.32279730011115,-0.67992106777806,1
"balanced","animals","Brazil",1.07119430490806,1.11527054570965,0
"quota","animals","Brazil",0.0408949268675655,1.11527054570965,1
"balanced","animals","Brazil",0.334237392738963,-0.198038689097261,1
"all_male","animals","Brazil",-0.0124460682833137,-0.999644582974966,0
"balanced","animals","Brazil",0.484509373165261,1.11527054570965,0
"quota","animals","Brazil",-0.0124460682833137,-0.67992106777806,1
"quota","animals","Brazil",-0.30578853415471,-0.198038689097261,1
"all_male","animals","Brazil",-0.30578853415471,-0.198038689097261,1
"all_male","animals","Brazil",1.36453677077945,1.11527054570965,1
"balanced","animals","Brazil",1.36453677077945,1.11527054570965,1
"balanced","animals","Brazil",0.920922324481756,1.11527054570965,1
"all_male","animals","Brazil",-1.09608644147468,1.11527054570965,0
"quota","animals","Brazil",-0.749402980452406,1.11527054570965,0
"balanced","animals","Brazil",0.334237392738963,0.79554703051274,1
"all_male","animals","Brazil",-2.02945483423975,-2.31295381778187,1
"quota","animals","Brazil",-0.0124460682833137,-0.758703393634567,0
"balanced","animals","Brazil",-0.0124460682833137,-0.43897987843766,1
"quota","animals","Brazil",-0.0124460682833137,-0.43897987843766,0
"all_male","animals","Brazil",-0.999155456199263,1.11527054570965,1
"balanced","animals","Brazil",0.724510843885779,-0.198038689097261,0
"quota","animals","Brazil",1.36453677077945,-0.198038689097261,0
"all_male","animals","Brazil",0.183965412312664,-0.198038689097261,0
"balanced","animals","Brazil",0.627579858610359,-0.198038689097261,1
"quota","animals","Brazil",0.627579858610359,-0.360197552581154,1
"balanced","animals","Brazil",-1.58584038794206,-3.22775721153537,1
"all_male","animals","Brazil",-1.0427454463238,-0.758703393634567,1
"balanced","animals","Brazil",0.0336934318863646,1.11527054570965,1
"quota","animals","Brazil",-0.0124460682833137,-0.758703393634567,1
"all_male","animals","Brazil",-1.83304335364378,-0.43897987843766,1
"all_male","animals","Brazil",-0.0124460682833137,-0.198038689097261,1
"quota","animals","Brazil",-0.0124460682833137,-1.43256559804766,0
"all_male","animals","Brazil",-0.0124460682833137,-0.198038689097261,1
"all_male","animals","Brazil",-1.09608644147468,-0.43897987843766,0
"quota","animals","Brazil",-0.749402980452406,1.11527054570965,0
"quota","animals","Brazil",-1.53970088777238,-0.43897987843766,0
"all_male","animals","Brazil",0.627579858610359,0.79554703051274,1
"balanced","animals","Brazil",0.627579858610359,-0.198038689097261,1
"balanced","animals","Brazil",1.36453677077945,0.79554703051274,1
"all_male","animals","Brazil",-2.02945483423975,-1.75228911324457,1
"balanced","animals","Brazil",1.36453677077945,1.11527054570965,1
"balanced","animals","Brazil",0.920922324481756,0.79554703051274,1
"quota","animals","Brazil",0.627579858610359,-0.198038689097261,0
"balanced","animals","Brazil",-0.945814461048384,-1.99323030258497,0
"all_male","animals","Brazil",-1.38942890734608,-1.24058577231537,0
"balanced","animals","Brazil",0.334237392738963,-0.198038689097261,1
"quota","animals","Brazil",0.627579858610359,-0.43897987843766,1
"all_male","animals","Brazil",-0.555541009901567,1.11527054570965,1
"balanced","animals","Brazil",-0.899674960878705,0.554605841172341,1
"balanced","animals","Brazil",0.627579858610359,-0.198038689097261,1
"quota","animals","Brazil",1.36453677077945,1.11527054570965,1
"balanced","animals","Brazil",0.0408949268675655,1.11527054570965,1
"quota","animals","Brazil",-0.749402980452406,0.79554703051274,1
"all_male","animals","Brazil",-0.945814461048384,-0.198038689097261,1
"balanced","animals","Brazil",1.07119430490806,0.121684826099645,0
"balanced","animals","Brazil",-0.945814461048384,-0.43897987843766,1
"quota","animals","Brazil",1.36453677077945,1.11527054570965,0
"quota","animals","Brazil",0.627579858610359,0.79554703051274,0
"all_male","animals","Brazil",-2.76641174640885,-1.07842690883147,1
"all_male","animals","Brazil",-0.945814461048384,-0.517762204294167,1
"balanced","animals","Brazil",1.36453677077945,1.11527054570965,1
"all_male","animals","Brazil",0.627579858610359,0.79554703051274,1
"all_male","animals","Brazil",-0.749402980452406,-0.43897987843766,1
"balanced","animals","Brazil",0.920922324481756,1.11527054570965,0
"all_male","animals","Brazil",0.627579858610359,-0.198038689097261,1
"quota","animals","Brazil",-1.29249792207066,0.79554703051274,1
"all_male","animals","Brazil",0.627579858610359,0.79554703051274,0
"all_male","animals","Brazil",-2.32279730011115,0.475823515315834,1
"quota","animals","Brazil",0.920922324481756,-0.198038689097261,0
"quota","animals","Brazil",-0.0124460682833137,-0.43897987843766,0
"all_male","animals","Brazil",-0.0124460682833137,-0.198038689097261,0
"balanced","animals","Brazil",-0.109377053558733,-0.758703393634567,1
"balanced","animals","Brazil",0.920922324481756,1.11527054570965,1
"quota","animals","Brazil",1.36453677077945,1.11527054570965,1
"all_male","animals","Brazil",-0.945814461048384,-0.43897987843766,1
"balanced","animals","Brazil",-0.456060514581009,-0.43897987843766,1
"quota","animals","Brazil",-0.0124460682833137,-0.43897987843766,1
"balanced","animals","Brazil",-0.0124460682833137,-0.198038689097261,1
"all_male","animals","Brazil",0.334237392738963,-0.198038689097261,1
"quota","animals","Brazil",-0.0124460682833137,0.79554703051274,1
"all_male","animals","Brazil",-2.02945483423975,-0.517762204294167,1
"balanced","animals","Brazil",0.627579858610359,0.79554703051274,1
"balanced","animals","Brazil",-0.30578853415471,-0.43897987843766,1
"balanced","animals","Brazil",0.920922324481756,0.79554703051274,1
"all_male","animals","Brazil",-1.09608644147468,-0.43897987843766,1
"all_male","animals","Brazil",0.334237392738963,1.11527054570965,1
"balanced","animals","Brazil",1.36453677077945,1.11527054570965,0
"all_male","animals","Brazil",-0.945814461048384,0.475823515315834,0
"quota","animals","Brazil",1.36453677077945,1.11527054570965,1
"all_male","animals","Brazil",-0.30578853415471,-0.198038689097261,0
"balanced","animals","Brazil",-0.606332495007309,-2.23417149192537,1
"quota","animals","Brazil",0.627579858610359,-0.198038689097261,1
"quota","animals","Brazil",1.07119430490806,-0.198038689097261,0
"balanced","animals","Brazil",0.627579858610359,-0.198038689097261,1
"all_male","animals","Brazil",-0.0124460682833137,-0.43897987843766,1
"all_male","animals","Brazil",1.36453677077945,1.11527054570965,1
"balanced","animals","Brazil",0.183965412312664,0.79554703051274,1
"all_male","animals","Brazil",-0.0124460682833137,-0.43897987843766,1
"balanced","animals","Brazil",0.627579858610359,-0.517762204294167,1
"all_male","animals","Brazil",1.07119430490806,1.11527054570965,0
"quota","animals","Brazil",0.920922324481756,-0.198038689097261,0
"all_male","animals","Brazil",-0.652471995176987,-0.758703393634567,1
"quota","animals","Brazil",-1.24635842190098,0.79554703051274,1
"balanced","animals","Brazil",1.36453677077945,1.11527054570965,1
"all_male","animals","Brazil",-0.456060514581009,-0.198038689097261,0
"all_male","animals","Brazil",-0.749402980452406,-0.758703393634567,0
"balanced","animals","Brazil",-0.456060514581009,-0.758703393634567,0
"quota","animals","Brazil",-0.456060514581009,-0.198038689097261,1
"all_male","animals","Brazil",-0.30578853415471,-0.198038689097261,1
"quota","animals","Brazil",-0.30578853415471,-0.43897987843766,1
"balanced","animals","Brazil",0.920922324481756,-0.43897987843766,1
"quota","animals","Brazil",-1.58584038794206,-0.758703393634567,1
"all_male","animals","Brazil",-2.32279730011115,-0.43897987843766,1
"balanced","animals","Brazil",0.627579858610359,0.79554703051274,1
"balanced","animals","Brazil",1.36453677077945,1.11527054570965,0
"quota","animals","Brazil",1.36453677077945,0.121684826099645,1
"all_male","animals","Brazil",-1.09608644147468,0.79554703051274,1
"balanced","animals","Brazil",1.36453677077945,1.11527054570965,0
"quota","animals","Brazil",-0.0124460682833137,-0.198038689097261,0
"quota","animals","Brazil",-1.1930174267501,-1.75228911324457,0
"balanced","animals","Brazil",-0.749402980452406,-0.517762204294167,0
"quota","animals","Brazil",0.627579858610359,0.79554703051274,1
"all_male","animals","Brazil",1.07119430490806,0.392446977688448,0
"balanced","animals","Brazil",0.627579858610359,-0.43897987843766,0
"all_male","animals","Brazil",0.627579858610359,0.79554703051274,1
"balanced","animals","Brazil",-0.30578853415471,-0.198038689097261,1
"quota","animals","Brazil",-1.38942890734608,-1.99323030258497,1
"all_male","animals","Brazil",-1.58584038794206,0.79554703051274,1
"quota","animals","Brazil",0.431168378014382,-0.43897987843766,0
"balanced","animals","Brazil",0.627579858610359,-0.198038689097261,0
"quota","animals","Brazil",-0.0124460682833137,-0.43897987843766,0
"all_male","animals","Brazil",1.36453677077945,0.121684826099645,1
"quota","animals","Brazil",1.36453677077945,1.11527054570965,1
"balanced","animals","Brazil",0.627579858610359,1.11527054570965,0
"quota","animals","Brazil",-0.30578853415471,-0.43897987843766,1
"all_male","animals","Brazil",-0.0124460682833137,-0.198038689097261,1
"all_male","animals","Brazil",0.627579858610359,-0.198038689097261,1
"balanced","animals","Brazil",-1.29249792207066,-0.920862257118459,1
"quota","animals","Brazil",0.627579858610359,-0.198038689097261,0
"all_male","animals","Brazil",-1.09608644147468,0.79554703051274,0
"balanced","animals","Brazil",0.334237392738963,-0.198038689097261,1
"all_male","animals","Brazil",0.627579858610359,1.11527054570965,1
"balanced","animals","Brazil",0.0408949268675655,0.79554703051274,1
"quota","animals","Brazil",1.36453677077945,1.11527054570965,1
"all_male","animals","Brazil",-0.30578853415471,-0.198038689097261,1
"balanced","animals","Brazil",-0.40271951943013,1.11527054570965,1
"balanced","animals","Brazil",1.36453677077945,0.79554703051274,0
"all_male","animals","Brazil",-0.30578853415471,-0.43897987843766,1
"balanced","animals","Brazil",1.07119430490806,1.11527054570965,1
"all_male","animals","Brazil",-0.0124460682833137,-0.43897987843766,0
"balanced","animals","Brazil",-0.30578853415471,-0.43897987843766,1
"all_male","animals","Brazil",-1.58584038794206,-0.517762204294167,0
"balanced","animals","Brazil",1.36453677077945,-0.198038689097261,0
"quota","animals","Brazil",0.627579858610359,1.11527054570965,1
"quota","animals","Brazil",1.36453677077945,1.11527054570965,1
"balanced","animals","Brazil",0.183965412312664,-0.198038689097261,1
"all_male","animals","Brazil",-0.552991499856429,-0.758703393634567,1
"quota","animals","Brazil",-1.38942890734608,-1.99323030258497,0
"all_male","animals","Brazil",-1.38942890734608,-1.99323030258497,0
"balanced","animals","Brazil",-0.456060514581009,-0.758703393634567,1
"quota","animals","Brazil",0.920922324481756,1.11527054570965,1
"all_male","animals","Brazil",-0.0124460682833137,-0.198038689097261,1
"balanced","animals","Brazil",-0.0124460682833137,1.11527054570965,1
"quota","animals","Brazil",-0.0124460682833137,-1.19162440870726,0
"all_male","animals","Brazil",-0.456060514581009,-0.198038689097261,0
"balanced","animals","Brazil",1.36453677077945,0.79554703051274,0
"all_male","animals","Brazil",0.334237392738963,0.79554703051274,0
"quota","animals","Brazil",0.47730787818406,1.11527054570965,0
"quota","animals","Brazil",-0.30578853415471,-0.43897987843766,0
"balanced","animals","Brazil",0.920922324481756,1.11527054570965,1
"all_male","animals","Brazil",-0.502200014750688,-3.30653953739187,0
"balanced","animals","Brazil",0.627579858610359,1.11527054570965,1
"all_male","animals","Brazil",-1.43556840751576,1.11527054570965,0
"all_male","animals","Brazil",-0.30578853415471,-0.43897987843766,0
"all_male","animals","Brazil",-2.32279730011115,-1.99323030258497,1
"quota","animals","Brazil",-0.0124460682833137,-0.198038689097261,0
"all_male","animals","Brazil",-0.456060514581009,-0.43897987843766,1
"balanced","animals","Brazil",1.36453677077945,1.11527054570965,1
"quota","animals","Brazil",0.627579858610359,-0.198038689097261,0
"balanced","animals","Brazil",-0.0124460682833137,-0.43897987843766,1
"all_male","animals","Brazil",-0.802743975603286,0.156100000118928,1
"all_male","animals","Brazil",-2.02945483423975,-0.758703393634567,1
"all_male","animals","Brazil",-0.652471995176987,1.11527054570965,0
"all_male","animals","Brazil",-2.02945483423975,-0.198038689097261,1
"balanced","animals","Brazil",-0.0124460682833137,-0.43897987843766,1
"quota","animals","Brazil",0.920922324481756,1.11527054570965,1
"all_male","animals","Brazil",1.36453677077945,-0.198038689097261,0
"balanced","animals","Brazil",-0.30578853415471,-0.43897987843766,0
"quota","animals","Brazil",0.920922324481756,1.11527054570965,1
"quota","animals","Brazil",0.627579858610359,0.79554703051274,1
"balanced","animals","Brazil",-0.30578853415471,-0.43897987843766,1
"balanced","animals","Brazil",0.334237392738963,0.79554703051274,0
"quota","animals","Brazil",-0.0124460682833137,0.79554703051274,0
"quota","animals","Brazil",-0.0124460682833137,-0.43897987843766,0
"all_male","animals","Brazil",-2.76641174640885,0.874329356369247,0
"balanced","animals","Brazil",0.627579858610359,-0.198038689097261,0
"balanced","animals","Brazil",1.36453677077945,0.392446977688448,1
"quota","animals","Brazil",1.36453677077945,1.11527054570965,1
"all_male","animals","Brazil",-0.456060514581009,-0.198038689097261,0
"all_male","animals","Brazil",-1.09608644147468,0.554605841172341,1
"balanced","animals","Brazil",-0.945814461048384,-0.67992106777806,1
"quota","animals","Brazil",0.627579858610359,-0.198038689097261,1
"balanced","animals","Brazil",-1.09608644147468,-1.75228911324457,1
"all_male","animals","Brazil",-0.945814461048384,-0.43897987843766,1
"quota","animals","Brazil",-0.456060514581009,0.234882325975435,1
"balanced","animals","Brazil",1.36453677077945,1.11527054570965,1
"balanced","animals","Brazil",1.36453677077945,1.11527054570965,1
"all_male","animals","Brazil",-0.0124460682833137,0.79554703051274,0
"quota","animals","Brazil",-0.456060514581009,-0.43897987843766,0
"quota","animals","Brazil",0.627579858610359,-0.198038689097261,0
"all_male","animals","Brazil",-0.945814461048384,-0.999644582974966,1
"quota","animals","Brazil",0.627579858610359,-0.198038689097261,1
"balanced","animals","Brazil",0.627579858610359,0.79554703051274,1
"balanced","animals","Brazil",-0.749402980452406,-0.198038689097261,0
"all_male","animals","Brazil",0.627579858610359,-0.198038689097261,0
"quota","animals","Brazil",-1.23915692691978,1.11527054570965,1
"all_male","animals","Brazil",-0.945814461048384,-0.43897987843766,1
"quota","animals","Brazil",0.47730787818406,-0.198038689097261,0
"balanced","animals","Brazil",0.484509373165261,1.11527054570965,0
"all_male","animals","Brazil",0.334237392738963,0.79554703051274,0
"quota","animals","Brazil",0.627579858610359,-0.198038689097261,0
"balanced","animals","Brazil",-0.0124460682833137,-0.43897987843766,0
"all_male","animals","Brazil",0.920922324481756,1.11527054570965,1
"quota","animals","Brazil",-1.58584038794206,-0.837485719491073,0
"all_male","animals","Brazil",-2.02945483423975,-0.758703393634567,1
"balanced","animals","Brazil",-0.652471995176987,-0.758703393634567,1
"all_male","animals","Brazil",0.920922324481756,-0.198038689097261,1
"quota","animals","Brazil",-0.456060514581009,-0.198038689097261,1
"quota","animals","Brazil",0.627579858610359,-0.198038689097261,1
"all_male","animals","Brazil",0.183965412312664,-0.517762204294167,0
"all_male","animals","Brazil",-1.53970088777238,0.79554703051274,1
"quota","animals","Brazil",1.36453677077945,1.11527054570965,1
"balanced","animals","Brazil",0.627579858610359,-0.198038689097261,0
"quota","animals","Brazil",0.627579858610359,1.11527054570965,0
"balanced","animals","Brazil",0.627579858610359,1.11527054570965,0
"quota","animals","Brazil",-0.0124460682833137,-0.43897987843766,1
"balanced","animals","Brazil",0.627579858610359,0.313664651831941,1
"all_male","animals","Brazil",-0.109377053558733,-0.43897987843766,1
"quota","animals","Brazil",0.627579858610359,0.79554703051274,1
"quota","animals","Brazil",0.920922324481756,0.79554703051274,1
"all_male","animals","Brazil",-1.38942890734608,-0.43897987843766,1
"quota","animals","Brazil",0.920922324481756,-0.43897987843766,1
"balanced","animals","Brazil",0.183965412312664,0.121684826099645,1
"quota","animals","Brazil",1.36453677077945,1.11527054570965,1
"quota","animals","Brazil",-0.208857548879291,0.79554703051274,0
"all_male","animals","Brazil",1.36453677077945,1.11527054570965,1
"balanced","animals","Brazil",1.36453677077945,1.11527054570965,1
"quota","animals","Brazil",0.920922324481756,1.11527054570965,1
"balanced","animals","Brazil",0.627579858610359,-0.198038689097261,0
"all_male","animals","Brazil",0.627579858610359,1.11527054570965,1
"balanced","animals","Brazil",-0.30578853415471,1.11527054570965,0
"all_male","animals","Brazil",-0.652471995176987,0.79554703051274,0
"all_male","animals","Brazil",-0.456060514581009,-0.43897987843766,1
"quota","animals","Brazil",0.920922324481756,1.11527054570965,1
"quota","animals","Brazil",-1.88638434879465,-3.54748072673227,0
"all_male","animals","Brazil",-2.02945483423975,-0.758703393634567,0
"balanced","animals","Brazil",-0.652471995176987,-0.43897987843766,0
"all_male","animals","Brazil",-0.0124460682833137,-0.67992106777806,1
"balanced","animals","Brazil",0.920922324481756,1.11527054570965,1
"balanced","animals","Brazil",-0.30578853415471,-0.43897987843766,0
"quota","animals","Brazil",-0.0124460682833137,-0.43897987843766,0
"all_male","animals","Brazil",0.920922324481756,1.11527054570965,1
"all_male","animals","Brazil",-1.38942890734608,-0.43897987843766,1
"all_male","animals","Brazil",-1.38942890734608,1.11527054570965,0
"all_male","animals","Brazil",0.334237392738963,1.11527054570965,0
"balanced","animals","Brazil",0.280896397588083,-0.43897987843766,0
"balanced","animals","Brazil",-0.652471995176987,-1.99323030258497,0
"balanced","animals","Brazil",-0.0124460682833137,-0.43897987843766,1
"quota","animals","Brazil",-1.38942890734608,-1.43256559804766,0
"all_male","animals","Brazil",1.36453677077945,1.11527054570965,0
"quota","animals","Brazil",0.0336934318863646,-0.837485719491073,0
"all_male","animals","Brazil",-0.456060514581009,-0.517762204294167,0
"quota","animals","Brazil",0.920922324481756,0.79554703051274,0
"all_male","animals","Brazil",-0.0124460682833137,-0.119256363240754,0
"balanced","animals","Brazil",0.627579858610359,0.79554703051274,0
"quota","animals","Brazil",-1.29249792207066,-0.198038689097261,0
"balanced","animals","Brazil",-0.0124460682833137,-0.43897987843766,0
"all_male","animals","Brazil",-1.83304335364378,-1.56030928751227,0
"quota","animals","Brazil",0.920922324481756,0.79554703051274,0
"all_male","animals","Brazil",-1.73611236836836,-0.517762204294167,0
"quota","animals","Brazil",0.724510843885779,0.79554703051274,0
"all_male","animals","Brazil",-0.0124460682833137,-0.198038689097261,0
"balanced","animals","Brazil",-0.0124460682833137,0.79554703051274,0
"quota","animals","Brazil",-0.0124460682833137,0.79554703051274,0
"quota","animals","Brazil",1.36453677077945,1.11527054570965,0
"all_male","animals","Brazil",1.07119430490806,-0.198038689097261,0
"all_male","animals","Brazil",-0.749402980452406,-0.43897987843766,0
"balanced","animals","Brazil",-1.88638434879465,-3.54748072673227,0
"quota","animals","Brazil",-0.652471995176987,-1.24058577231537,0
"all_male","animals","Brazil",-2.32279730011115,0.79554703051274,0
"quota","animals","Brazil",-0.0124460682833137,-0.198038689097261,0
"balanced","animals","Brazil",0.0336934318863646,0.79554703051274,0
"quota","animals","Brazil",0.627579858610359,-0.198038689097261,0
"all_male","animals","Brazil",0.627579858610359,-0.198038689097261,0
"balanced","animals","Brazil",0.627579858610359,1.11527054570965,0
"quota","animals","Brazil",1.36453677077945,1.11527054570965,0
"balanced","animals","Brazil",0.627579858610359,-0.43897987843766,0
"quota","animals","Brazil",-0.30578853415471,-0.758703393634567,0
"all_male","animals","Brazil",-1.09608644147468,-1.99323030258497,0
"all_male","animals","Brazil",0.0408949268675655,0.79554703051274,0
"balanced","animals","Brazil",0.627579858610359,-0.198038689097261,0
"balanced","animals","Brazil",0.920922324481756,-0.198038689097261,0
"balanced","animals","Brazil",1.36453677077945,1.11527054570965,0
"balanced","animals","Brazil",-1.88638434879465,-1.56030928751227,0
"all_male","animals","Brazil",-0.945814461048384,0.79554703051274,0
"quota","animals","Brazil",-0.0124460682833137,-0.920862257118459,0
"all_male","animals","Brazil",-0.652471995176987,-0.999644582974966,0
"quota","animals","Brazil",-0.0124460682833137,-0.198038689097261,0
"quota","animals","Brazil",1.36453677077945,0.79554703051274,0
"all_male","animals","Brazil",-2.47306928053745,0.475823515315834,0
"quota","animals","Brazil",-2.17972681466605,-2.07201262844147,0
"quota","animals","Brazil",0.137825912142985,0.79554703051274,0
"quota","animals","Brazil",0.920922324481756,0.79554703051274,0
"balanced","animals","Brazil",1.36453677077945,-0.758703393634567,0
"quota","animals","Brazil",1.36453677077945,0.79554703051274,0
"all_male","animals","Brazil",-1.53970088777238,-0.67992106777806,0
"quota","animals","Brazil",0.920922324481756,1.11527054570965,0
"all_male","animals","Brazil",-0.652471995176987,-0.43897987843766,0
"quota","animals","Brazil",1.36453677077945,0.79554703051274,0
"balanced","animals","Brazil",1.36453677077945,-0.198038689097261,0
"all_male","animals","Brazil",-1.73611236836836,-0.999644582974966,0
"all_male","animals","Brazil",-0.162718048709613,0.79554703051274,0
"all_male","animals","Brazil",-0.945814461048384,-0.198038689097261,0
"quota","animals","Brazil",0.627579858610359,-0.198038689097261,0
"all_male","animals","Brazil",0.47730787818406,1.11527054570965,0
"balanced","animals","Brazil",1.07119430490806,0.475823515315834,1
"all_male","animals","Brazil",0.627579858610359,-0.198038689097261,0
"quota","animals","Brazil",-0.749402980452406,-3.54748072673227,0
"all_male","animals","Brazil",1.36453677077945,1.11527054570965,0
"balanced","animals","Brazil",-1.1930174267501,-3.06559834805148,0
"quota","animals","Brazil",0.920922324481756,1.11527054570965,0
"all_male","animals","Brazil",-0.652471995176987,-0.198038689097261,0
"quota","animals","Brazil",1.07119430490806,1.11527054570965,0
"balanced","animals","Brazil",0.627579858610359,-0.43897987843766,0
"quota","animals","Brazil",-0.0124460682833137,-0.43897987843766,0
"quota","animals","Brazil",1.36453677077945,1.11527054570965,0
"all_male","animals","Brazil",1.36453677077945,-0.198038689097261,0
"balanced","animals","Brazil",-0.30578853415471,-0.999644582974966,0
"quota","animals","Brazil",0.627579858610359,1.11527054570965,0
"balanced","animals","Brazil",-0.999155456199263,-0.67992106777806,0
"quota","animals","Brazil",1.36453677077945,1.11527054570965,0
"all_male","animals","Brazil",-0.652471995176987,1.11527054570965,0
"quota","animals","Brazil",1.07119430490806,1.11527054570965,0
"balanced","animals","Brazil",1.36453677077945,0.79554703051274,0
"all_male","animals","Brazil",-1.53970088777238,-0.837485719491073,0
"balanced","animals","Brazil",1.36453677077945,1.11527054570965,0
"all_male","animals","Brazil",-1.88638434879465,-3.54748072673227,0
"all_male","animals","Brazil",-1.38942890734608,-0.43897987843766,0
"quota","animals","Brazil",1.36453677077945,1.11527054570965,1
"all_male","animals","Brazil",0.627579858610359,-0.198038689097261,0
"balanced","animals","Brazil",-0.652471995176987,-0.758703393634567,0
"quota","animals","Brazil",0.627579858610359,-0.198038689097261,1
"quota","harassment","Argentina",-0.857612078960494,0.425278860174013,0
"all_male","harassment","Argentina",1.21834546490834,1.00607026867625,0
"quota","harassment","Argentina",1.21834546490834,1.00607026867625,1
"quota","harassment","Argentina",0.45742825987998,-1.98062994442712,1
"all_male","harassment","Argentina",0.831208302408981,1.00607026867625,0
"all_male","harassment","Argentina",-1.99230932651786,-0.0580796701660343,1
"balanced","harassment","Argentina",-0.390595456646547,-1.49727141408707,0
"balanced","harassment","Argentina",1.21834546490834,1.00607026867625,1
"quota","harassment","Argentina",0.070291097380618,0.576870100966848,1
"all_male","harassment","Argentina",0.831208302408981,1.00607026867625,1
"balanced","harassment","Argentina",0.45742825987998,-0.0039213075353873,0
"all_male","harassment","Argentina",-0.470474916461132,-0.487279837875435,1
"quota","harassment","Argentina",1.21834546490834,1.00607026867625,0
"all_male","harassment","Argentina",1.21834546490834,1.00607026867625,1
"quota","harassment","Argentina",-0.764375499175547,-1.49727141408707,1
"quota","harassment","Argentina",1.21834546490834,1.00607026867625,1
"all_male","harassment","Argentina",-0.0833377539617702,1.00607026867625,0
"quota","harassment","Argentina",1.21834546490834,-2.02390445995866,0
"balanced","harassment","Argentina",1.21834546490834,1.00607026867625,0
"quota","harassment","Argentina",-0.236966605304158,-0.487279837875435,1
"balanced","harassment","Argentina",1.21834546490834,1.00607026867625,0
"all_male","harassment","Argentina",1.21834546490834,1.00607026867625,0
"balanced","harassment","Argentina",1.21834546490834,-1.06807124637767,0
"all_male","harassment","Argentina",-0.236966605304158,-0.487279837875435,1
"quota","harassment","Argentina",0.831208302408981,1.00607026867625,1
"all_male","harassment","Argentina",-1.38502097283188,0.522711738336201,1
"quota","harassment","Argentina",-2.22581763767483,-3.4739800509788,1
"balanced","harassment","Argentina",0.303799408537592,1.00607026867625,0
"all_male","harassment","Argentina",-2.686704191702,-0.0039213075353873,1
"balanced","harassment","Argentina",0.070291097380618,1.00607026867625,0
"quota","harassment","Argentina",0.070291097380618,-0.487279837875435,1
"all_male","harassment","Argentina",0.0569339774102565,-3.4739800509788,1
"quota","harassment","Argentina",1.21834546490834,1.00607026867625,0
"all_male","harassment","Argentina",-2.37944648901722,1.00607026867625,1
"balanced","harassment","Argentina",-0.0833377539617702,-0.487279837875435,1
"quota","harassment","Argentina",-0.0833377539617702,-0.487279837875435,0
"all_male","harassment","Argentina",-0.0833377539617702,-1.06807124637767,0
"quota","harassment","Argentina",1.21834546490834,1.00607026867625,1
"balanced","harassment","Argentina",-0.0833377539617702,1.00607026867625,0
"balanced","harassment","Argentina",0.831208302408981,-0.155512548328222,0
"all_male","harassment","Argentina",1.21834546490834,1.00607026867625,0
"quota","harassment","Argentina",-1.38502097283188,-0.0039213075353873,0
"balanced","harassment","Argentina",-1.06440615017675,1.00607026867625,0
"all_male","harassment","Argentina",-1.6051721640185,1.00607026867625,0
"quota","harassment","Argentina",-0.62410376780352,-0.487279837875435,0
"all_male","harassment","Argentina",1.06471661356595,1.00607026867625,0
"quota","harassment","Argentina",-0.236966605304158,-0.487279837875435,1
"balanced","harassment","Argentina",0.070291097380618,1.00607026867625,0
"all_male","harassment","Argentina",-1.61852928398886,1.00607026867625,1
"quota","harassment","Argentina",0.677579451066592,-0.487279837875435,1
"all_male","harassment","Argentina",-2.14593817786025,-2.03478830705777,1
"balanced","harassment","Argentina",0.831208302408981,1.00607026867625,0
"quota","harassment","Argentina",-0.0833377539617702,-0.487279837875435,0
"all_male","harassment","Argentina",-0.0833377539617702,-0.487279837875435,1
"quota","harassment","Argentina",1.21834546490834,1.00607026867625,1
"all_male","harassment","Argentina",-2.14593817786025,1.00607026867625,0
"balanced","harassment","Argentina",-0.62410376780352,0.425278860174013,1
"balanced","harassment","Argentina",1.21834546490834,1.00607026867625,0
"all_male","harassment","Argentina",0.070291097380618,0.522711738336201,1
"balanced","harassment","Argentina",-0.470474916461132,-0.487279837875435,1
"balanced","harassment","Argentina",-0.0833377539617702,0.522711738336201,1
"quota","harassment","Argentina",0.070291097380618,0.0935115706268,1
"quota","harassment","Argentina",-1.53864982417427,-1.34568017329424,1
"balanced","harassment","Argentina",0.831208302408981,1.00607026867625,1
"quota","harassment","Argentina",-0.246834807485515,-0.916480005584836,0
"all_male","harassment","Argentina",-0.236966605304158,-0.487279837875435,0
"quota","harassment","Argentina",-0.00345829414718457,-0.487279837875435,1
"all_male","harassment","Argentina",-0.0833377539617702,-0.487279837875435,0
"balanced","harassment","Argentina",0.677579451066592,-0.487279837875435,1
"all_male","harassment","Argentina",-0.844254958990133,-0.487279837875435,1
"balanced","harassment","Argentina",1.21834546490834,-1.44311305145642,0
"quota","harassment","Argentina",-2.53307534035961,-0.970638368215483,0
"all_male","harassment","Argentina",-0.62410376780352,-0.916480005584836,0
"balanced","harassment","Argentina",-2.37944648901722,-1.98062994442712,0
"quota","harassment","Argentina",-0.236966605304158,-0.487279837875435,0
"all_male","harassment","Argentina",1.21834546490834,1.00607026867625,0
"quota","harassment","Argentina",-0.997883810332521,-0.487279837875435,0
"balanced","harassment","Argentina",-0.236966605304158,-0.487279837875435,1
"all_male","harassment","Argentina",1.21834546490834,1.00607026867625,0
"quota","harassment","Argentina",-0.236966605304158,-1.49727141408707,1
"quota","harassment","Argentina",0.831208302408981,1.00607026867625,1
"all_male","harassment","Argentina",-2.53307534035961,-0.916480005584836,0
"quota","harassment","Argentina",-0.236966605304158,0.0935115706268,1
"balanced","harassment","Argentina",1.21834546490834,1.00607026867625,1
"balanced","harassment","Argentina",-0.236966605304158,0.576870100966848,1
"quota","harassment","Argentina",-0.777732619145909,1.00607026867625,1
"quota","harassment","Argentina",0.757458910881178,0.425278860174013,1
"balanced","harassment","Argentina",-0.0833377539617702,-0.0039213075353873,0
"all_male","harassment","Argentina",-0.303488945148382,0.425278860174013,1
"all_male","harassment","Argentina",-0.470474916461132,0.576870100966848,0
"quota","harassment","Argentina",1.21834546490834,1.00607026867625,1
"balanced","harassment","Argentina",-0.0833377539617702,-0.487279837875435,0
"balanced","harassment","Argentina",1.21834546490834,1.00607026867625,1
"quota","harassment","Argentina",-0.0833377539617702,1.00607026867625,1
"quota","harassment","Argentina",-1.38502097283188,-1.49727141408707,0
"all_male","harassment","Argentina",-2.22581763767483,-0.0580796701660343,1
"balanced","harassment","Argentina",1.21834546490834,1.00607026867625,1
"balanced","harassment","Argentina",-0.0833377539617702,-1.06807124637767,1
"balanced","harassment","Argentina",0.444071139909619,1.00607026867625,1
"all_male","harassment","Argentina",0.070291097380618,1.00607026867625,1
"quota","harassment","Argentina",-1.45154331267611,-0.487279837875435,1
"all_male","harassment","Argentina",-2.686704191702,-2.46398847476717,0
"all_male","harassment","Argentina",-1.23139212148949,0.522711738336201,1
"balanced","harassment","Argentina",-0.62410376780352,-0.487279837875435,0
"quota","harassment","Argentina",-2.686704191702,-3.4739800509788,0
"balanced","harassment","Argentina",1.21834546490834,1.00607026867625,0
"all_male","harassment","Argentina",0.070291097380618,-0.487279837875435,0
"quota","harassment","Argentina",1.21834546490834,1.00607026867625,1
"quota","harassment","Argentina",0.070291097380618,-0.487279837875435,1
"balanced","harassment","Argentina",-1.38502097283188,-1.98062994442712,1
"all_male","harassment","Argentina",-0.470474916461132,0.576870100966848,0
"balanced","harassment","Argentina",1.21834546490834,1.00607026867625,1
"balanced","harassment","Argentina",0.757458910881178,1.00607026867625,1
"all_male","harassment","Argentina",1.21834546490834,1.00607026867625,0
"balanced","harassment","Argentina",0.070291097380618,1.00607026867625,0
"balanced","harassment","Argentina",1.21834546490834,1.00607026867625,0
"all_male","harassment","Argentina",0.444071139909619,0.522711738336201,1
"quota","harassment","Argentina",1.21834546490834,-0.0580796701660343,0
"quota","harassment","Argentina",1.21834546490834,1.00607026867625,0
"balanced","harassment","Argentina",0.303799408537592,0.576870100966848,1
"all_male","harassment","Argentina",-0.690626107647744,1.00607026867625,0
"balanced","harassment","Argentina",0.45742825987998,0.522711738336201,0
"balanced","harassment","Argentina",-0.470474916461132,-1.49727141408707,0
"all_male","harassment","Argentina",-0.997883810332521,-1.55142977671772,1
"quota","harassment","Argentina",1.21834546490834,0.425278860174013,0
"balanced","harassment","Argentina",0.831208302408981,1.00607026867625,1
"all_male","harassment","Argentina",-0.236966605304158,-0.0039213075353873,0
"quota","harassment","Argentina",0.070291097380618,-0.487279837875435,0
"quota","harassment","Argentina",0.677579451066592,0.576870100966848,1
"all_male","harassment","Argentina",-1.45154331267611,1.00607026867625,1
"all_male","harassment","Argentina",0.0569339774102565,1.00607026867625,1
"quota","harassment","Argentina",-0.857612078960494,0.0935115706268,0
"balanced","harassment","Argentina",-0.0833377539617702,-0.638871078668269,1
"balanced","harassment","Argentina",0.070291097380618,-1.06807124637767,1
"quota","harassment","Argentina",0.831208302408981,1.00607026867625,1
"balanced","harassment","Argentina",-0.236966605304158,-0.487279837875435,1
"all_male","harassment","Argentina",-0.236966605304158,0.576870100966848,1
"balanced","harassment","Argentina",1.21834546490834,1.00607026867625,0
"quota","harassment","Argentina",1.21834546490834,-0.0039213075353873,1
"all_male","harassment","Argentina",0.831208302408981,1.00607026867625,1
"quota","harassment","Argentina",0.831208302408981,-0.487279837875435,1
"balanced","harassment","Argentina",0.677579451066592,1.00607026867625,1
"quota","harassment","Argentina",0.757458910881178,0.576870100966848,1
"balanced","harassment","Argentina",0.070291097380618,1.00607026867625,1
"quota","harassment","Argentina",-0.0833377539617702,-0.487279837875435,1
"balanced","harassment","Argentina",-0.0833377539617702,0.522711738336201,1
"all_male","harassment","Argentina",-0.62410376780352,1.00607026867625,1
"quota","harassment","Argentina",-0.0833377539617702,-0.0580796701660343,1
"balanced","harassment","Argentina",0.303799408537592,-2.50726299029871,1
"balanced","harassment","Argentina",0.831208302408981,0.576870100966848,1
"all_male","harassment","Argentina",-0.690626107647744,1.00607026867625,1
"quota","harassment","Argentina",1.21834546490834,1.00607026867625,1
"quota","harassment","Argentina",-1.83868047517547,-2.61557971556,1
"balanced","harassment","Argentina",-0.0833377539617702,-0.487279837875435,1
"all_male","harassment","Argentina",-0.236966605304158,-0.487279837875435,1
"quota","harassment","Argentina",-0.236966605304158,-0.487279837875435,1
"all_male","harassment","Argentina",0.070291097380618,1.00607026867625,1
"quota","harassment","Argentina",-0.0833377539617702,-1.06807124637767,1
"balanced","harassment","Argentina",0.677579451066592,0.522711738336201,1
"quota","harassment","Argentina",-1.38502097283188,-1.98062994442712,0
"all_male","harassment","Argentina",-2.686704191702,-1.34568017329424,1
"all_male","harassment","Argentina",-0.997883810332521,-0.970638368215483,0
"quota","harassment","Argentina",0.45742825987998,1.00607026867625,1
"balanced","harassment","Argentina",-1.23139212148949,-1.98062994442712,1
"all_male","harassment","Argentina",-1.23139212148949,1.00607026867625,0
"quota","harassment","Argentina",1.21834546490834,1.00607026867625,0
"balanced","harassment","Argentina",0.831208302408981,1.00607026867625,1
"balanced","harassment","Argentina",-0.0833377539617702,-0.487279837875435,1
"all_male","harassment","Argentina",-0.303488945148382,-0.0039213075353873,0
"quota","harassment","Argentina",1.21834546490834,1.00607026867625,1
"quota","harassment","Argentina",1.21834546490834,1.00607026867625,1
"balanced","harassment","Argentina",0.303799408537592,1.00607026867625,1
"all_male","harassment","Argentina",0.070291097380618,1.00607026867625,1
"quota","harassment","Argentina",0.45742825987998,0.425278860174013,1
"quota","harassment","Argentina",0.303799408537592,-0.0039213075353873,1
"all_male","harassment","Argentina",0.677579451066592,1.00607026867625,1
"all_male","harassment","Argentina",-0.236966605304158,-1.49727141408707,1
"quota","harassment","Argentina",-1.99230932651786,-1.49727141408707,1
"quota","harassment","Argentina",-0.0833377539617702,-0.487279837875435,1
"all_male","harassment","Argentina",0.677579451066592,1.00607026867625,1
"balanced","harassment","Argentina",-1.99230932651786,-1.06807124637767,0
"quota","harassment","Argentina",1.21834546490834,1.00607026867625,1
"all_male","harassment","Argentina",-1.61852928398886,-0.487279837875435,1
"quota","harassment","Argentina",1.21834546490834,1.00607026867625,1
"balanced","harassment","Argentina",-0.236966605304158,-0.487279837875435,1
"quota","harassment","Argentina",0.911087762223566,-1.06807124637767,0
"all_male","harassment","Argentina",-2.686704191702,-2.46398847476717,0
"balanced","harassment","Argentina",0.831208302408981,1.00607026867625,1
"all_male","harassment","Argentina",-0.844254958990133,1.00607026867625,1
"balanced","harassment","Argentina",0.831208302408981,1.00607026867625,1
"all_male","harassment","Argentina",-1.45154331267611,1.00607026867625,0
"quota","harassment","Argentina",1.06471661356595,1.00607026867625,1
"quota","harassment","Argentina",1.21834546490834,0.425278860174013,1
"quota","harassment","Argentina",0.677579451066592,1.00607026867625,1
"balanced","harassment","Argentina",1.21834546490834,1.00607026867625,1
"all_male","harassment","Argentina",-2.686704191702,-0.335688597082601,1
"balanced","harassment","Argentina",0.831208302408981,1.00607026867625,0
"quota","harassment","Argentina",-0.0833377539617702,-0.487279837875435,0
"all_male","harassment","Argentina",-0.690626107647744,-1.98062994442712,1
"quota","harassment","Argentina",-0.0833377539617702,1.00607026867625,1
"balanced","harassment","Argentina",-1.77215813533124,-0.970638368215483,1
"balanced","harassment","Argentina",0.303799408537592,-0.487279837875435,1
"quota","harassment","Argentina",-0.0833377539617702,-0.487279837875435,1
"all_male","harassment","Argentina",-0.0833377539617702,-0.0580796701660343,1
"quota","harassment","Argentina",-0.470474916461132,-0.487279837875435,1
"quota","harassment","Argentina",0.677579451066592,0.425278860174013,1
"balanced","harassment","Argentina",1.21834546490834,0.576870100966848,1
"balanced","harassment","Argentina",0.070291097380618,-0.487279837875435,1
"quota","harassment","Argentina",1.21834546490834,1.00607026867625,1
"all_male","harassment","Argentina",-0.236966605304158,-0.487279837875435,1
"quota","harassment","Argentina",-0.0833377539617702,-0.916480005584836,1
"balanced","harassment","Argentina",0.831208302408981,0.576870100966848,1
"all_male","harassment","Argentina",-1.61852928398886,-0.970638368215483,1
"balanced","harassment","Argentina",-0.0833377539617702,-0.487279837875435,1
"quota","harassment","Argentina",1.21834546490834,1.00607026867625,0
"all_male","harassment","Argentina",-1.99230932651786,-2.03478830705777,0
"balanced","harassment","Argentina",-0.0833377539617702,-0.487279837875435,1
"quota","harassment","Argentina",-0.236966605304158,-0.487279837875435,1
"all_male","harassment","Argentina",-0.236966605304158,-0.487279837875435,0
"quota","harassment","Argentina",-0.236966605304158,-0.487279837875435,0
"balanced","harassment","Argentina",1.21834546490834,-0.736303956830457,0
"all_male","harassment","Argentina",0.070291097380618,0.522711738336201,1
"all_male","harassment","Argentina",-0.844254958990133,-1.06807124637767,0
"quota","harassment","Argentina",0.444071139909619,1.00607026867625,1
"balanced","harassment","Argentina",-0.0833377539617702,0.576870100966848,0
"balanced","harassment","Argentina",-0.0833377539617702,-0.487279837875435,0
"all_male","harassment","Argentina",-0.0833377539617702,-0.487279837875435,1
"quota","harassment","Argentina",0.831208302408981,1.00607026867625,1
"all_male","harassment","Argentina",0.070291097380618,1.00607026867625,1
"quota","harassment","Argentina",0.070291097380618,-0.487279837875435,0
"balanced","harassment","Argentina",0.831208302408981,1.00607026867625,0
"all_male","harassment","Argentina",-0.25032372527452,1.00607026867625,0
"quota","harassment","Argentina",1.21834546490834,1.00607026867625,0
"all_male","harassment","Argentina",0.831208302408981,1.00607026867625,1
"balanced","harassment","Argentina",0.070291097380618,0.576870100966848,1
"quota","harassment","Argentina",-1.23139212148949,-2.13222118521995,1
"quota","harassment","Argentina",-0.857612078960494,-1.06807124637767,0
"all_male","harassment","Argentina",0.523950599724204,-0.0039213075353873,1
"balanced","harassment","Argentina",0.911087762223566,1.00607026867625,1
"quota","harassment","Argentina",1.21834546490834,0.0935115706268,1
"quota","harassment","Argentina",-0.777732619145909,0.0935115706268,1
"all_male","harassment","Argentina",0.0569339774102565,1.00607026867625,0
"balanced","harassment","Argentina",-0.236966605304158,-1.98062994442712,0
"all_male","harassment","Argentina",-0.0833377539617702,-0.487279837875435,1
"balanced","harassment","Argentina",1.21834546490834,1.00607026867625,0
"all_male","harassment","Argentina",-1.23139212148949,-0.0039213075353873,1
"all_male","harassment","Argentina",-0.0833377539617702,-0.487279837875435,0
"all_male","harassment","Argentina",-2.53307534035961,-0.487279837875435,1
"balanced","harassment","Argentina",1.21834546490834,0.0935115706268,1
"all_male","harassment","Argentina",1.21834546490834,1.00607026867625,1
"quota","harassment","Argentina",0.757458910881178,1.00607026867625,0
"all_male","harassment","Argentina",0.070291097380618,0.576870100966848,1
"balanced","harassment","Argentina",-0.236966605304158,-1.06807124637767,1
"quota","harassment","Argentina",1.06471661356595,1.00607026867625,1
"all_male","harassment","Argentina",-0.62410376780352,-0.487279837875435,1
"quota","harassment","Argentina",-0.844254958990133,-0.916480005584836,1
"balanced","harassment","Argentina",0.757458910881178,1.00607026867625,1
"quota","harassment","Argentina",-0.0833377539617702,-0.487279837875435,0
"balanced","harassment","Argentina",0.523950599724204,-0.0039213075353873,1
"quota","harassment","Argentina",-0.0833377539617702,0.576870100966848,1
"all_male","harassment","Argentina",-0.236966605304158,-0.0039213075353873,0
"quota","harassment","Argentina",-0.0833377539617702,1.00607026867625,1
"all_male","harassment","Argentina",1.21834546490834,1.00607026867625,1
"quota","harassment","Argentina",1.06471661356595,1.00607026867625,0
"all_male","harassment","Argentina",0.29044228856723,1.00607026867625,0
"balanced","harassment","Argentina",-1.15151266167491,-1.45399689855553,0
"balanced","harassment","Argentina",1.21834546490834,1.00607026867625,0
"all_male","harassment","Argentina",-2.14593817786025,1.00607026867625,0
"balanced","harassment","Argentina",0.831208302408981,-1.49727141408707,0
"quota","harassment","Argentina",0.444071139909619,1.00607026867625,1
"all_male","harassment","Argentina",-1.46490043264647,-0.281530234451954,1
"quota","harassment","Argentina",0.677579451066592,0.425278860174013,1
"all_male","harassment","Argentina",-1.07776327014711,1.00607026867625,1
"balanced","harassment","Argentina",-0.703983227618106,-0.487279837875435,1
"all_male","harassment","Argentina",-2.29956702920263,-0.389846959713248,1
"balanced","harassment","Argentina",1.21834546490834,1.00607026867625,0
"all_male","harassment","Argentina",-1.6051721640185,-0.0580796701660343,1
"quota","harassment","Argentina",-0.236966605304158,-0.487279837875435,0
"balanced","harassment","Argentina",-0.470474916461132,-0.487279837875435,1
"balanced","harassment","Argentina",1.06471661356595,1.00607026867625,0
"all_male","harassment","Argentina",-0.0833377539617702,-0.487279837875435,1
"quota","harassment","Argentina",1.21834546490834,1.00607026867625,0
"all_male","harassment","Argentina",-1.23139212148949,-0.0039213075353873,0
"balanced","harassment","Argentina",-0.0833377539617702,0.522711738336201,1
"balanced","harassment","Argentina",-0.0833377539617702,-1.06807124637767,0
"all_male","harassment","Argentina",0.677579451066592,1.00607026867625,1
"quota","harassment","Argentina",0.831208302408981,0.576870100966848,0
"all_male","harassment","Argentina",0.070291097380618,0.425278860174013,1
"balanced","harassment","Argentina",0.757458910881178,0.576870100966848,1
"all_male","harassment","Argentina",-1.23139212148949,-2.89318864247657,1
"balanced","harassment","Argentina",-0.236966605304158,-0.487279837875435,1
"balanced","harassment","Argentina",0.303799408537592,-0.0580796701660343,0
"quota","harassment","Argentina",-0.236966605304158,0.425278860174013,0
"all_male","harassment","Argentina",-0.844254958990133,-0.487279837875435,1
"quota","harassment","Argentina",0.831208302408981,1.00607026867625,0
"all_male","harassment","Argentina",-0.470474916461132,0.522711738336201,0
"quota","harassment","Argentina",0.070291097380618,-0.433121475244788,0
"balanced","harassment","Argentina",-0.0833377539617702,-0.487279837875435,0
"balanced","harassment","Argentina",1.21834546490834,-0.155512548328222,0
"all_male","harassment","Argentina",0.831208302408981,1.00607026867625,1
"all_male","harassment","Argentina",0.444071139909619,-1.16550412453986,1
"balanced","harassment","Argentina",-1.77215813533124,-1.39983853592488,1
"quota","harassment","Argentina",0.831208302408981,1.00607026867625,1
"balanced","harassment","Argentina",-0.236966605304158,-0.487279837875435,0
"quota","harassment","Argentina",0.070291097380618,-0.487279837875435,0
"all_male","harassment","Argentina",-1.38502097283188,-1.06807124637767,0
"quota","harassment","Argentina",-0.844254958990133,-1.06807124637767,1
"all_male","harassment","Argentina",-1.53864982417427,-0.970638368215483,0
"balanced","harassment","Argentina",-0.0833377539617702,-0.487279837875435,1
"all_male","harassment","Argentina",-1.23139212148949,-0.970638368215483,0
"quota","harassment","Argentina",-0.236966605304158,-0.916480005584836,0
"quota","harassment","Argentina",-0.0833377539617702,-0.487279837875435,0
"balanced","harassment","Argentina",1.21834546490834,1.00607026867625,1
"all_male","harassment","Argentina",0.757458910881178,1.00607026867625,0
"all_male","harassment","Argentina",-0.0833377539617702,-0.487279837875435,1
"quota","harassment","Argentina",-1.38502097283188,-0.970638368215483,1
"balanced","harassment","Argentina",0.45742825987998,0.576870100966848,0
"quota","harassment","Argentina",1.21834546490834,1.00607026867625,1
"all_male","harassment","Argentina",-1.23139212148949,-0.487279837875435,1
"balanced","harassment","Argentina",0.070291097380618,0.576870100966848,0
"balanced","harassment","Argentina",0.831208302408981,-0.0580796701660343,1
"quota","harassment","Argentina",0.523950599724204,0.0935115706268,1
"all_male","harassment","Argentina",-0.0833377539617702,-0.487279837875435,1
"quota","harassment","Argentina",-1.23139212148949,-0.970638368215483,1
"all_male","harassment","Argentina",0.831208302408981,0.576870100966848,1
"balanced","harassment","Argentina",-0.470474916461132,-0.487279837875435,1
"all_male","harassment","Argentina",-0.690626107647744,-0.487279837875435,1
"quota","harassment","Argentina",0.523950599724204,0.576870100966848,0
"quota","harassment","Argentina",0.757458910881178,1.00607026867625,1
"all_male","harassment","Argentina",-0.844254958990133,-0.487279837875435,0
"balanced","harassment","Argentina",1.21834546490834,-0.0580796701660343,0
"all_male","harassment","Argentina",-1.75880101536088,0.0935115706268,1
"quota","harassment","Argentina",0.831208302408981,-0.0580796701660343,1
"balanced","harassment","Argentina",0.523950599724204,0.576870100966848,1
"all_male","harassment","Argentina",-2.22581763767483,-2.99062152063875,0
"quota","harassment","Argentina",-0.236966605304158,-0.487279837875435,1
"quota","harassment","Argentina",1.06471661356595,1.00607026867625,0
"all_male","harassment","Argentina",1.21834546490834,1.00607026867625,1
"balanced","harassment","Argentina",-0.844254958990133,-1.39983853592488,0
"quota","harassment","Argentina",0.911087762223566,1.00607026867625,1
"balanced","harassment","Argentina",0.523950599724204,1.00607026867625,1
"balanced","harassment","Argentina",0.677579451066592,-0.487279837875435,1
"all_male","harassment","Argentina",1.21834546490834,1.00607026867625,0
"quota","harassment","Argentina",0.070291097380618,0.522711738336201,1
"balanced","harassment","Argentina",-0.0833377539617702,-0.487279837875435,1
"all_male","harassment","Argentina",-0.236966605304158,-1.82903870363428,1
"balanced","harassment","Argentina",-0.0833377539617702,-0.487279837875435,0
"quota","harassment","Argentina",0.150170557195204,-0.0039213075353873,0
"all_male","harassment","Argentina",0.831208302408981,1.00607026867625,0
"balanced","harassment","Argentina",0.677579451066592,-0.487279837875435,1
"all_male","harassment","Argentina",-0.236966605304158,-1.06807124637767,1
"balanced","harassment","Argentina",1.21834546490834,1.00607026867625,0
"all_male","harassment","Argentina",-0.0833377539617702,-0.487279837875435,0
"all_male","harassment","Argentina",-2.22581763767483,-3.4739800509788,0
"balanced","harassment","Argentina",1.21834546490834,1.00607026867625,0
"balanced","harassment","Argentina",1.21834546490834,1.00607026867625,0
"quota","harassment","Argentina",-0.0833377539617702,1.00607026867625,1
"all_male","harassment","Argentina",-2.29956702920263,1.00607026867625,1
"balanced","harassment","Argentina",-0.470474916461132,-0.487279837875435,1
"all_male","harassment","Argentina",1.21834546490834,1.00607026867625,0
"balanced","harassment","Argentina",-0.236966605304158,-0.487279837875435,1
"quota","harassment","Argentina",1.21834546490834,0.0935115706268,1
"balanced","harassment","Argentina",-1.23139212148949,-1.98062994442712,0
"all_male","harassment","Argentina",0.831208302408981,0.425278860174013,1
"all_male","harassment","Argentina",-0.470474916461132,-0.487279837875435,1
"quota","harassment","Argentina",0.45742825987998,-0.487279837875435,1
"all_male","harassment","Argentina",-0.390595456646547,-0.487279837875435,1
"balanced","harassment","Argentina",1.21834546490834,1.00607026867625,1
"quota","harassment","Argentina",0.677579451066592,1.00607026867625,0
"quota","harassment","Argentina",0.070291097380618,-0.487279837875435,1
"balanced","harassment","Argentina",-0.236966605304158,-0.487279837875435,1
"all_male","harassment","Argentina",-2.686704191702,-1.82903870363428,1
"balanced","harassment","Argentina",0.831208302408981,-0.487279837875435,1
"quota","harassment","Argentina",-0.0833377539617702,-0.0039213075353873,1
"all_male","harassment","Argentina",-0.62410376780352,-1.06807124637767,0
"quota","harassment","Argentina",0.831208302408981,1.00607026867625,0
"quota","harassment","Argentina",0.536503969422143,1.00607026867625,0
"all_male","harassment","Argentina",0.831208302408981,1.00607026867625,1
"all_male","harassment","Argentina",-0.0833377539617702,0.576870100966848,0
"balanced","harassment","Argentina",1.21834546490834,1.00607026867625,0
"balanced","harassment","Argentina",0.831208302408981,1.00607026867625,0
"quota","harassment","Argentina",1.21834546490834,1.00607026867625,0
"quota","harassment","Argentina",-0.236966605304158,-0.916480005584836,1
"all_male","harassment","Argentina",0.911087762223566,-0.487279837875435,0
"balanced","harassment","Argentina",-0.0833377539617702,-0.487279837875435,0
"quota","harassment","Argentina",-1.53864982417427,-1.98062994442712,0
"all_male","harassment","Argentina",-0.844254958990133,-0.487279837875435,1
"quota","harassment","Argentina",1.21834546490834,1.00607026867625,0
"all_male","harassment","Argentina",-0.236966605304158,-0.487279837875435,1
"balanced","harassment","Argentina",-0.0833377539617702,1.00607026867625,0
"all_male","harassment","Argentina",-1.38502097283188,-1.55142977671772,1
"quota","harassment","Argentina",1.21834546490834,1.00607026867625,0
"balanced","harassment","Argentina",-0.0833377539617702,-0.0580796701660343,1
"all_male","harassment","Argentina",-0.997883810332521,-0.970638368215483,0
"balanced","harassment","Argentina",1.21834546490834,0.425278860174013,0
"quota","harassment","Argentina",-0.857612078960494,-1.49727141408707,1
"all_male","harassment","Argentina",-0.0833377539617702,-0.487279837875435,0
"balanced","harassment","Argentina",1.21834546490834,1.00607026867625,0
"all_male","harassment","Argentina",-0.857612078960494,-0.487279837875435,1
"quota","harassment","Argentina",-0.236966605304158,0.576870100966848,1
"balanced","harassment","Argentina",1.21834546490834,1.00607026867625,0
"all_male","harassment","Argentina",0.831208302408981,1.00607026867625,0
"quota","harassment","Argentina",0.150170557195204,0.0935115706268,1
"balanced","harassment","Argentina",0.831208302408981,1.00607026867625,0
"quota","harassment","Argentina",-0.844254958990133,-0.487279837875435,0
"all_male","harassment","Argentina",-0.236966605304158,-0.487279837875435,1
"all_male","harassment","Argentina",0.831208302408981,1.00607026867625,1
"balanced","harassment","Argentina",0.831208302408981,-0.487279837875435,1
"balanced","harassment","Argentina",0.831208302408981,-0.487279837875435,0
"quota","harassment","Argentina",1.21834546490834,1.00607026867625,0
"balanced","harassment","Argentina",0.831208302408981,1.00607026867625,0
"quota","harassment","Argentina",1.06471661356595,1.00607026867625,1
"all_male","harassment","Argentina",-1.53864982417427,-1.39983853592488,1
"all_male","harassment","Argentina",-0.0833377539617702,-0.0039213075353873,1
"all_male","harassment","Argentina",-1.38502097283188,-1.98062994442712,0
"quota","harassment","Argentina",1.06471661356595,1.00607026867625,1
"balanced","harassment","Argentina",-0.0833377539617702,-0.0580796701660343,0
"all_male","harassment","Argentina",-0.0833377539617702,-0.0580796701660343,0
"quota","harassment","Argentina",1.21834546490834,1.00607026867625,0
"quota","harassment","Argentina",-0.236966605304158,-0.487279837875435,1
"balanced","harassment","Argentina",0.303799408537592,-0.487279837875435,0
"balanced","harassment","Argentina",-0.390595456646547,1.00607026867625,1
"all_male","harassment","Argentina",-0.236966605304158,-0.0580796701660343,1
"all_male","harassment","Argentina",-1.38502097283188,-0.444005322343895,1
"quota","harassment","Argentina",-0.0833377539617702,-0.487279837875435,1
"balanced","harassment","Argentina",1.21834546490834,1.00607026867625,1
"all_male","harassment","Argentina",0.831208302408981,-0.0580796701660343,0
"all_male","harassment","Argentina",-0.316846065118744,-0.487279837875435,1
"quota","harassment","Argentina",-0.0833377539617702,0.0935115706268,0
"balanced","harassment","Argentina",-1.77215813533124,1.00607026867625,0
"quota","harassment","Argentina",0.831208302408981,0.425278860174013,1
"balanced","harassment","Argentina",0.070291097380618,1.00607026867625,1
"quota","harassment","Argentina",-1.38502097283188,-1.06807124637767,1
"quota","harassment","Argentina",0.45742825987998,1.00607026867625,0
"quota","harassment","Argentina",1.21834546490834,1.00607026867625,1
"all_male","harassment","Argentina",0.070291097380618,1.00607026867625,1
"balanced","harassment","Argentina",-0.0833377539617702,-0.487279837875435,1
"all_male","harassment","Argentina",-0.997883810332521,-0.970638368215483,1
"quota","harassment","Argentina",0.45742825987998,1.00607026867625,0
"balanced","harassment","Argentina",-0.236966605304158,-0.487279837875435,0
"all_male","harassment","Argentina",-1.61852928398886,-1.98062994442712,1
"balanced","harassment","Argentina",-2.14593817786025,-1.98062994442712,0
"balanced","harassment","Argentina",1.21834546490834,-0.487279837875435,0
"quota","harassment","Argentina",-0.0833377539617702,0.0935115706268,1
"quota","harassment","Argentina",1.21834546490834,1.00607026867625,1
"all_male","harassment","Argentina",-1.92578698667363,-2.99062152063875,1
"quota","harassment","Argentina",0.45742825987998,-0.487279837875435,0
"balanced","harassment","Argentina",-0.0833377539617702,0.0935115706268,1
"quota","harassment","Argentina",0.677579451066592,-0.487279837875435,1
"balanced","harassment","Argentina",0.831208302408981,1.00607026867625,0
"balanced","harassment","Argentina",1.21834546490834,1.00607026867625,0
"balanced","harassment","Argentina",1.21834546490834,1.00607026867625,1
"all_male","harassment","Argentina",0.070291097380618,-0.0580796701660343,0
"all_male","harassment","Argentina",-0.0833377539617702,-0.487279837875435,0
"quota","harassment","Argentina",0.45742825987998,-1.39983853592488,1
"balanced","harassment","Argentina",0.831208302408981,1.00607026867625,0
"all_male","harassment","Argentina",-1.38502097283188,-0.970638368215483,0
"all_male","harassment","Argentina",-1.38502097283188,-0.0039213075353873,0
"quota","harassment","Argentina",0.831208302408981,-0.764888764792002,1
"all_male","harassment","Argentina",0.831208302408981,1.00607026867625,0
"quota","harassment","Argentina",-0.0833377539617702,-0.487279837875435,0
"balanced","harassment","Argentina",-0.470474916461132,-0.487279837875435,1
"balanced","harassment","Argentina",-0.236966605304158,-0.487279837875435,1
"quota","harassment","Argentina",-0.0833377539617702,-0.487279837875435,1
"balanced","harassment","Argentina",-1.23139212148949,-1.98062994442712,0
"all_male","harassment","Argentina",-0.997883810332521,-0.487279837875435,0
"balanced","harassment","Argentina",-0.470474916461132,-0.487279837875435,0
"balanced","harassment","Argentina",1.21834546490834,1.00607026867625,0
"quota","harassment","Argentina",-0.0833377539617702,0.425278860174013,0
"all_male","harassment","Argentina",1.21834546490834,1.00607026867625,0
"quota","harassment","Argentina",1.21834546490834,0.425278860174013,0
"quota","harassment","Argentina",0.831208302408981,0.576870100966848,0
"all_male","harassment","Argentina",1.21834546490834,1.00607026867625,0
"balanced","harassment","Argentina",1.21834546490834,-0.0580796701660343,0
"quota","harassment","Argentina",-0.0833377539617702,-0.487279837875435,1
"balanced","harassment","Argentina",-0.470474916461132,-0.487279837875435,0
"quota","harassment","Argentina",-0.236966605304158,-0.0039213075353873,0
"all_male","harassment","Argentina",-0.236966605304158,-0.487279837875435,0
"quota","harassment","Argentina",-2.686704191702,-1.34568017329424,0
"all_male","harassment","Argentina",-0.236966605304158,-1.49727141408707,0
"balanced","harassment","Argentina",0.070291097380618,1.00607026867625,0
"all_male","harassment","Argentina",0.831208302408981,0.522711738336201,0
"balanced","harassment","Argentina",0.757458910881178,1.00607026867625,0
"balanced","harassment","Argentina",-0.844254958990133,-0.916480005584836,0
"balanced","harassment","Argentina",0.444071139909619,1.00607026867625,0
"quota","harassment","Argentina",1.21834546490834,1.00607026867625,0
"all_male","harassment","Argentina",-1.92578698667363,0.425278860174013,0
"quota","harassment","Argentina",1.21834546490834,1.00607026867625,0
"balanced","harassment","Argentina",0.831208302408981,-0.0580796701660343,0
"all_male","harassment","Argentina",-2.53307534035961,1.00607026867625,0
"balanced","harassment","Argentina",0.45742825987998,-0.487279837875435,0
"balanced","harassment","Argentina",-0.0833377539617702,-0.487279837875435,0
"balanced","harassment","Argentina",1.21834546490834,1.00607026867625,0
"all_male","harassment","Argentina",-1.16486978164527,0.576870100966848,0
"quota","harassment","Argentina",0.070291097380618,0.522711738336201,0
"balanced","harassment","Argentina",-0.0833377539617702,-0.0580796701660343,0
"balanced","harassment","Argentina",-0.236966605304158,-0.487279837875435,0
"quota","harassment","Argentina",1.21834546490834,1.00607026867625,0
"balanced","harassment","Argentina",1.21834546490834,0.576870100966848,0
"quota","harassment","Argentina",1.21834546490834,-3.4739800509788,0
"balanced","harassment","Argentina",-0.0833377539617702,-0.433121475244788,0
"all_male","harassment","Argentina",0.070291097380618,-0.487279837875435,0
"all_male","harassment","Argentina",0.757458910881178,1.00607026867625,0
"quota","harassment","Argentina",-2.686704191702,-3.4739800509788,0
"all_male","harassment","Argentina",-1.23139212148949,-0.0580796701660343,0
"balanced","harassment","Argentina",-1.46490043264647,-1.55142977671772,0
"balanced","harassment","Argentina",0.45742825987998,0.425278860174013,0
"all_male","harassment","Argentina",-0.0833377539617702,-0.487279837875435,0
"balanced","harassment","Argentina",-0.236966605304158,-0.487279837875435,0
"quota","harassment","Argentina",-0.470474916461132,-0.0580796701660343,0
"all_male","harassment","Argentina",-0.844254958990133,1.00607026867625,0
"quota","animals","Argentina",-1.77485235732241,-2.17877282189109,0
"balanced","animals","Argentina",1.12627790830783,0.955263548755256,1
"all_male","animals","Argentina",1.12627790830783,-1.24833730804342,0
"all_male","animals","Argentina",0.737253161824461,0.797367575485602,1
"balanced","animals","Argentina",1.12627790830783,0.955263548755256,1
"quota","animals","Argentina",0.259249895217759,-0.458093744740826,0
"balanced","animals","Argentina",0.597252272420635,-0.458093744740826,0
"all_male","animals","Argentina",1.12627790830783,0.955263548755256,0
"quota","animals","Argentina",1.12627790830783,0.955263548755256,1
"balanced","animals","Argentina",1.12627790830783,0.955263548755256,0
"balanced","animals","Argentina",1.12627790830783,-0.458093744740826,0
"quota","animals","Argentina",-0.518799597748975,0.490045791831424,0
"all_male","animals","Argentina",1.12627790830783,0.955263548755256,1
"all_male","animals","Argentina",0.259249895217759,0.955263548755256,1
"quota","animals","Argentina",-0.269775740669435,-0.458093744740826,0
"balanced","animals","Argentina",0.119249005813932,-2.51226879115498,0
"quota","animals","Argentina",-0.409776630073261,-0.458093744740826,0
"balanced","animals","Argentina",-0.129774851265608,-0.300197771471171,1
"all_male","animals","Argentina",-0.907824344232342,-0.61598971801048,1
"balanced","animals","Argentina",-0.907824344232342,-0.458093744740826,0
"quota","animals","Argentina",0.737253161824461,0.797367575485602,1
"balanced","animals","Argentina",1.12627790830783,0.955263548755256,0
"all_male","animals","Argentina",1.12627790830783,0.955263548755256,0
"balanced","animals","Argentina",1.12627790830783,0.955263548755256,0
"balanced","animals","Argentina",1.12627790830783,0.797367575485602,1
"all_male","animals","Argentina",-2.53285740273677,-0.765415528395004,0
"quota","animals","Argentina",1.12627790830783,0.797367575485602,0
"balanced","animals","Argentina",-0.409776630073261,-0.458093744740826,0
"quota","animals","Argentina",0.706275240096349,0.797367575485602,1
"quota","animals","Argentina",1.12627790830783,0.797367575485602,0
"all_male","animals","Argentina",-1.6658293896467,-0.458093744740826,0
"balanced","animals","Argentina",-0.269775740669435,-0.458093744740826,0
"quota","animals","Argentina",-0.269775740669435,0.490045791831424,0
"balanced","animals","Argentina",1.12627790830783,0.955263548755256,0
"quota","animals","Argentina",0.737253161824461,0.797367575485602,1
"all_male","animals","Argentina",-0.409776630073261,-0.458093744740826,0
"quota","animals","Argentina",0.737253161824461,0.797367575485602,0
"all_male","animals","Argentina",-0.129774851265608,-0.458093744740826,0
"all_male","animals","Argentina",0.317250493612982,0.797367575485602,1
"balanced","animals","Argentina",0.597252272420635,0.955263548755256,0
"quota","animals","Argentina",1.12627790830783,0.797367575485602,0
"all_male","animals","Argentina",0.706275240096349,0.955263548755256,1
"quota","animals","Argentina",-0.798801376556628,-1.40623328131308,1
"balanced","animals","Argentina",1.12627790830783,0.955263548755256,0
"all_male","animals","Argentina",0.737253161824461,0.955263548755256,0
"balanced","animals","Argentina",-0.658800487152802,-0.458093744740826,0
"quota","animals","Argentina",0.457251383016808,0.481575628946293,1
"all_male","animals","Argentina",-0.269775740669435,-0.458093744740826,0
"balanced","animals","Argentina",1.12627790830783,0.955263548755256,1
"all_male","animals","Argentina",-0.129774851265608,0.797367575485602,0
"quota","animals","Argentina",1.12627790830783,0.955263548755256,1
"balanced","animals","Argentina",-0.129774851265608,0.490045791831424,0
"quota","animals","Argentina",-0.129774851265608,-0.458093744740826,1
"all_male","animals","Argentina",-1.38582761083904,0.797367575485602,1
"balanced","animals","Argentina",-0.269775740669435,0.490045791831424,0
"quota","animals","Argentina",-0.409776630073261,-2.02934701150656,1
"balanced","animals","Argentina",1.12627790830783,0.955263548755256,0
"quota","animals","Argentina",1.12627790830783,0.955263548755256,1
"all_male","animals","Argentina",0.737253161824461,0.955263548755256,0
"quota","animals","Argentina",1.12627790830783,0.955263548755256,0
"all_male","animals","Argentina",-0.129774851265608,0.955263548755256,1
"balanced","animals","Argentina",-0.409776630073261,-0.458093744740826,0
"quota","animals","Argentina",-0.269775740669435,-0.458093744740826,0
"balanced","animals","Argentina",1.12627790830783,0.955263548755256,1
"balanced","animals","Argentina",-0.129774851265608,-0.458093744740826,1
"all_male","animals","Argentina",-1.6658293896467,-1.71355506496725,1
"quota","animals","Argentina",0.737253161824461,0.955263548755256,0
"balanced","animals","Argentina",0.597252272420635,0.797367575485602,0
"all_male","animals","Argentina",-1.27680464316333,-1.71355506496725,1
"balanced","animals","Argentina",0.737253161824461,0.955263548755256,1
"quota","animals","Argentina",1.12627790830783,0.3406199814469,1
"balanced","animals","Argentina",0.706275240096349,0.955263548755256,0
"quota","animals","Argentina",0.597252272420635,0.955263548755256,1
"all_male","animals","Argentina",-2.25285562392911,-0.150771961086648,1
"quota","animals","Argentina",-1.52582850024287,-0.458093744740826,1
"balanced","animals","Argentina",1.12627790830783,0.955263548755256,1
"quota","animals","Argentina",0.737253161824461,0.797367575485602,1
"all_male","animals","Argentina",1.12627790830783,0.797367575485602,1
"balanced","animals","Argentina",0.737253161824461,0.490045791831424,1
"all_male","animals","Argentina",1.12627790830783,0.639471602215947,0
"quota","animals","Argentina",0.259249895217759,0.033298197792722,1
"all_male","animals","Argentina",-0.129774851265608,0.797367575485602,0
"all_male","animals","Argentina",1.12627790830783,0.955263548755256,0
"quota","animals","Argentina",0.737253161824461,0.797367575485602,1
"balanced","animals","Argentina",1.12627790830783,0.955263548755256,1
"all_male","animals","Argentina",-0.658800487152802,-0.458093744740826,0
"quota","animals","Argentina",1.12627790830783,0.955263548755256,1
"balanced","animals","Argentina",1.12627790830783,0.955263548755256,1
"all_male","animals","Argentina",0.259249895217759,-0.607519555125349,0
"balanced","animals","Argentina",0.597252272420635,0.797367575485602,0
"all_male","animals","Argentina",-1.38582761083904,0.490045791831424,0
"all_male","animals","Argentina",0.259249895217759,-0.458093744740826,1
"quota","animals","Argentina",-0.269775740669435,0.797367575485602,0
"balanced","animals","Argentina",0.737253161824461,0.955263548755256,1
"quota","animals","Argentina",0.986277018904002,-0.150771961086648,1
"balanced","animals","Argentina",-0.129774851265608,-0.61598971801048,1
"all_male","animals","Argentina",0.737253161824461,0.639471602215947,0
"quota","animals","Argentina",1.12627790830783,0.647941765101078,1
"quota","animals","Argentina",1.12627790830783,0.955263548755256,1
"all_male","animals","Argentina",0.259249895217759,0.955263548755256,1
"all_male","animals","Argentina",-0.129774851265608,0.00712401218300652,1
"balanced","animals","Argentina",-0.129774851265608,-0.773885691280135,0
"quota","animals","Argentina",-0.409776630073261,-0.458093744740826,0
"all_male","animals","Argentina",0.457251383016808,0.955263548755256,1
"balanced","animals","Argentina",0.259249895217759,0.481575628946293,1
"balanced","animals","Argentina",1.12627790830783,-2.36284298077046,0
"all_male","animals","Argentina",-0.409776630073261,-0.458093744740826,0
"all_male","animals","Argentina",-3.06188303862396,-2.97748654807881,0
"balanced","animals","Argentina",0.259249895217759,0.797367575485602,1
"balanced","animals","Argentina",-1.52582850024287,-0.61598971801048,0
"all_male","animals","Argentina",-0.129774851265608,-0.458093744740826,1
"balanced","animals","Argentina",1.12627790830783,0.955263548755256,1
"quota","animals","Argentina",-0.129774851265608,0.490045791831424,1
"quota","animals","Argentina",0.737253161824461,0.490045791831424,1
"all_male","animals","Argentina",-0.269775740669435,-0.61598971801048,0
"quota","animals","Argentina",-1.6658293896467,-1.87145103823691,1
"balanced","animals","Argentina",-0.269775740669435,-0.458093744740826,1
"all_male","animals","Argentina",-2.53285740273677,-0.61598971801048,0
"balanced","animals","Argentina",0.597252272420635,-0.458093744740826,1
"quota","animals","Argentina",-0.269775740669435,-0.61598971801048,1
"all_male","animals","Argentina",-0.269775740669435,-0.458093744740826,1
"all_male","animals","Argentina",-2.67285829214059,-1.87145103823691,0
"quota","animals","Argentina",-1.52582850024287,-1.87145103823691,0
"quota","animals","Argentina",1.12627790830783,-1.40623328131308,1
"all_male","animals","Argentina",0.597252272420635,-0.150771961086648,1
"quota","animals","Argentina",1.12627790830783,0.955263548755256,1
"all_male","animals","Argentina",0.348228415341094,-0.458093744740826,0
"balanced","animals","Argentina",-0.269775740669435,-0.61598971801048,1
"quota","animals","Argentina",-2.67285829214059,-0.61598971801048,0
"balanced","animals","Argentina",-0.409776630073261,-0.458093744740826,0
"all_male","animals","Argentina",1.12627790830783,0.955263548755256,0
"quota","animals","Argentina",-0.129774851265608,0.647941765101078,1
"all_male","animals","Argentina",-1.27680464316333,-0.923311501664658,1
"balanced","animals","Argentina",0.259249895217759,0.955263548755256,0
"balanced","animals","Argentina",0.986277018904002,0.490045791831424,0
"all_male","animals","Argentina",-2.67285829214059,-3.28480833173299,1
"quota","animals","Argentina",-0.129774851265608,0.797367575485602,0
"all_male","animals","Argentina",-0.887779896679964,0.955263548755256,1
"quota","animals","Argentina",0.208227525937268,-0.458093744740826,1
"all_male","animals","Argentina",0.737253161824461,-0.150771961086648,0
"balanced","animals","Argentina",1.12627790830783,0.490045791831424,0
"balanced","animals","Argentina",1.12627790830783,0.955263548755256,1
"balanced","animals","Argentina",0.457251383016808,0.955263548755256,1
"all_male","animals","Argentina",-0.518799597748975,-0.458093744740826,1
"quota","animals","Argentina",1.12627790830783,0.955263548755256,0
"all_male","animals","Argentina",-0.269775740669435,0.955263548755256,1
"quota","animals","Argentina",0.597252272420635,-0.458093744740826,1
"balanced","animals","Argentina",-0.269775740669435,-0.923311501664658,1
"all_male","animals","Argentina",1.12627790830783,0.955263548755256,1
"quota","animals","Argentina",-0.0407963311422728,0.955263548755256,1
"all_male","animals","Argentina",-3.06188303862396,-1.87145103823691,1
"quota","animals","Argentina",1.12627790830783,0.955263548755256,0
"balanced","animals","Argentina",1.12627790830783,0.797367575485602,1
"balanced","animals","Argentina",0.259249895217759,0.955263548755256,1
"quota","animals","Argentina",-0.129774851265608,-0.61598971801048,1
"all_male","animals","Argentina",-0.409776630073261,-0.150771961086648,1
"quota","animals","Argentina",-0.996802864355678,-1.40623328131308,0
"quota","animals","Argentina",0.597252272420635,-1.40623328131308,1
"balanced","animals","Argentina",0.259249895217759,0.647941765101078,1
"all_male","animals","Argentina",-0.607778117872311,0.955263548755256,0
"balanced","animals","Argentina",0.259249895217759,-0.458093744740826,1
"quota","animals","Argentina",1.12627790830783,-0.458093744740826,1
"quota","animals","Argentina",1.12627790830783,0.955263548755256,1
"all_male","animals","Argentina",-1.1368037537595,-1.40623328131308,0
"quota","animals","Argentina",-0.409776630073261,-0.150771961086648,1
"balanced","animals","Argentina",-1.52582850024287,0.955263548755256,1
"balanced","animals","Argentina",-0.409776630073261,-0.458093744740826,1
"all_male","animals","Argentina",-1.52582850024287,-1.56412925458273,0
"balanced","animals","Argentina",1.12627790830783,0.955263548755256,0
"quota","animals","Argentina",1.12627790830783,0.797367575485602,1
"all_male","animals","Argentina",-0.129774851265608,-0.150771961086648,0
"quota","animals","Argentina",-0.129774851265608,0.797367575485602,0
"all_male","animals","Argentina",0.259249895217759,-0.150771961086648,0
"balanced","animals","Argentina",1.12627790830783,-0.300197771471171,1
"quota","animals","Argentina",-0.269775740669435,-0.458093744740826,1
"balanced","animals","Argentina",-0.269775740669435,-0.458093744740826,1
"quota","animals","Argentina",-0.269775740669435,-0.282493748746587,1
"all_male","animals","Argentina",-0.269775740669435,0.797367575485602,1
"all_male","animals","Argentina",0.259249895217759,-0.458093744740826,1
"quota","animals","Argentina",0.119249005813932,-0.458093744740826,1
"balanced","animals","Argentina",1.12627790830783,0.797367575485602,1
"balanced","animals","Argentina",-2.64188037041248,-2.81112041192403,0
"balanced","animals","Argentina",1.12627790830783,0.955263548755256,0
"balanced","animals","Argentina",0.737253161824461,0.955263548755256,1
"all_male","animals","Argentina",0.986277018904002,0.955263548755256,1
"quota","animals","Argentina",-2.39285651333294,-1.08120747493431,1
"balanced","animals","Argentina",1.12627790830783,0.033298197792722,1
"quota","animals","Argentina",-0.907824344232342,-0.458093744740826,1
"all_male","animals","Argentina",0.737253161824461,0.490045791831424,1
"all_male","animals","Argentina",-1.27680464316333,-0.458093744740826,0
"balanced","animals","Argentina",1.12627790830783,0.490045791831424,0
"all_male","animals","Argentina",-0.409776630073261,0.332149818561769,0
"balanced","animals","Argentina",0.259249895217759,0.490045791831424,0
"all_male","animals","Argentina",-0.269775740669435,-0.458093744740826,1
"balanced","animals","Argentina",-0.129774851265608,-1.25680747092855,1
"quota","animals","Argentina",-0.658800487152802,-0.150771961086648,1
"quota","animals","Argentina",-0.269775740669435,-0.458093744740826,1
"all_male","animals","Argentina",-0.938802265960455,0.797367575485602,1
"balanced","animals","Argentina",-3.06188303862396,-0.458093744740826,0
"all_male","animals","Argentina",-1.6658293896467,-0.61598971801048,0
"quota","animals","Argentina",1.12627790830783,0.797367575485602,1
"quota","animals","Argentina",-0.409776630073261,0.797367575485602,0
"balanced","animals","Argentina",-0.0407963311422728,-0.458093744740826,0
"all_male","animals","Argentina",0.986277018904002,0.481575628946293,0
"quota","animals","Argentina",-0.907824344232342,-3.12691235846334,0
"balanced","animals","Argentina",-0.658800487152802,0.332149818561769,0
"all_male","animals","Argentina",-0.409776630073261,0.797367575485602,1
"balanced","animals","Argentina",-0.409776630073261,0.797367575485602,0
"quota","animals","Argentina",-0.409776630073261,-0.458093744740826,1
"balanced","animals","Argentina",0.706275240096349,0.797367575485602,1
"all_male","animals","Argentina",-2.64188037041248,0.490045791831424,1
"balanced","animals","Argentina",-0.409776630073261,-0.458093744740826,1
"quota","animals","Argentina",0.737253161824461,0.00712401218300652,0
"balanced","animals","Argentina",1.12627790830783,0.955263548755256,0
"quota","animals","Argentina",0.737253161824461,0.955263548755256,0
"all_male","animals","Argentina",1.12627790830783,0.955263548755256,1
"balanced","animals","Argentina",-0.269775740669435,-0.458093744740826,0
"balanced","animals","Argentina",0.259249895217759,-0.458093744740826,0
"quota","animals","Argentina",-0.658800487152802,0.647941765101078,1
"all_male","animals","Argentina",-0.129774851265608,0.797367575485602,1
"balanced","animals","Argentina",-0.409776630073261,-2.04705103423115,1
"quota","animals","Argentina",1.12627790830783,-2.36284298077046,1
"quota","animals","Argentina",1.12627790830783,0.639471602215947,1
"all_male","animals","Argentina",-0.269775740669435,-0.458093744740826,0
"balanced","animals","Argentina",-0.129774851265608,0.955263548755256,0
"balanced","animals","Argentina",0.597252272420635,0.955263548755256,1
"quota","animals","Argentina",-0.129774851265608,-0.458093744740826,0
"balanced","animals","Argentina",-0.658800487152802,-0.458093744740826,0
"quota","animals","Argentina",-0.658800487152802,-1.87145103823691,0
"all_male","animals","Argentina",1.12627790830783,-2.36284298077046,1
"all_male","animals","Argentina",0.737253161824461,0.797367575485602,0
"balanced","animals","Argentina",-1.41680553256716,0.797367575485602,0
"quota","animals","Argentina",-0.269775740669435,-0.458093744740826,0
"quota","animals","Argentina",-0.269775740669435,-0.458093744740826,1
"balanced","animals","Argentina",-0.269775740669435,-0.150771961086648,0
"all_male","animals","Argentina",0.737253161824461,0.797367575485602,1
"quota","animals","Argentina",0.317250493612982,0.955263548755256,1
"balanced","animals","Argentina",-0.269775740669435,-0.458093744740826,1
"balanced","animals","Argentina",-0.269775740669435,0.490045791831424,1
"quota","animals","Argentina",-0.798801376556628,-0.458093744740826,0
"all_male","animals","Argentina",-0.269775740669435,-0.300197771471171,0
"balanced","animals","Argentina",0.846276129500175,0.955263548755256,1
"all_male","animals","Argentina",0.348228415341094,-0.150771961086648,1
"quota","animals","Argentina",0.119249005813932,0.955263548755256,1
"all_male","animals","Argentina",-0.658800487152802,0.490045791831424,1
"balanced","animals","Argentina",1.12627790830783,0.797367575485602,1
"balanced","animals","Argentina",-0.409776630073261,-0.458093744740826,1
"quota","animals","Argentina",-0.996802864355678,-0.458093744740826,1
"all_male","animals","Argentina",0.348228415341094,0.797367575485602,1
"balanced","animals","Argentina",1.12627790830783,0.955263548755256,1
"quota","animals","Argentina",-0.269775740669435,-0.458093744740826,1
"all_male","animals","Argentina",-0.180797220546099,0.955263548755256,1
"balanced","animals","Argentina",-1.6658293896467,-0.61598971801048,0
"balanced","animals","Argentina",0.737253161824461,0.797367575485602,1
"all_male","animals","Argentina",-0.269775740669435,-1.56412925458273,0
"all_male","animals","Argentina",-0.409776630073261,-0.458093744740826,0
"quota","animals","Argentina",1.12627790830783,0.797367575485602,1
"balanced","animals","Argentina",-0.409776630073261,-0.458093744740826,1
"all_male","animals","Argentina",1.12627790830783,-1.87145103823691,0
"quota","animals","Argentina",0.317250493612982,0.955263548755256,1
"balanced","animals","Argentina",-0.798801376556628,-1.71355506496725,0
"all_male","animals","Argentina",-0.409776630073261,-0.458093744740826,1
"balanced","animals","Argentina",-0.658800487152802,-0.458093744740826,0
"quota","animals","Argentina",-0.129774851265608,-2.96901638519368,1
"balanced","animals","Argentina",0.259249895217759,0.955263548755256,1
"all_male","animals","Argentina",0.597252272420635,0.00712401218300652,0
"quota","animals","Argentina",-0.409776630073261,-2.17877282189109,1
"balanced","animals","Argentina",1.12627790830783,-0.458093744740826,1
"balanced","animals","Argentina",0.259249895217759,-1.71355506496725,1
"all_male","animals","Argentina",-0.409776630073261,-0.458093744740826,1
"quota","animals","Argentina",0.597252272420635,-0.458093744740826,1
"quota","animals","Argentina",1.12627790830783,0.955263548755256,1
"balanced","animals","Argentina",-1.6658293896467,-0.61598971801048,0
"all_male","animals","Argentina",-0.658800487152802,-0.150771961086648,1
"quota","animals","Argentina",1.12627790830783,0.639471602215947,1
"all_male","animals","Argentina",-1.1368037537595,-0.458093744740826,1
"balanced","animals","Argentina",-1.38582761083904,-0.923311501664658,0
"quota","animals","Argentina",-0.518799597748975,-1.56412925458273,1
"all_male","animals","Argentina",-1.38582761083904,-1.87145103823691,0
"balanced","animals","Argentina",-0.409776630073261,-1.25680747092855,0
"quota","animals","Argentina",0.737253161824461,0.955263548755256,1
"all_male","animals","Argentina",0.259249895217759,-1.40623328131308,0
"quota","animals","Argentina",-1.1368037537595,-1.87145103823691,0
"quota","animals","Argentina",0.259249895217759,0.797367575485602,1
"balanced","animals","Argentina",-0.129774851265608,-0.458093744740826,0
"all_male","animals","Argentina",0.597252272420635,-0.458093744740826,0
"quota","animals","Argentina",0.737253161824461,0.481575628946293,0
"all_male","animals","Argentina",-1.77485235732241,-2.35437281788533,1
"quota","animals","Argentina",0.597252272420635,0.955263548755256,1
"all_male","animals","Argentina",-1.6658293896467,-1.87145103823691,0
"balanced","animals","Argentina",1.12627790830783,0.955263548755256,0
"quota","animals","Argentina",-2.64188037041248,-2.9583646727112,0
"all_male","animals","Argentina",-0.269775740669435,-0.150771961086648,0
"all_male","animals","Argentina",0.737253161824461,0.639471602215947,1
"balanced","animals","Argentina",-1.38582761083904,-2.51226879115498,1
"quota","animals","Argentina",0.208227525937268,0.955263548755256,0
"all_male","animals","Argentina",-1.52582850024287,-0.923311501664658,1
"quota","animals","Argentina",-0.269775740669435,0.481575628946293,1
"quota","animals","Argentina",-0.129774851265608,-1.56412925458273,0
"balanced","animals","Argentina",-0.658800487152802,-0.773885691280135,1
"balanced","animals","Argentina",1.12627790830783,0.955263548755256,0
"all_male","animals","Argentina",-0.269775740669435,-1.87145103823691,1
"balanced","animals","Argentina",1.12627790830783,0.955263548755256,1
"all_male","animals","Argentina",-0.409776630073261,-0.466563907625957,1
"quota","animals","Argentina",0.597252272420635,0.955263548755256,1
"balanced","animals","Argentina",0.737253161824461,0.955263548755256,0
"balanced","animals","Argentina",0.737253161824461,-0.61598971801048,0
"quota","animals","Argentina",-0.269775740669435,-0.458093744740826,0
"all_male","animals","Argentina",0.706275240096349,0.955263548755256,0
"balanced","animals","Argentina",1.12627790830783,0.955263548755256,0
"quota","animals","Argentina",-0.409776630073261,-1.23063328531884,0
"quota","animals","Argentina",-1.91485324672624,-0.458093744740826,1
"all_male","animals","Argentina",-0.269775740669435,-0.61598971801048,1
"balanced","animals","Argentina",1.12627790830783,0.797367575485602,1
"balanced","animals","Argentina",-0.269775740669435,-0.458093744740826,0
"all_male","animals","Argentina",0.208227525937268,0.955263548755256,0
"quota","animals","Argentina",-0.798801376556628,-0.458093744740826,1
"balanced","animals","Argentina",0.737253161824461,0.955263548755256,1
"all_male","animals","Argentina",-1.6658293896467,-0.458093744740826,1
"quota","animals","Argentina",1.12627790830783,0.955263548755256,0
"all_male","animals","Argentina",-2.53285740273677,-0.61598971801048,1
"balanced","animals","Argentina",0.737253161824461,-2.2049470075008,1
"quota","animals","Argentina",-0.129774851265608,0.639471602215947,0
"balanced","animals","Argentina",-0.0771028488716416,-0.281130913427424,1
"balanced","animals","Argentina",-0.409776630073261,-0.458093744740826,0
"quota","animals","Argentina",-0.269775740669435,-0.150771961086648,1
"balanced","animals","Argentina",1.12627790830783,-0.150771961086648,0
"all_male","animals","Argentina",1.12627790830783,0.955263548755256,1
"quota","animals","Argentina",0.737253161824461,0.647941765101078,1
"all_male","animals","Argentina",-1.38582761083904,0.174253845292115,0
"all_male","animals","Argentina",-0.658800487152802,0.797367575485602,1
"quota","animals","Argentina",-0.269775740669435,0.797367575485602,1
"all_male","animals","Argentina",1.12627790830783,0.481575628946293,0
"balanced","animals","Argentina",-0.409776630073261,0.332149818561769,1
"all_male","animals","Argentina",1.12627790830783,0.955263548755256,1
"quota","animals","Argentina",1.12627790830783,0.955263548755256,0
"balanced","animals","Argentina",1.12627790830783,-0.150771961086648,0
"all_male","animals","Argentina",0.737253161824461,0.481575628946293,0
"balanced","animals","Argentina",-0.269775740669435,0.490045791831424,1
"all_male","animals","Argentina",-2.00383176684957,0.797367575485602,1
"quota","animals","Argentina",-0.409776630073261,0.490045791831424,0
"balanced","animals","Argentina",-0.129774851265608,0.639471602215947,1
"all_male","animals","Argentina",-1.38582761083904,-1.56412925458273,0
"quota","animals","Argentina",-0.269775740669435,0.955263548755256,1
"balanced","animals","Argentina",0.597252272420635,0.797367575485602,1
"balanced","animals","Argentina",0.259249895217759,0.797367575485602,1
"all_male","animals","Argentina",0.348228415341094,0.955263548755256,1
"quota","animals","Argentina",1.12627790830783,0.955263548755256,1
"balanced","animals","Argentina",1.12627790830783,0.955263548755256,0
"all_male","animals","Argentina",-1.52582850024287,0.481575628946293,0
"balanced","animals","Argentina",-0.658800487152802,-0.458093744740826,1
"quota","animals","Argentina",1.12627790830783,0.955263548755256,1
"quota","animals","Argentina",0.259249895217759,0.647941765101078,1
"balanced","animals","Argentina",0.597252272420635,-0.458093744740826,1
"quota","animals","Argentina",0.348228415341094,0.797367575485602,1
"all_male","animals","Argentina",-0.269775740669435,-2.04705103423115,0
"balanced","animals","Argentina",0.259249895217759,0.490045791831424,0
"quota","animals","Argentina",-0.160752772993721,-0.458093744740826,0
"quota","animals","Argentina",0.457251383016808,0.647941765101078,1
"all_male","animals","Argentina",0.737253161824461,0.481575628946293,0
"balanced","animals","Argentina",0.259249895217759,0.955263548755256,1
"all_male","animals","Argentina",0.597252272420635,0.955263548755256,1
"balanced","animals","Argentina",-0.269775740669435,0.797367575485602,1
"all_male","animals","Argentina",-1.27680464316333,-0.923311501664658,0
"balanced","animals","Argentina",1.12627790830783,0.955263548755256,1
"quota","animals","Argentina",1.12627790830783,0.955263548755256,1
"all_male","animals","Argentina",0.119249005813932,0.647941765101078,0
"all_male","animals","Argentina",-3.06188303862396,0.955263548755256,1
"balanced","animals","Argentina",1.12627790830783,-2.04705103423115,1
"balanced","animals","Argentina",-0.996802864355678,0.647941765101078,0
"all_male","animals","Argentina",-3.06188303862396,-3.12691235846334,0
"quota","animals","Argentina",1.12627790830783,0.955263548755256,1
"quota","animals","Argentina",1.12627790830783,0.797367575485602,0
"all_male","animals","Argentina",0.119249005813932,-0.458093744740826,0
"quota","animals","Argentina",-1.6658293896467,-1.71355506496725,0
"balanced","animals","Argentina",1.12627790830783,0.481575628946293,1
"all_male","animals","Argentina",1.12627790830783,0.955263548755256,0
"all_male","animals","Argentina",-2.64188037041248,-3.28480833173299,0
"all_male","animals","Argentina",-1.91485324672624,-1.71355506496725,0
"quota","animals","Argentina",0.259249895217759,-0.458093744740826,0
"balanced","animals","Argentina",1.12627790830783,-2.36284298077046,0
"balanced","animals","Argentina",1.12627790830783,0.955263548755256,0
"quota","animals","Argentina",1.12627790830783,0.955263548755256,0
"balanced","animals","Argentina",-0.129774851265608,-0.458093744740826,1
"quota","animals","Argentina",-0.409776630073261,0.955263548755256,1
"all_male","animals","Argentina",0.457251383016808,0.955263548755256,1
"all_male","animals","Argentina",-0.269775740669435,-0.300197771471171,0
"balanced","animals","Argentina",0.706275240096349,0.955263548755256,0
"all_male","animals","Argentina",-0.269775740669435,0.955263548755256,1
"quota","animals","Argentina",-0.129774851265608,-0.458093744740826,1
"balanced","animals","Argentina",-0.907824344232342,0.797367575485602,0
"all_male","animals","Argentina",-0.129774851265608,-0.458093744740826,0
"balanced","animals","Argentina",1.12627790830783,0.955263548755256,0
"all_male","animals","Argentina",-0.658800487152802,-0.458093744740826,1
"quota","animals","Argentina",1.12627790830783,-0.150771961086648,1
"balanced","animals","Argentina",1.12627790830783,0.955263548755256,1
"quota","animals","Argentina",0.259249895217759,-0.458093744740826,0
"quota","animals","Argentina",-0.409776630073261,0.490045791831424,0
"all_male","animals","Argentina",-0.409776630073261,-0.458093744740826,0
"balanced","animals","Argentina",0.259249895217759,-0.300197771471171,1
"balanced","animals","Argentina",0.259249895217759,0.797367575485602,1
"all_male","animals","Argentina",1.12627790830783,0.955263548755256,1
"balanced","animals","Argentina",-0.996802864355678,0.797367575485602,0
"quota","animals","Argentina",-0.269775740669435,-0.458093744740826,1
"quota","animals","Argentina",-2.64188037041248,-3.28480833173299,0
"all_male","animals","Argentina",-0.129774851265608,-0.458093744740826,0
"balanced","animals","Argentina",0.259249895217759,-0.458093744740826,1
"quota","animals","Argentina",-0.129774851265608,-2.96901638519368,1
"all_male","animals","Argentina",-0.409776630073261,-0.61598971801048,0
"balanced","animals","Argentina",-0.269775740669435,0.797367575485602,1
"all_male","animals","Argentina",-0.658800487152802,-0.61598971801048,0
"balanced","animals","Argentina",1.12627790830783,0.955263548755256,1
"quota","animals","Argentina",-0.518799597748975,-1.07273731204918,0
"quota","animals","Argentina",-0.269775740669435,0.797367575485602,1
"quota","animals","Argentina",-0.658800487152802,-0.458093744740826,0
"balanced","animals","Argentina",-0.129774851265608,-0.458093744740826,0
"all_male","animals","Argentina",0.348228415341094,0.797367575485602,1
"all_male","animals","Argentina",-0.409776630073261,-0.458093744740826,1
"quota","animals","Argentina",0.737253161824461,-0.458093744740826,1
"all_male","animals","Argentina",-0.269775740669435,-0.150771961086648,0
"quota","animals","Argentina",-0.518799597748975,-0.61598971801048,0
"balanced","animals","Argentina",-0.269775740669435,-0.458093744740826,0
"balanced","animals","Argentina",1.12627790830783,0.797367575485602,1
"all_male","animals","Argentina",-0.409776630073261,-0.458093744740826,0
"quota","animals","Argentina",1.12627790830783,-0.458093744740826,0
"all_male","animals","Argentina",-0.269775740669435,0.647941765101078,0
"quota","animals","Argentina",0.706275240096349,0.955263548755256,1
"balanced","animals","Argentina",-0.129774851265608,-1.71355506496725,0
"balanced","animals","Argentina",-1.52582850024287,-0.61598971801048,0
"all_male","animals","Argentina",0.737253161824461,-0.458093744740826,1
"balanced","animals","Argentina",-0.409776630073261,-0.458093744740826,0
"quota","animals","Argentina",0.597252272420635,0.490045791831424,0
"all_male","animals","Argentina",-1.1368037537595,-0.61598971801048,1
"all_male","animals","Argentina",-1.38582761083904,-0.61598971801048,0
"balanced","animals","Argentina",0.737253161824461,0.797367575485602,0
"all_male","animals","Argentina",-0.269775740669435,-0.458093744740826,0
"quota","animals","Argentina",-0.269775740669435,0.490045791831424,0
"balanced","animals","Argentina",-0.409776630073261,0.797367575485602,0
"balanced","animals","Argentina",1.12627790830783,0.955263548755256,0
"quota","animals","Argentina",-0.129774851265608,0.797367575485602,0
"all_male","animals","Argentina",-1.27680464316333,-1.71355506496725,1
"quota","animals","Argentina",1.12627790830783,0.797367575485602,1
"balanced","animals","Argentina",0.259249895217759,-0.150771961086648,1
"quota","animals","Argentina",0.259249895217759,-0.458093744740826,0
"balanced","animals","Argentina",1.12627790830783,0.955263548755256,0
"balanced","animals","Argentina",0.737253161824461,-0.458093744740826,1
"quota","animals","Argentina",0.638919203790821,0.797367575485602,1
"quota","animals","Argentina",-2.53285740273677,-2.02934701150656,0
"balanced","animals","Argentina",1.12627790830783,-0.458093744740826,0
"balanced","animals","Argentina",1.12627790830783,0.797367575485602,0
"quota","animals","Argentina",1.12627790830783,0.955263548755256,0
"balanced","animals","Argentina",0.737253161824461,0.955263548755256,0
"all_male","animals","Argentina",0.737253161824461,0.647941765101078,0
"quota","animals","Argentina",1.12627790830783,0.639471602215947,0
"balanced","animals","Argentina",-0.269775740669435,0.332149818561769,0
"all_male","animals","Argentina",1.12627790830783,0.647941765101078,0
"quota","animals","Argentina",-0.658800487152802,-0.458093744740826,0
"quota","animals","Argentina",-0.798801376556628,-0.458093744740826,0
"all_male","animals","Argentina",-0.907824344232342,-0.458093744740826,0
"balanced","animals","Argentina",1.12627790830783,0.955263548755256,0
"all_male","animals","Argentina",-1.1368037537595,0.955263548755256,0
"balanced","animals","Argentina",-0.269775740669435,0.955263548755256,0
"quota","animals","Argentina",-0.269775740669435,0.639471602215947,0
"all_male","animals","Argentina",-1.1368037537595,-1.71355506496725,0
"balanced","animals","Argentina",0.597252272420635,-0.458093744740826,0
"balanced","animals","Argentina",1.12627790830783,0.955263548755256,0
"all_male","animals","Argentina",-0.747779007276137,0.955263548755256,0
"quota","animals","Argentina",1.12627790830783,0.955263548755256,0
"balanced","animals","Argentina",0.706275240096349,0.955263548755256,0
"quota","animals","Argentina",-0.409776630073261,-1.56412925458273,0
"quota","animals","Argentina",0.119249005813932,-0.458093744740826,0
"all_male","animals","Argentina",-0.658800487152802,-1.24833730804342,0
"balanced","animals","Argentina",-0.996802864355678,0.797367575485602,0
"all_male","animals","Argentina",-1.52582850024287,-0.458093744740826,0
"quota","animals","Argentina",-0.269775740669435,-0.458093744740826,0
"quota","animals","Argentina",-0.269775740669435,0.797367575485602,0
"all_male","animals","Argentina",1.12627790830783,0.955263548755256,0
"balanced","animals","Argentina",0.259249895217759,0.955263548755256,0
"quota","animals","Argentina",-0.518799597748975,0.00712401218300652,0
"all_male","animals","Argentina",1.12627790830783,0.955263548755256,0
"balanced","animals","Argentina",0.737253161824461,0.955263548755256,0
"quota","animals","Argentina",1.12627790830783,0.955263548755256,0
"all_male","animals","Argentina",1.12627790830783,0.955263548755256,0
"quota","animals","Argentina",-2.92188214922013,-0.458093744740826,0
"all_male","animals","Argentina",-1.52582850024287,-1.87145103823691,0
"quota","animals","Argentina",1.12627790830783,0.639471602215947,0
"balanced","animals","Argentina",-0.658800487152802,-0.458093744740826,0
"balanced","animals","Argentina",-0.658800487152802,0.490045791831424,0
"all_male","animals","Argentina",-3.06188303862396,-1.87145103823691,0
"balanced","animals","Argentina",0.259249895217759,-0.458093744740826,0
"balanced","animals","Argentina",-2.64188037041248,-2.97748654807881,0
"quota","animals","Argentina",0.259249895217759,0.955263548755256,0
"all_male","animals","Argentina",-2.67285829214059,0.481575628946293,0
"quota","animals","Argentina",-1.27680464316333,-0.765415528395004,0
"balanced","animals","Argentina",1.12627790830783,0.955263548755256,0
"all_male","animals","Argentina",1.12627790830783,0.955263548755256,0
"quota","animals","Argentina",-0.129774851265608,-0.458093744740826,0
"all_male","animals","Argentina",0.457251383016808,0.647941765101078,0
"balanced","animals","Argentina",-0.269775740669435,-0.458093744740826,0
"all_male","animals","Argentina",0.706275240096349,0.955263548755256,0
"balanced","animals","Argentina",0.737253161824461,0.797367575485602,0
"quota","animals","Argentina",0.259249895217759,-0.458093744740826,0
"all_male","animals","Argentina",-1.52582850024287,-0.308667934356302,0
"quota","animals","Argentina",0.259249895217759,0.490045791831424,0
"quota","animals","Argentina",1.12627790830783,0.955263548755256,0
"quota","harassment","New Zealand",0.197066711839878,-0.0716833298368573,1
"all_male","harassment","New Zealand",0.197066711839878,-0.0716833298368573,1
"balanced","harassment","New Zealand",0.197066711839878,-0.0716833298368573,0
"balanced","harassment","New Zealand",0.197066711839878,-0.0716833298368573,1
"quota","harassment","New Zealand",1.20760526758729,0.694713073091161,0
"balanced","harassment","New Zealand",1.47925292975951,1.49460253145401,1
"all_male","harassment","New Zealand",0.197066711839878,-0.0716833298368573,1
"balanced","harassment","New Zealand",0.197066711839878,-0.0716833298368573,1
"quota","harassment","New Zealand",-1.8524983546112,-3.2042550524186,0
"balanced","harassment","New Zealand",0.197066711839878,-0.0716833298368573,1
"quota","harassment","New Zealand",0.197066711839878,-0.0716833298368573,1
"quota","harassment","New Zealand",-1.25036323486616,-1.63796919112773,1
"all_male","harassment","New Zealand",1.64449665854592,1.49460253145401,0
"balanced","harassment","New Zealand",1.64449665854592,1.49460253145401,1
"balanced","harassment","New Zealand",0.197066711839878,-0.0716833298368573,0
"balanced","harassment","New Zealand",0.197066711839878,-0.0716833298368573,1
"all_male","harassment","New Zealand",-2.09565806182717,-0.838079732764875,1
"all_male","harassment","New Zealand",-0.405068407905155,-0.0716833298368573,1
"all_male","harassment","New Zealand",-1.68725462582479,-0.0716833298368573,1
"all_male","harassment","New Zealand",0.197066711839878,-0.0716833298368573,0
"quota","harassment","New Zealand",0.197066711839878,-0.0716833298368573,0
"quota","harassment","New Zealand",0.197066711839878,-1.63796919112773,1
"balanced","harassment","New Zealand",1.04236153880089,0.694713073091161,1
"all_male","harassment","New Zealand",-0.648228115121131,-0.0716833298368573,1
"quota","harassment","New Zealand",-1.08511950607976,-1.63796919112773,0
"balanced","harassment","New Zealand",0.197066711839878,-0.0716833298368573,1
"balanced","harassment","New Zealand",-0.648228115121131,0.728206128525993,1
"quota","harassment","New Zealand",0.0318229830534732,-0.0716833298368573,1
"balanced","harassment","New Zealand",1.14876547218671,0.728206128525993,1
"quota","harassment","New Zealand",0.197066711839878,-0.0716833298368573,0
"balanced","harassment","New Zealand",1.04236153880089,-0.0716833298368573,1
"all_male","harassment","New Zealand",-0.23982467911875,0.694713073091161,1
"all_male","harassment","New Zealand",0.362310440626283,-0.0716833298368573,0
"quota","harassment","New Zealand",0.0318229830534732,-1.60447613569289,1
"all_male","harassment","New Zealand",-1.08511950607976,-0.0716833298368573,1
"balanced","harassment","New Zealand",0.197066711839878,0.728206128525993,1
"quota","harassment","New Zealand",1.64449665854592,1.49460253145401,0
"all_male","harassment","New Zealand",-1.08511950607976,-0.0716833298368573,1
"balanced","harassment","New Zealand",0.633958102798506,-0.0716833298368573,1
"quota","harassment","New Zealand",0.0318229830534732,-0.871572788199708,1
"balanced","harassment","New Zealand",0.197066711839878,-0.0716833298368573,1
"quota","harassment","New Zealand",0.197066711839878,-0.0716833298368573,1
"quota","harassment","New Zealand",0.633958102798506,0.694713073091161,1
"balanced","harassment","New Zealand",0.633958102798506,1.49460253145401,0
"balanced","harassment","New Zealand",1.64449665854592,1.49460253145401,1
"balanced","harassment","New Zealand",0.197066711839878,0.694713073091161,0
"quota","harassment","New Zealand",0.197066711839878,-0.0716833298368573,1
"balanced","harassment","New Zealand",-1.08511950607976,-0.838079732764875,1
"all_male","harassment","New Zealand",-0.648228115121131,-0.0716833298368573,1
"quota","harassment","New Zealand",0.197066711839878,-0.0716833298368573,1
"balanced","harassment","New Zealand",0.877117810014482,1.49460253145401,1
"quota","harassment","New Zealand",0.0318229830534732,-0.0716833298368573,1
"all_male","harassment","New Zealand",0.197066711839878,-0.0716833298368573,0
"all_male","harassment","New Zealand",-0.648228115121131,-0.0716833298368573,0
"balanced","harassment","New Zealand",0.197066711839878,-0.0716833298368573,1
"balanced","harassment","New Zealand",-0.23982467911875,-0.838079732764875,0
"balanced","harassment","New Zealand",0.197066711839878,-0.0716833298368573,1
"quota","harassment","New Zealand",0.197066711839878,-0.0716833298368573,1
"balanced","harassment","New Zealand",1.04236153880089,-0.0716833298368573,1
"balanced","harassment","New Zealand",1.04236153880089,0.694713073091161,1
"all_male","harassment","New Zealand",-0.23982467911875,-0.0716833298368573,1
"quota","harassment","New Zealand",-2.5325494527858,-1.63796919112773,0
"all_male","harassment","New Zealand",-1.25036323486616,0.728206128525993,1
"balanced","harassment","New Zealand",-0.813471843907536,-1.63796919112773,0
"all_male","harassment","New Zealand",0.0318229830534732,-0.871572788199708,0
"quota","harassment","New Zealand",-2.3673057239994,-3.2042550524186,0
"balanced","harassment","New Zealand",0.197066711839878,-0.0716833298368573,1
"all_male","harassment","New Zealand",-0.813471843907536,-2.43785864949058,0
"all_male","harassment","New Zealand",-1.76517060425436,-1.67146224656256,0
"balanced","harassment","New Zealand",-0.23982467911875,-2.43785864949058,0
"all_male","harassment","New Zealand",-0.23982467911875,-0.0716833298368573,1
"all_male","harassment","New Zealand",-1.93041433304077,-0.0716833298368573,1
"all_male","harassment","New Zealand",1.20760526758729,-0.838079732764875,0
"all_male","harassment","New Zealand",-0.919875777293354,-1.60447613569289,0
"quota","harassment","New Zealand",1.14876547218671,0.694713073091161,1
"quota","harassment","New Zealand",0.197066711839878,-0.0716833298368573,0
"quota","harassment","New Zealand",-1.49352294208214,0.728206128525993,0
"quota","harassment","New Zealand",0.197066711839878,-0.0716833298368573,1
"all_male","harassment","New Zealand",0.197066711839878,-1.63796919112773,0
"all_male","harassment","New Zealand",0.0318229830534732,0.728206128525993,0
"all_male","harassment","New Zealand",-2.20206199521299,-3.2042550524186,0
"balanced","harassment","New Zealand",0.303470645225696,-0.838079732764875,0
"quota","harassment","New Zealand",-2.3673057239994,-1.63796919112773,1
"balanced","harassment","New Zealand",1.20760526758729,1.49460253145401,0
"quota","harassment","New Zealand",0.197066711839878,0.694713073091161,1
"all_male","harassment","New Zealand",1.31400920097311,1.49460253145401,1
"quota","harassment","New Zealand",1.04236153880089,0.694713073091161,1
"quota","harassment","New Zealand",-0.23982467911875,-0.0716833298368573,0
"quota","harassment","New Zealand",1.64449665854592,1.49460253145401,1
"balanced","harassment","New Zealand",0.79920183158491,-0.0716833298368573,1
"all_male","harassment","New Zealand",1.64449665854592,1.49460253145401,1
"all_male","harassment","New Zealand",-1.93041433304077,-0.0716833298368573,0
"balanced","harassment","New Zealand",0.197066711839878,0.728206128525993,0
"balanced","harassment","New Zealand",-0.23982467911875,-0.0716833298368573,1
"quota","harassment","New Zealand",0.197066711839878,-0.0716833298368573,1
"all_male","harassment","New Zealand",0.197066711839878,-0.0716833298368573,0
"balanced","harassment","New Zealand",0.197066711839878,-0.0716833298368573,1
"all_male","harassment","New Zealand",0.197066711839878,-0.0716833298368573,0
"balanced","harassment","New Zealand",0.197066711839878,-0.0716833298368573,1
"balanced","harassment","New Zealand",1.64449665854592,1.49460253145401,1
"balanced","harassment","New Zealand",1.64449665854592,1.49460253145401,1
"all_male","harassment","New Zealand",-2.09565806182717,-3.2042550524186,1
"quota","harassment","New Zealand",0.197066711839878,-0.0716833298368573,1
"quota","harassment","New Zealand",0.197066711839878,1.49460253145401,1
"quota","harassment","New Zealand",0.197066711839878,-0.0716833298368573,1
"quota","harassment","New Zealand",0.197066711839878,-0.0716833298368573,1
"balanced","harassment","New Zealand",0.197066711839878,-0.0716833298368573,1
"all_male","harassment","New Zealand",-0.23982467911875,-0.0716833298368573,1
"balanced","harassment","New Zealand",1.64449665854592,0.728206128525993,1
"all_male","harassment","New Zealand",-1.25036323486616,-0.0716833298368573,1
"balanced","harassment","New Zealand",1.04236153880089,1.49460253145401,0
"balanced","harassment","New Zealand",1.64449665854592,1.49460253145401,0
"balanced","harassment","New Zealand",1.04236153880089,1.49460253145401,0
"all_male","harassment","New Zealand",1.04236153880089,1.49460253145401,1
"all_male","harassment","New Zealand",-2.09565806182717,-1.63796919112773,0
"balanced","harassment","New Zealand",0.362310440626283,-0.0716833298368573,1
"quota","harassment","New Zealand",0.197066711839878,-0.0716833298368573,1
"all_male","harassment","New Zealand",-1.08511950607976,-0.0716833298368573,1
"balanced","harassment","New Zealand",0.0318229830534732,-0.0716833298368573,1
"all_male","harassment","New Zealand",-1.8524983546112,-0.0716833298368573,0
"all_male","harassment","New Zealand",-1.08511950607976,-0.0716833298368573,1
"balanced","harassment","New Zealand",0.197066711839878,-0.0716833298368573,1
"all_male","harassment","New Zealand",-2.5325494527858,-2.43785864949058,1
"quota","harassment","New Zealand",0.362310440626283,-0.0716833298368573,1
"balanced","harassment","New Zealand",-0.648228115121131,-0.838079732764875,0
"quota","harassment","New Zealand",0.0318229830534732,-0.0716833298368573,1
"balanced","harassment","New Zealand",0.197066711839878,-0.0716833298368573,0
"all_male","harassment","New Zealand",-1.49352294208214,1.49460253145401,1
"quota","harassment","New Zealand",-0.570312136691559,1.49460253145401,0
"balanced","harassment","New Zealand",0.197066711839878,-0.0716833298368573,0
"balanced","harassment","New Zealand",0.197066711839878,-0.0716833298368573,1
"all_male","harassment","New Zealand",0.197066711839878,-0.0716833298368573,1
"quota","harassment","New Zealand",0.197066711839878,-0.0716833298368573,1
"all_male","harassment","New Zealand",-0.482984386334726,1.49460253145401,0
"quota","harassment","New Zealand",0.197066711839878,-0.0716833298368573,1
"quota","harassment","New Zealand",1.64449665854592,1.49460253145401,0
"all_male","harassment","New Zealand",0.0318229830534732,-0.838079732764875,1
"balanced","harassment","New Zealand",0.197066711839878,-0.0716833298368573,1
"balanced","harassment","New Zealand",0.197066711839878,-0.0716833298368573,1
"balanced","harassment","New Zealand",0.197066711839878,-0.838079732764875,1
"balanced","harassment","New Zealand",0.197066711839878,-0.0716833298368573,1
"quota","harassment","New Zealand",-1.8524983546112,-1.63796919112773,1
"all_male","harassment","New Zealand",-2.5325494527858,-0.0716833298368573,1
"all_male","harassment","New Zealand",-1.35676716825198,0.694713073091161,1
"all_male","harassment","New Zealand",1.04236153880089,-0.0716833298368573,1
"quota","harassment","New Zealand",0.362310440626283,-0.0716833298368573,1
"all_male","harassment","New Zealand",-1.25036323486616,-0.838079732764875,1
"quota","harassment","New Zealand",-0.23982467911875,-0.0716833298368573,1
"quota","harassment","New Zealand",1.64449665854592,1.49460253145401,1
"all_male","harassment","New Zealand",0.362310440626283,1.49460253145401,1
"balanced","harassment","New Zealand",0.362310440626283,-0.0716833298368573,1
"quota","harassment","New Zealand",0.197066711839878,-0.0716833298368573,1
"all_male","harassment","New Zealand",0.0318229830534732,-0.0716833298368573,1
"all_male","harassment","New Zealand",-1.68725462582479,-0.0716833298368573,1
"all_male","harassment","New Zealand",-2.5325494527858,-0.838079732764875,1
"balanced","harassment","New Zealand",0.197066711839878,-0.0716833298368573,0
"all_male","harassment","New Zealand",-0.813471843907536,-0.838079732764875,1
"balanced","harassment","New Zealand",1.14876547218671,-0.0716833298368573,1
"quota","harassment","New Zealand",0.333822485670036,-0.0716833298368573,0
"balanced","harassment","New Zealand",-0.676716070077378,-1.63796919112773,1
"quota","harassment","New Zealand",0.362310440626283,0.694713073091161,1
"all_male","harassment","New Zealand",-1.93041433304077,1.49460253145401,1
"balanced","harassment","New Zealand",0.877117810014482,-0.0716833298368573,0
"quota","harassment","New Zealand",0.197066711839878,-0.0716833298368573,0
"balanced","harassment","New Zealand",1.64449665854592,1.49460253145401,1
"balanced","harassment","New Zealand",0.197066711839878,-0.0716833298368573,1
"balanced","harassment","New Zealand",-2.20206199521299,-1.63796919112773,1
"balanced","harassment","New Zealand",1.64449665854592,1.49460253145401,1
"quota","harassment","New Zealand",0.197066711839878,-0.0716833298368573,0
"quota","harassment","New Zealand",1.64449665854592,1.49460253145401,1
"all_male","harassment","New Zealand",0.197066711839878,-0.0716833298368573,0
"all_male","harassment","New Zealand",0.197066711839878,-0.0716833298368573,1
"quota","harassment","New Zealand",1.64449665854592,1.49460253145401,1
"all_male","harassment","New Zealand",-0.405068407905155,-0.0716833298368573,0
"balanced","harassment","New Zealand",0.197066711839878,-0.0716833298368573,0
"balanced","harassment","New Zealand",-0.648228115121131,0.694713073091161,1
"balanced","harassment","New Zealand",1.20760526758729,1.49460253145401,1
"balanced","harassment","New Zealand",1.64449665854592,1.49460253145401,0
"balanced","harassment","New Zealand",1.47925292975951,1.49460253145401,1
"all_male","harassment","New Zealand",0.197066711839878,-0.0716833298368573,1
"quota","harassment","New Zealand",0.197066711839878,-0.0716833298368573,1
"all_male","harassment","New Zealand",0.197066711839878,-0.0716833298368573,1
"balanced","harassment","New Zealand",0.197066711839878,-0.0716833298368573,1
"balanced","harassment","New Zealand",0.197066711839878,0.694713073091161,1
"balanced","harassment","New Zealand",1.47925292975951,-0.0716833298368573,1
"quota","harassment","New Zealand",-1.25036323486616,-1.63796919112773,0
"quota","harassment","New Zealand",0.197066711839878,-0.0716833298368573,1
"quota","harassment","New Zealand",0.770713876628664,-0.838079732764875,0
"quota","harassment","New Zealand",-0.813471843907536,-0.0716833298368573,0
"balanced","harassment","New Zealand",1.20760526758729,0.728206128525993,1
"balanced","harassment","New Zealand",1.04236153880089,-0.0716833298368573,1
"quota","harassment","New Zealand",1.64449665854592,1.49460253145401,1
"quota","harassment","New Zealand",0.197066711839878,-0.0716833298368573,0
"balanced","harassment","New Zealand",0.197066711839878,-0.0716833298368573,1
"quota","harassment","New Zealand",1.04236153880089,-0.0716833298368573,0
"balanced","harassment","New Zealand",1.14876547218671,1.49460253145401,1
"balanced","harassment","New Zealand",1.20760526758729,0.728206128525993,1
"balanced","harassment","New Zealand",0.197066711839878,-0.0716833298368573,1
"balanced","harassment","New Zealand",0.633958102798506,0.694713073091161,0
"all_male","harassment","New Zealand",-0.648228115121131,-0.0716833298368573,1
"balanced","harassment","New Zealand",0.0318229830534732,-0.0716833298368573,1
"balanced","harassment","New Zealand",1.04236153880089,-0.0716833298368573,1
"all_male","harassment","New Zealand",-1.93041433304077,1.49460253145401,1
"all_male","harassment","New Zealand",-0.813471843907536,-0.0716833298368573,1
"balanced","harassment","New Zealand",-1.25036323486616,-0.871572788199708,0
"balanced","harassment","New Zealand",0.197066711839878,-0.0716833298368573,1
"quota","harassment","New Zealand",0.197066711839878,-0.0716833298368573,1
"balanced","harassment","New Zealand",-1.08511950607976,-0.0716833298368573,1
"all_male","harassment","New Zealand",-0.23982467911875,0.694713073091161,0
"quota","harassment","New Zealand",1.20760526758729,-0.0716833298368573,0
"quota","harassment","New Zealand",0.770713876628664,0.694713073091161,0
"quota","harassment","New Zealand",1.20760526758729,-0.0716833298368573,1
"quota","harassment","New Zealand",1.20760526758729,-0.0716833298368573,1
"quota","harassment","New Zealand",1.64449665854592,1.49460253145401,0
"balanced","harassment","New Zealand",0.197066711839878,-0.0716833298368573,0
"all_male","harassment","New Zealand",-0.23982467911875,-0.0716833298368573,1
"all_male","harassment","New Zealand",-2.09565806182717,-0.838079732764875,1
"all_male","harassment","New Zealand",-1.65876667086854,-0.0716833298368573,1
"all_male","harassment","New Zealand",-0.648228115121131,-1.63796919112773,0
"quota","harassment","New Zealand",1.20760526758729,1.49460253145401,1
"balanced","harassment","New Zealand",0.197066711839878,0.694713073091161,1
"balanced","harassment","New Zealand",0.197066711839878,1.49460253145401,0
"balanced","harassment","New Zealand",0.197066711839878,-0.0716833298368573,1
"quota","harassment","New Zealand",0.362310440626283,-0.0716833298368573,1
"all_male","harassment","New Zealand",0.197066711839878,-0.0716833298368573,1
"balanced","harassment","New Zealand",0.197066711839878,1.49460253145401,1
"all_male","harassment","New Zealand",0.197066711839878,-0.0716833298368573,0
"balanced","harassment","New Zealand",-1.08511950607976,-0.0716833298368573,1
"quota","harassment","New Zealand",0.197066711839878,-0.0716833298368573,1
"all_male","harassment","New Zealand",0.362310440626283,-0.0716833298368573,1
"all_male","harassment","New Zealand",-1.08511950607976,-0.0716833298368573,1
"balanced","harassment","New Zealand",-0.405068407905155,0.694713073091161,1
"quota","harassment","New Zealand",1.04236153880089,1.49460253145401,1
"all_male","harassment","New Zealand",-1.25036323486616,-0.838079732764875,0
"balanced","harassment","New Zealand",0.197066711839878,-0.0716833298368573,1
"all_male","harassment","New Zealand",-1.08511950607976,-0.0716833298368573,1
"all_male","harassment","New Zealand",-0.648228115121131,-0.0716833298368573,1
"quota","harassment","New Zealand",1.04236153880089,1.49460253145401,1
"all_male","harassment","New Zealand",-2.69779318157221,-2.40436559405574,0
"all_male","harassment","New Zealand",0.197066711839878,-0.0716833298368573,1
"balanced","harassment","New Zealand",0.197066711839878,-0.0716833298368573,1
"all_male","harassment","New Zealand",-2.69779318157221,-0.90506584363454,1
"all_male","harassment","New Zealand",-1.8524983546112,-1.63796919112773,1
"all_male","harassment","New Zealand",0.197066711839878,-0.838079732764875,1
"quota","harassment","New Zealand",1.47925292975951,1.49460253145401,1
"balanced","harassment","New Zealand",0.197066711839878,-0.0716833298368573,0
"balanced","harassment","New Zealand",0.197066711839878,-0.0716833298368573,1
"balanced","harassment","New Zealand",-0.23982467911875,-0.0716833298368573,0
"quota","harassment","New Zealand",1.20760526758729,1.49460253145401,1
"all_male","harassment","New Zealand",-2.09565806182717,-0.0716833298368573,1
"quota","harassment","New Zealand",0.197066711839878,-0.0716833298368573,1
"all_male","harassment","New Zealand",-2.09565806182717,-0.838079732764875,0
"balanced","harassment","New Zealand",0.197066711839878,1.49460253145401,0
"quota","harassment","New Zealand",0.362310440626283,-0.0716833298368573,0
"quota","harassment","New Zealand",1.64449665854592,1.49460253145401,1
"all_male","harassment","New Zealand",-0.23982467911875,0.728206128525993,1
"quota","harassment","New Zealand",-1.08511950607976,-0.0716833298368573,0
"quota","harassment","New Zealand",0.197066711839878,-0.0716833298368573,1
"all_male","harassment","New Zealand",-1.25036323486616,-1.63796919112773,1
"balanced","harassment","New Zealand",1.47925292975951,1.49460253145401,1
"balanced","harassment","New Zealand",0.197066711839878,-0.0716833298368573,1
"all_male","harassment","New Zealand",-1.25036323486616,-0.838079732764875,1
"balanced","harassment","New Zealand",0.0318229830534732,-0.0716833298368573,1
"quota","harassment","New Zealand",1.64449665854592,1.49460253145401,1
"quota","harassment","New Zealand",-0.405068407905155,-0.0716833298368573,1
"balanced","harassment","New Zealand",0.197066711839878,-0.0716833298368573,1
"balanced","harassment","New Zealand",-0.97871557269394,-1.63796919112773,0
"balanced","harassment","New Zealand",1.64449665854592,-0.0716833298368573,0
"quota","harassment","New Zealand",0.0318229830534732,-0.0716833298368573,1
"balanced","harassment","New Zealand",1.04236153880089,-0.90506584363454,1
"all_male","harassment","New Zealand",-1.25036323486616,-1.63796919112773,0
"all_male","harassment","New Zealand",-0.813471843907536,-1.63796919112773,1
"quota","harassment","New Zealand",1.04236153880089,-0.0716833298368573,1
"all_male","harassment","New Zealand",-0.23982467911875,-0.0716833298368573,1
"all_male","harassment","New Zealand",-1.25036323486616,-0.838079732764875,0
"balanced","harassment","New Zealand",0.197066711839878,-0.0716833298368573,1
"all_male","harassment","New Zealand",1.04236153880089,-0.0716833298368573,1
"balanced","harassment","New Zealand",0.197066711839878,-0.0716833298368573,1
"all_male","harassment","New Zealand",-2.69779318157221,-3.2042550524186,0
"quota","harassment","New Zealand",0.0318229830534732,-0.0716833298368573,1
"quota","harassment","New Zealand",1.14876547218671,1.49460253145401,0
"quota","harassment","New Zealand",-0.405068407905155,0.694713073091161,1
"all_male","harassment","New Zealand",-2.20206199521299,-3.2042550524186,0
"quota","harassment","New Zealand",-1.08511950607976,-0.0716833298368573,1
"all_male","harassment","New Zealand",0.0318229830534732,-0.0716833298368573,1
"balanced","harassment","New Zealand",1.64449665854592,1.49460253145401,0
"balanced","harassment","New Zealand",0.0318229830534732,-0.871572788199708,1
"balanced","harassment","New Zealand",1.64449665854592,1.49460253145401,1
"balanced","harassment","New Zealand",0.197066711839878,-0.0716833298368573,1
"all_male","harassment","New Zealand",0.303470645225696,1.49460253145401,0
"quota","harassment","New Zealand",-0.648228115121131,-0.0716833298368573,1
"all_male","harassment","New Zealand",0.197066711839878,-0.0716833298368573,1
"quota","harassment","New Zealand",0.197066711839878,1.49460253145401,1
"balanced","harassment","New Zealand",0.197066711839878,-0.0716833298368573,0
"quota","harassment","New Zealand",0.0318229830534732,-0.0716833298368573,0
"quota","harassment","New Zealand",0.197066711839878,-0.0716833298368573,1
"balanced","harassment","New Zealand",1.04236153880089,-0.0716833298368573,0
"quota","harassment","New Zealand",-1.25036323486616,-1.63796919112773,1
"all_male","harassment","New Zealand",-1.08511950607976,0.728206128525993,0
"balanced","harassment","New Zealand",0.197066711839878,1.49460253145401,1
"quota","harassment","New Zealand",-1.08511950607976,-0.838079732764875,1
"quota","harassment","New Zealand",0.197066711839878,-0.0716833298368573,0
"quota","harassment","New Zealand",0.197066711839878,1.49460253145401,1
"all_male","harassment","New Zealand",0.877117810014482,0.694713073091161,1
"all_male","harassment","New Zealand",-0.813471843907536,-1.63796919112773,1
"quota","harassment","New Zealand",1.20760526758729,-0.0716833298368573,1
"quota","harassment","New Zealand",1.20760526758729,-0.0716833298368573,1
"quota","harassment","New Zealand",1.64449665854592,1.49460253145401,1
"all_male","harassment","New Zealand",1.64449665854592,1.49460253145401,0
"all_male","harassment","New Zealand",1.31400920097311,1.49460253145401,0
"balanced","harassment","New Zealand",0.197066711839878,1.49460253145401,0
"balanced","harassment","New Zealand",0.362310440626283,0.728206128525993,1
"balanced","harassment","New Zealand",0.362310440626283,-0.0716833298368573,0
"all_male","harassment","New Zealand",-0.648228115121131,1.49460253145401,1
"quota","harassment","New Zealand",0.197066711839878,-0.0716833298368573,0
"quota","harassment","New Zealand",1.64449665854592,1.49460253145401,1
"quota","harassment","New Zealand",0.770713876628664,1.49460253145401,0
"all_male","harassment","New Zealand",-1.52201089703839,-1.63796919112773,1
"quota","harassment","New Zealand",0.197066711839878,-0.0716833298368573,1
"quota","harassment","New Zealand",0.197066711839878,-0.0716833298368573,0
"quota","harassment","New Zealand",0.197066711839878,0.694713073091161,1
"balanced","harassment","New Zealand",0.197066711839878,-0.0716833298368573,0
"balanced","harassment","New Zealand",0.197066711839878,-0.0716833298368573,1
"quota","harassment","New Zealand",1.47925292975951,1.49460253145401,1
"balanced","harassment","New Zealand",0.197066711839878,-0.0716833298368573,0
"quota","harassment","New Zealand",1.47925292975951,0.694713073091161,1
"all_male","harassment","New Zealand",-2.3673057239994,-1.63796919112773,1
"all_male","harassment","New Zealand",-2.69779318157221,-1.63796919112773,1
"quota","harassment","New Zealand",1.64449665854592,1.49460253145401,1
"all_male","harassment","New Zealand",-0.813471843907536,-0.0716833298368573,0
"balanced","harassment","New Zealand",0.362310440626283,-0.0716833298368573,1
"quota","harassment","New Zealand",-1.08511950607976,-0.0716833298368573,1
"quota","harassment","New Zealand",0.197066711839878,-0.0716833298368573,1
"all_male","harassment","New Zealand",-2.26090179061358,-1.63796919112773,1
"balanced","harassment","New Zealand",1.64449665854592,1.49460253145401,1
"all_male","harassment","New Zealand",0.362310440626283,-0.0716833298368573,0
"quota","harassment","New Zealand",1.64449665854592,-0.0716833298368573,0
"all_male","harassment","New Zealand",-1.08511950607976,-1.67146224656256,1
"quota","harassment","New Zealand",0.197066711839878,-0.0716833298368573,1
"all_male","harassment","New Zealand",-0.23982467911875,1.49460253145401,1
"quota","harassment","New Zealand",-0.376580452948908,-0.0716833298368573,0
"quota","harassment","New Zealand",1.04236153880089,-0.0716833298368573,0
"balanced","harassment","New Zealand",0.197066711839878,-0.0716833298368573,1
"all_male","harassment","New Zealand",1.04236153880089,1.49460253145401,1
"balanced","harassment","New Zealand",0.197066711839878,-0.0716833298368573,1
"balanced","harassment","New Zealand",0.197066711839878,-0.0716833298368573,1
"all_male","harassment","New Zealand",-2.09565806182717,-1.60447613569289,1
"quota","harassment","New Zealand",-0.23982467911875,-0.0716833298368573,1
"balanced","harassment","New Zealand",0.197066711839878,-0.0716833298368573,1
"quota","harassment","New Zealand",-0.23982467911875,-1.63796919112773,0
"all_male","harassment","New Zealand",1.20760526758729,1.49460253145401,0
"all_male","harassment","New Zealand",1.20760526758729,1.49460253145401,0
"balanced","harassment","New Zealand",0.197066711839878,-0.0716833298368573,1
"balanced","harassment","New Zealand",0.362310440626283,0.694713073091161,1
"balanced","harassment","New Zealand",0.197066711839878,-0.0716833298368573,0
"all_male","harassment","New Zealand",0.197066711839878,-0.0716833298368573,1
"all_male","harassment","New Zealand",-1.25036323486616,-0.838079732764875,1
"balanced","harassment","New Zealand",0.197066711839878,-0.0716833298368573,0
"all_male","harassment","New Zealand",-0.648228115121131,-0.0716833298368573,0
"all_male","harassment","New Zealand",-0.648228115121131,-0.0716833298368573,1
"quota","harassment","New Zealand",0.0318229830534732,-0.0716833298368573,1
"quota","harassment","New Zealand",-1.52201089703839,-3.2042550524186,1
"all_male","harassment","New Zealand",0.0318229830534732,-0.0716833298368573,0
"all_male","harassment","New Zealand",-0.97871557269394,-1.63796919112773,0
"all_male","harassment","New Zealand",0.197066711839878,0.728206128525993,0
"all_male","harassment","New Zealand",-1.25036323486616,-1.63796919112773,1
"all_male","harassment","New Zealand",-0.23982467911875,-1.63796919112773,0
"all_male","harassment","New Zealand",-2.69779318157221,-3.2042550524186,1
"all_male","harassment","New Zealand",-0.919875777293354,1.49460253145401,1
"quota","harassment","New Zealand",0.197066711839878,-0.0716833298368573,1
"all_male","harassment","New Zealand",-0.405068407905155,-0.0716833298368573,0
"balanced","harassment","New Zealand",1.64449665854592,1.49460253145401,1
"quota","harassment","New Zealand",0.362310440626283,-0.0716833298368573,1
"quota","harassment","New Zealand",0.362310440626283,-0.0716833298368573,1
"quota","harassment","New Zealand",-0.23982467911875,-0.871572788199708,1
"all_male","harassment","New Zealand",-1.25036323486616,-1.63796919112773,1
"quota","harassment","New Zealand",0.197066711839878,1.49460253145401,1
"quota","harassment","New Zealand",0.0318229830534732,-0.871572788199708,0
"quota","harassment","New Zealand",1.64449665854592,1.49460253145401,0
"quota","harassment","New Zealand",0.197066711839878,-0.0716833298368573,1
"balanced","harassment","New Zealand",0.0318229830534732,-0.0716833298368573,1
"balanced","harassment","New Zealand",0.197066711839878,-0.0716833298368573,1
"quota","harassment","New Zealand",0.362310440626283,0.728206128525993,1
"all_male","harassment","New Zealand",-2.5325494527858,-0.0716833298368573,1
"all_male","harassment","New Zealand",-2.69779318157221,-1.63796919112773,1
"all_male","harassment","New Zealand",-1.25036323486616,1.49460253145401,0
"balanced","harassment","New Zealand",0.197066711839878,-0.0716833298368573,1
"all_male","harassment","New Zealand",-0.841959798863783,-0.0716833298368573,1
"balanced","harassment","New Zealand",0.197066711839878,-0.838079732764875,0
"balanced","harassment","New Zealand",1.04236153880089,-0.0716833298368573,1
"all_male","harassment","New Zealand",-0.405068407905155,1.49460253145401,1
"balanced","harassment","New Zealand",-1.25036323486616,-1.63796919112773,1
"quota","harassment","New Zealand",0.197066711839878,-0.0716833298368573,1
"balanced","harassment","New Zealand",1.04236153880089,1.49460253145401,1
"quota","harassment","New Zealand",0.197066711839878,-0.0716833298368573,0
"balanced","harassment","New Zealand",1.04236153880089,0.694713073091161,1
"balanced","harassment","New Zealand",0.197066711839878,-0.0716833298368573,1
"quota","harassment","New Zealand",0.633958102798506,1.49460253145401,0
"all_male","harassment","New Zealand",0.197066711839878,-0.0716833298368573,1
"balanced","harassment","New Zealand",0.197066711839878,-0.0716833298368573,1
"balanced","harassment","New Zealand",1.47925292975951,1.49460253145401,1
"quota","harassment","New Zealand",0.197066711839878,-0.0716833298368573,1
"quota","harassment","New Zealand",0.197066711839878,-0.871572788199708,1
"all_male","harassment","New Zealand",-1.25036323486616,-0.0716833298368573,0
"all_male","harassment","New Zealand",-0.648228115121131,1.49460253145401,NA
"all_male","harassment","New Zealand",-1.08511950607976,1.49460253145401,1
"balanced","harassment","New Zealand",0.197066711839878,-0.804586677330043,1
"balanced","harassment","New Zealand",0.197066711839878,-0.0716833298368573,1
"balanced","harassment","New Zealand",0.197066711839878,-0.0716833298368573,1
"quota","harassment","New Zealand",0.197066711839878,-0.0716833298368573,1
"all_male","harassment","New Zealand",-2.20206199521299,-0.0716833298368573,1
"all_male","harassment","New Zealand",0.197066711839878,-0.0716833298368573,1
"quota","harassment","New Zealand",0.0318229830534732,-0.0716833298368573,1
"balanced","harassment","New Zealand",-1.08511950607976,-2.43785864949058,1
"quota","harassment","New Zealand",1.64449665854592,1.49460253145401,1
"balanced","harassment","New Zealand",0.0318229830534732,-0.0716833298368573,0
"all_male","harassment","New Zealand",0.0318229830534732,0.694713073091161,0
"all_male","harassment","New Zealand",0.877117810014482,0.728206128525993,0
"balanced","harassment","New Zealand",0.303470645225696,0.694713073091161,0
"quota","harassment","New Zealand",-0.23982467911875,0.694713073091161,1
"all_male","harassment","New Zealand",0.197066711839878,-0.0716833298368573,1
"balanced","harassment","New Zealand",0.197066711839878,-0.871572788199708,1
"all_male","harassment","New Zealand",0.605470147842259,-0.0716833298368573,1
"quota","harassment","New Zealand",0.197066711839878,-0.0716833298368573,0
"all_male","harassment","New Zealand",-1.93041433304077,-0.10517638527169,0
"balanced","harassment","New Zealand",-0.813471843907536,-1.63796919112773,1
"quota","harassment","New Zealand",0.197066711839878,-0.0716833298368573,1
"quota","harassment","New Zealand",1.04236153880089,-0.0716833298368573,1
"all_male","harassment","New Zealand",-0.23982467911875,-0.0716833298368573,1
"quota","harassment","New Zealand",-0.813471843907536,-1.63796919112773,0
"balanced","harassment","New Zealand",0.197066711839878,-0.0716833298368573,0
"quota","harassment","New Zealand",0.362310440626283,1.49460253145401,0
"all_male","harassment","New Zealand",-0.23982467911875,-0.0716833298368573,0
"all_male","harassment","New Zealand",1.47925292975951,-0.0716833298368573,0
"balanced","harassment","New Zealand",0.0318229830534732,-1.63796919112773,1
"balanced","harassment","New Zealand",0.362310440626283,-0.0716833298368573,0
"balanced","harassment","New Zealand",1.20760526758729,1.49460253145401,0
"balanced","harassment","New Zealand",-0.23982467911875,-0.0716833298368573,0
"all_male","harassment","New Zealand",-1.32827921329574,-1.63796919112773,0
"quota","harassment","New Zealand",-0.405068407905155,-0.0716833298368573,0
"balanced","harassment","New Zealand",0.00333502809722663,-0.871572788199708,0
"quota","harassment","New Zealand",0.197066711839878,-0.0716833298368573,0
"quota","harassment","New Zealand",0.362310440626283,-0.0716833298368573,0
"balanced","harassment","New Zealand",0.362310440626283,-0.0716833298368573,0
"balanced","harassment","New Zealand",1.04236153880089,1.49460253145401,0
"all_male","harassment","New Zealand",0.303470645225696,-0.0716833298368573,0
"all_male","harassment","New Zealand",1.20760526758729,-0.0716833298368573,0
"quota","harassment","New Zealand",0.197066711839878,-0.0716833298368573,0
"all_male","harassment","New Zealand",-1.25036323486616,-1.63796919112773,0
"quota","harassment","New Zealand",-1.41560696365257,-2.40436559405574,0
"balanced","harassment","New Zealand",-0.23982467911875,-0.0716833298368573,0
"quota","harassment","New Zealand",1.64449665854592,1.49460253145401,0
"all_male","harassment","New Zealand",0.197066711839878,-0.0716833298368573,0
"all_male","harassment","New Zealand",0.0318229830534732,-0.0716833298368573,0
"all_male","harassment","New Zealand",1.64449665854592,-0.0716833298368573,0
"all_male","harassment","New Zealand",0.197066711839878,-0.0716833298368573,0
"quota","harassment","New Zealand",0.197066711839878,1.49460253145401,0
"balanced","harassment","New Zealand",0.333822485670036,-0.0716833298368573,0
"all_male","harassment","New Zealand",-0.405068407905155,-2.40436559405574,0
"quota","harassment","New Zealand",-0.23982467911875,-1.63796919112773,0
"balanced","harassment","New Zealand",0.468714374012101,1.49460253145401,1
"balanced","harassment","New Zealand",0.197066711839878,-0.0716833298368573,0
"all_male","harassment","New Zealand",-0.133420745732931,-0.871572788199708,0
"all_male","harassment","New Zealand",-0.405068407905155,-0.0716833298368573,0
"quota","harassment","New Zealand",-0.841959798863783,-1.63796919112773,0
"all_male","harassment","New Zealand",-2.69779318157221,-0.0716833298368573,0
"all_male","harassment","New Zealand",-0.841959798863783,-0.0716833298368573,0
"all_male","harassment","New Zealand",-0.648228115121131,-0.0716833298368573,0
"all_male","harassment","New Zealand",-0.919875777293354,1.49460253145401,0
"balanced","harassment","New Zealand",-1.08511950607976,-2.40436559405574,0
"balanced","harassment","New Zealand",0.197066711839878,-0.0716833298368573,0
"quota","harassment","New Zealand",0.197066711839878,-0.0716833298368573,0
"quota","harassment","New Zealand",-0.405068407905155,0.694713073091161,0
"quota","harassment","New Zealand",0.197066711839878,-0.0716833298368573,0
"quota","harassment","New Zealand",0.197066711839878,-0.0716833298368573,0
"quota","harassment","New Zealand",0.197066711839878,-0.0716833298368573,0
"all_male","harassment","New Zealand",1.64449665854592,1.49460253145401,0
"balanced","harassment","New Zealand",0.197066711839878,-0.871572788199708,0
"balanced","harassment","New Zealand",0.197066711839878,-0.0716833298368573,0
"quota","harassment","New Zealand",0.197066711839878,1.49460253145401,0
"balanced","harassment","New Zealand",1.64449665854592,1.49460253145401,0
"balanced","harassment","New Zealand",0.197066711839878,-0.0716833298368573,0
"quota","harassment","New Zealand",0.197066711839878,-0.0716833298368573,0
"balanced","harassment","New Zealand",0.197066711839878,-0.871572788199708,0
"quota","harassment","New Zealand",1.36738630117988e-16,7.79205541864363e-17,0
"quota","harassment","New Zealand",0.79920183158491,-0.0716833298368573,0
"all_male","harassment","New Zealand",0.197066711839878,1.49460253145401,0
"quota","harassment","New Zealand",1.64449665854592,1.49460253145401,1
"quota","harassment","New Zealand",-0.23982467911875,-0.0716833298368573,0
"all_male","harassment","New Zealand",-1.25036323486616,-0.0716833298368573,0
"quota","harassment","New Zealand",-0.648228115121131,-0.0716833298368573,0
"all_male","harassment","New Zealand",0.633958102798506,-0.0716833298368573,0
"quota","harassment","New Zealand",1.04236153880089,-0.0716833298368573,0
"all_male","harassment","New Zealand",-1.25036323486616,-0.0716833298368573,0
"all_male","harassment","New Zealand",-1.08511950607976,1.49460253145401,1
"all_male","harassment","New Zealand",1.64449665854592,0.728206128525993,0
"all_male","harassment","New Zealand",-2.3673057239994,-0.0716833298368573,0
"all_male","harassment","New Zealand",-1.08511950607976,-0.0716833298368573,0
"balanced","harassment","New Zealand",0.0318229830534732,-0.0716833298368573,0
"balanced","harassment","New Zealand",-0.813471843907536,-0.871572788199708,0
"balanced","harassment","New Zealand",0.633958102798506,-0.0716833298368573,0
"balanced","harassment","New Zealand",1.64449665854592,1.49460253145401,1
"quota","harassment","New Zealand",0.0318229830534732,-0.0716833298368573,1
"balanced","harassment","New Zealand",-0.813471843907536,-0.0716833298368573,0
"all_male","harassment","New Zealand",0.877117810014482,-0.90506584363454,0
"quota","harassment","New Zealand",-0.23982467911875,-0.838079732764875,1
"quota","harassment","New Zealand",1.64449665854592,1.49460253145401,1
"balanced","harassment","New Zealand",-0.23982467911875,-0.0716833298368573,1
"all_male","harassment","New Zealand",-1.41560696365257,-1.63796919112773,0
"balanced","harassment","New Zealand",-0.813471843907536,-0.838079732764875,1
"all_male","harassment","New Zealand",-1.25036323486616,-0.0716833298368573,1
"quota","harassment","New Zealand",0.0318229830534732,-0.0716833298368573,1
"quota","harassment","New Zealand",-0.23982467911875,-0.0716833298368573,1
"balanced","harassment","New Zealand",-0.405068407905155,-1.63796919112773,1
"balanced","harassment","New Zealand",0.197066711839878,-0.0716833298368573,1
"balanced","harassment","New Zealand",1.20760526758729,-0.0716833298368573,1
"balanced","harassment","New Zealand",-0.648228115121131,-0.0716833298368573,0
"quota","harassment","New Zealand",0.197066711839878,-0.0716833298368573,1
"all_male","harassment","New Zealand",-0.0460929953760986,1.49460253145401,0
"balanced","harassment","New Zealand",0.197066711839878,-0.0716833298368573,1
"balanced","harassment","New Zealand",0.197066711839878,-0.0716833298368573,1
"balanced","harassment","New Zealand",0.197066711839878,-0.0716833298368573,0
"balanced","harassment","New Zealand",-0.0460929953760986,-2.40436559405574,0
"balanced","harassment","New Zealand",0.197066711839878,-0.0716833298368573,0
"all_male","animals","New Zealand",-0.899435649662646,-0.0687899974376849,1
"balanced","animals","New Zealand",1.56101587103153,1.49158192429013,1
"balanced","animals","New Zealand",1.56101587103153,1.49158192429013,1
"all_male","animals","New Zealand",0.401788738849045,-0.0687899974376849,1
"quota","animals","New Zealand",0.383926933692967,0.684116048338848,1
"quota","animals","New Zealand",-0.0438605940922378,0.684116048338848,0
"balanced","animals","New Zealand",0.401788738849045,-0.0687899974376849,1
"all_male","animals","New Zealand",-0.0438605940922378,0.684116048338848,0
"balanced","animals","New Zealand",1.56101587103153,-0.0687899974376849,0
"quota","animals","New Zealand",0.401788738849045,0.684116048338848,1
"all_male","animals","New Zealand",0.829576266634249,1.49158192429013,0
"quota","animals","New Zealand",1.13322834324633,0.684116048338848,1
"all_male","animals","New Zealand",0.401788738849045,0.684116048338848,0
"all_male","animals","New Zealand",0.401788738849045,-0.0687899974376849,0
"quota","animals","New Zealand",-0.0438605940922378,-0.0687899974376849,1
"balanced","animals","New Zealand",-0.0438605940922378,-0.0687899974376849,1
"quota","animals","New Zealand",1.56101587103153,-0.0687899974376849,1
"all_male","animals","New Zealand",0.401788738849045,0.684116048338848,1
"quota","animals","New Zealand",1.56101587103153,-0.0687899974376849,1
"balanced","animals","New Zealand",-0.0438605940922378,-0.0687899974376849,1
"quota","animals","New Zealand",-0.775300198489521,-1.6291619191655,0
"balanced","animals","New Zealand",1.13322834324633,1.49158192429013,1
"quota","animals","New Zealand",1.56101587103153,1.49158192429013,1
"balanced","animals","New Zealand",-0.471648121877442,-0.0687899974376849,1
"all_male","animals","New Zealand",-0.0438605940922378,-0.0687899974376849,1
"quota","animals","New Zealand",1.11536653809025,-0.876255873388972,0
"all_male","animals","New Zealand",0.829576266634249,1.49158192429013,0
"quota","animals","New Zealand",1.13322834324633,1.49158192429013,1
"all_male","animals","New Zealand",-1.06109046994552,-0.0687899974376849,1
"all_male","animals","New Zealand",-0.347512670704316,0.684116048338848,1
"all_male","animals","New Zealand",-2.09438639215729,-2.43662779511679,1
"quota","animals","New Zealand",-0.0438605940922378,-0.0687899974376849,1
"all_male","animals","New Zealand",-0.775300198489521,-0.0687899974376849,1
"quota","animals","New Zealand",1.56101587103153,1.49158192429013,1
"all_male","animals","New Zealand",-0.775300198489521,-0.0687899974376849,0
"quota","animals","New Zealand",-0.633302942160317,1.49158192429013,1
"balanced","animals","New Zealand",0.829576266634249,1.49158192429013,1
"all_male","animals","New Zealand",1.56101587103153,1.49158192429013,0
"quota","animals","New Zealand",-0.0438605940922378,-0.0687899974376849,1
"balanced","animals","New Zealand",-1.95238913582809,-2.43662779511679,0
"quota","animals","New Zealand",-0.471648121877442,-0.0687899974376849,1
"quota","animals","New Zealand",0.687579010305045,-0.0687899974376849,1
"quota","animals","New Zealand",0.401788738849045,1.49158192429013,1
"balanced","animals","New Zealand",-0.0438605940922378,-0.0687899974376849,1
"all_male","animals","New Zealand",-0.775300198489521,0.684116048338848,1
"all_male","animals","New Zealand",-2.07652458700121,-1.68372174934026,1
"quota","animals","New Zealand",1.56101587103153,-0.0687899974376849,1
"balanced","animals","New Zealand",-0.775300198489521,-0.876255873388972,0
"balanced","animals","New Zealand",0.401788738849045,-0.0687899974376849,0
"balanced","animals","New Zealand",-1.93452733067201,-0.0687899974376849,0
"all_male","animals","New Zealand",-3.25361352433978,-1.6291619191655,1
"balanced","animals","New Zealand",-1.66659886437209,-1.57460208899075,1
"all_male","animals","New Zealand",-0.0438605940922378,-0.0687899974376849,1
"quota","animals","New Zealand",-0.793162003645599,-2.43662779511679,0
"quota","animals","New Zealand",0.401788738849045,-0.876255873388972,0
"balanced","animals","New Zealand",0.401788738849045,0.684116048338848,1
"all_male","animals","New Zealand",-1.64873705921601,-1.6291619191655,1
"quota","animals","New Zealand",-1.2209495314308,-1.6291619191655,0
"all_male","animals","New Zealand",-1.20308772627473,-1.6291619191655,1
"balanced","animals","New Zealand",-0.329650865548238,-0.821696043214217,0
"quota","animals","New Zealand",-0.167996045265363,-1.57460208899075,0
"all_male","animals","New Zealand",-0.775300198489521,-0.821696043214217,0
"balanced","animals","New Zealand",-1.34508498260393,-0.876255873388972,0
"all_male","animals","New Zealand",0.401788738849045,0.738675878513602,1
"quota","animals","New Zealand",-1.64873705921601,-1.6291619191655,1
"quota","animals","New Zealand",-1.64873705921601,-1.57460208899075,0
"quota","animals","New Zealand",-1.23881133658688,-3.18953384089332,0
"balanced","animals","New Zealand",0.401788738849045,0.684116048338848,1
"quota","animals","New Zealand",-1.66659886437209,-1.6291619191655,0
"quota","animals","New Zealand",-0.48950992703352,-1.68372174934026,0
"quota","animals","New Zealand",-0.471648121877442,-0.876255873388972,0
"balanced","animals","New Zealand",0.829576266634249,0.684116048338848,0
"all_male","animals","New Zealand",-0.917297454818724,-3.18953384089332,0
"all_male","animals","New Zealand",-0.0438605940922378,-0.0687899974376849,1
"balanced","animals","New Zealand",-0.0438605940922378,0.684116048338848,1
"all_male","animals","New Zealand",-1.95238913582809,-0.876255873388972,1
"balanced","animals","New Zealand",1.13322834324633,1.49158192429013,1
"quota","animals","New Zealand",-0.0438605940922378,-0.0687899974376849,1
"balanced","animals","New Zealand",-0.917297454818724,-0.821696043214217,0
"balanced","animals","New Zealand",-0.0259987889361598,-0.767136213039463,0
"balanced","animals","New Zealand",1.56101587103153,0.684116048338848,0
"quota","animals","New Zealand",-1.2209495314308,-2.38206796494204,0
"balanced","animals","New Zealand",1.13322834324633,0.684116048338848,1
"quota","animals","New Zealand",-0.48950992703352,-2.43662779511679,0
"all_male","animals","New Zealand",-0.0438605940922378,-0.0687899974376849,1
"all_male","animals","New Zealand",-0.0438605940922378,-0.0687899974376849,1
"balanced","animals","New Zealand",-0.0438605940922378,-0.0687899974376849,0
"balanced","animals","New Zealand",1.13322834324633,1.49158192429013,1
"all_male","animals","New Zealand",-0.775300198489521,-0.0687899974376849,1
"balanced","animals","New Zealand",1.13322834324633,1.49158192429013,1
"balanced","animals","New Zealand",0.401788738849045,-0.0687899974376849,1
"all_male","animals","New Zealand",-0.0438605940922378,-0.0687899974376849,1
"balanced","animals","New Zealand",1.13322834324633,-0.0687899974376849,0
"quota","animals","New Zealand",0.829576266634249,0.684116048338848,1
"quota","animals","New Zealand",-0.48950992703352,-1.6291619191655,1
"balanced","animals","New Zealand",-3.25361352433978,-3.18953384089332,1
"all_male","animals","New Zealand",0.401788738849045,0.684116048338848,1
"all_male","animals","New Zealand",-1.20308772627473,-0.0687899974376849,1
"balanced","animals","New Zealand",0.401788738849045,-0.0687899974376849,1
"quota","animals","New Zealand",-0.471648121877442,-0.821696043214217,1
"quota","animals","New Zealand",0.829576266634249,0.684116048338848,1
"quota","animals","New Zealand",1.56101587103153,1.49158192429013,1
"quota","animals","New Zealand",0.277653287675919,1.49158192429013,0
"quota","animals","New Zealand",1.13322834324633,0.684116048338848,1
"balanced","animals","New Zealand",-0.471648121877442,-0.0687899974376849,1
"quota","animals","New Zealand",0.401788738849045,1.49158192429013,1
"all_male","animals","New Zealand",-0.471648121877442,0.684116048338848,1
"quota","animals","New Zealand",0.687579010305045,-0.0687899974376849,1
"balanced","animals","New Zealand",-0.0438605940922378,-0.0687899974376849,1
"quota","animals","New Zealand",1.56101587103153,-0.0687899974376849,1
"balanced","animals","New Zealand",1.11536653809025,-0.0687899974376849,0
"all_male","animals","New Zealand",0.0981366622369659,0.738675878513602,1
"all_male","animals","New Zealand",-2.36231485845721,-0.876255873388972,1
"quota","animals","New Zealand",1.56101587103153,0.684116048338848,1
"all_male","animals","New Zealand",-0.775300198489521,-0.0687899974376849,1
"balanced","animals","New Zealand",0.383926933692967,-0.0687899974376849,1
"all_male","animals","New Zealand",-1.20308772627473,0.684116048338848,1
"balanced","animals","New Zealand",1.13322834324633,0.684116048338848,1
"all_male","animals","New Zealand",-1.5067398028868,-0.0687899974376849,1
"all_male","animals","New Zealand",-0.775300198489521,-0.0687899974376849,1
"quota","animals","New Zealand",-0.0438605940922378,-0.0687899974376849,1
"all_male","animals","New Zealand",-2.36231485845721,-0.0687899974376849,1
"quota","animals","New Zealand",-0.0438605940922378,-0.876255873388972,0
"all_male","animals","New Zealand",-0.0438605940922378,-0.0687899974376849,1
"quota","animals","New Zealand",1.56101587103153,1.49158192429013,1
"balanced","animals","New Zealand",0.401788738849045,-0.0687899974376849,0
"all_male","animals","New Zealand",-0.329650865548238,1.49158192429013,1
"quota","animals","New Zealand",0.687579010305045,0.684116048338848,1
"balanced","animals","New Zealand",-0.0438605940922378,-0.0687899974376849,1
"quota","animals","New Zealand",0.401788738849045,0.684116048338848,1
"all_male","animals","New Zealand",-0.0438605940922378,-0.0687899974376849,1
"balanced","animals","New Zealand",0.401788738849045,-0.0687899974376849,1
"all_male","animals","New Zealand",-2.52217391994249,-2.38206796494204,1
"all_male","animals","New Zealand",-0.329650865548238,0.684116048338848,1
"quota","animals","New Zealand",-0.0438605940922378,-0.0687899974376849,0
"balanced","animals","New Zealand",-0.0438605940922378,-0.0687899974376849,1
"quota","animals","New Zealand",-0.0438605940922378,-0.876255873388972,1
"balanced","animals","New Zealand",0.401788738849045,1.49158192429013,1
"all_male","animals","New Zealand",-0.0438605940922378,-0.0687899974376849,1
"quota","animals","New Zealand",1.11536653809025,0.684116048338848,0
"all_male","animals","New Zealand",-0.757438393333443,-0.12334982761244,1
"all_male","animals","New Zealand",-1.91666552551593,-0.930815703563727,1
"quota","animals","New Zealand",-1.20308772627473,-0.0687899974376849,1
"balanced","animals","New Zealand",1.56101587103153,1.49158192429013,1
"quota","animals","New Zealand",1.56101587103153,1.49158192429013,1
"balanced","animals","New Zealand",-0.471648121877442,1.49158192429013,1
"all_male","animals","New Zealand",-1.20308772627473,-0.876255873388972,1
"quota","animals","New Zealand",0.401788738849045,0.684116048338848,1
"quota","animals","New Zealand",1.11536653809025,0.684116048338848,1
"quota","animals","New Zealand",-0.917297454818724,-1.6291619191655,1
"balanced","animals","New Zealand",0.401788738849045,-0.0687899974376849,1
"all_male","animals","New Zealand",0.383926933692967,-0.0687899974376849,1
"quota","animals","New Zealand",0.401788738849045,0.684116048338848,0
"all_male","animals","New Zealand",0.401788738849045,-0.0687899974376849,1
"all_male","animals","New Zealand",0.401788738849045,-0.0687899974376849,1
"balanced","animals","New Zealand",-0.0438605940922378,-0.0687899974376849,0
"balanced","animals","New Zealand",-1.93452733067201,-0.876255873388972,1
"quota","animals","New Zealand",-0.0438605940922378,-0.0687899974376849,0
"balanced","animals","New Zealand",1.11536653809025,1.49158192429013,1
"quota","animals","New Zealand",-0.471648121877442,0.738675878513602,0
"balanced","animals","New Zealand",1.56101587103153,-0.0687899974376849,0
"all_male","animals","New Zealand",0.829576266634249,0.684116048338848,1
"all_male","animals","New Zealand",-1.20308772627473,-0.0687899974376849,0
"quota","animals","New Zealand",-0.0438605940922378,-0.0687899974376849,1
"quota","animals","New Zealand",1.56101587103153,1.49158192429013,1
"quota","animals","New Zealand",1.13322834324633,0.684116048338848,1
"balanced","animals","New Zealand",-0.0438605940922378,0.684116048338848,1
"balanced","animals","New Zealand",-0.471648121877442,-0.0687899974376849,0
"quota","animals","New Zealand",-0.0438605940922378,-0.0687899974376849,0
"quota","animals","New Zealand",-0.0438605940922378,-0.0687899974376849,1
"all_male","animals","New Zealand",-1.64873705921601,-1.6291619191655,0
"balanced","animals","New Zealand",1.56101587103153,1.49158192429013,0
"quota","animals","New Zealand",-0.471648121877442,-0.0687899974376849,1
"all_male","animals","New Zealand",-1.20308772627473,-0.0687899974376849,1
"balanced","animals","New Zealand",1.13322834324633,1.49158192429013,1
"all_male","animals","New Zealand",-0.329650865548238,-0.876255873388972,0
"quota","animals","New Zealand",1.56101587103153,0.684116048338848,1
"all_male","animals","New Zealand",-1.64873705921601,-1.6291619191655,1
"quota","animals","New Zealand",0.687579010305045,0.684116048338848,1
"all_male","animals","New Zealand",0.401788738849045,1.49158192429013,1
"all_male","animals","New Zealand",-0.0438605940922378,-0.0687899974376849,0
"quota","animals","New Zealand",-0.0438605940922378,0.684116048338848,1
"all_male","animals","New Zealand",0.829576266634249,-0.0687899974376849,1
"balanced","animals","New Zealand",0.383926933692967,-0.0687899974376849,1
"all_male","animals","New Zealand",-0.471648121877442,-0.0687899974376849,1
"all_male","animals","New Zealand",-1.64873705921601,-2.38206796494204,0
"balanced","animals","New Zealand",0.829576266634249,1.49158192429013,1
"balanced","animals","New Zealand",1.11536653809025,1.49158192429013,1
"all_male","animals","New Zealand",-0.329650865548238,1.49158192429013,1
"balanced","animals","New Zealand",-0.0438605940922378,-0.876255873388972,1
"all_male","animals","New Zealand",0.401788738849045,-0.0687899974376849,0
"quota","animals","New Zealand",0.401788738849045,-0.0687899974376849,0
"balanced","animals","New Zealand",1.56101587103153,-0.0687899974376849,1
"balanced","animals","New Zealand",-0.0438605940922378,-0.876255873388972,1
"all_male","animals","New Zealand",-0.0438605940922378,-0.0687899974376849,0
"all_male","animals","New Zealand",-0.775300198489521,-0.0687899974376849,0
"quota","animals","New Zealand",0.383926933692967,-0.0687899974376849,0
"balanced","animals","New Zealand",-0.0438605940922378,-0.0687899974376849,1
"balanced","animals","New Zealand",-0.0438605940922378,-0.0687899974376849,0
"all_male","animals","New Zealand",-0.775300198489521,-0.0687899974376849,1
"quota","animals","New Zealand",-0.0438605940922378,-0.0687899974376849,0
"quota","animals","New Zealand",-0.0438605940922378,-0.0687899974376849,1
"all_male","animals","New Zealand",1.56101587103153,0.684116048338848,1
"balanced","animals","New Zealand",1.13322834324633,0.684116048338848,1
"balanced","animals","New Zealand",1.56101587103153,0.684116048338848,1
"quota","animals","New Zealand",0.687579010305045,-0.12334982761244,1
"balanced","animals","New Zealand",0.401788738849045,0.684116048338848,0
"balanced","animals","New Zealand",0.383926933692967,0.684116048338848,1
"all_male","animals","New Zealand",-1.2209495314308,-1.6291619191655,1
"balanced","animals","New Zealand",0.401788738849045,-0.0687899974376849,1
"balanced","animals","New Zealand",1.56101587103153,1.49158192429013,1
"all_male","animals","New Zealand",-1.20308772627473,-0.0687899974376849,1
"quota","animals","New Zealand",-0.48950992703352,-0.0687899974376849,0
"quota","animals","New Zealand",-2.80796419139849,-3.18953384089332,0
"balanced","animals","New Zealand",1.56101587103153,1.49158192429013,0
"all_male","animals","New Zealand",-1.5067398028868,-0.0687899974376849,1
"balanced","animals","New Zealand",-0.0438605940922378,-0.0687899974376849,1
"all_male","animals","New Zealand",0.401788738849045,0.684116048338848,0
"quota","animals","New Zealand",-0.0438605940922378,-0.876255873388972,1
"balanced","animals","New Zealand",0.401788738849045,0.684116048338848,1
"all_male","animals","New Zealand",0.401788738849045,0.684116048338848,1
"balanced","animals","New Zealand",-0.0259987889361598,-0.12334982761244,1
"balanced","animals","New Zealand",-0.0438605940922378,-0.0687899974376849,1
"balanced","animals","New Zealand",-0.0438605940922378,-0.0687899974376849,1
"balanced","animals","New Zealand",0.401788738849045,0.684116048338848,1
"balanced","animals","New Zealand",-1.66659886437209,-2.38206796494204,1
"balanced","animals","New Zealand",1.13322834324633,-0.0687899974376849,1
"quota","animals","New Zealand",0.383926933692967,-0.0687899974376849,NA
"all_male","animals","New Zealand",-1.66659886437209,-0.12334982761244,1
"balanced","animals","New Zealand",0.401788738849045,-0.0687899974376849,1
"quota","animals","New Zealand",0.401788738849045,-0.0687899974376849,1
"quota","animals","New Zealand",1.11536653809025,-0.0687899974376849,0
"all_male","animals","New Zealand",-0.775300198489521,0.684116048338848,1
"quota","animals","New Zealand",1.13322834324633,-0.0687899974376849,1
"balanced","animals","New Zealand",-0.0438605940922378,-0.0687899974376849,1
"all_male","animals","New Zealand",-0.0438605940922378,-0.0687899974376849,1
"quota","animals","New Zealand",0.829576266634249,0.684116048338848,0
"quota","animals","New Zealand",1.56101587103153,1.49158192429013,1
"balanced","animals","New Zealand",1.56101587103153,1.49158192429013,1
"quota","animals","New Zealand",-0.48950992703352,-0.821696043214217,1
"quota","animals","New Zealand",0.383926933692967,-0.0687899974376849,1
"all_male","animals","New Zealand",-0.0438605940922378,-0.0687899974376849,0
"balanced","animals","New Zealand",1.56101587103153,-0.0687899974376849,1
"all_male","animals","New Zealand",-1.48887799773073,-0.0687899974376849,1
"all_male","animals","New Zealand",-1.64873705921601,-1.6291619191655,1
"balanced","animals","New Zealand",0.687579010305045,-0.0687899974376849,1
"quota","animals","New Zealand",-0.471648121877442,-0.0687899974376849,0
"all_male","animals","New Zealand",-1.20308772627473,-0.876255873388972,1
"balanced","animals","New Zealand",-1.2209495314308,-1.6291619191655,0
"quota","animals","New Zealand",0.383926933692967,0.684116048338848,1
"quota","animals","New Zealand",-0.329650865548238,-0.876255873388972,1
"balanced","animals","New Zealand",-0.0438605940922378,-0.0687899974376849,1
"all_male","animals","New Zealand",-0.471648121877442,-0.0687899974376849,1
"all_male","animals","New Zealand",-1.20308772627473,-0.0687899974376849,0
"all_male","animals","New Zealand",-0.471648121877442,-0.0687899974376849,1
"balanced","animals","New Zealand",0.277653287675919,1.49158192429013,1
"balanced","animals","New Zealand",1.13322834324633,1.49158192429013,1
"all_male","animals","New Zealand",-0.48950992703352,-1.6291619191655,0
"balanced","animals","New Zealand",1.13322834324633,-0.0687899974376849,0
"all_male","animals","New Zealand",1.56101587103153,1.49158192429013,0
"quota","animals","New Zealand",1.13322834324633,-0.0687899974376849,1
"quota","animals","New Zealand",0.829576266634249,0.684116048338848,0
"all_male","animals","New Zealand",-1.93452733067201,-0.0687899974376849,1
"balanced","animals","New Zealand",-0.0438605940922378,-0.0687899974376849,1
"balanced","animals","New Zealand",1.56101587103153,1.49158192429013,0
"all_male","animals","New Zealand",-1.20308772627473,-1.6291619191655,1
"all_male","animals","New Zealand",1.56101587103153,1.49158192429013,1
"quota","animals","New Zealand",-0.471648121877442,-0.0687899974376849,1
"all_male","animals","New Zealand",0.829576266634249,1.49158192429013,1
"quota","animals","New Zealand",1.56101587103153,1.49158192429013,0
"balanced","animals","New Zealand",-0.775300198489521,-0.0687899974376849,1
"quota","animals","New Zealand",-0.775300198489521,-0.0687899974376849,1
"quota","animals","New Zealand",0.829576266634249,1.49158192429013,1
"all_male","animals","New Zealand",-0.775300198489521,-0.0687899974376849,0
"all_male","animals","New Zealand",-0.0438605940922378,-0.0687899974376849,0
"all_male","animals","New Zealand",-2.80796419139849,-3.18953384089332,1
"all_male","animals","New Zealand",-0.0438605940922378,-0.0687899974376849,0
"balanced","animals","New Zealand",-0.0438605940922378,0.684116048338848,0
"balanced","animals","New Zealand",-0.0438605940922378,0.684116048338848,0
"quota","animals","New Zealand",-0.0438605940922378,-0.0687899974376849,1
"balanced","animals","New Zealand",1.56101587103153,1.49158192429013,1
"all_male","animals","New Zealand",-0.775300198489521,0.684116048338848,1
"balanced","animals","New Zealand",0.829576266634249,1.49158192429013,1
"balanced","animals","New Zealand",-1.79073431554521,-1.6291619191655,1
"all_male","animals","New Zealand",0.401788738849045,-0.0687899974376849,1
"quota","animals","New Zealand",1.56101587103153,-0.0687899974376849,0
"quota","animals","New Zealand",-0.471648121877442,-0.0687899974376849,0
"balanced","animals","New Zealand",-0.0438605940922378,-0.0687899974376849,1
"quota","animals","New Zealand",1.56101587103153,1.49158192429013,1
"quota","animals","New Zealand",0.383926933692967,0.684116048338848,1
"quota","animals","New Zealand",-0.613645378206646,-0.0142301672629303,1
"balanced","animals","New Zealand",0.401788738849045,-0.0687899974376849,1
"quota","animals","New Zealand",1.11536653809025,0.684116048338848,0
"all_male","animals","New Zealand",-1.20308772627473,-0.876255873388972,1
"balanced","animals","New Zealand",-0.793162003645599,-1.68372174934026,0
"all_male","animals","New Zealand",-0.917297454818724,-0.0687899974376849,0
"balanced","animals","New Zealand",-0.0438605940922378,0.684116048338848,1
"all_male","animals","New Zealand",-1.20308772627473,-0.0687899974376849,1
"quota","animals","New Zealand",-0.775300198489521,-0.876255873388972,0
"quota","animals","New Zealand",0.401788738849045,-0.0687899974376849,0
"all_male","animals","New Zealand",-0.471648121877442,0.738675878513602,1
"all_male","animals","New Zealand",-0.775300198489521,-0.0687899974376849,1
"all_male","animals","New Zealand",-1.48887799773073,-0.0687899974376849,1
"balanced","animals","New Zealand",0.829576266634249,1.49158192429013,0
"quota","animals","New Zealand",-0.471648121877442,-0.0687899974376849,1
"quota","animals","New Zealand",-1.64873705921601,-1.6291619191655,1
"balanced","animals","New Zealand",1.56101587103153,1.49158192429013,1
"quota","animals","New Zealand",1.56101587103153,-0.0687899974376849,0
"balanced","animals","New Zealand",1.11536653809025,-0.0687899974376849,1
"quota","animals","New Zealand",-0.0617223992483157,-1.6291619191655,1
"all_male","animals","New Zealand",-0.775300198489521,-0.0687899974376849,0
"quota","animals","New Zealand",-2.36231485845721,-0.0687899974376849,0
"balanced","animals","New Zealand",-0.0438605940922378,-0.0687899974376849,1
"all_male","animals","New Zealand",-0.329650865548238,1.49158192429013,1
"balanced","animals","New Zealand",-0.0438605940922378,-0.0687899974376849,1
"quota","animals","New Zealand",-0.0438605940922378,-0.0687899974376849,1
"balanced","animals","New Zealand",0.401788738849045,0.684116048338848,1
"balanced","animals","New Zealand",0.224067872207685,0.684116048338848,1
"quota","animals","New Zealand",1.13322834324633,0.684116048338848,1
"balanced","animals","New Zealand",-0.935159259974802,-0.0687899974376849,1
"all_male","animals","New Zealand",-0.775300198489521,-0.0687899974376849,1
"quota","animals","New Zealand",0.829576266634249,1.49158192429013,1
"all_male","animals","New Zealand",-1.2209495314308,0.684116048338848,1
"all_male","animals","New Zealand",0.401788738849045,-0.0687899974376849,1
"all_male","animals","New Zealand",-0.0438605940922378,-0.0687899974376849,0
"quota","animals","New Zealand",0.401788738849045,-0.0687899974376849,NA
"balanced","animals","New Zealand",-0.0438605940922378,-0.0687899974376849,0
"quota","animals","New Zealand",-0.0438605940922378,-0.0687899974376849,1
"balanced","animals","New Zealand",1.56101587103153,1.49158192429013,0
"quota","animals","New Zealand",0.401788738849045,1.49158192429013,1
"all_male","animals","New Zealand",-0.775300198489521,-0.0687899974376849,1
"all_male","animals","New Zealand",-2.07652458700121,-1.6291619191655,0
"all_male","animals","New Zealand",-0.0438605940922378,-0.0687899974376849,0
"quota","animals","New Zealand",-0.899435649662646,1.49158192429013,0
"all_male","animals","New Zealand",-0.0438605940922378,-0.821696043214217,0
"quota","animals","New Zealand",-0.0438605940922378,-0.0687899974376849,1
"balanced","animals","New Zealand",-0.0438605940922378,-0.0687899974376849,1
"quota","animals","New Zealand",0.401788738849045,-0.0687899974376849,0
"quota","animals","New Zealand",1.56101587103153,-0.0687899974376849,0
"balanced","animals","New Zealand",0.829576266634249,-0.0687899974376849,1
"balanced","animals","New Zealand",-0.0438605940922378,-0.0687899974376849,1
"all_male","animals","New Zealand",0.401788738849045,-0.0687899974376849,1
"all_male","animals","New Zealand",-1.2209495314308,-3.18953384089332,1
"balanced","animals","New Zealand",-0.471648121877442,-0.0687899974376849,1
"all_male","animals","New Zealand",0.401788738849045,-0.0687899974376849,0
"quota","animals","New Zealand",1.56101587103153,1.49158192429013,1
"balanced","animals","New Zealand",0.401788738849045,0.684116048338848,0
"balanced","animals","New Zealand",1.56101587103153,0.684116048338848,1
"balanced","animals","New Zealand",-0.0259987889361598,-1.68372174934026,0
"balanced","animals","New Zealand",-0.0438605940922378,-0.876255873388972,0
"quota","animals","New Zealand",0.401788738849045,0.684116048338848,1
"all_male","animals","New Zealand",-0.0438605940922378,-0.0687899974376849,0
"quota","animals","New Zealand",-0.0438605940922378,0.684116048338848,1
"balanced","animals","New Zealand",-2.09438639215729,-1.6291619191655,0
"balanced","animals","New Zealand",1.13322834324633,1.49158192429013,0
"quota","animals","New Zealand",-0.0438605940922378,-0.821696043214217,0
"balanced","animals","New Zealand",0.829576266634249,-0.0687899974376849,0
"all_male","animals","New Zealand",-0.329650865548238,-0.0687899974376849,0
"quota","animals","New Zealand",-0.793162003645599,-0.821696043214217,1
"all_male","animals","New Zealand",-1.93452733067201,-0.12334982761244,1
"quota","animals","New Zealand",0.829576266634249,1.49158192429013,1
"all_male","animals","New Zealand",-0.0438605940922378,-0.876255873388972,1
"balanced","animals","New Zealand",0.687579010305045,-0.0687899974376849,1
"balanced","animals","New Zealand",-0.0438605940922378,-0.0687899974376849,0
"balanced","animals","New Zealand",0.383926933692967,-0.876255873388972,1
"quota","animals","New Zealand",-0.471648121877442,0.684116048338848,1
"all_male","animals","New Zealand",-0.0438605940922378,-0.0687899974376849,0
"balanced","animals","New Zealand",-0.471648121877442,-0.0687899974376849,0
"quota","animals","New Zealand",0.687579010305045,-0.12334982761244,1
"balanced","animals","New Zealand",0.401788738849045,-0.0687899974376849,1
"balanced","animals","New Zealand",1.11536653809025,1.49158192429013,1
"balanced","animals","New Zealand",0.401788738849045,-0.0687899974376849,1
"all_male","animals","New Zealand",-0.0438605940922378,-0.0687899974376849,1
"all_male","animals","New Zealand",-0.329650865548238,1.49158192429013,1
"all_male","animals","New Zealand",-0.48950992703352,-0.0687899974376849,1
"all_male","animals","New Zealand",-0.471648121877442,-0.0687899974376849,1
"quota","animals","New Zealand",-0.0438605940922378,-0.0687899974376849,1
"all_male","animals","New Zealand",-0.0438605940922378,-0.0687899974376849,1
"balanced","animals","New Zealand",-0.0438605940922378,-0.876255873388972,0
"all_male","animals","New Zealand",-0.0259987889361598,-0.0687899974376849,0
"quota","animals","New Zealand",1.56101587103153,0.684116048338848,1
"balanced","animals","New Zealand",1.11536653809025,-0.0687899974376849,1
"balanced","animals","New Zealand",-0.0438605940922378,-0.0687899974376849,1
"balanced","animals","New Zealand",0.277653287675919,-3.18953384089332,0
"balanced","animals","New Zealand",0.401788738849045,-0.0687899974376849,0
"quota","animals","New Zealand",-0.48950992703352,-0.821696043214217,0
"all_male","animals","New Zealand",-1.20308772627473,-1.6291619191655,1
"all_male","animals","New Zealand",0.401788738849045,-0.0687899974376849,0
"balanced","animals","New Zealand",-1.2209495314308,-2.38206796494204,0
"balanced","animals","New Zealand",-0.775300198489521,-0.0687899974376849,0
"quota","animals","New Zealand",-0.935159259974802,-2.38206796494204,0
"all_male","animals","New Zealand",-0.775300198489521,-0.0687899974376849,1
"balanced","animals","New Zealand",-0.48950992703352,-0.0687899974376849,1
"quota","animals","New Zealand",0.277653287675919,1.49158192429013,0
"quota","animals","New Zealand",-0.0438605940922378,-0.0687899974376849,1
"quota","animals","New Zealand",-1.63087525405993,-0.0687899974376849,0
"quota","animals","New Zealand",-0.471648121877442,-0.0687899974376849,1
"quota","animals","New Zealand",1.56101587103153,-0.0687899974376849,1
"quota","animals","New Zealand",0.401788738849045,-0.0687899974376849,1
"balanced","animals","New Zealand",0.401788738849045,-0.0687899974376849,1
"all_male","animals","New Zealand",-0.0438605940922378,0.684116048338848,1
"quota","animals","New Zealand",1.56101587103153,1.49158192429013,1
"all_male","animals","New Zealand",0.401788738849045,-0.0687899974376849,0
"balanced","animals","New Zealand",-0.471648121877442,0.684116048338848,0
"quota","animals","New Zealand",-0.0438605940922378,-0.0687899974376849,0
"all_male","animals","New Zealand",1.13322834324633,1.49158192429013,0
"all_male","animals","New Zealand",-1.20308772627473,-0.0687899974376849,0
"all_male","animals","New Zealand",0.383926933692967,0.738675878513602,0
"balanced","animals","New Zealand",1.13322834324633,1.49158192429013,0
"balanced","animals","New Zealand",1.56101587103153,0.684116048338848,0
"all_male","animals","New Zealand",-0.471648121877442,-1.68372174934026,0
"quota","animals","New Zealand",0.829576266634249,-0.12334982761244,0
"quota","animals","New Zealand",1.56101587103153,-0.0687899974376849,0
"all_male","animals","New Zealand",0.401788738849045,-0.876255873388972,0
"balanced","animals","New Zealand",0.401788738849045,-0.0687899974376849,0
"quota","animals","New Zealand",0.705440815461123,1.49158192429013,0
"balanced","animals","New Zealand",0.383926933692967,-0.0687899974376849,0
"all_male","animals","New Zealand",0.829576266634249,1.49158192429013,0
"quota","animals","New Zealand",-1.0789522751016,1.49158192429013,0
"all_male","animals","New Zealand",1.56101587103153,1.49158192429013,0
"balanced","animals","New Zealand",0.401788738849045,-0.0687899974376849,0
"quota","animals","New Zealand",-0.0438605940922378,-1.6291619191655,0
"all_male","animals","New Zealand",-0.775300198489521,0.684116048338848,0
"all_male","animals","New Zealand",-0.329650865548238,0.684116048338848,0
"quota","animals","New Zealand",-0.0438605940922378,-0.876255873388972,0
"all_male","animals","New Zealand",1.56101587103153,-0.0687899974376849,0
"quota","animals","New Zealand",-0.471648121877442,-0.0687899974376849,0
"all_male","animals","New Zealand",-1.20308772627473,-0.0687899974376849,0
"all_male","animals","New Zealand",-0.775300198489521,-0.0687899974376849,0
"balanced","animals","New Zealand",1.56101587103153,-0.0687899974376849,1
"quota","animals","New Zealand",-1.20308772627473,-0.876255873388972,0
"all_male","animals","New Zealand",1.11536653809025,-0.0687899974376849,0
"balanced","animals","New Zealand",0.401788738849045,-0.0687899974376849,0
"balanced","animals","New Zealand",-0.917297454818724,-0.821696043214217,0
"quota","animals","New Zealand",0.277653287675919,1.49158192429013,0
"balanced","animals","New Zealand",0.383926933692967,-0.0687899974376849,0
"quota","animals","New Zealand",-1.20308772627473,-0.0687899974376849,0
"all_male","animals","New Zealand",-0.471648121877442,-0.876255873388972,0
"balanced","animals","New Zealand",-1.5067398028868,-0.876255873388972,0
"all_male","animals","New Zealand",0.687579010305045,1.49158192429013,0
"balanced","animals","New Zealand",1.13322834324633,1.49158192429013,0
"quota","animals","New Zealand",-1.63087525405993,-0.876255873388972,0
"all_male","animals","New Zealand",-0.775300198489521,-0.876255873388972,0
"all_male","animals","New Zealand",-0.0438605940922378,-0.0687899974376849,0
"all_male","animals","New Zealand",1.56101587103153,-0.0687899974376849,0
"balanced","animals","New Zealand",0.687579010305045,-1.6291619191655,0
"all_male","animals","New Zealand",-1.48887799773073,1.49158192429013,0
"quota","animals","New Zealand",-0.0438605940922378,-0.876255873388972,0
"quota","animals","New Zealand",1.56101587103153,0.684116048338848,0
"quota","animals","New Zealand",-1.64873705921601,-1.6291619191655,0
"balanced","animals","New Zealand",-0.471648121877442,-0.0687899974376849,0
"balanced","animals","New Zealand",-1.63087525405993,-2.43662779511679,0
"balanced","animals","New Zealand",-0.0438605940922378,-1.6291619191655,0
"all_male","animals","New Zealand",0.401788738849045,0.684116048338848,0
"quota","animals","New Zealand",-1.64873705921601,-0.821696043214217,1
"quota","animals","New Zealand",0.401788738849045,0.738675878513602,0
"quota","animals","New Zealand",-1.63087525405993,-1.57460208899075,0
"quota","animals","New Zealand",-1.64873705921601,-1.6291619191655,0
"balanced","animals","New Zealand",0.829576266634249,1.49158192429013,0
"balanced","animals","New Zealand",0.401788738849045,-0.0687899974376849,0
"balanced","animals","New Zealand",0.383926933692967,0.684116048338848,0
"all_male","animals","New Zealand",0.277653287675919,1.49158192429013,0
"quota","animals","New Zealand",-1.64873705921601,-1.6291619191655,0
"quota","animals","New Zealand",0.687579010305045,-0.876255873388972,0
"quota","animals","New Zealand",-0.0438605940922378,-0.0687899974376849,0
"all_male","animals","New Zealand",-1.93452733067201,-0.876255873388972,0
"quota","animals","New Zealand",1.13322834324633,-0.0687899974376849,0
"all_male","animals","New Zealand",-1.20308772627473,-1.6291619191655,0
"balanced","animals","New Zealand",1.56101587103153,1.49158192429013,0
"quota","animals","New Zealand",1.13322834324633,1.49158192429013,0
"balanced","animals","New Zealand",0.401788738849045,-0.0687899974376849,0
"quota","animals","New Zealand",-0.757438393333443,-0.876255873388972,0
"quota","animals","New Zealand",-0.0438605940922378,-0.0687899974376849,0
"all_male","animals","New Zealand",-2.82582599655457,-2.38206796494204,0
"quota","animals","New Zealand",1.56101587103153,-0.0687899974376849,0
"all_male","animals","New Zealand",-0.775300198489521,-0.0687899974376849,0
"all_male","animals","New Zealand",-1.06109046994552,-0.0687899974376849,0
"all_male","animals","New Zealand",1.56101587103153,-0.0687899974376849,0
"quota","animals","New Zealand",1.56101587103153,-0.0687899974376849,0
"balanced","animals","New Zealand",1.13322834324633,-0.0687899974376849,0
"quota","animals","New Zealand",1.11536653809025,0.738675878513602,0
"all_male","animals","New Zealand",0.401788738849045,-0.0687899974376849,1
"all_male","animals","New Zealand",1.13322834324633,-0.0687899974376849,0
"quota","animals","New Zealand",-0.0438605940922378,1.49158192429013,1
"balanced","animals","New Zealand",-0.0438605940922378,-0.0687899974376849,1
"balanced","animals","New Zealand",0.259791482519841,1.49158192429013,1
"balanced","animals","New Zealand",-0.0438605940922378,-0.0687899974376849,0
"quota","animals","New Zealand",-1.64873705921601,-1.6291619191655,0
"quota","animals","New Zealand",0.401788738849045,-0.0687899974376849,1
"balanced","animals","New Zealand",0.401788738849045,-0.0687899974376849,1
"quota","animals","New Zealand",0.277653287675919,1.49158192429013,0
"quota","animals","New Zealand",-0.0438605940922378,-0.0687899974376849,0
"all_male","animals","New Zealand",-1.20308772627473,-0.0687899974376849,0
"all_male","harassment","France",-2.04132414563249,-1.37500057560059,1
"balanced","harassment","France",0.19260035592688,-0.0183233557253199,0
"balanced","harassment","France",0.19260035592688,-0.0183233557253199,1
"quota","harassment","France",-0.924361894852804,-0.0183233557253199,1
"balanced","harassment","Norway",0.19260035592688,-0.0183233557253199,1
"balanced","harassment","France",0.19260035592688,-0.0183233557253199,1
"all_male","harassment","France",-0.924361894852804,-0.0183233557253199,1
"all_male","harassment","France",-0.924361894852804,-0.0183233557253199,1
"quota","harassment","France",0.19260035592688,-0.0183233557253199,1
"balanced","harassment","France",-0.924361894852804,-1.15298539745774,1
"balanced","harassment","France",1.30956260670656,1.33835386414995,1
"all_male","harassment","Australia",1.30956260670656,1.33835386414995,1
"quota","harassment","France",0.19260035592688,1.33835386414995,1
"quota","harassment","France",0.19260035592688,-0.0183233557253199,0
"all_male","harassment","France",0.19260035592688,1.1163386860071,0
"balanced","harassment","France",0.19260035592688,1.1163386860071,0
"quota","harassment","France",0.19260035592688,-0.0183233557253199,1
"all_male","harassment","France",1.30956260670656,1.33835386414995,1
"all_male","harassment","France",0.19260035592688,-0.4256423673087,0
"balanced","harassment","France",0.19260035592688,1.1163386860071,0
"all_male","harassment","France",0.19260035592688,-0.0183233557253199,1
"balanced","harassment","France",-0.924361894852804,-0.240338533868164,1
"all_male","harassment","France",-0.924361894852804,-0.0183233557253199,1
"all_male","harassment","France",0.19260035592688,0.931034852566566,0
"all_male","harassment","France",-2.04132414563249,-2.73167779547585,1
"quota","harassment","France",0.19260035592688,-0.4256423673087,1
"balanced","harassment","France",0.19260035592688,1.33835386414995,1
"quota","harassment","France",0.19260035592688,-0.0183233557253199,1
"balanced","harassment","France",0.19260035592688,-0.0183233557253199,1
"all_male","harassment","France",-0.924361894852804,-1.37500057560059,1
"all_male","harassment","France",0.19260035592688,-0.0183233557253199,1
"quota","harassment","France",1.30956260670656,1.33835386414995,1
"balanced","harassment","France",-0.924361894852804,-0.4256423673087,1
"quota","harassment","France",0.19260035592688,-0.0183233557253199,1
"all_male","harassment","France",-2.04132414563249,-0.0183233557253199,1
"quota","harassment","France",0.19260035592688,1.1163386860071,0
"balanced","harassment","France",0.19260035592688,-0.0183233557253199,1
"balanced","harassment","Australia",0.19260035592688,-0.967681564017206,0
"balanced","harassment","France",-2.04132414563249,-0.0183233557253199,1
"balanced","harassment","France",0.19260035592688,1.1163386860071,0
"all_male","harassment","France",0.19260035592688,1.33835386414995,1
"balanced","harassment","France",0.19260035592688,-1.37500057560059,1
"all_male","harassment","France",0.19260035592688,-0.967681564017206,1
"all_male","harassment","Australia",-2.04132414563249,1.33835386414995,0
"quota","harassment","Norway",1.30956260670656,-2.50966261733301,0
"all_male","harassment","Australia",1.30956260670656,0.203691822417524,0
"quota","harassment","Australia",1.30956260670656,0.203691822417524,0
"quota","harassment","France",0.19260035592688,1.1163386860071,0
"all_male","harassment","Norway",0.19260035592688,-0.240338533868164,1
"balanced","harassment","France",0.19260035592688,-0.0183233557253199,1
"quota","harassment","France",1.30956260670656,1.33835386414995,1
"balanced","harassment","France",0.19260035592688,-1.37500057560059,1
"all_male","harassment","France",-0.924361894852804,-1.18969674216005,1
"all_male","harassment","Australia",0.19260035592688,1.1163386860071,0
"all_male","harassment","France",-0.924361894852804,-0.0183233557253199,0
"quota","harassment","Australia",0.19260035592688,-1.88032842760678,1
"quota","harassment","France",0.19260035592688,1.1163386860071,1
"balanced","harassment","France",0.19260035592688,-0.0183233557253199,1
"quota","harassment","France",0.19260035592688,-0.0183233557253199,1
"balanced","harassment","Australia",0.19260035592688,-0.0183233557253199,0
"all_male","harassment","France",-0.924361894852804,-1.37500057560059,1
"quota","harassment","France",0.19260035592688,-1.15298539745774,0
"quota","harassment","France",0.19260035592688,0.388995655858061,0
"all_male","harassment","France",-0.924361894852804,-0.967681564017206,0
"all_male","harassment","France",-2.04132414563249,-0.0183233557253199,1
"quota","harassment","Norway",1.30956260670656,1.33835386414995,1
"balanced","harassment","Australia",0.19260035592688,0.203691822417524,0
"balanced","harassment","France",1.30956260670656,1.33835386414995,1
"balanced","harassment","Australia",0.19260035592688,-0.0183233557253199,0
"quota","harassment","France",0.19260035592688,-0.0183233557253199,1
"quota","harassment","France",0.19260035592688,-0.0183233557253199,1
"all_male","harassment","Norway",0.19260035592688,0.709019674423722,1
"quota","harassment","France",0.19260035592688,-0.0183233557253199,1
"quota","harassment","Australia",0.19260035592688,-0.0183233557253199,1
"balanced","harassment","France",0.19260035592688,0.388995655858061,0
"quota","harassment","France",0.19260035592688,-0.0183233557253199,0
"quota","harassment","France",1.30956260670656,0.709019674423722,0
"all_male","harassment","France",0.19260035592688,1.33835386414995,1
"quota","harassment","France",0.19260035592688,-1.37500057560059,1
"all_male","harassment","France",-0.924361894852804,-0.647657545451545,1
"all_male","harassment","France",-2.04132414563249,-0.967681564017206,1
"all_male","harassment","France",-2.04132414563249,-2.73167779547585,1
"quota","harassment","France",0.19260035592688,-0.0183233557253199,0
"balanced","harassment","France",1.30956260670656,-0.0183233557253199,0
"balanced","harassment","France",1.30956260670656,1.33835386414995,1
"balanced","harassment","France",0.19260035592688,-1.91703977230909,0
"quota","harassment","Australia",1.30956260670656,1.33835386414995,0
"balanced","harassment","France",-2.04132414563249,-2.28764743919016,0
"all_male","harassment","France",-0.924361894852804,-0.967681564017206,1
"all_male","harassment","France",0.19260035592688,-0.0183233557253199,0
"all_male","harassment","France",0.19260035592688,-0.0183233557253199,0
"quota","harassment","France",0.19260035592688,-1.37500057560059,0
"all_male","harassment","France",0.19260035592688,-0.0183233557253199,1
"all_male","harassment","France",0.19260035592688,-0.0183233557253199,1
"balanced","harassment","France",0.19260035592688,-0.0183233557253199,0
"quota","harassment","France",-2.04132414563249,-0.0183233557253199,0
"all_male","harassment","Australia",-0.924361894852804,-2.10234360574963,0
"quota","harassment","France",0.19260035592688,-0.0183233557253199,1
"balanced","harassment","France",0.19260035592688,-0.0183233557253199,0
"quota","harassment","France",0.19260035592688,-1.15298539745774,1
"balanced","harassment","Australia",0.19260035592688,-0.0183233557253199,1
"balanced","harassment","France",0.19260035592688,-0.0183233557253199,1
"all_male","harassment","France",0.19260035592688,-0.0183233557253199,1
"all_male","harassment","France",-0.924361894852804,-1.37500057560059,1
"all_male","harassment","France",0.19260035592688,-0.0183233557253199,1
"all_male","harassment","France",0.19260035592688,-0.0183233557253199,1
"all_male","harassment","France",-2.04132414563249,-2.73167779547585,1
"quota","harassment","France",0.19260035592688,-0.0183233557253199,0
"quota","harassment","France",0.19260035592688,-0.0183233557253199,1
"all_male","harassment","France",0.19260035592688,-0.0183233557253199,0
"balanced","harassment","France",-0.924361894852804,-0.240338533868164,1
"balanced","harassment","France",1.30956260670656,1.33835386414995,1
"quota","harassment","France",0.19260035592688,-0.0183233557253199,0
"quota","harassment","France",-0.924361894852804,-1.37500057560059,1
"balanced","harassment","France",0.19260035592688,-0.0183233557253199,1
"quota","harassment","France",0.19260035592688,-0.0183233557253199,1
"all_male","harassment","France",-0.924361894852804,-0.0183233557253199,0
"balanced","harassment","France",0.19260035592688,-0.0183233557253199,1
"all_male","harassment","France",-0.924361894852804,-1.15298539745774,1
"quota","harassment","France",0.19260035592688,-0.0183233557253199,0
"quota","harassment","France",0.19260035592688,-0.0183233557253199,1
"quota","harassment","France",-0.924361894852804,-0.0183233557253199,0
"quota","harassment","France",0.19260035592688,0.709019674423722,1
"balanced","harassment","France",-0.924361894852804,-0.240338533868164,1
"quota","harassment","France",0.19260035592688,0.611010834000905,1
"quota","harassment","France",0.19260035592688,0.709019674423722,1
"all_male","harassment","France",0.19260035592688,-0.0183233557253199,1
"all_male","harassment","France",0.19260035592688,1.1163386860071,1
"quota","harassment","France",-0.924361894852804,-0.967681564017206,1
"quota","harassment","France",1.30956260670656,0.709019674423722,0
"balanced","harassment","France",0.19260035592688,-0.0183233557253199,0
"balanced","harassment","France",0.19260035592688,-0.4256423673087,1
"quota","harassment","France",1.30956260670656,1.33835386414995,1
"balanced","harassment","France",1.30956260670656,-0.0183233557253199,0
"balanced","harassment","Norway",1.30956260670656,0.203691822417524,1
"all_male","harassment","Australia",-0.924361894852804,-0.0183233557253199,0
"quota","harassment","France",0.19260035592688,-1.15298539745774,0
"all_male","harassment","Norway",0.19260035592688,1.1163386860071,0
"balanced","harassment","Norway",1.30956260670656,1.33835386414995,0
"balanced","harassment","France",1.30956260670656,0.931034852566566,1
"balanced","harassment","France",0.19260035592688,-1.15298539745774,0
"all_male","harassment","France",-0.924361894852804,-0.0183233557253199,0
"balanced","harassment","France",0.19260035592688,-0.10561834874304,0
"balanced","harassment","France",0.19260035592688,-1.37500057560059,1
"all_male","harassment","France",-0.924361894852804,-1.37500057560059,1
"balanced","harassment","France",0.19260035592688,1.33835386414995,1
"all_male","harassment","France",0.19260035592688,-0.0183233557253199,1
"all_male","harassment","France",0.19260035592688,-0.0183233557253199,0
"all_male","harassment","France",1.30956260670656,0.388995655858061,1
"balanced","harassment","France",0.19260035592688,1.1163386860071,1
"all_male","harassment","Australia",0.19260035592688,-0.967681564017206,1
"balanced","harassment","France",0.19260035592688,-0.745666385874362,1
"quota","harassment","France",1.30956260670656,0.203691822417524,1
"balanced","harassment","France",1.30956260670656,0.388995655858061,0
"all_male","harassment","France",-0.924361894852804,1.1163386860071,0
"balanced","harassment","France",0.19260035592688,-0.0183233557253199,0
"all_male","harassment","France",0.19260035592688,-1.15298539745774,1
"quota","harassment","Australia",0.19260035592688,-0.0183233557253199,0
"balanced","harassment","France",0.19260035592688,-0.0183233557253199,1
"quota","harassment","France",-0.924361894852804,-1.37500057560059,1
"quota","harassment","France",-0.924361894852804,1.1163386860071,0
"balanced","harassment","France",-0.924361894852804,-1.15298539745774,1
"quota","harassment","France",0.19260035592688,-0.0183233557253199,0
"balanced","harassment","France",0.19260035592688,-0.0183233557253199,1
"balanced","harassment","France",1.30956260670656,1.33835386414995,1
"balanced","harassment","France",0.19260035592688,-0.0183233557253199,0
"balanced","harassment","France",1.30956260670656,-0.0550347004276277,1
"all_male","harassment","France",-0.924361894852804,-0.967681564017206,0
"quota","harassment","Australia",-0.924361894852804,-1.37500057560059,0
"balanced","harassment","France",-2.04132414563249,-1.59701575374343,1
"all_male","harassment","France",-0.924361894852804,-0.0183233557253199,0
"quota","harassment","France",-0.924361894852804,-1.37500057560059,1
"all_male","harassment","France",-0.924361894852804,1.1163386860071,1
"all_male","harassment","France",-2.04132414563249,1.1163386860071,1
"quota","harassment","France",0.19260035592688,0.709019674423722,1
"quota","harassment","France",0.19260035592688,1.1163386860071,0
"all_male","harassment","Australia",0.19260035592688,-0.0183233557253199,1
"quota","harassment","France",-0.924361894852804,1.1163386860071,1
"all_male","harassment","France",-2.04132414563249,-1.37500057560059,0
"all_male","harassment","France",-0.924361894852804,-1.37500057560059,1
"balanced","harassment","France",-0.924361894852804,-1.37500057560059,1
"quota","harassment","France",1.30956260670656,-0.0183233557253199,0
"balanced","harassment","France",0.19260035592688,-0.0183233557253199,1
"all_male","harassment","France",0.19260035592688,-0.0183233557253199,1
"all_male","harassment","France",0.19260035592688,-1.15298539745774,0
"balanced","harassment","France",0.19260035592688,-0.0183233557253199,1
"quota","harassment","France",0.19260035592688,-1.15298539745774,0
"balanced","harassment","France",0.19260035592688,0.709019674423722,1
"all_male","harassment","France",-2.04132414563249,-1.18969674216005,1
"balanced","harassment","Norway",0.19260035592688,-0.0183233557253199,1
"all_male","harassment","France",-0.924361894852804,-0.0183233557253199,1
"quota","harassment","France",0.19260035592688,-0.0183233557253199,1
"balanced","harassment","France",0.19260035592688,1.1163386860071,1
"all_male","harassment","France",0.19260035592688,-0.0183233557253199,1
"balanced","harassment","France",0.19260035592688,-1.37500057560059,0
"quota","harassment","France",0.19260035592688,-0.745666385874362,0
"quota","harassment","France",0.19260035592688,-0.0183233557253199,0
"all_male","harassment","Australia",-0.924361894852804,-1.37500057560059,0
"balanced","harassment","France",0.19260035592688,-0.745666385874362,1
"balanced","harassment","France",1.30956260670656,-0.338347374290981,1
"balanced","harassment","France",-2.04132414563249,-2.73167779547585,1
"quota","harassment","France",0.19260035592688,-0.0183233557253199,0
"balanced","harassment","France",0.19260035592688,-0.0183233557253199,1
"quota","harassment","France",-0.924361894852804,-1.37500057560059,0
"quota","harassment","France",0.19260035592688,-0.0183233557253199,0
"quota","harassment","France",0.19260035592688,-1.37500057560059,0
"balanced","harassment","France",0.19260035592688,1.1163386860071,1
"balanced","harassment","France",0.19260035592688,0.388995655858061,0
"quota","harassment","Australia",0.19260035592688,-1.37500057560059,1
"balanced","harassment","France",-0.924361894852804,-0.240338533868164,1
"quota","harassment","Norway",1.30956260670656,1.33835386414995,1
"quota","harassment","France",0.19260035592688,-0.0183233557253199,1
"balanced","harassment","France",0.19260035592688,-0.4256423673087,0
"all_male","harassment","France",0.19260035592688,-0.0183233557253199,0
"quota","harassment","France",0.19260035592688,-0.0183233557253199,1
"balanced","harassment","Australia",-2.04132414563249,-2.73167779547585,1
"all_male","harassment","France",-2.04132414563249,-1.59701575374343,1
"all_male","harassment","Norway",-2.04132414563249,1.33835386414995,1
"balanced","harassment","France",0.19260035592688,-1.15298539745774,1
"quota","harassment","France",-0.924361894852804,-1.37500057560059,0
"all_male","harassment","France",0.19260035592688,-0.0183233557253199,1
"balanced","harassment","France",1.30956260670656,0.203691822417524,0
"quota","harassment","France",-0.924361894852804,-0.0550347004276277,1
"all_male","harassment","France",0.19260035592688,-0.0183233557253199,1
"balanced","harassment","France",0.19260035592688,1.1163386860071,1
"quota","harassment","France",-0.924361894852804,-0.0183233557253199,0
"all_male","harassment","France",0.19260035592688,-0.745666385874362,1
"quota","harassment","France",0.19260035592688,-0.4256423673087,1
"balanced","harassment","France",0.19260035592688,1.33835386414995,0
"quota","harassment","France",0.19260035592688,0.709019674423722,1
"quota","harassment","France",1.30956260670656,1.1163386860071,0
"balanced","harassment","Australia",1.30956260670656,0.203691822417524,1
"all_male","harassment","Norway",-2.04132414563249,-0.0183233557253199,1
"all_male","harassment","France",-0.924361894852804,-0.240338533868164,0
"quota","harassment","France",-2.04132414563249,-2.73167779547585,0
"all_male","harassment","France",-0.924361894852804,-0.0183233557253199,0
"all_male","harassment","France",0.19260035592688,-0.0183233557253199,0
"balanced","harassment","France",1.30956260670656,1.33835386414995,1
"quota","harassment","France",0.19260035592688,-0.0183233557253199,1
"quota","harassment","France",0.19260035592688,-0.0183233557253199,0
"balanced","harassment","France",0.19260035592688,1.33835386414995,1
"quota","harassment","France",1.30956260670656,-2.73167779547585,0
"all_male","harassment","France",0.19260035592688,-0.0183233557253199,1
"quota","harassment","France",-0.924361894852804,-0.0183233557253199,0
"all_male","harassment","Australia",-2.04132414563249,1.33835386414995,1
"all_male","harassment","France",1.30956260670656,1.1163386860071,0
"quota","harassment","France",0.19260035592688,-0.0183233557253199,0
"balanced","harassment","France",0.19260035592688,-0.0183233557253199,1
"all_male","harassment","France",-0.924361894852804,-0.0183233557253199,1
"quota","harassment","France",0.19260035592688,-0.0183233557253199,1
"all_male","harassment","France",-0.924361894852804,-1.37500057560059,1
"all_male","harassment","France",0.19260035592688,-0.0183233557253199,0
"quota","harassment","France",0.19260035592688,-0.0183233557253199,1
"balanced","harassment","France",0.19260035592688,-0.0183233557253199,1
"all_male","harassment","France",-0.924361894852804,-1.15298539745774,0
"balanced","harassment","France",0.19260035592688,-0.4256423673087,1
"quota","harassment","France",0.19260035592688,0.931034852566566,0
"balanced","harassment","France",-0.924361894852804,-1.37500057560059,1
"quota","harassment","France",-0.924361894852804,-0.240338533868164,1
"balanced","harassment","France",1.30956260670656,1.33835386414995,1
"quota","harassment","Norway",-0.924361894852804,-1.37500057560059,1
"balanced","harassment","France",0.19260035592688,-0.0183233557253199,0
"balanced","harassment","France",-2.04132414563249,-2.73167779547585,0
"quota","harassment","France",-0.924361894852804,-1.37500057560059,0
"all_male","harassment","France",0.19260035592688,-0.0183233557253199,1
"balanced","harassment","France",0.19260035592688,1.33835386414995,0
"quota","harassment","France",1.30956260670656,1.33835386414995,1
"all_male","harassment","France",-2.04132414563249,-1.33828923089828,0
"quota","harassment","France",0.19260035592688,-0.0183233557253199,1
"quota","harassment","Australia",-2.04132414563249,-2.73167779547585,0
"all_male","harassment","France",-2.04132414563249,-0.240338533868164,1
"balanced","harassment","France",0.19260035592688,-0.0183233557253199,1
"all_male","harassment","France",-2.04132414563249,-0.0183233557253199,1
"balanced","harassment","France",0.19260035592688,-0.0183233557253199,1
"all_male","harassment","France",-2.04132414563249,-0.0183233557253199,1
"quota","harassment","France",-0.924361894852804,-0.240338533868164,1
"all_male","harassment","France",-0.924361894852804,-1.37500057560059,0
"all_male","harassment","France",0.19260035592688,-0.0183233557253199,1
"quota","harassment","France",-0.924361894852804,-0.0183233557253199,1
"balanced","harassment","France",0.19260035592688,-0.0183233557253199,1
"all_male","harassment","France",-0.924361894852804,-0.240338533868164,0
"balanced","harassment","Norway",-0.924361894852804,-0.0183233557253199,0
"quota","harassment","France",-2.04132414563249,-2.73167779547585,1
"quota","harassment","France",0.19260035592688,1.33835386414995,1
"all_male","harassment","France",-0.924361894852804,-0.0183233557253199,1
"balanced","harassment","France",1.30956260670656,1.33835386414995,1
"all_male","harassment","France",-0.924361894852804,-0.240338533868164,1
"all_male","harassment","France",-0.924361894852804,-0.0183233557253199,0
"quota","harassment","France",0.19260035592688,-0.647657545451545,1
"balanced","harassment","Australia",0.19260035592688,-0.0183233557253199,1
"all_male","harassment","France",-0.924361894852804,-1.37500057560059,1
"quota","harassment","France",0.19260035592688,-0.0183233557253199,1
"balanced","harassment","France",1.30956260670656,1.33835386414995,1
"balanced","harassment","France",-0.924361894852804,-1.37500057560059,1
"all_male","harassment","France",0.19260035592688,-0.967681564017206,1
"balanced","harassment","France",0.19260035592688,1.1163386860071,1
"quota","harassment","France",-0.924361894852804,-1.37500057560059,1
"all_male","harassment","France",-0.924361894852804,-0.240338533868164,0
"balanced","harassment","France",1.30956260670656,-0.240338533868164,0
"all_male","harassment","France",0.19260035592688,-0.0183233557253199,1
"balanced","harassment","France",0.19260035592688,0.709019674423722,1
"balanced","harassment","Australia",1.30956260670656,0.611010834000905,1
"balanced","harassment","France",-0.924361894852804,-1.59701575374343,0
"balanced","harassment","France",0.19260035592688,1.1163386860071,1
"all_male","harassment","France",0.19260035592688,-0.0183233557253199,0
"all_male","harassment","France",0.19260035592688,-0.0183233557253199,0
"all_male","harassment","France",-0.924361894852804,-1.37500057560059,1
"balanced","harassment","France",0.19260035592688,1.33835386414995,1
"all_male","harassment","France",0.19260035592688,-0.4256423673087,1
"all_male","harassment","France",0.19260035592688,-0.4256423673087,1
"quota","harassment","France",0.19260035592688,1.1163386860071,1
"balanced","harassment","France",0.19260035592688,-0.0183233557253199,0
"balanced","harassment","France",1.30956260670656,1.33835386414995,1
"all_male","harassment","France",-0.924361894852804,-1.56030440904112,1
"quota","harassment","Australia",1.30956260670656,-0.0183233557253199,1
"balanced","harassment","France",0.19260035592688,-1.15298539745774,1
"balanced","harassment","France",0.19260035592688,-0.0183233557253199,1
"balanced","harassment","Australia",1.30956260670656,1.33835386414995,0
"all_male","harassment","France",-0.924361894852804,-0.240338533868164,1
"all_male","harassment","France",0.19260035592688,1.1163386860071,0
"balanced","harassment","France",0.19260035592688,-0.0183233557253199,1
"all_male","harassment","France",0.19260035592688,-0.0183233557253199,0
"balanced","harassment","France",1.30956260670656,1.33835386414995,0
"all_male","harassment","France",-0.924361894852804,0.487004496280878,0
"quota","harassment","France",1.30956260670656,-0.338347374290981,0
"all_male","harassment","France",0.19260035592688,-1.15298539745774,1
"quota","harassment","Australia",0.19260035592688,-0.745666385874362,1
"all_male","harassment","Australia",0.19260035592688,-0.0183233557253199,1
"balanced","harassment","France",-0.924361894852804,-0.240338533868164,1
"balanced","harassment","France",0.19260035592688,-0.0183233557253199,1
"quota","harassment","France",0.19260035592688,-1.37500057560059,0
"balanced","harassment","France",0.19260035592688,-0.0183233557253199,1
"balanced","harassment","Australia",0.19260035592688,1.33835386414995,1
"all_male","harassment","France",-2.04132414563249,-1.37500057560059,1
"all_male","harassment","France",0.19260035592688,1.1163386860071,0
"quota","harassment","France",0.19260035592688,-1.37500057560059,0
"quota","harassment","France",1.30956260670656,1.33835386414995,0
"all_male","harassment","France",-0.924361894852804,-0.0183233557253199,1
"balanced","harassment","France",0.19260035592688,-0.0183233557253199,1
"all_male","harassment","France",-2.04132414563249,-2.73167779547585,1
"all_male","harassment","Australia",-0.924361894852804,-0.0183233557253199,1
"quota","harassment","France",-0.924361894852804,-1.15298539745774,0
"all_male","harassment","France",-0.924361894852804,-1.15298539745774,0
"balanced","harassment","France",0.19260035592688,1.33835386414995,0
"balanced","harassment","France",1.30956260670656,1.33835386414995,1
"all_male","harassment","France",0.19260035592688,-1.15298539745774,0
"quota","harassment","France",0.19260035592688,1.1163386860071,1
"balanced","harassment","France",0.19260035592688,1.1163386860071,1
"quota","harassment","Australia",0.19260035592688,-0.0183233557253199,0
"balanced","harassment","Norway",0.19260035592688,-0.967681564017206,1
"quota","harassment","France",0.19260035592688,0.203691822417524,1
"balanced","harassment","Norway",1.30956260670656,-0.0183233557253199,1
"all_male","harassment","France",0.19260035592688,1.1163386860071,0
"quota","harassment","Australia",0.19260035592688,-0.0183233557253199,1
"quota","harassment","France",-2.04132414563249,-2.73167779547585,0
"balanced","harassment","Norway",1.30956260670656,-0.0183233557253199,0
"all_male","harassment","Norway",-0.924361894852804,-0.0183233557253199,0
"quota","harassment","France",-0.924361894852804,-0.0183233557253199,0
"balanced","harassment","France",-0.924361894852804,-1.15298539745774,1
"balanced","harassment","France",1.30956260670656,-0.0183233557253199,0
"balanced","harassment","France",0.19260035592688,-0.0183233557253199,0
"balanced","harassment","Australia",0.19260035592688,-0.240338533868164,1
"quota","harassment","France",1.30956260670656,1.33835386414995,1
"quota","harassment","France",0.19260035592688,1.1163386860071,1
"balanced","harassment","France",0.19260035592688,-0.0183233557253199,1
"quota","harassment","France",0.19260035592688,1.1163386860071,1
"quota","harassment","France",1.30956260670656,0.931034852566566,0
"quota","harassment","Australia",-0.924361894852804,-1.37500057560059,1
"all_male","harassment","France",0.19260035592688,0.203691822417524,0
"all_male","harassment","France",-0.924361894852804,1.1163386860071,1
"all_male","harassment","Australia",-0.924361894852804,-0.0183233557253199,0
"all_male","harassment","France",0.19260035592688,-0.0183233557253199,1
"quota","harassment","France",0.19260035592688,-0.0183233557253199,1
"quota","harassment","Australia",-0.924361894852804,-1.37500057560059,0
"all_male","harassment","Australia",0.19260035592688,-0.0183233557253199,1
"all_male","harassment","Australia",1.30956260670656,0.203691822417524,0
"quota","harassment","France",0.19260035592688,-0.0183233557253199,1
"quota","harassment","Norway",-0.924361894852804,-0.549648705028728,0
"balanced","harassment","France",0.19260035592688,-0.0183233557253199,0
"balanced","harassment","France",-0.924361894852804,-1.37500057560059,1
"all_male","harassment","France",0.19260035592688,-0.0183233557253199,0
"quota","harassment","France",0.19260035592688,1.33835386414995,1
"all_male","harassment","France",0.19260035592688,-0.967681564017206,1
"balanced","harassment","Norway",0.19260035592688,-0.0183233557253199,1
"balanced","harassment","Australia",1.30956260670656,1.33835386414995,1
"balanced","harassment","Norway",0.19260035592688,-0.0183233557253199,1
"all_male","harassment","France",0.19260035592688,-0.0183233557253199,1
"quota","harassment","Norway",0.19260035592688,-0.240338533868164,0
"balanced","harassment","France",0.19260035592688,0.709019674423722,0
"quota","harassment","France",1.30956260670656,-0.0183233557253199,1
"balanced","harassment","Australia",-0.924361894852804,-1.37500057560059,0
"balanced","harassment","France",0.19260035592688,1.33835386414995,1
"balanced","harassment","France",-0.924361894852804,-1.37500057560059,1
"all_male","harassment","France",0.19260035592688,-0.0183233557253199,1
"quota","harassment","Norway",1.30956260670656,-0.4256423673087,0
"all_male","harassment","Australia",0.19260035592688,1.33835386414995,1
"quota","harassment","France",0.19260035592688,-0.0183233557253199,1
"all_male","harassment","France",-0.924361894852804,0.709019674423722,1
"balanced","harassment","France",0.19260035592688,-0.0183233557253199,1
"all_male","harassment","Australia",-2.04132414563249,-2.73167779547585,1
"quota","harassment","Norway",1.30956260670656,-0.745666385874362,0
"quota","harassment","France",1.30956260670656,1.33835386414995,0
"balanced","harassment","France",1.30956260670656,1.1163386860071,1
"balanced","harassment","France",-0.924361894852804,-1.37500057560059,0
"balanced","harassment","Norway",0.19260035592688,-0.4256423673087,1
"balanced","harassment","France",1.30956260670656,1.33835386414995,1
"quota","harassment","Australia",0.19260035592688,0.388995655858061,1
"balanced","harassment","France",-0.924361894852804,-1.15298539745774,1
"quota","harassment","Australia",0.19260035592688,0.709019674423722,1
"all_male","harassment","France",0.19260035592688,-0.0183233557253199,1
"quota","harassment","France",0.19260035592688,-0.0183233557253199,0
"balanced","harassment","France",0.19260035592688,-0.0183233557253199,1
"balanced","harassment","Australia",-0.924361894852804,-2.10234360574963,1
"all_male","harassment","France",0.19260035592688,-0.10561834874304,0
"quota","harassment","Australia",1.30956260670656,1.33835386414995,0
"all_male","harassment","Norway",1.30956260670656,-0.0183233557253199,0
"balanced","harassment","Australia",1.30956260670656,1.33835386414995,1
"all_male","harassment","Norway",0.19260035592688,-0.0183233557253199,0
"balanced","harassment","France",0.19260035592688,-0.0183233557253199,0
"quota","harassment","France",1.30956260670656,-0.0183233557253199,1
"balanced","harassment","Norway",0.19260035592688,-0.0183233557253199,0
"all_male","harassment","Australia",0.19260035592688,-1.15298539745774,1
"quota","harassment","Norway",1.30956260670656,1.33835386414995,1
"balanced","harassment","Australia",1.30956260670656,0.203691822417524,1
"all_male","harassment","Australia",-2.04132414563249,-0.930970219314898,1
"all_male","harassment","France",1.30956260670656,1.33835386414995,1
"quota","harassment","Australia",1.30956260670656,0.611010834000905,1
"quota","harassment","France",0.19260035592688,-0.0183233557253199,0
"all_male","harassment","France",-0.924361894852804,-1.37500057560059,1
"balanced","harassment","Norway",-0.924361894852804,-0.967681564017206,0
"quota","harassment","France",0.19260035592688,-0.0183233557253199,0
"balanced","harassment","France",0.19260035592688,-0.0183233557253199,0
"quota","harassment","Australia",0.19260035592688,-0.0183233557253199,0
"quota","harassment","Norway",0.19260035592688,-0.0183233557253199,0
"all_male","harassment","France",0.19260035592688,-0.0183233557253199,0
"balanced","harassment","France",1.30956260670656,1.33835386414995,1
"quota","harassment","Australia",-0.924361894852804,-1.65831324946394,0
"all_male","harassment","Australia",0.19260035592688,-0.0183233557253199,0
"all_male","harassment","Norway",-0.924361894852804,1.33835386414995,0
"quota","harassment","Norway",0.19260035592688,-0.0183233557253199,0
"all_male","harassment","France",-2.04132414563249,-0.869672723594389,1
"balanced","harassment","France",0.19260035592688,-0.0183233557253199,1
"all_male","harassment","France",0.19260035592688,-0.0183233557253199,1
"all_male","harassment","Norway",0.19260035592688,-1.37500057560059,0
"all_male","harassment","Norway",-0.924361894852804,1.1163386860071,0
"balanced","harassment","France",-0.924361894852804,0.709019674423722,1
"quota","harassment","Norway",-0.924361894852804,-1.37500057560059,1
"balanced","harassment","Norway",1.30956260670656,1.33835386414995,0
"quota","harassment","Australia",-0.924361894852804,-0.0183233557253199,1
"all_male","harassment","Australia",-0.924361894852804,0.931034852566566,1
"quota","harassment","France",0.19260035592688,-0.0183233557253199,1
"all_male","harassment","France",0.19260035592688,0.388995655858061,0
"all_male","harassment","France",-2.04132414563249,-0.0183233557253199,1
"quota","harassment","France",0.19260035592688,-0.0183233557253199,1
"balanced","harassment","France",0.19260035592688,0.709019674423722,0
"all_male","harassment","France",-2.04132414563249,1.1163386860071,1
"all_male","harassment","Norway",-2.04132414563249,-0.240338533868164,1
"balanced","harassment","Australia",0.19260035592688,0.166980477715217,1
"balanced","harassment","France",-0.924361894852804,-0.0183233557253199,1
"all_male","harassment","Australia",-0.924361894852804,-0.0183233557253199,0
"balanced","harassment","Australia",-0.924361894852804,-1.37500057560059,0
"balanced","harassment","Norway",0.19260035592688,1.33835386414995,1
"quota","harassment","France",0.19260035592688,1.1163386860071,0
"all_male","harassment","Australia",-0.924361894852804,-0.4256423673087,1
"balanced","harassment","France",-0.924361894852804,-2.50966261733301,1
"quota","harassment","Norway",0.19260035592688,1.33835386414995,0
"quota","harassment","Australia",1.30956260670656,-0.0183233557253199,0
"all_male","harassment","Norway",-2.04132414563249,-2.73167779547585,1
"quota","harassment","France",0.19260035592688,-0.0183233557253199,1
"all_male","harassment","Australia",0.19260035592688,-0.0183233557253199,0
"quota","harassment","Australia",0.19260035592688,-0.0183233557253199,1
"quota","harassment","Australia",-0.924361894852804,-2.73167779547585,1
"all_male","harassment","Australia",1.30956260670656,0.388995655858061,0
"balanced","harassment","France",-0.924361894852804,-2.00433476532681,1
"quota","harassment","Norway",1.30956260670656,0.931034852566566,0
"quota","harassment","Australia",1.30956260670656,1.33835386414995,0
"balanced","harassment","Australia",0.19260035592688,1.33835386414995,1
"balanced","harassment","Norway",0.19260035592688,-0.0183233557253199,1
"balanced","harassment","Norway",1.30956260670656,1.33835386414995,0
"all_male","harassment","Norway",-0.924361894852804,1.33835386414995,0
"all_male","harassment","Norway",-0.924361894852804,1.33835386414995,1
"balanced","harassment","Australia",0.19260035592688,-0.0183233557253199,1
"all_male","harassment","Norway",0.19260035592688,0.611010834000905,0
"quota","harassment","Norway",1.30956260670656,1.1163386860071,0
"balanced","harassment","Australia",1.30956260670656,1.33835386414995,1
"balanced","harassment","Australia",1.30956260670656,1.33835386414995,1
"quota","harassment","Norway",0.19260035592688,0.931034852566566,0
"quota","harassment","Norway",1.30956260670656,1.33835386414995,0
"balanced","harassment","Australia",1.30956260670656,1.33835386414995,1
"all_male","harassment","Norway",-0.924361894852804,-0.967681564017206,0
"all_male","harassment","Norway",-0.924361894852804,-2.10234360574963,0
"all_male","harassment","Norway",0.19260035592688,1.33835386414995,0
"all_male","harassment","Australia",0.19260035592688,-0.0183233557253199,1
"all_male","harassment","Australia",0.19260035592688,1.1163386860071,0
"all_male","harassment","Australia",-0.924361894852804,-1.37500057560059,0
"balanced","harassment","Norway",1.30956260670656,1.33835386414995,0
"quota","harassment","Norway",1.30956260670656,1.33835386414995,0
"balanced","harassment","Norway",0.19260035592688,-0.0183233557253199,0
"quota","harassment","Australia",1.30956260670656,1.33835386414995,1
"balanced","harassment","Norway",0.19260035592688,-0.4256423673087,0
"quota","harassment","Norway",-0.924361894852804,-1.37500057560059,1
"balanced","harassment","Norway",-0.924361894852804,-1.56030440904112,0
"balanced","harassment","Norway",1.30956260670656,1.33835386414995,0
"quota","harassment","Australia",0.19260035592688,-0.0183233557253199,0
"balanced","harassment","Norway",0.19260035592688,0.709019674423722,0
"all_male","harassment","Australia",-0.924361894852804,-0.240338533868164,1
"quota","harassment","Australia",0.19260035592688,1.1163386860071,1
"all_male","harassment","Australia",1.30956260670656,0.203691822417524,0
"quota","harassment","Norway",0.19260035592688,0.388995655858061,0
"balanced","harassment","Norway",1.30956260670656,-0.745666385874362,0
"balanced","harassment","Australia",0.19260035592688,1.33835386414995,1
"quota","harassment","Norway",1.30956260670656,1.33835386414995,1
"balanced","harassment","Australia",-2.04132414563249,-0.0550347004276277,0
"balanced","harassment","Norway",1.30956260670656,-0.745666385874362,0
"all_male","harassment","Australia",1.30956260670656,1.33835386414995,1
"all_male","harassment","Norway",-0.924361894852804,-0.0183233557253199,1
"all_male","harassment","Australia",-2.04132414563249,-2.73167779547585,0
"all_male","harassment","Norway",-2.04132414563249,-2.50966261733301,0
"balanced","harassment","Norway",1.30956260670656,0.203691822417524,0
"all_male","harassment","Norway",0.19260035592688,-0.967681564017206,0
"balanced","harassment","Norway",-0.924361894852804,-0.967681564017206,0
"quota","harassment","Australia",1.30956260670656,1.33835386414995,1
"all_male","harassment","Norway",-0.924361894852804,-1.37500057560059,1
"balanced","harassment","Australia",1.30956260670656,0.611010834000905,1
"balanced","harassment","Australia",0.19260035592688,1.33835386414995,1
"all_male","harassment","Norway",-2.04132414563249,-2.50966261733301,0
"quota","harassment","Norway",0.19260035592688,-0.0183233557253199,0
"balanced","harassment","Australia",1.30956260670656,1.33835386414995,0
"quota","harassment","Australia",0.19260035592688,-2.20035244617245,1
"quota","harassment","Australia",1.30956260670656,0.203691822417524,1
"quota","harassment","Australia",1.30956260670656,1.33835386414995,1
"balanced","harassment","Norway",1.30956260670656,-0.0183233557253199,1
"quota","harassment","Norway",0.19260035592688,1.33835386414995,0
"all_male","harassment","Australia",-0.924361894852804,-0.240338533868164,1
"all_male","harassment","Australia",-0.924361894852804,-0.967681564017206,0
"balanced","harassment","Australia",1.30956260670656,1.33835386414995,0
"all_male","harassment","Australia",-0.924361894852804,-1.37500057560059,1
"all_male","harassment","Norway",-0.924361894852804,0.709019674423722,0
"balanced","harassment","Australia",0.19260035592688,0.203691822417524,0
"balanced","harassment","Australia",0.19260035592688,-0.0183233557253199,0
"all_male","harassment","Australia",-2.04132414563249,-0.832961378892081,0
"quota","harassment","Australia",1.30956260670656,1.33835386414995,1
"quota","harassment","Norway",-0.924361894852804,-2.28764743919016,0
"balanced","harassment","Norway",1.30956260670656,-0.0183233557253199,0
"balanced","harassment","Australia",1.30956260670656,0.611010834000905,1
"quota","harassment","Norway",1.30956260670656,1.33835386414995,0
"all_male","harassment","Norway",-2.04132414563249,-0.0183233557253199,1
"quota","harassment","Norway",1.30956260670656,1.33835386414995,0
"quota","harassment","Norway",-0.924361894852804,-0.4256423673087,0
"balanced","harassment","Norway",0.19260035592688,-0.0183233557253199,0
"balanced","harassment","Norway",0.19260035592688,-0.0183233557253199,1
"all_male","harassment","Norway",0.19260035592688,-0.843675226297178,0
"quota","harassment","Norway",-0.924361894852804,-1.37500057560059,0
"all_male","harassment","Norway",-0.924361894852804,-1.37500057560059,0
"all_male","harassment","Norway",0.19260035592688,0.709019674423722,1
"all_male","harassment","Norway",-0.924361894852804,-1.37500057560059,0
"quota","harassment","Australia",1.30956260670656,0.709019674423722,1
"balanced","harassment","Norway",0.19260035592688,1.1163386860071,1
"quota","harassment","Norway",1.30956260670656,1.33835386414995,1
"quota","harassment","Australia",1.30956260670656,1.33835386414995,1
"all_male","harassment","Australia",1.30956260670656,1.33835386414995,0
"balanced","harassment","Australia",1.30956260670656,-0.0183233557253199,1
"balanced","harassment","Norway",1.30956260670656,1.33835386414995,0
"quota","harassment","Norway",1.30956260670656,1.33835386414995,0
"all_male","harassment","Australia",-0.924361894852804,-0.0183233557253199,1
"all_male","harassment","Australia",0.19260035592688,-0.0183233557253199,1
"quota","harassment","Australia",1.30956260670656,0.931034852566566,1
"all_male","harassment","Norway",-2.04132414563249,-1.37500057560059,1
"quota","harassment","Australia",0.19260035592688,-0.0183233557253199,1
"balanced","harassment","Australia",0.19260035592688,-0.0183233557253199,0
"all_male","harassment","Australia",0.19260035592688,1.1163386860071,0
"balanced","harassment","Norway",1.30956260670656,1.33835386414995,0
"balanced","harassment","Norway",0.19260035592688,-0.0183233557253199,1
"quota","harassment","Norway",-0.924361894852804,-1.15298539745774,0
"all_male","harassment","Australia",1.30956260670656,1.33835386414995,1
"quota","harassment","Australia",1.30956260670656,1.33835386414995,1
"all_male","harassment","Norway",-2.04132414563249,-2.73167779547585,0
"balanced","harassment","Norway",-2.04132414563249,-0.462353712011008,0
"all_male","harassment","Norway",-2.04132414563249,1.1163386860071,0
"balanced","harassment","Norway",0.19260035592688,-1.37500057560059,0
"all_male","harassment","Norway",1.30956260670656,1.33835386414995,1
"quota","harassment","Australia",0.19260035592688,-0.0183233557253199,1
"all_male","harassment","Norway",-0.924361894852804,1.1163386860071,0
"quota","harassment","Norway",-0.924361894852804,-0.240338533868164,1
"all_male","harassment","Norway",-2.04132414563249,-0.0183233557253199,1
"quota","harassment","Norway",0.19260035592688,-0.0183233557253199,0
"quota","harassment","Norway",1.30956260670656,-0.0183233557253199,0
"quota","harassment","Norway",0.19260035592688,-1.28770558258287,1
"quota","harassment","Australia",0.19260035592688,-0.0183233557253199,0
"all_male","harassment","Australia",0.19260035592688,-0.0183233557253199,1
"quota","harassment","Australia",1.30956260670656,1.33835386414995,0
"quota","harassment","Norway",-0.924361894852804,-0.0183233557253199,1
"quota","harassment","Norway",0.19260035592688,-0.0183233557253199,0
"balanced","harassment","Norway",1.30956260670656,1.33835386414995,0
"quota","harassment","Norway",1.30956260670656,1.33835386414995,0
"all_male","harassment","Norway",-2.04132414563249,-1.59701575374343,1
"balanced","harassment","Australia",1.30956260670656,-0.0183233557253199,0
"balanced","harassment","Australia",0.19260035592688,0.931034852566566,0
"all_male","harassment","Norway",0.19260035592688,-0.0183233557253199,0
"all_male","harassment","Australia",0.19260035592688,-0.0183233557253199,0
"all_male","harassment","Norway",-0.924361894852804,-0.4256423673087,1
"quota","harassment","Norway",-0.924361894852804,0.931034852566566,0
"balanced","harassment","Australia",0.19260035592688,-0.0183233557253199,1
"balanced","harassment","Norway",1.30956260670656,1.1163386860071,1
"balanced","harassment","Norway",0.19260035592688,-0.4256423673087,0
"quota","harassment","Australia",0.19260035592688,-0.0183233557253199,1
"balanced","harassment","Australia",0.19260035592688,-0.0183233557253199,1
"all_male","harassment","Australia",-0.924361894852804,-1.37500057560059,0
"balanced","harassment","Australia",0.19260035592688,-0.745666385874362,0
"balanced","harassment","Australia",1.30956260670656,-0.0183233557253199,1
"all_male","harassment","Australia",1.30956260670656,1.33835386414995,1
"balanced","harassment","Australia",1.30956260670656,1.33835386414995,1
"balanced","harassment","Norway",0.19260035592688,0.388995655858061,1
"all_male","harassment","Norway",-2.04132414563249,-0.0183233557253199,1
"balanced","harassment","Norway",-0.924361894852804,-0.240338533868164,0
"all_male","harassment","Norway",-2.04132414563249,-0.967681564017206,0
"balanced","harassment","Norway",1.30956260670656,1.33835386414995,1
"balanced","harassment","Norway",0.19260035592688,-0.0183233557253199,1
"quota","harassment","Norway",1.30956260670656,1.33835386414995,0
"all_male","harassment","Norway",-2.04132414563249,-2.73167779547585,0
"balanced","harassment","Norway",0.19260035592688,0.388995655858061,0
"balanced","harassment","Norway",1.30956260670656,1.33835386414995,0
"balanced","harassment","Australia",0.19260035592688,-0.0183233557253199,1
"all_male","harassment","Norway",-2.04132414563249,1.33835386414995,0
"quota","harassment","Norway",-0.924361894852804,-0.0183233557253199,0
"balanced","harassment","Norway",1.30956260670656,1.33835386414995,1
"all_male","harassment","Norway",-0.924361894852804,-1.15298539745774,0
"quota","harassment","Norway",0.19260035592688,-0.0183233557253199,1
"quota","harassment","Norway",0.19260035592688,-0.0183233557253199,0
"all_male","harassment","Norway",-0.924361894852804,0.931034852566566,0
"quota","harassment","Australia",0.19260035592688,0.709019674423722,1
"quota","harassment","France",0.19260035592688,-0.0183233557253199,1
"all_male","harassment","France",0.19260035592688,-0.4256423673087,0
"all_male","harassment","France",0.19260035592688,-0.0183233557253199,1
"all_male","harassment","France",-2.04132414563249,-0.0183233557253199,1
"balanced","harassment","France",-0.924361894852804,0.388995655858061,1
"quota","harassment","France",0.19260035592688,-0.0183233557253199,0
"all_male","harassment","France",0.19260035592688,-0.0183233557253199,0
"all_male","harassment","Norway",-0.924361894852804,-1.37500057560059,1
"all_male","harassment","France",-0.924361894852804,1.1163386860071,0
"all_male","harassment","France",-0.924361894852804,-1.37500057560059,1
"quota","harassment","France",0.19260035592688,-0.0183233557253199,1
"quota","harassment","France",0.19260035592688,-2.28764743919016,0
"all_male","harassment","France",-0.924361894852804,-0.240338533868164,1
"all_male","harassment","Australia",0.19260035592688,-0.0183233557253199,1
"quota","harassment","France",0.19260035592688,1.1163386860071,1
"all_male","harassment","Australia",1.30956260670656,1.33835386414995,1
"all_male","harassment","Australia",0.19260035592688,1.33835386414995,1
"balanced","harassment","Australia",1.30956260670656,0.931034852566566,1
"quota","harassment","Norway",1.30956260670656,-0.0183233557253199,0
"balanced","harassment","Norway",1.30956260670656,1.33835386414995,0
"balanced","harassment","France",1.30956260670656,1.33835386414995,0
"quota","harassment","France",0.19260035592688,-0.0183233557253199,1
"all_male","harassment","France",-0.924361894852804,-1.37500057560059,1
"balanced","harassment","France",-0.924361894852804,-0.240338533868164,0
"quota","harassment","France",0.19260035592688,-0.0183233557253199,1
"quota","harassment","France",0.19260035592688,-0.0183233557253199,0
"all_male","harassment","France",0.19260035592688,1.33835386414995,0
"balanced","harassment","Norway",0.19260035592688,-0.0183233557253199,0
"quota","harassment","Australia",0.19260035592688,-0.0183233557253199,0
"all_male","harassment","France",0.19260035592688,-1.15298539745774,1
"quota","harassment","Norway",-0.924361894852804,-0.967681564017206,0
"all_male","harassment","Australia",0.19260035592688,-0.0183233557253199,0
"balanced","harassment","Norway",1.30956260670656,-0.0183233557253199,1
"balanced","harassment","France",1.30956260670656,0.388995655858061,0
"quota","harassment","France",0.19260035592688,-0.0183233557253199,1
"balanced","harassment","Norway",1.30956260670656,-0.4256423673087,0
"quota","harassment","Australia",0.19260035592688,-0.0183233557253199,0
"all_male","harassment","Norway",-0.924361894852804,-0.0183233557253199,0
"balanced","harassment","Norway",0.19260035592688,0.388995655858061,1
"balanced","harassment","Norway",0.19260035592688,0.203691822417524,0
"balanced","harassment","Australia",0.19260035592688,-0.0183233557253199,1
"balanced","harassment","Norway",-0.924361894852804,-1.37500057560059,0
"quota","harassment","Norway",1.30956260670656,0.611010834000905,0
"all_male","harassment","Norway",-0.924361894852804,-1.27699173517777,1
"balanced","harassment","Australia",-0.924361894852804,0.487004496280878,1
"quota","harassment","Norway",0.19260035592688,-0.0183233557253199,0
"all_male","harassment","Norway",-0.924361894852804,-2.00433476532681,0
"quota","harassment","Norway",0.19260035592688,-0.0183233557253199,1
"balanced","harassment","Norway",0.19260035592688,1.1163386860071,0
"quota","harassment","Norway",1.30956260670656,0.931034852566566,1
"all_male","harassment","Norway",-0.924361894852804,1.33835386414995,1
"all_male","harassment","Norway",1.30956260670656,-1.15298539745774,0
"all_male","harassment","Australia",1.30956260670656,1.33835386414995,0
"all_male","harassment","Norway",0.19260035592688,0.203691822417524,1
"balanced","harassment","Norway",0.19260035592688,-1.15298539745774,0
"all_male","harassment","Australia",-2.04132414563249,-0.832961378892081,1
"quota","harassment","Australia",1.30956260670656,1.33835386414995,1
"balanced","harassment","Norway",1.30956260670656,0.931034852566566,0
"quota","harassment","Australia",-0.924361894852804,-0.745666385874362,0
"all_male","harassment","Norway",0.19260035592688,-0.4256423673087,0
"all_male","harassment","Norway",-2.04132414563249,-0.0183233557253199,0
"quota","harassment","Norway",-0.924361894852804,-0.967681564017206,0
"all_male","harassment","Norway",0.19260035592688,-0.0183233557253199,0
"quota","harassment","Norway",1.30956260670656,1.33835386414995,1
"all_male","harassment","Norway",0.19260035592688,1.33835386414995,0
"balanced","harassment","Norway",1.30956260670656,-0.745666385874362,1
"quota","harassment","Norway",1.30956260670656,1.33835386414995,0
"all_male","harassment","Norway",0.19260035592688,-0.0183233557253199,1
"quota","harassment","Norway",0.19260035592688,-0.4256423673087,0
"quota","harassment","Norway",0.19260035592688,-1.37500057560059,1
"balanced","harassment","Norway",0.19260035592688,-0.0183233557253199,0
"quota","harassment","Norway",0.19260035592688,0.931034852566566,0
"quota","harassment","Norway",1.30956260670656,0.203691822417524,1
"balanced","harassment","Norway",1.30956260670656,1.33835386414995,1
"quota","harassment","Norway",1.30956260670656,-0.0183233557253199,1
"balanced","harassment","Norway",1.30956260670656,1.33835386414995,1
"balanced","harassment","Australia",1.30956260670656,1.33835386414995,1
"balanced","harassment","Australia",-0.924361894852804,-1.37500057560059,1
"all_male","harassment","Australia",0.19260035592688,0.931034852566566,1
"balanced","harassment","Norway",1.30956260670656,1.33835386414995,0
"quota","harassment","Norway",-0.924361894852804,-0.745666385874362,1
"all_male","harassment","Norway",-0.924361894852804,0.709019674423722,0
"quota","harassment","Norway",0.19260035592688,-1.15298539745774,0
"all_male","harassment","Norway",-0.924361894852804,-0.0183233557253199,0
"all_male","harassment","Norway",0.19260035592688,-0.0183233557253199,1
"quota","harassment","Norway",0.19260035592688,-0.0183233557253199,1
"all_male","harassment","Norway",-0.924361894852804,-1.37500057560059,1
"all_male","harassment","Norway",-2.04132414563249,1.1163386860071,0
"balanced","harassment","Norway",1.30956260670656,-0.0183233557253199,0
"quota","harassment","Australia",1.30956260670656,1.33835386414995,0
"all_male","harassment","Norway",-2.04132414563249,-2.73167779547585,1
"quota","harassment","Norway",-0.924361894852804,-0.0183233557253199,1
"all_male","harassment","Norway",0.19260035592688,0.611010834000905,0
"quota","harassment","Norway",1.30956260670656,1.33835386414995,0
"balanced","harassment","Norway",0.19260035592688,-0.4256423673087,0
"balanced","harassment","Norway",0.19260035592688,-0.745666385874362,0
"quota","harassment","Norway",1.30956260670656,1.33835386414995,0
"balanced","harassment","Norway",1.30956260670656,0.203691822417524,0
"balanced","harassment","Australia",1.30956260670656,-0.0183233557253199,0
"balanced","harassment","Norway",-0.924361894852804,-2.01504861273191,0
"balanced","harassment","Norway",0.19260035592688,-0.0183233557253199,1
"quota","harassment","Australia",1.30956260670656,-0.967681564017206,1
"quota","harassment","Norway",1.30956260670656,-0.0183233557253199,0
"quota","harassment","Norway",1.30956260670656,1.33835386414995,0
"all_male","harassment","Australia",-2.04132414563249,-0.967681564017206,1
"all_male","harassment","Norway",0.19260035592688,-0.647657545451545,1
"all_male","harassment","Australia",0.19260035592688,-0.0183233557253199,1
"balanced","harassment","Australia",0.19260035592688,-0.0183233557253199,1
"quota","harassment","Norway",0.19260035592688,-0.4256423673087,1
"all_male","harassment","Norway",-2.04132414563249,1.33835386414995,0
"quota","harassment","Norway",1.30956260670656,-0.0183233557253199,0
"quota","harassment","Norway",0.19260035592688,1.1163386860071,0
"balanced","harassment","Australia",1.30956260670656,1.33835386414995,0
"all_male","harassment","Norway",-0.924361894852804,-1.15298539745774,0
"balanced","harassment","Norway",1.30956260670656,-0.0183233557253199,1
"quota","harassment","Australia",0.19260035592688,-0.0183233557253199,1
"all_male","harassment","Norway",-0.924361894852804,0.203691822417524,0
"quota","harassment","Norway",0.19260035592688,-0.0183233557253199,1
"all_male","harassment","Australia",0.19260035592688,-0.0183233557253199,0
"quota","harassment","Norway",0.19260035592688,-0.4256423673087,0
"balanced","harassment","Norway",0.19260035592688,-1.37500057560059,0
"balanced","harassment","Norway",1.30956260670656,1.1163386860071,0
"all_male","harassment","Norway",-0.924361894852804,-2.73167779547585,0
"all_male","harassment","Norway",0.19260035592688,-0.0183233557253199,1
"balanced","harassment","Norway",-0.924361894852804,-0.240338533868164,1
"all_male","harassment","Norway",-0.924361894852804,-0.0183233557253199,1
"balanced","harassment","Norway",-0.924361894852804,-1.37500057560059,1
"quota","harassment","Norway",0.19260035592688,-0.0183233557253199,0
"balanced","harassment","Norway",0.19260035592688,-0.0183233557253199,1
"quota","harassment","Norway",-0.924361894852804,-0.4256423673087,0
"all_male","harassment","Norway",-0.924361894852804,-0.0183233557253199,1
"balanced","harassment","Norway",1.30956260670656,1.33835386414995,1
"all_male","harassment","Norway",1.30956260670656,0.203691822417524,0
"all_male","harassment","Norway",-0.924361894852804,-0.967681564017206,0
"balanced","harassment","Norway",1.30956260670656,-0.0183233557253199,1
"quota","harassment","Australia",1.30956260670656,1.33835386414995,0
"all_male","harassment","Australia",-0.924361894852804,-1.37500057560059,0
"all_male","harassment","Norway",-2.04132414563249,1.33835386414995,0
"balanced","harassment","Norway",1.30956260670656,0.931034852566566,0
"quota","harassment","Norway",0.19260035592688,-0.0183233557253199,1
"balanced","harassment","Norway",-0.924361894852804,-0.240338533868164,0
"all_male","harassment","Norway",0.19260035592688,-0.0183233557253199,1
"quota","harassment","Norway",0.19260035592688,-0.0183233557253199,0
"balanced","harassment","Norway",-0.924361894852804,-0.967681564017206,0
"quota","harassment","Norway",0.19260035592688,-1.15298539745774,0
"balanced","harassment","Norway",-0.924361894852804,0.931034852566566,1
"quota","harassment","Norway",0.19260035592688,-0.0183233557253199,1
"balanced","harassment","Norway",-0.924361894852804,0.301700662840341,1
"all_male","harassment","Norway",-2.04132414563249,1.33835386414995,0
"quota","harassment","Norway",1.30956260670656,0.709019674423722,1
"balanced","harassment","Norway",0.19260035592688,0.203691822417524,1
"all_male","harassment","Norway",-0.924361894852804,-1.15298539745774,0
"all_male","harassment","Norway",-2.04132414563249,-2.73167779547585,0
"balanced","harassment","Norway",0.19260035592688,1.33835386414995,0
"quota","harassment","Norway",-0.924361894852804,-1.37500057560059,0
"all_male","harassment","Norway",-2.04132414563249,-0.0183233557253199,1
"quota","harassment","Norway",1.30956260670656,1.33835386414995,1
"balanced","harassment","Norway",0.19260035592688,-0.745666385874362,1
"balanced","harassment","Australia",0.19260035592688,-0.0183233557253199,0
"all_male","harassment","Norway",-0.924361894852804,-1.37500057560059,0
"balanced","harassment","Norway",1.30956260670656,1.33835386414995,0
"all_male","harassment","Norway",-0.924361894852804,0.388995655858061,0
"all_male","harassment","Norway",0.19260035592688,-0.0183233557253199,1
"all_male","harassment","Norway",-2.04132414563249,-1.59701575374343,1
"balanced","harassment","Norway",0.19260035592688,-0.0183233557253199,1
"balanced","harassment","Norway",1.30956260670656,1.33835386414995,0
"quota","harassment","Australia",1.30956260670656,-1.15298539745774,1
"balanced","harassment","Norway",0.19260035592688,-0.0183233557253199,0
"quota","harassment","Australia",1.30956260670656,1.33835386414995,1
"all_male","harassment","Australia",-0.924361894852804,-0.0183233557253199,1
"all_male","harassment","Norway",-2.04132414563249,-2.50966261733301,1
"quota","harassment","Norway",0.19260035592688,-0.203627189165856,1
"balanced","harassment","Australia",0.19260035592688,0.709019674423722,1
"quota","harassment","Norway",1.30956260670656,0.116396829399805,0
"balanced","harassment","Norway",1.30956260670656,0.388995655858061,0
"quota","harassment","Norway",1.30956260670656,1.33835386414995,0
"all_male","harassment","Norway",-0.924361894852804,1.33835386414995,0
"all_male","harassment","Australia",0.19260035592688,-0.0183233557253199,1
"all_male","harassment","Australia",0.19260035592688,-1.15298539745774,1
"balanced","harassment","Norway",-2.04132414563249,-0.745666385874362,0
"all_male","harassment","Norway",-0.924361894852804,-0.4256423673087,0
"quota","harassment","Norway",0.19260035592688,-0.0183233557253199,1
"all_male","harassment","Norway",-2.04132414563249,-2.73167779547585,0
"balanced","harassment","Australia",1.30956260670656,1.33835386414995,0
"balanced","harassment","Norway",-0.924361894852804,-1.15298539745774,0
"all_male","harassment","Norway",0.19260035592688,-0.0183233557253199,1
"balanced","harassment","Norway",-0.924361894852804,-0.203627189165856,0
"all_male","harassment","Norway",-2.04132414563249,-0.0183233557253199,1
"all_male","harassment","Australia",0.19260035592688,-0.0183233557253199,0
"quota","harassment","Norway",1.30956260670656,1.33835386414995,1
"balanced","harassment","Norway",0.19260035592688,-0.0183233557253199,1
"quota","harassment","Australia",1.30956260670656,1.33835386414995,0
"quota","harassment","Norway",0.19260035592688,1.33835386414995,1
"quota","harassment","Australia",1.30956260670656,0.709019674423722,1
"all_male","harassment","Norway",0.19260035592688,1.1163386860071,0
"all_male","harassment","Norway",1.30956260670656,1.33835386414995,1
"all_male","harassment","Australia",1.30956260670656,1.1163386860071,1
"all_male","harassment","Australia",0.19260035592688,-0.930970219314898,1
"all_male","harassment","Norway",0.19260035592688,1.33835386414995,0
"balanced","harassment","Norway",0.19260035592688,-0.745666385874362,1
"balanced","harassment","Norway",1.30956260670656,1.33835386414995,1
"balanced","harassment","Norway",1.30956260670656,1.33835386414995,0
"quota","harassment","Norway",0.19260035592688,-0.0183233557253199,0
"all_male","harassment","Norway",-0.924361894852804,-0.647657545451545,0
"balanced","harassment","Norway",0.19260035592688,-0.4256423673087,1
"all_male","harassment","Norway",1.30956260670656,1.33835386414995,1
"quota","harassment","Norway",0.19260035592688,-2.28764743919016,0
"all_male","harassment","Norway",-2.04132414563249,-2.73167779547585,0
"quota","harassment","Norway",0.19260035592688,0.709019674423722,0
"balanced","harassment","Australia",0.19260035592688,0.709019674423722,1
"all_male","harassment","Norway",-2.04132414563249,-0.0183233557253199,1
"balanced","harassment","Australia",1.30956260670656,1.33835386414995,0
"quota","harassment","Australia",1.30956260670656,1.33835386414995,1
"quota","harassment","Norway",0.19260035592688,-0.0183233557253199,0
"balanced","harassment","Norway",0.19260035592688,0.709019674423722,0
"balanced","harassment","Norway",-0.924361894852804,-0.0183233557253199,1
"all_male","harassment","Norway",-0.924361894852804,0.203691822417524,1
"all_male","harassment","Norway",-0.924361894852804,0.166980477715217,0
"quota","harassment","Norway",1.30956260670656,-0.0183233557253199,0
"quota","harassment","Norway",1.30956260670656,1.33835386414995,0
"quota","harassment","Norway",-0.924361894852804,-0.240338533868164,0
"quota","harassment","Norway",0.19260035592688,1.1163386860071,1
"all_male","harassment","Australia",0.19260035592688,1.33835386414995,1
"quota","harassment","Norway",0.19260035592688,-0.0183233557253199,1
"balanced","harassment","Australia",1.30956260670656,0.611010834000905,0
"quota","harassment","Australia",0.19260035592688,-0.0183233557253199,1
"all_male","harassment","Norway",-0.924361894852804,-0.240338533868164,0
"balanced","harassment","Australia",1.30956260670656,0.611010834000905,0
"balanced","harassment","Norway",1.30956260670656,1.33835386414995,0
"all_male","harassment","Australia",0.19260035592688,-0.0183233557253199,0
"all_male","harassment","Norway",-0.924361894852804,-0.0183233557253199,0
"all_male","harassment","Australia",-0.924361894852804,-0.0183233557253199,0
"balanced","harassment","Norway",1.30956260670656,0.523715840983185,0
"balanced","harassment","Norway",0.19260035592688,-0.0183233557253199,0
"quota","harassment","Norway",-0.924361894852804,-1.37500057560059,1
"quota","harassment","Norway",-0.924361894852804,-1.37500057560059,0
"quota","harassment","Australia",1.30956260670656,1.33835386414995,1
"quota","harassment","Norway",-0.924361894852804,-2.06563226104732,0
"all_male","harassment","Norway",0.19260035592688,1.33835386414995,0
"balanced","harassment","Australia",1.30956260670656,1.33835386414995,0
"balanced","harassment","Australia",-0.924361894852804,-1.37500057560059,0
"balanced","harassment","Norway",1.30956260670656,1.33835386414995,1
"all_male","harassment","Australia",0.19260035592688,-1.15298539745774,0
"balanced","harassment","Australia",-0.924361894852804,-1.37500057560059,1
"all_male","harassment","Norway",0.19260035592688,1.33835386414995,1
"all_male","harassment","Norway",-2.04132414563249,-1.37500057560059,1
"quota","harassment","Norway",-0.924361894852804,-1.15298539745774,0
"quota","harassment","Australia",1.30956260670656,1.1163386860071,1
"quota","harassment","Norway",1.30956260670656,1.33835386414995,1
"all_male","harassment","Norway",1.30956260670656,0.709019674423722,0
"balanced","harassment","Norway",1.30956260670656,-1.37500057560059,0
"balanced","harassment","Norway",0.19260035592688,-1.37500057560059,0
"balanced","harassment","Australia",0.19260035592688,1.1163386860071,0
"balanced","harassment","Australia",1.30956260670656,-0.745666385874362,1
"all_male","harassment","Norway",-0.924361894852804,-1.37500057560059,0
"quota","harassment","Norway",1.30956260670656,1.33835386414995,1
"quota","harassment","Australia",1.30956260670656,-0.0183233557253199,0
"quota","harassment","Norway",0.19260035592688,1.33835386414995,1
"quota","harassment","Norway",0.19260035592688,-0.0183233557253199,0
"all_male","harassment","Australia",1.30956260670656,1.1163386860071,1
"all_male","harassment","Norway",-0.924361894852804,-0.967681564017206,0
"quota","harassment","Norway",1.30956260670656,1.33835386414995,0
"balanced","harassment","Norway",0.19260035592688,-0.0183233557253199,1
"balanced","harassment","Norway",1.30956260670656,1.33835386414995,0
"quota","harassment","Norway",0.19260035592688,-0.745666385874362,1
"all_male","harassment","Norway",0.19260035592688,-0.0183233557253199,1
"quota","harassment","Australia",-0.924361894852804,-0.240338533868164,1
"balanced","harassment","Norway",1.30956260670656,-1.15298539745774,1
"quota","harassment","Norway",-0.924361894852804,-1.15298539745774,1
"quota","harassment","Australia",0.19260035592688,-1.15298539745774,0
"quota","harassment","Norway",-0.924361894852804,-0.647657545451545,1
"all_male","harassment","Norway",0.19260035592688,-1.15298539745774,1
"all_male","harassment","Australia",0.19260035592688,-0.0183233557253199,0
"quota","harassment","Australia",0.19260035592688,-0.0183233557253199,0
"quota","harassment","Australia",1.30956260670656,1.33835386414995,1
"balanced","harassment","Australia",0.19260035592688,-0.0183233557253199,1
"balanced","harassment","Australia",1.30956260670656,1.33835386414995,1
"balanced","harassment","Norway",-0.924361894852804,-1.37500057560059,0
"all_male","harassment","Norway",-2.04132414563249,-2.73167779547585,0
"quota","harassment","Norway",1.30956260670656,1.33835386414995,1
"quota","harassment","Norway",0.19260035592688,-0.0183233557253199,0
"all_male","harassment","Australia",-0.924361894852804,-0.967681564017206,1
"all_male","harassment","Australia",-0.924361894852804,0.388995655858061,1
"all_male","harassment","Norway",-0.924361894852804,-0.0183233557253199,0
"balanced","harassment","Australia",1.30956260670656,-0.0183233557253199,0
"all_male","harassment","Norway",-2.04132414563249,-0.967681564017206,0
"balanced","harassment","Norway",-0.924361894852804,-0.647657545451545,1
"quota","harassment","Norway",0.19260035592688,-0.0183233557253199,1
"all_male","harassment","Australia",-0.924361894852804,-0.0183233557253199,1
"balanced","harassment","Australia",1.30956260670656,1.1163386860071,0
"quota","harassment","Norway",0.19260035592688,-0.0183233557253199,1
"all_male","harassment","Australia",0.19260035592688,-0.0183233557253199,0
"balanced","harassment","Norway",-0.924361894852804,-0.240338533868164,0
"all_male","harassment","Australia",0.19260035592688,-0.0183233557253199,0
"quota","harassment","Australia",0.19260035592688,0.203691822417524,0
"balanced","harassment","Norway",1.30956260670656,0.611010834000905,1
"balanced","harassment","Australia",0.19260035592688,-0.0183233557253199,1
"balanced","harassment","Australia",-0.924361894852804,-1.37500057560059,0
"balanced","harassment","Norway",1.30956260670656,1.33835386414995,1
"quota","harassment","Norway",0.19260035592688,-1.15298539745774,0
"all_male","harassment","Norway",-0.924361894852804,-1.37500057560059,0
"balanced","harassment","Norway",-0.924361894852804,-1.37500057560059,1
"all_male","harassment","Australia",-2.04132414563249,-2.73167779547585,0
"balanced","harassment","Norway",1.30956260670656,-0.0183233557253199,0
"balanced","harassment","Australia",0.19260035592688,-0.240338533868164,0
"all_male","harassment","Australia",0.19260035592688,-0.0183233557253199,1
"all_male","harassment","Australia",-2.04132414563249,-2.73167779547585,1
"balanced","harassment","Australia",0.19260035592688,-1.15298539745774,0
"all_male","harassment","Norway",-0.924361894852804,1.1163386860071,0
"balanced","harassment","Norway",0.19260035592688,0.709019674423722,1
"balanced","harassment","Australia",1.30956260670656,-0.0183233557253199,1
"quota","harassment","Australia",0.19260035592688,-0.0183233557253199,1
"quota","harassment","Australia",0.19260035592688,-0.0183233557253199,1
"quota","harassment","Australia",1.30956260670656,1.1163386860071,1
"quota","harassment","Australia",0.19260035592688,-0.4256423673087,1
"all_male","harassment","Australia",-0.924361894852804,1.33835386414995,0
"balanced","harassment","Australia",1.30956260670656,1.33835386414995,1
"quota","harassment","Australia",1.30956260670656,0.203691822417524,1
"all_male","harassment","Australia",0.19260035592688,-0.0183233557253199,0
"quota","harassment","Australia",0.19260035592688,-0.0183233557253199,0
"balanced","harassment","Norway",-2.04132414563249,-0.10561834874304,0
"all_male","harassment","Norway",-0.924361894852804,-0.745666385874362,1
"all_male","harassment","Australia",-0.924361894852804,0.709019674423722,1
"quota","harassment","Norway",-0.924361894852804,-1.37500057560059,1
"balanced","harassment","Australia",-0.924361894852804,-1.15298539745774,1
"quota","harassment","Australia",0.19260035592688,-1.15298539745774,1
"quota","harassment","Norway",0.19260035592688,-0.0183233557253199,1
"balanced","harassment","Australia",1.30956260670656,0.203691822417524,1
"balanced","harassment","Australia",0.19260035592688,-0.967681564017206,1
"balanced","harassment","Australia",0.19260035592688,-0.0183233557253199,1
"quota","harassment","Norway",1.30956260670656,1.33835386414995,0
"all_male","harassment","Australia",-2.04132414563249,-0.0183233557253199,1
"quota","harassment","Australia",0.19260035592688,0.931034852566566,0
"balanced","harassment","Norway",0.19260035592688,0.709019674423722,0
"quota","harassment","Australia",1.30956260670656,1.33835386414995,1
"all_male","harassment","Australia",-0.924361894852804,-1.37500057560059,1
"quota","harassment","Australia",1.30956260670656,1.33835386414995,1
"quota","harassment","Australia",0.19260035592688,-0.0183233557253199,0
"all_male","harassment","Norway",-2.04132414563249,1.33835386414995,1
"all_male","harassment","Australia",-0.924361894852804,1.33835386414995,1
"quota","harassment","Australia",1.30956260670656,1.33835386414995,1
"all_male","harassment","Australia",-0.924361894852804,-0.0183233557253199,1
"all_male","harassment","Australia",0.19260035592688,0.388995655858061,0
"balanced","harassment","Australia",0.19260035592688,-1.37500057560059,1
"all_male","harassment","Norway",-0.924361894852804,-0.240338533868164,1
"quota","harassment","Australia",0.19260035592688,-0.0183233557253199,1
"all_male","harassment","Norway",-2.04132414563249,-0.967681564017206,1
"all_male","harassment","Norway",0.19260035592688,1.1163386860071,0
"balanced","harassment","Australia",1.30956260670656,1.33835386414995,0
"all_male","harassment","Australia",1.30956260670656,1.33835386414995,1
"quota","harassment","Australia",0.19260035592688,1.33835386414995,1
"balanced","harassment","Australia",-0.924361894852804,-0.967681564017206,1
"quota","harassment","Australia",0.19260035592688,-1.37500057560059,0
"all_male","harassment","Australia",0.19260035592688,-0.0183233557253199,1
"balanced","harassment","Australia",1.30956260670656,1.33835386414995,1
"all_male","harassment","Australia",0.19260035592688,-0.745666385874362,0
"balanced","harassment","Australia",-0.924361894852804,-1.37500057560059,0
"balanced","harassment","Australia",-2.04132414563249,0.116396829399805,0
"balanced","harassment","Australia",-0.924361894852804,-0.967681564017206,0
"quota","harassment","Norway",1.30956260670656,1.33835386414995,0
"quota","harassment","Australia",0.19260035592688,0.611010834000905,1
"balanced","harassment","Australia",1.30956260670656,0.709019674423722,0
"balanced","harassment","Australia",1.30956260670656,0.611010834000905,1
"all_male","harassment","Australia",0.19260035592688,-0.0183233557253199,0
"all_male","harassment","Australia",0.19260035592688,-1.15298539745774,0
"all_male","harassment","Australia",-2.04132414563249,-0.0183233557253199,0
"quota","harassment","Australia",1.30956260670656,1.33835386414995,1
"quota","harassment","Norway",1.30956260670656,1.33835386414995,0
"quota","harassment","Norway",0.19260035592688,-0.0183233557253199,0
"balanced","harassment","Australia",0.19260035592688,-0.0183233557253199,1
"balanced","harassment","Australia",0.19260035592688,0.203691822417524,1
"all_male","harassment","Norway",-2.04132414563249,1.33835386414995,0
"balanced","harassment","Norway",-0.924361894852804,-1.37500057560059,0
"balanced","harassment","Australia",0.19260035592688,1.1163386860071,1
"balanced","harassment","Australia",0.19260035592688,-0.0183233557253199,0
"balanced","harassment","Australia",0.19260035592688,1.33835386414995,0
"all_male","harassment","Australia",0.19260035592688,1.1163386860071,1
"balanced","harassment","Australia",0.19260035592688,-0.0183233557253199,1
"all_male","harassment","Australia",0.19260035592688,-0.0183233557253199,1
"all_male","harassment","Australia",-0.924361894852804,1.33835386414995,1
"all_male","harassment","Norway",-2.04132414563249,-0.0183233557253199,1
"balanced","harassment","Australia",0.19260035592688,-0.0183233557253199,1
"balanced","harassment","Norway",0.19260035592688,-0.0183233557253199,0
"all_male","harassment","Australia",0.19260035592688,-0.0183233557253199,0
"quota","harassment","Australia",0.19260035592688,-0.0183233557253199,0
"all_male","harassment","Norway",-2.04132414563249,-1.59701575374343,1
"quota","harassment","Australia",1.30956260670656,1.33835386414995,1
"quota","harassment","Australia",1.30956260670656,0.611010834000905,0
"quota","harassment","Norway",1.30956260670656,-0.0183233557253199,0
"all_male","harassment","Australia",0.19260035592688,-0.0183233557253199,0
"balanced","harassment","Australia",-2.04132414563249,-2.73167779547585,1
"quota","harassment","Australia",0.19260035592688,-0.0183233557253199,0
"balanced","harassment","Australia",1.30956260670656,0.931034852566566,1
"quota","harassment","Australia",0.19260035592688,-0.0183233557253199,1
"quota","harassment","Australia",1.30956260670656,-0.0183233557253199,1
"balanced","harassment","Norway",1.30956260670656,-1.88032842760678,0
"quota","harassment","Norway",1.30956260670656,1.33835386414995,1
"quota","harassment","Australia",0.19260035592688,-0.647657545451545,0
"balanced","harassment","Australia",-0.924361894852804,-1.15298539745774,1
"all_male","harassment","Australia",0.19260035592688,-0.0183233557253199,1
"balanced","harassment","Australia",0.19260035592688,1.33835386414995,1
"balanced","harassment","Australia",-0.924361894852804,-1.37500057560059,0
"balanced","harassment","Norway",1.30956260670656,0.931034852566566,0
"balanced","harassment","Norway",0.19260035592688,0.931034852566566,0
"quota","harassment","Australia",0.19260035592688,-0.0183233557253199,1
"all_male","harassment","Australia",-0.924361894852804,-1.37500057560059,1
"all_male","harassment","Australia",-0.924361894852804,-0.240338533868164,0
"all_male","harassment","Australia",0.19260035592688,0.166980477715217,1
"quota","harassment","Australia",0.19260035592688,-1.15298539745774,1
"balanced","harassment","Australia",0.19260035592688,-0.4256423673087,1
"all_male","harassment","Australia",0.19260035592688,-0.0183233557253199,1
"all_male","harassment","Australia",0.19260035592688,1.1163386860071,1
"all_male","harassment","Norway",0.19260035592688,-0.0183233557253199,1
"quota","harassment","Australia",0.19260035592688,-0.0183233557253199,1
"all_male","harassment","Norway",0.19260035592688,-0.832961378892081,1
"balanced","harassment","Australia",0.19260035592688,-0.0183233557253199,0
"balanced","harassment","Australia",0.19260035592688,-0.4256423673087,1
"all_male","harassment","Australia",1.30956260670656,0.203691822417524,1
"quota","harassment","Australia",0.19260035592688,-0.0183233557253199,0
"quota","harassment","Australia",1.30956260670656,1.33835386414995,1
"all_male","harassment","Australia",0.19260035592688,-0.0183233557253199,1
"all_male","harassment","Australia",-2.04132414563249,-1.37500057560059,1
"quota","harassment","Australia",0.19260035592688,-0.4256423673087,1
"all_male","harassment","Australia",-0.924361894852804,-1.37500057560059,1
"all_male","harassment","Australia",-0.924361894852804,1.33835386414995,1
"quota","harassment","Australia",-0.924361894852804,-0.967681564017206,1
"balanced","harassment","Australia",1.30956260670656,1.33835386414995,0
"all_male","harassment","Australia",-0.924361894852804,-0.0183233557253199,0
"balanced","harassment","Australia",-2.04132414563249,0.203691822417524,0
"balanced","harassment","Australia",0.19260035592688,1.1163386860071,1
"balanced","harassment","Australia",0.19260035592688,-0.0183233557253199,0
"all_male","harassment","Norway",0.19260035592688,-1.15298539745774,1
"balanced","harassment","Australia",0.19260035592688,-0.0183233557253199,1
"quota","harassment","Australia",-2.04132414563249,-0.610946200749237,0
"balanced","harassment","Australia",0.19260035592688,1.33835386414995,1
"balanced","harassment","Norway",0.19260035592688,-2.73167779547585,0
"balanced","harassment","Australia",1.30956260670656,1.33835386414995,1
"quota","harassment","Norway",1.30956260670656,-0.0183233557253199,0
"all_male","harassment","Norway",-2.04132414563249,-0.745666385874362,1
"quota","harassment","Norway",-0.924361894852804,-0.240338533868164,1
"balanced","harassment","Australia",0.19260035592688,0.388995655858061,0
"quota","harassment","Australia",1.30956260670656,0.203691822417524,0
"all_male","harassment","Australia",-0.924361894852804,-0.0183233557253199,1
"quota","harassment","Australia",0.19260035592688,0.894323507864258,1
"all_male","harassment","Australia",-2.04132414563249,-2.73167779547585,1
"quota","harassment","Australia",1.30956260670656,-0.0183233557253199,1
"balanced","harassment","Australia",0.19260035592688,-0.0183233557253199,1
"all_male","harassment","Norway",0.19260035592688,-0.0183233557253199,0
"all_male","harassment","Australia",0.19260035592688,-0.745666385874362,0
"all_male","harassment","Norway",-0.924361894852804,0.203691822417524,1
"balanced","harassment","Norway",0.19260035592688,-0.0183233557253199,1
"all_male","harassment","Australia",0.19260035592688,-0.0183233557253199,0
"quota","harassment","Norway",1.30956260670656,1.33835386414995,1
"all_male","harassment","Australia",-2.04132414563249,-0.240338533868164,1
"all_male","harassment","Australia",1.30956260670656,1.33835386414995,0
"quota","harassment","Norway",0.19260035592688,-0.0183233557253199,0
"all_male","harassment","Norway",0.19260035592688,0.931034852566566,0
"all_male","harassment","Norway",-0.924361894852804,1.33835386414995,1
"quota","harassment","Australia",-0.924361894852804,-1.37500057560059,1
"balanced","harassment","Australia",0.19260035592688,-1.15298539745774,1
"quota","harassment","Norway",0.19260035592688,-0.0183233557253199,0
"quota","harassment","Norway",-0.924361894852804,-1.15298539745774,1
"balanced","harassment","Norway",1.30956260670656,0.203691822417524,1
"balanced","harassment","Australia",0.19260035592688,-0.0183233557253199,0
"balanced","harassment","Norway",1.30956260670656,-0.0183233557253199,1
"quota","harassment","Norway",1.30956260670656,1.1163386860071,0
"all_male","harassment","Australia",-0.924361894852804,-0.0183233557253199,0
"quota","harassment","Australia",0.19260035592688,1.33835386414995,0
"quota","harassment","Norway",1.30956260670656,-1.15298539745774,0
"balanced","harassment","Norway",-0.924361894852804,-1.37500057560059,0
"all_male","harassment","Australia",-0.924361894852804,0.388995655858061,1
"balanced","harassment","Norway",1.30956260670656,0.931034852566566,1
"quota","harassment","Australia",0.19260035592688,-0.0183233557253199,1
"all_male","harassment","Australia",0.19260035592688,-0.0183233557253199,0
"balanced","harassment","Australia",-0.924361894852804,-1.37500057560059,0
"quota","harassment","Australia",0.19260035592688,-0.0183233557253199,1
"balanced","harassment","Australia",1.30956260670656,1.33835386414995,1
"all_male","harassment","Australia",-0.924361894852804,-0.0183233557253199,1
"all_male","harassment","Norway",-0.924361894852804,-0.0183233557253199,0
"quota","harassment","Australia",-0.924361894852804,-1.37500057560059,0
"quota","harassment","Norway",1.30956260670656,-0.0183233557253199,0
"quota","harassment","Australia",0.19260035592688,-0.0183233557253199,1
"all_male","harassment","Norway",-0.924361894852804,-1.37500057560059,1
"balanced","harassment","Norway",0.19260035592688,-0.0183233557253199,1
"quota","harassment","Norway",0.19260035592688,-0.0183233557253199,0
"all_male","harassment","Norway",1.30956260670656,-0.0183233557253199,0
"all_male","harassment","Norway",-0.924361894852804,1.33835386414995,1
"balanced","harassment","Australia",0.19260035592688,-1.15298539745774,0
"quota","harassment","Australia",0.19260035592688,-0.4256423673087,1
"balanced","harassment","Norway",-0.924361894852804,-1.15298539745774,1
"balanced","harassment","Australia",0.19260035592688,-0.0183233557253199,1
"all_male","harassment","Norway",-0.924361894852804,-1.15298539745774,1
"quota","harassment","Australia",0.19260035592688,-0.0183233557253199,1
"all_male","harassment","Norway",-2.04132414563249,-2.73167779547585,0
"balanced","harassment","Australia",0.19260035592688,-0.0183233557253199,1
"balanced","harassment","Norway",1.30956260670656,1.33835386414995,1
"balanced","harassment","Australia",1.30956260670656,-0.203627189165856,1
"quota","harassment","Australia",0.19260035592688,-0.0183233557253199,0
"quota","harassment","Australia",-0.924361894852804,-0.0183233557253199,1
"all_male","harassment","Australia",-0.924361894852804,-0.240338533868164,1
"balanced","harassment","Norway",0.19260035592688,-0.0183233557253199,0
"all_male","harassment","Australia",0.19260035592688,-1.15298539745774,0
"quota","harassment","Norway",0.19260035592688,-0.0183233557253199,1
"all_male","harassment","Australia",-2.04132414563249,-0.0183233557253199,1
"quota","harassment","Norway",0.19260035592688,0.709019674423722,1
"all_male","harassment","Norway",-2.04132414563249,-0.240338533868164,0
"all_male","harassment","Australia",0.19260035592688,-0.0183233557253199,1
"balanced","harassment","Norway",0.19260035592688,-1.78231958718397,0
"all_male","harassment","Norway",0.19260035592688,-2.28764743919016,0
"all_male","harassment","Australia",0.19260035592688,-0.0183233557253199,0
"balanced","harassment","Australia",-0.924361894852804,-1.37500057560059,0
"balanced","harassment","Norway",1.30956260670656,0.203691822417524,1
"quota","harassment","Australia",0.19260035592688,0.388995655858061,0
"quota","harassment","Australia",0.19260035592688,-0.0183233557253199,1
"quota","harassment","Norway",1.30956260670656,1.33835386414995,0
"balanced","harassment","Norway",0.19260035592688,-0.0183233557253199,0
"all_male","harassment","Australia",0.19260035592688,0.709019674423722,1
"quota","harassment","Australia",0.19260035592688,-0.0183233557253199,1
"quota","harassment","Norway",0.19260035592688,-0.0183233557253199,1
"all_male","harassment","Norway",1.30956260670656,1.33835386414995,1
"balanced","harassment","Australia",0.19260035592688,-0.0183233557253199,1
"balanced","harassment","Norway",0.19260035592688,-1.15298539745774,1
"all_male","harassment","Australia",-0.924361894852804,-1.15298539745774,1
"all_male","harassment","Norway",-2.04132414563249,-0.967681564017206,0
"balanced","harassment","Norway",1.30956260670656,-0.0183233557253199,0
"balanced","harassment","Australia",0.19260035592688,-0.4256423673087,0
"balanced","harassment","Norway",1.30956260670656,-0.745666385874362,0
"all_male","harassment","Norway",0.19260035592688,-0.0183233557253199,1
"all_male","harassment","Australia",0.19260035592688,-0.0183233557253199,0
"all_male","harassment","Australia",-0.924361894852804,-2.28764743919016,0
"quota","harassment","Norway",0.19260035592688,-0.0183233557253199,1
"quota","harassment","Norway",0.19260035592688,-0.0183233557253199,1
"all_male","harassment","Norway",-3.15828639641217,0.203691822417524,1
"balanced","harassment","Australia",1.30956260670656,1.33835386414995,0
"all_male","harassment","Norway",-0.924361894852804,-0.0183233557253199,0
"quota","harassment","Australia",0.19260035592688,-0.0183233557253199,1
"all_male","harassment","Australia",1.30956260670656,0.203691822417524,0
"balanced","harassment","Norway",1.30956260670656,1.33835386414995,0
"quota","harassment","Norway",1.30956260670656,1.33835386414995,0
"all_male","harassment","Australia",-2.04132414563249,1.33835386414995,0
"all_male","harassment","Norway",-2.04132414563249,-1.37500057560059,0
"quota","harassment","Australia",1.30956260670656,1.33835386414995,0
"balanced","harassment","Australia",0.19260035592688,0.203691822417524,1
"balanced","harassment","Norway",-0.924361894852804,-1.78231958718397,0
"balanced","harassment","Norway",-0.924361894852804,-0.240338533868164,0
"quota","harassment","Norway",0.19260035592688,-0.0183233557253199,1
"all_male","harassment","Norway",-0.924361894852804,-0.0183233557253199,1
"balanced","harassment","Norway",0.19260035592688,-0.0183233557253199,1
"balanced","harassment","Australia",0.19260035592688,-0.4256423673087,0
"balanced","harassment","Norway",0.19260035592688,1.33835386414995,1
"quota","harassment","Norway",0.19260035592688,0.931034852566566,1
"all_male","harassment","Norway",0.19260035592688,1.33835386414995,1
"quota","harassment","Australia",1.30956260670656,1.33835386414995,0
"quota","harassment","Norway",1.30956260670656,1.33835386414995,1
"all_male","harassment","Norway",1.30956260670656,1.33835386414995,0
"all_male","harassment","Australia",0.19260035592688,-0.0183233557253199,0
"balanced","harassment","Australia",0.19260035592688,-0.0183233557253199,0
"all_male","harassment","Australia",0.19260035592688,0.203691822417524,1
"all_male","harassment","Australia",-2.04132414563249,-2.73167779547585,1
"quota","harassment","Australia",0.19260035592688,-0.4256423673087,0
"quota","harassment","Australia",0.19260035592688,-0.0183233557253199,0
"balanced","harassment","Australia",1.30956260670656,1.33835386414995,1
"all_male","harassment","Australia",0.19260035592688,1.1163386860071,0
"quota","harassment","Australia",0.19260035592688,-0.0183233557253199,1
"all_male","harassment","Australia",-0.924361894852804,-0.0183233557253199,1
"quota","harassment","Australia",1.30956260670656,0.931034852566566,1
"balanced","harassment","Australia",0.19260035592688,-0.0183233557253199,0
"quota","harassment","France",-0.924361894852804,-1.37500057560059,0
"all_male","harassment","France",0.19260035592688,-0.0183233557253199,0
"balanced","harassment","France",1.30956260670656,-0.745666385874362,0
"balanced","harassment","France",0.19260035592688,-0.0183233557253199,1
"all_male","harassment","France",0.19260035592688,1.33835386414995,1
"all_male","harassment","France",-0.924361894852804,-1.37500057560059,1
"all_male","harassment","France",0.19260035592688,-0.0183233557253199,1
"all_male","harassment","France",0.19260035592688,-0.0183233557253199,1
"all_male","harassment","France",-0.924361894852804,-1.37500057560059,1
"balanced","harassment","France",0.19260035592688,-0.0183233557253199,0
"balanced","harassment","France",1.30956260670656,-0.967681564017206,0
"balanced","harassment","France",0.19260035592688,-0.0183233557253199,1
"all_male","harassment","France",0.19260035592688,-0.0183233557253199,0
"quota","harassment","France",0.19260035592688,-0.0183233557253199,0
"balanced","harassment","France",0.19260035592688,-0.0183233557253199,0
"balanced","harassment","France",0.19260035592688,-0.0183233557253199,0
"all_male","harassment","France",0.19260035592688,-0.10561834874304,0
"all_male","harassment","France",0.19260035592688,1.33835386414995,0
"balanced","harassment","France",1.30956260670656,1.33835386414995,1
"all_male","harassment","France",-2.04132414563249,-1.59701575374343,0
"balanced","harassment","France",-0.924361894852804,-0.0183233557253199,0
"balanced","harassment","France",1.30956260670656,0.203691822417524,0
"all_male","harassment","France",-0.924361894852804,0.388995655858061,1
"balanced","harassment","France",-0.924361894852804,-0.647657545451545,1
"all_male","harassment","France",0.19260035592688,-0.4256423673087,1
"all_male","harassment","France",-2.04132414563249,-0.462353712011008,0
"all_male","harassment","France",0.19260035592688,-0.0183233557253199,1
"quota","harassment","France",-0.924361894852804,-1.37500057560059,1
"quota","harassment","France",0.19260035592688,-0.0183233557253199,1
"quota","harassment","France",0.19260035592688,-0.0183233557253199,1
"balanced","harassment","France",1.30956260670656,-2.28764743919016,0
"quota","harassment","France",1.30956260670656,1.33835386414995,1
"quota","harassment","France",-0.924361894852804,-0.4256423673087,1
"all_male","harassment","France",0.19260035592688,-0.240338533868164,1
"balanced","harassment","France",-0.924361894852804,-0.0183233557253199,0
"quota","harassment","France",0.19260035592688,0.487004496280878,1
"quota","harassment","France",1.30956260670656,1.33835386414995,1
"quota","harassment","France",0.19260035592688,1.1163386860071,1
"balanced","harassment","France",1.30956260670656,1.33835386414995,0
"balanced","harassment","France",0.19260035592688,-0.0183233557253199,0
"all_male","harassment","France",-2.04132414563249,0.894323507864258,1
"all_male","harassment","France",1.30956260670656,1.33835386414995,1
"balanced","harassment","France",0.19260035592688,1.33835386414995,1
"balanced","harassment","France",0.19260035592688,-0.0183233557253199,0
"balanced","harassment","France",0.19260035592688,-0.0183233557253199,1
"quota","harassment","France",0.19260035592688,1.1163386860071,0
"quota","harassment","France",0.19260035592688,-0.0183233557253199,0
"all_male","harassment","France",-2.04132414563249,-2.50966261733301,1
"balanced","harassment","France",1.30956260670656,1.1163386860071,0
"balanced","harassment","France",0.19260035592688,-0.0183233557253199,1
"all_male","harassment","France",-0.924361894852804,-0.0183233557253199,0
"balanced","harassment","France",0.19260035592688,-0.0183233557253199,0
"balanced","harassment","France",0.19260035592688,-0.0183233557253199,1
"balanced","harassment","France",1.30956260670656,1.33835386414995,0
"quota","harassment","France",-2.04132414563249,-2.73167779547585,0
"balanced","harassment","France",0.19260035592688,0.709019674423722,0
"quota","harassment","France",0.19260035592688,1.33835386414995,1
"all_male","harassment","France",-2.04132414563249,-0.0183233557253199,0
"all_male","harassment","France",0.19260035592688,-0.0183233557253199,0
"balanced","harassment","France",-0.924361894852804,-1.78231958718397,0
"quota","harassment","France",-2.04132414563249,-2.73167779547585,0
"quota","harassment","France",0.19260035592688,1.1163386860071,1
"balanced","harassment","France",1.30956260670656,1.33835386414995,1
"quota","harassment","France",0.19260035592688,1.33835386414995,1
"quota","harassment","France",0.19260035592688,1.1163386860071,1
"all_male","harassment","France",-2.04132414563249,-1.37500057560059,1
"quota","harassment","France",0.19260035592688,1.1163386860071,1
"balanced","harassment","France",-0.924361894852804,-0.0183233557253199,0
"quota","harassment","France",1.30956260670656,1.33835386414995,1
"quota","harassment","France",0.19260035592688,-1.15298539745774,0
"all_male","harassment","France",-0.924361894852804,-0.967681564017206,1
"all_male","harassment","France",-0.924361894852804,-1.37500057560059,0
"balanced","harassment","France",0.19260035592688,0.709019674423722,1
"all_male","harassment","France",-0.924361894852804,-1.15298539745774,0
"balanced","harassment","France",0.19260035592688,-1.56030440904112,0
"balanced","harassment","France",1.30956260670656,1.33835386414995,1
"quota","harassment","France",0.19260035592688,0.388995655858061,1
"quota","harassment","France",0.19260035592688,-0.0183233557253199,0
"all_male","harassment","France",-0.924361894852804,0.709019674423722,1
"all_male","harassment","France",1.30956260670656,1.33835386414995,1
"all_male","harassment","France",-2.04132414563249,1.1163386860071,1
"quota","harassment","France",1.30956260670656,1.33835386414995,1
"all_male","harassment","France",-0.924361894852804,-1.37500057560059,1
"quota","harassment","France",0.19260035592688,-0.0183233557253199,1
"quota","harassment","France",0.19260035592688,-0.0183233557253199,1
"balanced","harassment","France",1.30956260670656,1.33835386414995,0
"all_male","harassment","France",-2.04132414563249,-0.0183233557253199,1
"quota","harassment","France",1.30956260670656,1.33835386414995,1
"all_male","harassment","France",-0.924361894852804,-0.967681564017206,1
"quota","harassment","France",1.30956260670656,1.33835386414995,0
"balanced","harassment","France",-2.04132414563249,-0.647657545451545,0
"balanced","harassment","France",1.30956260670656,1.33835386414995,1
"balanced","harassment","France",0.19260035592688,-0.0183233557253199,0
"quota","harassment","France",0.19260035592688,-0.0183233557253199,1
"quota","harassment","France",-0.924361894852804,-0.0183233557253199,1
"balanced","harassment","France",-0.924361894852804,-0.647657545451545,1
"all_male","harassment","France",0.19260035592688,-0.0183233557253199,0
"all_male","harassment","France",0.19260035592688,-1.05497655703493,1
"quota","harassment","France",0.19260035592688,-0.0183233557253199,1
"quota","harassment","France",0.19260035592688,-0.0183233557253199,1
"balanced","harassment","France",-0.924361894852804,1.1163386860071,1
"balanced","harassment","France",0.19260035592688,-0.0183233557253199,1
"quota","harassment","Australia",0.19260035592688,-0.0183233557253199,1
"balanced","harassment","France",0.19260035592688,-1.37500057560059,1
"quota","harassment","France",0.19260035592688,1.1163386860071,0
"quota","harassment","France",0.19260035592688,0.709019674423722,0
"all_male","harassment","France",0.19260035592688,-0.0183233557253199,1
"quota","harassment","France",0.19260035592688,-0.0183233557253199,1
"all_male","harassment","France",-0.924361894852804,-1.37500057560059,1
"all_male","harassment","France",0.19260035592688,-0.0183233557253199,1
"balanced","harassment","France",0.19260035592688,-0.0183233557253199,1
"balanced","harassment","France",0.19260035592688,-0.0183233557253199,1
"quota","harassment","France",0.19260035592688,-0.0183233557253199,0
"balanced","harassment","France",0.19260035592688,1.1163386860071,1
"all_male","harassment","France",-0.924361894852804,-0.0183233557253199,1
"all_male","harassment","France",-0.924361894852804,-0.240338533868164,1
"all_male","harassment","France",-0.924361894852804,1.1163386860071,1
"balanced","harassment","France",0.19260035592688,-0.0183233557253199,0
"balanced","harassment","France",0.19260035592688,-0.0183233557253199,0
"balanced","harassment","France",-0.924361894852804,-0.647657545451545,1
"quota","harassment","France",0.19260035592688,-0.0183233557253199,1
"all_male","harassment","France",0.19260035592688,-0.0183233557253199,1
"quota","harassment","France",0.19260035592688,-0.0183233557253199,1
"all_male","harassment","France",-2.04132414563249,-0.0183233557253199,1
"quota","harassment","France",1.30956260670656,1.33835386414995,1
"quota","harassment","France",0.19260035592688,-0.0183233557253199,0
"all_male","harassment","France",1.30956260670656,1.33835386414995,1
"balanced","harassment","France",-0.924361894852804,-1.37500057560059,1
"balanced","harassment","France",0.19260035592688,-0.745666385874362,0
"quota","harassment","France",1.30956260670656,-0.0183233557253199,0
"all_male","harassment","Australia",-2.04132414563249,-2.00433476532681,1
"all_male","harassment","France",-0.924361894852804,1.1163386860071,1
"quota","harassment","France",0.19260035592688,1.1163386860071,0
"quota","harassment","France",1.30956260670656,1.1163386860071,1
"quota","harassment","France",-0.924361894852804,-1.37500057560059,0
"balanced","harassment","France",0.19260035592688,-1.37500057560059,0
"all_male","harassment","Australia",0.19260035592688,-0.203627189165856,1
"all_male","harassment","Norway",1.30956260670656,1.33835386414995,0
"quota","harassment","France",1.30956260670656,1.1163386860071,1
"quota","harassment","France",0.19260035592688,-0.0183233557253199,0
"balanced","harassment","France",0.19260035592688,-0.0183233557253199,0
"balanced","harassment","France",-0.924361894852804,-1.37500057560059,1
"all_male","harassment","France",0.19260035592688,-0.240338533868164,0
"balanced","harassment","Norway",1.30956260670656,0.203691822417524,1
"quota","harassment","France",0.19260035592688,-0.0183233557253199,1
"quota","harassment","France",0.19260035592688,1.1163386860071,0
"all_male","harassment","France",-0.924361894852804,-0.0183233557253199,1
"all_male","harassment","Australia",-2.04132414563249,-2.73167779547585,1
"all_male","harassment","France",0.19260035592688,-0.4256423673087,1
"all_male","harassment","Australia",0.19260035592688,-0.0183233557253199,1
"balanced","harassment","France",0.19260035592688,0.709019674423722,1
"all_male","harassment","France",0.19260035592688,-0.0183233557253199,1
"all_male","harassment","France",-0.924361894852804,-0.0183233557253199,0
"quota","harassment","France",0.19260035592688,-0.0183233557253199,0
"balanced","harassment","France",1.30956260670656,1.33835386414995,1
"balanced","harassment","Australia",0.19260035592688,1.1163386860071,0
"all_male","harassment","France",-0.924361894852804,-0.0183233557253199,0
"balanced","harassment","France",1.30956260670656,0.166980477715217,0
"balanced","harassment","Norway",-2.04132414563249,-1.15298539745774,1
"quota","harassment","France",0.19260035592688,-0.0183233557253199,1
"all_male","harassment","France",-2.04132414563249,-0.240338533868164,1
"balanced","harassment","France",0.19260035592688,-0.4256423673087,1
"all_male","harassment","France",-0.924361894852804,-0.240338533868164,1
"quota","harassment","France",-0.924361894852804,-0.240338533868164,1
"balanced","harassment","France",1.30956260670656,1.33835386414995,0
"quota","harassment","France",-0.924361894852804,0.487004496280878,1
"quota","harassment","France",0.19260035592688,1.1163386860071,1
"quota","harassment","Australia",-0.924361894852804,-0.967681564017206,0
"balanced","harassment","France",0.19260035592688,1.1163386860071,0
"all_male","harassment","France",0.19260035592688,-0.0183233557253199,1
"quota","harassment","France",1.30956260670656,1.33835386414995,1
"quota","harassment","France",1.30956260670656,1.33835386414995,1
"balanced","harassment","France",1.30956260670656,1.33835386414995,0
"all_male","harassment","France",-2.04132414563249,-0.4256423673087,1
"all_male","harassment","France",0.19260035592688,-0.0183233557253199,0
"balanced","harassment","France",0.19260035592688,0.709019674423722,1
"quota","harassment","France",0.19260035592688,-0.0183233557253199,0
"all_male","harassment","France",-2.04132414563249,-0.462353712011008,1
"quota","harassment","France",0.19260035592688,-1.15298539745774,1
"quota","harassment","France",0.19260035592688,-0.0183233557253199,1
"balanced","harassment","France",0.19260035592688,-0.0183233557253199,1
"balanced","harassment","Australia",0.19260035592688,-1.37500057560059,0
"all_male","harassment","France",-0.924361894852804,1.1163386860071,0
"balanced","harassment","France",0.19260035592688,1.1163386860071,1
"quota","harassment","Australia",0.19260035592688,1.33835386414995,1
"balanced","harassment","France",0.19260035592688,-0.0183233557253199,0
"balanced","harassment","France",0.19260035592688,-0.0183233557253199,1
"all_male","harassment","France",-0.924361894852804,-0.240338533868164,0
"balanced","harassment","Australia",0.19260035592688,0.203691822417524,1
"balanced","harassment","Australia",1.30956260670656,1.33835386414995,1
"balanced","harassment","France",0.19260035592688,1.33835386414995,1
"balanced","harassment","France",0.19260035592688,-1.37500057560059,0
"quota","harassment","France",1.30956260670656,-0.0183233557253199,1
"all_male","harassment","France",-0.924361894852804,0.709019674423722,0
"all_male","harassment","Australia",-0.924361894852804,-0.0183233557253199,1
"balanced","harassment","France",1.30956260670656,1.33835386414995,0
"all_male","harassment","France",-0.924361894852804,-0.0183233557253199,1
"balanced","harassment","France",0.19260035592688,-0.0183233557253199,0
"all_male","harassment","France",0.19260035592688,-0.0183233557253199,0
"balanced","harassment","France",1.30956260670656,1.33835386414995,1
"quota","harassment","France",0.19260035592688,-0.0183233557253199,1
"all_male","harassment","Australia",-0.924361894852804,0.709019674423722,0
"balanced","harassment","France",0.19260035592688,-0.0183233557253199,1
"quota","harassment","France",0.19260035592688,1.33835386414995,1
"quota","harassment","France",0.19260035592688,-0.0183233557253199,1
"balanced","harassment","Norway",-0.924361894852804,-0.967681564017206,1
"quota","harassment","Norway",1.30956260670656,1.33835386414995,1
"quota","harassment","Australia",1.30956260670656,1.33835386414995,0
"quota","harassment","France",1.30956260670656,1.33835386414995,1
"quota","harassment","France",-2.04132414563249,-0.240338533868164,1
"all_male","harassment","France",0.19260035592688,-0.0183233557253199,1
"all_male","harassment","France",-0.924361894852804,0.931034852566566,1
"all_male","harassment","France",-2.04132414563249,-0.0183233557253199,1
"balanced","harassment","Australia",1.30956260670656,1.33835386414995,1
"balanced","harassment","France",0.19260035592688,-0.0183233557253199,1
"quota","harassment","France",0.19260035592688,-0.0183233557253199,1
"all_male","harassment","France",1.30956260670656,1.33835386414995,0
"balanced","harassment","France",-0.924361894852804,-1.37500057560059,1
"all_male","harassment","France",-0.924361894852804,-1.37500057560059,1
"quota","harassment","France",0.19260035592688,-0.745666385874362,1
"quota","harassment","France",0.19260035592688,-0.0183233557253199,0
"quota","harassment","France",0.19260035592688,1.1163386860071,1
"all_male","harassment","France",1.30956260670656,1.33835386414995,1
"balanced","harassment","Australia",0.19260035592688,-0.0183233557253199,1
"balanced","harassment","France",0.19260035592688,-0.0183233557253199,1
"quota","harassment","Australia",0.19260035592688,-0.4256423673087,0
"quota","harassment","Australia",-2.04132414563249,-1.56030440904112,0
"quota","harassment","France",1.30956260670656,1.33835386414995,0
"all_male","harassment","France",0.19260035592688,-0.0183233557253199,0
"all_male","harassment","France",-0.924361894852804,-0.0183233557253199,1
"quota","harassment","France",-0.924361894852804,-0.967681564017206,0
"balanced","harassment","France",1.30956260670656,1.33835386414995,1
"quota","harassment","Australia",0.19260035592688,1.33835386414995,1
"all_male","harassment","France",-0.924361894852804,-0.0183233557253199,0
"balanced","harassment","France",0.19260035592688,-0.0183233557253199,1
"quota","harassment","France",0.19260035592688,-0.0183233557253199,1
"balanced","harassment","France",0.19260035592688,-0.0183233557253199,1
"quota","harassment","France",0.19260035592688,-0.0183233557253199,1
"balanced","harassment","France",0.19260035592688,-0.0183233557253199,0
"all_male","harassment","Norway",-2.04132414563249,-0.0183233557253199,1
"balanced","harassment","France",-0.924361894852804,-1.37500057560059,1
"all_male","harassment","France",-0.924361894852804,-0.4256423673087,0
"all_male","harassment","Australia",0.19260035592688,-0.832961378892081,1
"balanced","harassment","France",0.19260035592688,1.1163386860071,0
"all_male","harassment","Australia",0.19260035592688,0.388995655858061,1
"quota","harassment","France",0.19260035592688,-0.0183233557253199,0
"all_male","harassment","France",-0.924361894852804,-0.0183233557253199,0
"balanced","harassment","France",0.19260035592688,-0.0183233557253199,0
"quota","harassment","Australia",0.19260035592688,0.388995655858061,1
"all_male","harassment","Australia",0.19260035592688,1.1163386860071,1
"balanced","harassment","France",1.30956260670656,1.1163386860071,1
"all_male","harassment","France",0.19260035592688,-0.0183233557253199,0
"balanced","harassment","France",0.19260035592688,-0.0183233557253199,0
"balanced","harassment","France",0.19260035592688,-1.15298539745774,1
"all_male","harassment","France",0.19260035592688,1.1163386860071,1
"all_male","harassment","France",0.19260035592688,-0.0183233557253199,0
"quota","harassment","France",-0.924361894852804,-1.59701575374343,0
"balanced","harassment","France",0.19260035592688,0.709019674423722,0
"quota","harassment","Australia",1.30956260670656,1.33835386414995,1
"all_male","harassment","Australia",0.19260035592688,1.1163386860071,1
"balanced","harassment","France",0.19260035592688,0.709019674423722,0
"quota","harassment","France",0.19260035592688,1.1163386860071,0
"quota","harassment","France",0.19260035592688,-0.745666385874362,0
"all_male","harassment","France",-2.04132414563249,-0.462353712011008,0
"quota","harassment","France",0.19260035592688,-0.0183233557253199,0
"balanced","harassment","France",1.30956260670656,1.33835386414995,1
"balanced","harassment","France",0.19260035592688,-0.0183233557253199,0
"all_male","harassment","France",0.19260035592688,-0.0183233557253199,1
"quota","harassment","France",1.30956260670656,1.33835386414995,1
"balanced","harassment","France",0.19260035592688,-0.0183233557253199,0
"balanced","harassment","France",0.19260035592688,-0.0183233557253199,0
"quota","harassment","Australia",-0.924361894852804,-1.37500057560059,0
"all_male","harassment","France",0.19260035592688,-1.15298539745774,0
"balanced","harassment","Norway",0.19260035592688,-0.0183233557253199,1
"balanced","harassment","Norway",0.19260035592688,-0.0183233557253199,0
"quota","harassment","France",0.19260035592688,-0.0183233557253199,0
"quota","harassment","Australia",0.19260035592688,0.709019674423722,0
"all_male","harassment","France",-0.924361894852804,0.388995655858061,0
"balanced","harassment","Australia",-0.924361894852804,0.931034852566566,1
"balanced","harassment","Australia",0.19260035592688,0.203691822417524,0
"balanced","harassment","France",0.19260035592688,1.1163386860071,0
"quota","harassment","Norway",0.19260035592688,-0.745666385874362,0
"balanced","harassment","France",0.19260035592688,-0.0183233557253199,0
"all_male","harassment","France",0.19260035592688,1.1163386860071,0
"balanced","harassment","France",1.30956260670656,1.33835386414995,0
"quota","harassment","France",0.19260035592688,-0.0183233557253199,0
"all_male","harassment","Norway",-0.924361894852804,-1.37500057560059,1
"balanced","harassment","Norway",1.30956260670656,-0.0183233557253199,0
"all_male","harassment","France",-0.924361894852804,-0.0183233557253199,0
"quota","harassment","France",0.19260035592688,0.388995655858061,0
"balanced","harassment","France",0.19260035592688,-1.37500057560059,0
"balanced","harassment","Norway",1.30956260670656,1.33835386414995,1
"all_male","harassment","France",0.19260035592688,-0.0183233557253199,0
"all_male","harassment","France",-2.04132414563249,1.33835386414995,1
"balanced","harassment","France",0.19260035592688,-0.0183233557253199,0
"quota","harassment","France",1.30956260670656,1.33835386414995,0
"all_male","harassment","Australia",-2.04132414563249,-2.73167779547585,1
"all_male","harassment","Australia",0.19260035592688,-1.15298539745774,1
"quota","harassment","France",0.19260035592688,-0.0183233557253199,0
"all_male","harassment","France",-2.04132414563249,-0.0183233557253199,1
"all_male","harassment","France",-0.924361894852804,-0.0183233557253199,0
"balanced","harassment","Australia",0.19260035592688,-0.4256423673087,0
"all_male","harassment","Norway",-2.04132414563249,-0.0183233557253199,1
"balanced","harassment","Australia",1.30956260670656,1.33835386414995,1
"all_male","harassment","France",-2.04132414563249,-1.37500057560059,0
"quota","harassment","Norway",0.19260035592688,-0.0183233557253199,0
"balanced","harassment","Norway",1.30956260670656,-0.832961378892081,1
"balanced","harassment","Australia",0.19260035592688,-0.0183233557253199,1
"all_male","harassment","France",-0.924361894852804,-1.37500057560059,0
"quota","harassment","France",1.30956260670656,1.33835386414995,0
"balanced","harassment","France",0.19260035592688,-0.0183233557253199,0
"all_male","harassment","France",0.19260035592688,-0.0183233557253199,0
"balanced","harassment","France",1.30956260670656,0.931034852566566,0
"all_male","harassment","Australia",-0.924361894852804,-0.0183233557253199,0
"all_male","harassment","France",0.19260035592688,-0.240338533868164,0
"all_male","harassment","France",0.19260035592688,-0.0183233557253199,0
"quota","harassment","Australia",0.19260035592688,1.33835386414995,1
"all_male","harassment","Australia",0.19260035592688,0.709019674423722,1
"quota","harassment","Norway",0.19260035592688,-0.745666385874362,1
"balanced","harassment","Australia",0.19260035592688,0.203691822417524,0
"balanced","harassment","Australia",-2.04132414563249,-0.832961378892081,0
"quota","harassment","France",0.19260035592688,0.388995655858061,0
"quota","harassment","France",0.19260035592688,-0.0183233557253199,0
"quota","harassment","France",0.19260035592688,0.388995655858061,0
"quota","harassment","France",0.19260035592688,-0.0183233557253199,0
"all_male","harassment","France",0.19260035592688,-0.0183233557253199,0
"all_male","harassment","Norway",-2.04132414563249,-0.0183233557253199,0
"all_male","harassment","France",-0.924361894852804,1.1163386860071,0
"quota","harassment","France",1.30956260670656,1.33835386414995,0
"quota","harassment","France",0.19260035592688,-0.0183233557253199,0
"quota","harassment","France",0.19260035592688,-0.0183233557253199,0
"all_male","harassment","France",-0.924361894852804,-0.0183233557253199,0
"balanced","harassment","France",0.19260035592688,-0.0183233557253199,0
"all_male","harassment","France",0.19260035592688,-0.0183233557253199,0
"quota","harassment","Norway",0.19260035592688,-0.0183233557253199,0
"balanced","harassment","Norway",-0.924361894852804,-0.4256423673087,0
"balanced","harassment","France",1.30956260670656,0.709019674423722,0
"balanced","harassment","Australia",1.30956260670656,1.33835386414995,1
"balanced","harassment","France",1.30956260670656,1.33835386414995,0
"balanced","harassment","France",-0.924361894852804,-1.37500057560059,0
"all_male","harassment","France",-2.04132414563249,-1.59701575374343,0
"all_male","harassment","France",0.19260035592688,-0.0183233557253199,0
"quota","harassment","France",0.19260035592688,-0.0183233557253199,0
"all_male","harassment","Australia",-0.924361894852804,-0.240338533868164,0
"all_male","harassment","France",0.19260035592688,-0.0183233557253199,0
"quota","harassment","Australia",0.19260035592688,0.611010834000905,1
"quota","harassment","Australia",-0.924361894852804,-0.240338533868164,1
"quota","harassment","Australia",0.19260035592688,-0.0183233557253199,0
"all_male","harassment","Norway",-0.924361894852804,-0.647657545451545,1
"all_male","harassment","France",0.19260035592688,-0.0183233557253199,0
"balanced","harassment","France",0.19260035592688,-0.0183233557253199,0
"quota","harassment","Norway",1.30956260670656,0.203691822417524,0
"balanced","harassment","France",0.19260035592688,-0.0183233557253199,0
"all_male","harassment","France",0.19260035592688,1.1163386860071,0
"balanced","harassment","Australia",1.30956260670656,0.203691822417524,1
"all_male","harassment","Norway",-2.04132414563249,-1.37500057560059,1
"all_male","harassment","France",-2.04132414563249,-0.240338533868164,0
"balanced","harassment","France",0.19260035592688,-0.0183233557253199,0
"all_male","harassment","Norway",-2.04132414563249,-1.37500057560059,1
"quota","harassment","France",1.30956260670656,0.203691822417524,0
"balanced","harassment","Australia",-0.924361894852804,1.33835386414995,1
"quota","harassment","Australia",-0.924361894852804,-1.78231958718397,0
"quota","harassment","France",0.19260035592688,-1.56030440904112,0
"balanced","harassment","France",0.19260035592688,-0.0183233557253199,0
"all_male","harassment","Australia",-2.04132414563249,-2.06563226104732,0
"quota","harassment","France",-0.924361894852804,-1.15298539745774,0
"balanced","harassment","France",0.19260035592688,-0.0183233557253199,0
"all_male","harassment","Australia",0.19260035592688,-1.15298539745774,0
"all_male","harassment","Norway",-0.924361894852804,-1.37500057560059,0
"quota","harassment","France",-0.924361894852804,-1.37500057560059,0
"balanced","harassment","Australia",1.30956260670656,0.166980477715217,1
"quota","harassment","Norway",1.30956260670656,1.33835386414995,1
"all_male","harassment","Australia",-2.04132414563249,-0.647657545451545,0
"balanced","harassment","Australia",1.30956260670656,0.203691822417524,0
"balanced","harassment","France",1.30956260670656,1.1163386860071,0
"quota","harassment","Australia",0.19260035592688,0.388995655858061,1
"all_male","harassment","Norway",-0.924361894852804,1.33835386414995,0
"balanced","harassment","Norway",1.30956260670656,-0.240338533868164,1
"all_male","harassment","France",-0.924361894852804,0.301700662840341,0
"quota","harassment","Norway",-0.924361894852804,-1.37500057560059,0
"quota","harassment","Norway",0.19260035592688,0.388995655858061,0
"quota","harassment","France",0.19260035592688,-0.0183233557253199,0
"all_male","harassment","Australia",-2.04132414563249,-1.37500057560059,1
"quota","harassment","Australia",0.19260035592688,-0.0183233557253199,1
"all_male","harassment","France",-0.924361894852804,0.203691822417524,0
"all_male","harassment","France",0.19260035592688,-0.0183233557253199,0
"all_male","harassment","Australia",0.19260035592688,-0.0183233557253199,0
"quota","harassment","Norway",1.30956260670656,-0.647657545451545,0
"balanced","harassment","France",1.30956260670656,0.709019674423722,0
"all_male","harassment","France",-0.924361894852804,-0.0183233557253199,0
"quota","harassment","France",0.19260035592688,-0.0183233557253199,0
"quota","harassment","France",0.19260035592688,1.1163386860071,0
"balanced","harassment","France",0.19260035592688,0.709019674423722,0
"all_male","harassment","Australia",0.19260035592688,0.709019674423722,0
"balanced","harassment","France",0.19260035592688,-0.0183233557253199,0
"all_male","harassment","Australia",-0.924361894852804,-0.967681564017206,1
"balanced","harassment","France",0.19260035592688,-0.0183233557253199,0
"quota","harassment","Australia",0.19260035592688,0.203691822417524,1
"balanced","harassment","France",0.19260035592688,-0.0183233557253199,0
"all_male","harassment","France",-2.04132414563249,-2.73167779547585,0
"all_male","harassment","Norway",-0.924361894852804,-1.37500057560059,1
"all_male","harassment","Norway",0.19260035592688,-1.37500057560059,1
"balanced","harassment","Norway",1.30956260670656,-0.0183233557253199,1
"quota","harassment","Australia",-0.924361894852804,1.33835386414995,1
"all_male","harassment","Australia",-0.924361894852804,-1.37500057560059,1
"quota","harassment","Australia",0.19260035592688,0.203691822417524,1
"balanced","harassment","Norway",0.19260035592688,-2.28764743919016,0
"all_male","harassment","Norway",1.30956260670656,1.33835386414995,0
"quota","harassment","Norway",0.19260035592688,-1.15298539745774,0
"balanced","harassment","Australia",-0.924361894852804,-1.37500057560059,0
"quota","harassment","Norway",0.19260035592688,1.33835386414995,1
"quota","harassment","Norway",-0.924361894852804,-0.967681564017206,0
"quota","harassment","France",-0.924361894852804,-0.647657545451545,0
"balanced","harassment","Australia",0.19260035592688,-0.0183233557253199,1
"all_male","harassment","France",-0.924361894852804,-0.869672723594389,1
"quota","harassment","France",-2.04132414563249,-0.647657545451545,0
"balanced","harassment","Norway",0.19260035592688,-0.0183233557253199,1
"all_male","harassment","France",-2.04132414563249,1.1163386860071,1
"balanced","harassment","France",-2.04132414563249,1.1163386860071,1
"all_male","harassment","France",0.19260035592688,-0.0183233557253199,0
"quota","harassment","Norway",-0.924361894852804,-1.37500057560059,1
"quota","harassment","Norway",1.30956260670656,1.33835386414995,1
"quota","harassment","France",1.30956260670656,1.33835386414995,0
"quota","harassment","Australia",-2.04132414563249,-2.73167779547585,0
"all_male","harassment","France",-0.924361894852804,-0.0183233557253199,0
"balanced","harassment","Norway",1.30956260670656,0.203691822417524,1
"balanced","harassment","Norway",1.30956260670656,1.33835386414995,0
"balanced","harassment","Norway",-0.924361894852804,-0.0183233557253199,0
"all_male","harassment","Norway",0.19260035592688,0.203691822417524,1
"quota","harassment","France",-0.924361894852804,-0.0183233557253199,1
"quota","harassment","France",-0.924361894852804,-0.745666385874362,0
"quota","harassment","Norway",0.19260035592688,-0.0183233557253199,0
"balanced","harassment","Australia",0.19260035592688,-0.0183233557253199,1
"balanced","harassment","Norway",-0.924361894852804,-1.37500057560059,1
"balanced","harassment","Australia",1.30956260670656,1.33835386414995,0
"balanced","harassment","France",0.19260035592688,-0.0183233557253199,0
"balanced","harassment","Australia",0.19260035592688,-0.0183233557253199,1
"quota","harassment","Norway",0.19260035592688,-0.0183233557253199,1
"balanced","harassment","France",1.30956260670656,1.33835386414995,1
"quota","harassment","France",1.30956260670656,-0.0183233557253199,1
"all_male","harassment","France",0.19260035592688,-1.37500057560059,1
"balanced","harassment","Norway",0.19260035592688,0.388995655858061,1
"balanced","harassment","France",0.19260035592688,-0.0183233557253199,1
"all_male","harassment","Norway",0.19260035592688,-0.0183233557253199,1
"all_male","harassment","Norway",0.19260035592688,-0.0183233557253199,1
"quota","harassment","Norway",1.30956260670656,-0.0183233557253199,0
"quota","harassment","Norway",1.30956260670656,1.33835386414995,1
"balanced","harassment","Norway",1.30956260670656,0.931034852566566,0
"quota","harassment","Norway",0.19260035592688,-1.15298539745774,0
"all_male","harassment","Norway",-0.924361894852804,-1.37500057560059,1
"quota","harassment","Norway",0.19260035592688,1.33835386414995,1
"balanced","harassment","Norway",0.19260035592688,1.1163386860071,0
"balanced","harassment","Norway",1.30956260670656,1.33835386414995,1
"quota","harassment","Norway",0.19260035592688,-0.0183233557253199,1
"all_male","harassment","Norway",-2.04132414563249,-0.0183233557253199,0
"all_male","harassment","Norway",-0.924361894852804,-0.0183233557253199,1
"all_male","harassment","Norway",0.19260035592688,-0.745666385874362,1
"balanced","harassment","Norway",1.30956260670656,1.33835386414995,0
"all_male","harassment","Norway",-2.04132414563249,-0.523651207731517,0
"balanced","harassment","Norway",1.30956260670656,0.388995655858061,1
"quota","harassment","Norway",0.19260035592688,-0.0183233557253199,0
"balanced","harassment","Norway",-0.924361894852804,-0.240338533868164,1
"quota","harassment","Norway",1.30956260670656,-0.0183233557253199,1
"all_male","harassment","Australia",-0.924361894852804,-0.0183233557253199,0
"balanced","harassment","Norway",1.30956260670656,0.611010834000905,1
"all_male","harassment","Norway",-2.04132414563249,-0.240338533868164,0
"all_male","harassment","Norway",-2.04132414563249,-0.0183233557253199,1
"all_male","harassment","France",0.19260035592688,-1.56030440904112,0
"quota","harassment","Australia",1.30956260670656,1.33835386414995,0
"all_male","harassment","Norway",0.19260035592688,1.33835386414995,1
"quota","harassment","Australia",0.19260035592688,-0.0183233557253199,1
"quota","harassment","Norway",0.19260035592688,-0.0183233557253199,1
"quota","harassment","France",-0.924361894852804,-1.05497655703493,1
"all_male","harassment","Norway",-0.924361894852804,-2.32435878389247,1
"balanced","harassment","Norway",0.19260035592688,-0.4256423673087,0
"balanced","harassment","Norway",1.30956260670656,0.203691822417524,1
"all_male","harassment","France",-2.04132414563249,1.33835386414995,0
"quota","harassment","Norway",0.19260035592688,-0.0183233557253199,0
"balanced","harassment","France",0.19260035592688,-0.0183233557253199,1
"all_male","harassment","Norway",0.19260035592688,-0.745666385874362,0
"balanced","harassment","France",-0.924361894852804,-1.78231958718397,0
"balanced","harassment","Norway",1.30956260670656,-0.0183233557253199,1
"balanced","harassment","Norway",0.19260035592688,-0.647657545451545,0
"all_male","harassment","Norway",-0.924361894852804,-0.0183233557253199,1
"balanced","harassment","Norway",1.30956260670656,1.33835386414995,1
"quota","harassment","Norway",0.19260035592688,-0.0183233557253199,1
"balanced","harassment","Norway",0.19260035592688,-0.0183233557253199,0
"quota","harassment","France",-0.924361894852804,-0.0183233557253199,1
"all_male","harassment","Norway",0.19260035592688,1.33835386414995,0
"quota","harassment","Norway",-0.924361894852804,-1.37500057560059,1
"all_male","harassment","France",0.19260035592688,-1.15298539745774,0
"balanced","harassment","Norway",0.19260035592688,-0.240338533868164,1
"all_male","harassment","France",0.19260035592688,-0.967681564017206,1
"balanced","harassment","Norway",0.19260035592688,-0.0183233557253199,0
"quota","harassment","Norway",1.30956260670656,1.33835386414995,1
"all_male","harassment","France",0.19260035592688,-0.0183233557253199,1
"quota","harassment","Norway",0.19260035592688,-0.4256423673087,0
"all_male","harassment","Norway",-2.04132414563249,-1.37500057560059,1
"quota","harassment","Norway",0.19260035592688,-0.0183233557253199,1
"all_male","harassment","Australia",-0.924361894852804,-1.37500057560059,1
"balanced","harassment","Norway",-0.924361894852804,-0.0183233557253199,0
"quota","harassment","France",1.30956260670656,1.33835386414995,1
"balanced","harassment","France",-0.924361894852804,-0.240338533868164,1
"balanced","harassment","Norway",1.30956260670656,1.1163386860071,1
"quota","harassment","France",0.19260035592688,-0.0183233557253199,1
"quota","harassment","Norway",-2.04132414563249,-1.18969674216005,1
"balanced","harassment","Norway",0.19260035592688,-1.15298539745774,0
"all_male","harassment","Norway",1.30956260670656,0.203691822417524,1
"balanced","harassment","Norway",1.30956260670656,1.33835386414995,1
"quota","harassment","France",0.19260035592688,0.709019674423722,1
"quota","harassment","Norway",1.30956260670656,-0.0183233557253199,0
"quota","harassment","Australia",0.19260035592688,-1.15298539745774,0
"balanced","harassment","Australia",0.19260035592688,-0.0183233557253199,0
"all_male","harassment","Australia",-0.924361894852804,-0.0183233557253199,0
"balanced","harassment","Norway",-2.04132414563249,-0.142329693445347,0
"balanced","harassment","France",0.19260035592688,-0.647657545451545,0
"balanced","harassment","France",0.19260035592688,-0.240338533868164,1
"all_male","harassment","Norway",-0.924361894852804,0.894323507864258,1
"quota","harassment","Norway",-0.924361894852804,-1.37500057560059,1
"all_male","harassment","France",0.19260035592688,-0.0183233557253199,1
"balanced","harassment","Norway",1.30956260670656,1.33835386414995,1
"quota","harassment","France",0.19260035592688,-0.0183233557253199,1
"quota","harassment","France",1.30956260670656,0.709019674423722,0
"balanced","harassment","Norway",0.19260035592688,-0.0183233557253199,0
"all_male","harassment","Norway",1.30956260670656,1.33835386414995,1
"quota","harassment","Norway",0.19260035592688,-0.4256423673087,1
"quota","harassment","Australia",0.19260035592688,1.1163386860071,1
"balanced","harassment","Australia",1.30956260670656,1.33835386414995,1
"balanced","harassment","Australia",0.19260035592688,-0.0183233557253199,1
"quota","harassment","Norway",0.19260035592688,-0.0183233557253199,0
"balanced","harassment","Norway",-0.924361894852804,-1.37500057560059,1
"all_male","harassment","Norway",-0.924361894852804,-0.240338533868164,0
"all_male","harassment","Australia",0.19260035592688,-0.4256423673087,1
"quota","harassment","Norway",0.19260035592688,1.33835386414995,1
"all_male","harassment","Norway",-2.04132414563249,-0.684368890153853,1
"quota","harassment","Norway",1.30956260670656,1.33835386414995,1
"all_male","harassment","Norway",-2.04132414563249,1.33835386414995,0
"all_male","harassment","Norway",-0.924361894852804,-0.0183233557253199,1
"all_male","harassment","France",-2.04132414563249,-1.59701575374343,1
"all_male","harassment","France",-0.924361894852804,0.388995655858061,0
"balanced","harassment","Norway",1.30956260670656,1.33835386414995,1
"all_male","harassment","Australia",0.19260035592688,1.1163386860071,1
"quota","harassment","Australia",1.30956260670656,1.33835386414995,1
"all_male","harassment","Norway",0.19260035592688,-0.0183233557253199,1
"all_male","harassment","Norway",-0.924361894852804,1.33835386414995,1
"balanced","harassment","Australia",1.30956260670656,0.388995655858061,0
"balanced","harassment","Norway",-0.924361894852804,-0.240338533868164,1
"balanced","harassment","Norway",1.30956260670656,1.33835386414995,0
"quota","harassment","Norway",-0.924361894852804,-1.15298539745774,0
"quota","harassment","Norway",0.19260035592688,-0.0183233557253199,0
"quota","harassment","France",1.30956260670656,0.611010834000905,1
"balanced","harassment","Norway",1.30956260670656,-0.4256423673087,0
"all_male","harassment","Norway",-2.04132414563249,-2.73167779547585,1
"quota","harassment","Norway",1.30956260670656,1.33835386414995,1
"all_male","harassment","Norway",-0.924361894852804,-1.15298539745774,0
"quota","harassment","Norway",0.19260035592688,1.33835386414995,0
"balanced","harassment","Norway",0.19260035592688,-0.0183233557253199,1
"all_male","harassment","Norway",-0.924361894852804,-1.37500057560059,1
"all_male","harassment","France",-0.924361894852804,-0.0183233557253199,0
"quota","harassment","Australia",0.19260035592688,-0.0183233557253199,0
"all_male","harassment","Norway",0.19260035592688,-0.745666385874362,1
"quota","harassment","Norway",1.30956260670656,-0.0183233557253199,0
"all_male","harassment","Norway",-0.924361894852804,-0.0183233557253199,0
"all_male","harassment","Norway",-2.04132414563249,-4.08835501535112,1
"balanced","harassment","Norway",0.19260035592688,-0.0183233557253199,1
"quota","harassment","Australia",1.30956260670656,1.33835386414995,0
"balanced","harassment","Norway",0.19260035592688,-0.0183233557253199,1
"balanced","harassment","Norway",0.19260035592688,1.1163386860071,1
"all_male","harassment","Australia",0.19260035592688,1.33835386414995,0
"quota","harassment","Norway",0.19260035592688,-0.0183233557253199,1
"quota","harassment","Australia",1.30956260670656,1.33835386414995,0
"all_male","harassment","Norway",0.19260035592688,-0.0183233557253199,1
"balanced","harassment","Australia",0.19260035592688,1.1163386860071,1
"quota","harassment","Norway",1.30956260670656,-0.0183233557253199,1
"quota","harassment","Australia",0.19260035592688,-0.0183233557253199,0
"all_male","harassment","Norway",-2.04132414563249,-0.0183233557253199,1
"balanced","harassment","Norway",1.30956260670656,1.33835386414995,1
"balanced","harassment","Norway",0.19260035592688,-1.88032842760678,0
"quota","harassment","France",-0.924361894852804,-0.0183233557253199,1
"balanced","harassment","Australia",-0.924361894852804,-1.37500057560059,0
"balanced","harassment","Australia",1.30956260670656,1.33835386414995,1
"all_male","harassment","Australia",-2.04132414563249,-2.73167779547585,0
"all_male","harassment","Australia",0.19260035592688,-0.745666385874362,1
"quota","harassment","Norway",0.19260035592688,-0.0183233557253199,1
"all_male","harassment","Norway",-2.04132414563249,-1.37500057560059,1
"all_male","harassment","Australia",0.19260035592688,-0.0183233557253199,1
"balanced","harassment","France",0.19260035592688,0.523715840983185,0
"balanced","harassment","Australia",0.19260035592688,-0.0183233557253199,1
"all_male","harassment","Norway",-2.04132414563249,1.33835386414995,0
"quota","harassment","Australia",1.30956260670656,-2.06563226104732,0
"quota","harassment","Norway",0.19260035592688,-0.0183233557253199,1
"quota","harassment","Australia",1.30956260670656,0.388995655858061,0
"balanced","harassment","Australia",0.19260035592688,0.931034852566566,0
"balanced","harassment","Norway",0.19260035592688,-2.50966261733301,1
"all_male","harassment","Australia",1.30956260670656,1.33835386414995,1
"quota","harassment","Norway",0.19260035592688,1.33835386414995,1
"balanced","harassment","Australia",1.30956260670656,1.33835386414995,1
"quota","harassment","Australia",0.19260035592688,-0.0183233557253199,0
"all_male","harassment","Australia",-0.924361894852804,-0.240338533868164,1
"quota","harassment","Norway",-0.924361894852804,-0.338347374290981,1
"quota","harassment","Australia",0.19260035592688,-0.0183233557253199,1
"all_male","harassment","Australia",-0.924361894852804,1.1163386860071,1
"all_male","harassment","France",0.19260035592688,-0.0183233557253199,1
"balanced","harassment","France",0.19260035592688,-1.37500057560059,0
"balanced","harassment","Australia",0.19260035592688,-0.0183233557253199,1
"all_male","harassment","Australia",-0.924361894852804,0.203691822417524,0
"balanced","harassment","Australia",0.19260035592688,-0.0183233557253199,1
"balanced","harassment","Norway",0.19260035592688,-0.0183233557253199,0
"balanced","harassment","Australia",1.30956260670656,1.33835386414995,1
"quota","harassment","Australia",0.19260035592688,-0.0183233557253199,0
"balanced","harassment","Australia",0.19260035592688,0.388995655858061,1
"all_male","harassment","Australia",-0.924361894852804,1.33835386414995,1
"all_male","harassment","Norway",-0.924361894852804,-1.37500057560059,0
"all_male","harassment","Norway",-2.04132414563249,1.1163386860071,0
"quota","harassment","Norway",0.19260035592688,1.1163386860071,0
"quota","harassment","Norway",0.19260035592688,-0.0183233557253199,0
"quota","harassment","Norway",0.19260035592688,-0.4256423673087,1
"all_male","harassment","Norway",-2.04132414563249,0.709019674423722,1
"balanced","harassment","Norway",1.30956260670656,-0.0183233557253199,0
"balanced","harassment","Norway",0.19260035592688,1.33835386414995,0
"all_male","harassment","Norway",-2.04132414563249,-0.0183233557253199,0
"quota","harassment","Norway",1.30956260670656,1.33835386414995,0
"quota","harassment","Norway",0.19260035592688,-0.0183233557253199,0
"all_male","harassment","Australia",1.30956260670656,1.33835386414995,1
"quota","harassment","Australia",0.19260035592688,-0.0183233557253199,1
"quota","harassment","Australia",1.30956260670656,1.33835386414995,1
"all_male","harassment","Norway",1.30956260670656,1.33835386414995,0
"all_male","harassment","Norway",-0.924361894852804,-0.0183233557253199,1
"quota","harassment","Norway",0.19260035592688,-0.0183233557253199,0
"balanced","harassment","Norway",0.19260035592688,0.388995655858061,0
"quota","harassment","Norway",0.19260035592688,-0.0183233557253199,0
"all_male","harassment","Australia",0.19260035592688,-0.745666385874362,0
"all_male","harassment","Norway",-0.924361894852804,-1.15298539745774,0
"balanced","harassment","Norway",0.19260035592688,-0.0183233557253199,0
"balanced","harassment","Norway",1.30956260670656,1.33835386414995,0
"quota","harassment","Australia",1.30956260670656,1.33835386414995,1
"all_male","harassment","France",-2.04132414563249,-1.37500057560059,0
"balanced","harassment","Norway",0.19260035592688,-0.0183233557253199,1
"quota","harassment","Norway",0.19260035592688,-2.50966261733301,0
"all_male","harassment","Norway",-2.04132414563249,-0.0183233557253199,0
"balanced","harassment","Australia",1.30956260670656,0.611010834000905,0
"quota","harassment","Australia",1.30956260670656,0.203691822417524,0
"balanced","harassment","Norway",0.19260035592688,-0.0183233557253199,0
"all_male","harassment","Australia",-2.04132414563249,-0.0183233557253199,1
"quota","harassment","Norway",-3.15828639641217,-1.81903093188628,0
"all_male","harassment","Australia",0.19260035592688,1.1163386860071,0
"all_male","harassment","Norway",1.30956260670656,1.33835386414995,0
"balanced","harassment","Australia",0.19260035592688,-0.0183233557253199,1
"all_male","harassment","Norway",0.19260035592688,-0.0183233557253199,0
"all_male","harassment","Norway",-0.924361894852804,-0.0183233557253199,0
"all_male","harassment","Australia",1.30956260670656,1.33835386414995,1
"all_male","harassment","Australia",1.30956260670656,1.33835386414995,0
"quota","harassment","Australia",0.19260035592688,-0.0183233557253199,1
"quota","harassment","Norway",0.19260035592688,-0.647657545451545,0
"all_male","harassment","Australia",-0.924361894852804,-0.0183233557253199,1
"balanced","harassment","Norway",1.30956260670656,1.33835386414995,1
"balanced","harassment","Australia",0.19260035592688,-0.0183233557253199,0
"balanced","harassment","Norway",-0.924361894852804,-0.240338533868164,1
"quota","harassment","Norway",0.19260035592688,-0.0183233557253199,1
"quota","harassment","Norway",-2.04132414563249,-2.50966261733301,0
"balanced","harassment","Norway",1.30956260670656,0.203691822417524,0
"all_male","harassment","Norway",-0.924361894852804,1.33835386414995,1
"quota","harassment","Australia",1.30956260670656,0.203691822417524,1
"all_male","harassment","Australia",-2.04132414563249,-0.0183233557253199,0
"balanced","harassment","Norway",1.30956260670656,0.203691822417524,1
"quota","harassment","Norway",-2.04132414563249,-1.91703977230909,1
"all_male","harassment","Norway",-2.04132414563249,-2.73167779547585,0
"quota","harassment","Norway",1.30956260670656,-0.0183233557253199,1
"balanced","harassment","Australia",1.30956260670656,0.203691822417524,1
"balanced","harassment","Australia",0.19260035592688,-0.338347374290981,0
"balanced","harassment","Australia",1.30956260670656,0.931034852566566,1
"all_male","harassment","Australia",-0.924361894852804,-1.15298539745774,0
"quota","harassment","Australia",0.19260035592688,-0.240338533868164,0
"balanced","harassment","Australia",0.19260035592688,-0.0183233557253199,1
"balanced","harassment","Norway",1.30956260670656,0.931034852566566,0
"quota","harassment","Norway",0.19260035592688,-0.0183233557253199,0
"quota","harassment","Norway",-0.924361894852804,-2.50966261733301,0
"quota","harassment","Australia",0.19260035592688,0.203691822417524,0
"all_male","harassment","Norway",-0.924361894852804,0.203691822417524,1
"all_male","harassment","Norway",0.19260035592688,-1.78231958718397,0
"all_male","harassment","Australia",-2.04132414563249,-1.59701575374343,1
"all_male","harassment","Australia",-0.924361894852804,-0.0183233557253199,1
"all_male","harassment","Australia",1.30956260670656,1.33835386414995,0
"balanced","harassment","Australia",0.19260035592688,-0.0183233557253199,1
"balanced","harassment","Norway",0.19260035592688,-0.4256423673087,0
"balanced","harassment","Australia",0.19260035592688,-0.0183233557253199,0
"balanced","harassment","Norway",-0.924361894852804,-1.37500057560059,1
"quota","harassment","Australia",0.19260035592688,-2.28764743919016,0
"balanced","harassment","Australia",1.30956260670656,1.33835386414995,1
"balanced","harassment","Norway",-0.924361894852804,-1.37500057560059,0
"quota","harassment","Norway",0.19260035592688,-0.0183233557253199,0
"balanced","harassment","Norway",-0.924361894852804,-1.37500057560059,1
"quota","harassment","Australia",1.30956260670656,-1.15298539745774,0
"all_male","harassment","Australia",1.30956260670656,0.931034852566566,1
"all_male","harassment","Australia",1.30956260670656,1.33835386414995,0
"balanced","harassment","Australia",1.30956260670656,1.33835386414995,1
"quota","harassment","Australia",0.19260035592688,1.1163386860071,0
"balanced","harassment","Australia",1.30956260670656,1.33835386414995,0
"all_male","harassment","Norway",1.30956260670656,1.33835386414995,0
"balanced","harassment","Norway",1.30956260670656,0.203691822417524,0
"quota","harassment","Australia",-0.924361894852804,-0.0183233557253199,1
"quota","harassment","Australia",0.19260035592688,-0.0183233557253199,0
"all_male","harassment","Norway",-0.924361894852804,1.33835386414995,1
"balanced","harassment","Australia",1.30956260670656,-1.15298539745774,1
"quota","harassment","Norway",0.19260035592688,-0.0183233557253199,1
"balanced","harassment","Australia",1.30956260670656,-2.06563226104732,1
"all_male","harassment","Norway",-0.924361894852804,-0.0183233557253199,1
"quota","harassment","Australia",1.30956260670656,1.33835386414995,1
"quota","harassment","Norway",1.30956260670656,-0.0183233557253199,1
"all_male","harassment","Australia",1.30956260670656,1.33835386414995,0
"all_male","harassment","Australia",-2.04132414563249,0.203691822417524,1
"all_male","harassment","Australia",-0.924361894852804,1.33835386414995,1
"all_male","harassment","Norway",-2.04132414563249,1.33835386414995,1
"balanced","harassment","Australia",-0.924361894852804,-1.37500057560059,1
"quota","harassment","Australia",1.30956260670656,-0.0183233557253199,0
"all_male","harassment","Australia",0.19260035592688,-0.0183233557253199,0
"quota","harassment","Australia",0.19260035592688,-0.0183233557253199,1
"all_male","harassment","Australia",-2.04132414563249,-0.0550347004276277,1
"quota","harassment","Australia",0.19260035592688,-1.15298539745774,0
"all_male","harassment","Australia",0.19260035592688,-0.0183233557253199,0
"all_male","harassment","Australia",0.19260035592688,1.1163386860071,0
"quota","harassment","Australia",0.19260035592688,0.203691822417524,0
"quota","harassment","Norway",1.30956260670656,0.611010834000905,1
"all_male","harassment","Australia",-2.04132414563249,-0.0183233557253199,1
"balanced","harassment","Australia",-0.924361894852804,-1.15298539745774,0
"quota","harassment","Australia",-0.924361894852804,-0.0183233557253199,1
"all_male","harassment","Australia",1.30956260670656,1.33835386414995,1
"balanced","harassment","Norway",0.19260035592688,1.1163386860071,1
"all_male","harassment","Australia",-0.924361894852804,-1.37500057560059,0
"quota","harassment","Australia",1.30956260670656,1.33835386414995,1
"quota","harassment","Australia",1.30956260670656,0.709019674423722,1
"balanced","harassment","Australia",-0.924361894852804,-2.28764743919016,1
"quota","harassment","Australia",0.19260035592688,1.33835386414995,0
"balanced","harassment","Australia",1.30956260670656,1.33835386414995,1
"balanced","harassment","Norway",1.30956260670656,0.931034852566566,1
"quota","harassment","Australia",0.19260035592688,-0.0183233557253199,1
"quota","harassment","Norway",0.19260035592688,-0.0183233557253199,0
"balanced","harassment","Australia",-0.924361894852804,-0.0183233557253199,1
"quota","harassment","Norway",0.19260035592688,0.931034852566566,0
"all_male","harassment","Australia",-0.924361894852804,-2.50966261733301,0
"all_male","harassment","Australia",0.19260035592688,-0.0183233557253199,0
"all_male","harassment","Australia",0.19260035592688,0.388995655858061,1
"quota","harassment","Australia",1.30956260670656,0.203691822417524,0
"balanced","harassment","Australia",-0.924361894852804,-1.37500057560059,0
"quota","harassment","Australia",0.19260035592688,-0.0183233557253199,1
"balanced","harassment","Norway",0.19260035592688,-0.4256423673087,1
"balanced","harassment","Australia",0.19260035592688,-0.0183233557253199,1
"quota","harassment","Australia",-2.04132414563249,-0.930970219314898,0
"balanced","harassment","Australia",0.19260035592688,-0.0183233557253199,1
"balanced","harassment","Australia",0.19260035592688,-0.0183233557253199,0
"quota","harassment","Norway",-0.924361894852804,-0.240338533868164,1
"quota","harassment","Australia",0.19260035592688,0.203691822417524,1
"balanced","harassment","Australia",0.19260035592688,-0.0183233557253199,1
"balanced","harassment","Australia",0.19260035592688,-0.0183233557253199,1
"balanced","harassment","Australia",1.30956260670656,1.33835386414995,0
"balanced","harassment","Norway",0.19260035592688,-0.0183233557253199,0
"all_male","harassment","Norway",0.19260035592688,1.1163386860071,0
"all_male","harassment","Australia",-0.924361894852804,-0.0183233557253199,0
"balanced","harassment","Australia",1.30956260670656,0.611010834000905,1
"all_male","harassment","Australia",0.19260035592688,0.388995655858061,1
"quota","harassment","Australia",-0.924361894852804,-1.15298539745774,1
"balanced","harassment","Australia",0.19260035592688,-0.647657545451545,1
"balanced","harassment","Australia",1.30956260670656,1.1163386860071,1
"balanced","harassment","Australia",1.30956260670656,1.33835386414995,1
"quota","harassment","Australia",1.30956260670656,1.33835386414995,0
"all_male","harassment","Australia",0.19260035592688,1.33835386414995,1
"all_male","harassment","Australia",-0.924361894852804,-1.37500057560059,1
"balanced","harassment","Norway",0.19260035592688,0.611010834000905,1
"all_male","harassment","Australia",0.19260035592688,-0.0183233557253199,1
"quota","harassment","Australia",0.19260035592688,0.203691822417524,0
"quota","harassment","Australia",1.30956260670656,1.1163386860071,0
"quota","harassment","Australia",0.19260035592688,0.203691822417524,1
"quota","harassment","Norway",0.19260035592688,-0.0183233557253199,0
"balanced","harassment","Australia",-0.924361894852804,-0.0183233557253199,0
"quota","harassment","Australia",1.30956260670656,0.203691822417524,0
"balanced","harassment","Australia",0.19260035592688,-0.0183233557253199,0
"all_male","harassment","Australia",0.19260035592688,0.388995655858061,1
"quota","harassment","Australia",0.19260035592688,-0.0183233557253199,1
"all_male","harassment","Australia",0.19260035592688,-0.0183233557253199,0
"all_male","harassment","Australia",-2.04132414563249,1.33835386414995,1
"balanced","harassment","Australia",0.19260035592688,0.709019674423722,0
"all_male","harassment","Australia",1.30956260670656,1.33835386414995,0
"quota","harassment","Australia",0.19260035592688,-0.0183233557253199,0
"quota","harassment","Norway",0.19260035592688,-0.0183233557253199,0
"all_male","harassment","Norway",-0.924361894852804,1.33835386414995,0
"balanced","harassment","Australia",0.19260035592688,0.709019674423722,0
"balanced","harassment","Norway",0.19260035592688,-0.0183233557253199,1
"quota","harassment","Australia",0.19260035592688,0.203691822417524,1
"balanced","harassment","Australia",0.19260035592688,-2.42236762431529,1
"all_male","harassment","Australia",0.19260035592688,-0.0183233557253199,1
"quota","harassment","Australia",1.30956260670656,1.33835386414995,1
"balanced","harassment","Australia",0.19260035592688,-0.0183233557253199,0
"all_male","harassment","Australia",0.19260035592688,-1.56030440904112,1
"quota","harassment","Australia",1.30956260670656,1.33835386414995,1
"balanced","harassment","Australia",0.19260035592688,-0.0183233557253199,1
"balanced","harassment","Australia",0.19260035592688,-1.15298539745774,0
"all_male","harassment","Australia",1.30956260670656,1.33835386414995,1
"quota","harassment","Australia",0.19260035592688,-0.0183233557253199,0
"balanced","harassment","Australia",1.30956260670656,-0.338347374290981,1
"balanced","harassment","Australia",1.30956260670656,0.931034852566566,0
"quota","harassment","Australia",0.19260035592688,-0.745666385874362,1
"all_male","harassment","Australia",0.19260035592688,-0.0183233557253199,0
"balanced","harassment","Australia",1.30956260670656,1.33835386414995,1
"all_male","harassment","Australia",-2.04132414563249,-2.32435878389247,0
"all_male","harassment","Australia",0.19260035592688,-0.0183233557253199,1
"balanced","harassment","Australia",0.19260035592688,-0.0183233557253199,1
"all_male","harassment","Australia",0.19260035592688,-1.78231958718397,0
"balanced","harassment","Norway",1.30956260670656,1.33835386414995,1
"quota","harassment","Norway",1.30956260670656,1.33835386414995,1
"all_male","harassment","Australia",-2.04132414563249,-1.37500057560059,1
"quota","harassment","Australia",-2.04132414563249,-1.56030440904112,0
"quota","harassment","Australia",0.19260035592688,-0.0183233557253199,1
"quota","harassment","Australia",-0.924361894852804,-1.18969674216005,1
"quota","harassment","Australia",-2.04132414563249,-1.65831324946394,0
"all_male","harassment","Australia",0.19260035592688,1.33835386414995,1
"quota","harassment","Australia",0.19260035592688,0.709019674423722,1
"all_male","harassment","Australia",1.30956260670656,0.203691822417524,0
"all_male","harassment","Norway",-0.924361894852804,-0.843675226297178,0
"all_male","harassment","Australia",0.19260035592688,-0.0183233557253199,0
"balanced","harassment","Australia",0.19260035592688,0.203691822417524,1
"balanced","harassment","Australia",1.30956260670656,1.33835386414995,0
"balanced","harassment","Australia",0.19260035592688,1.1163386860071,1
"all_male","harassment","Australia",-0.924361894852804,-0.240338533868164,1
"balanced","harassment","Australia",1.30956260670656,1.33835386414995,0
"balanced","harassment","Australia",1.30956260670656,1.33835386414995,1
"all_male","harassment","Australia",-0.924361894852804,1.33835386414995,0
"quota","harassment","Australia",0.19260035592688,-0.0183233557253199,1
"quota","harassment","Australia",0.19260035592688,1.33835386414995,1
"quota","harassment","Australia",-2.04132414563249,-1.37500057560059,0
"quota","harassment","Australia",0.19260035592688,1.33835386414995,1
"quota","harassment","Australia",0.19260035592688,-0.0183233557253199,1
"all_male","harassment","Australia",1.30956260670656,1.33835386414995,0
"balanced","harassment","Australia",-0.924361894852804,1.33835386414995,1
"all_male","harassment","Australia",-0.924361894852804,1.33835386414995,1
"quota","harassment","Australia",1.30956260670656,1.33835386414995,0
"balanced","harassment","Australia",0.19260035592688,-0.0183233557253199,0
"balanced","harassment","Australia",-0.924361894852804,-1.56030440904112,1
"quota","harassment","Australia",1.30956260670656,1.33835386414995,1
"quota","harassment","Australia",1.30956260670656,0.203691822417524,1
"all_male","harassment","Australia",-2.04132414563249,-2.73167779547585,1
"balanced","harassment","Australia",1.30956260670656,1.33835386414995,0
"quota","harassment","Australia",1.30956260670656,1.33835386414995,0
"all_male","harassment","Australia",1.30956260670656,0.611010834000905,0
"balanced","harassment","Australia",1.30956260670656,1.33835386414995,0
"all_male","harassment","Australia",0.19260035592688,0.931034852566566,0
"balanced","harassment","Australia",1.30956260670656,1.33835386414995,1
"balanced","harassment","Australia",1.30956260670656,1.33835386414995,0
"quota","harassment","Australia",1.30956260670656,1.1163386860071,0
"balanced","harassment","Australia",-0.924361894852804,-0.203627189165856,0
"quota","harassment","Australia",0.19260035592688,-0.0183233557253199,1
"all_male","harassment","Australia",-0.924361894852804,-1.15298539745774,0
"all_male","harassment","Australia",-0.924361894852804,-0.0183233557253199,1
"balanced","harassment","Australia",1.30956260670656,0.203691822417524,0
"quota","harassment","Australia",-0.924361894852804,-1.15298539745774,1
"quota","harassment","Australia",1.30956260670656,0.611010834000905,1
"balanced","harassment","Australia",0.19260035592688,-0.0183233557253199,0
"quota","harassment","Australia",1.30956260670656,0.611010834000905,0
"all_male","harassment","Australia",1.30956260670656,0.203691822417524,0
"quota","harassment","Australia",-2.04132414563249,-1.78231958718397,1
"quota","harassment","Australia",1.30956260670656,0.203691822417524,1
"balanced","harassment","Norway",1.30956260670656,0.203691822417524,1
"balanced","harassment","Australia",1.30956260670656,1.33835386414995,1
"quota","harassment","Australia",1.30956260670656,1.33835386414995,1
"balanced","harassment","Australia",0.19260035592688,-0.0183233557253199,1
"all_male","harassment","Australia",-2.04132414563249,1.1163386860071,1
"all_male","harassment","Australia",0.19260035592688,-0.0183233557253199,1
"balanced","harassment","Australia",-0.924361894852804,-1.37500057560059,0
"quota","harassment","Australia",1.30956260670656,1.33835386414995,1
"quota","harassment","Australia",0.19260035592688,-0.0183233557253199,1
"all_male","harassment","Australia",1.30956260670656,1.33835386414995,1
"quota","harassment","Australia",-0.924361894852804,0.931034852566566,0
"balanced","harassment","Australia",0.19260035592688,-1.37500057560059,1
"all_male","harassment","Australia",0.19260035592688,-0.0183233557253199,1
"all_male","harassment","Australia",0.19260035592688,1.33835386414995,1
"balanced","harassment","Australia",1.30956260670656,1.33835386414995,1
"balanced","harassment","Australia",1.30956260670656,1.1163386860071,0
"balanced","harassment","Australia",-0.924361894852804,-1.37500057560059,1
"balanced","harassment","Australia",1.30956260670656,1.33835386414995,1
"quota","harassment","Norway",-0.924361894852804,-1.37500057560059,1
"all_male","harassment","Norway",0.19260035592688,-0.0183233557253199,0
"balanced","harassment","Norway",1.30956260670656,1.33835386414995,0
"balanced","harassment","Australia",0.19260035592688,-0.0183233557253199,1
"quota","harassment","Australia",0.19260035592688,-0.0183233557253199,1
"quota","harassment","Australia",0.19260035592688,-0.0183233557253199,0
"all_male","harassment","Australia",0.19260035592688,-0.0183233557253199,1
"all_male","harassment","Australia",-0.924361894852804,-1.37500057560059,0
"all_male","harassment","Norway",-2.04132414563249,1.33835386414995,0
"balanced","harassment","Australia",0.19260035592688,-0.0183233557253199,0
"quota","harassment","Norway",0.19260035592688,-1.78231958718397,0
"quota","harassment","Australia",1.30956260670656,-0.0183233557253199,0
"balanced","harassment","Australia",0.19260035592688,-0.0183233557253199,0
"all_male","harassment","Norway",-2.04132414563249,-1.78231958718397,1
"balanced","harassment","Norway",0.19260035592688,-0.0183233557253199,1
"quota","harassment","Australia",-2.04132414563249,-2.73167779547585,0
"quota","harassment","Norway",0.19260035592688,0.388995655858061,1
"quota","harassment","Norway",0.19260035592688,-0.0183233557253199,0
"balanced","harassment","Norway",0.19260035592688,-0.0183233557253199,0
"quota","harassment","France",0.19260035592688,1.33835386414995,1
"all_male","harassment","Norway",1.30956260670656,1.33835386414995,1
"all_male","harassment","Norway",0.19260035592688,-0.0183233557253199,1
"balanced","harassment","Norway",0.19260035592688,-1.15298539745774,1
"quota","harassment","Norway",1.30956260670656,1.33835386414995,0
"quota","harassment","Norway",0.19260035592688,1.33835386414995,0
"all_male","harassment","Norway",-0.924361894852804,0.0796854846974969,0
"balanced","harassment","Norway",0.19260035592688,1.1163386860071,1
"quota","harassment","Norway",0.19260035592688,-0.0183233557253199,1
"balanced","harassment","France",-0.924361894852804,-0.967681564017206,0
"quota","harassment","Norway",0.19260035592688,-0.745666385874362,1
"balanced","harassment","Norway",0.19260035592688,-0.745666385874362,0
"quota","harassment","Norway",0.19260035592688,-0.647657545451545,0
"all_male","harassment","Australia",0.19260035592688,-0.0183233557253199,0
"balanced","harassment","Norway",0.19260035592688,-0.0183233557253199,0
"all_male","harassment","Norway",-0.924361894852804,1.33835386414995,1
"all_male","harassment","Norway",0.19260035592688,-0.240338533868164,1
"quota","harassment","Norway",-0.924361894852804,-1.15298539745774,0
"balanced","harassment","Norway",-0.924361894852804,-0.745666385874362,0
"balanced","harassment","Norway",1.30956260670656,1.33835386414995,0
"balanced","harassment","France",1.30956260670656,-0.0183233557253199,0
"balanced","harassment","France",0.19260035592688,-0.0183233557253199,0
"quota","harassment","France",0.19260035592688,0.709019674423722,0
"quota","harassment","France",0.19260035592688,-0.0183233557253199,0
"balanced","harassment","France",0.19260035592688,1.33835386414995,0
"all_male","harassment","Australia",1.30956260670656,1.33835386414995,1
"quota","harassment","France",1.30956260670656,-0.0183233557253199,0
"quota","harassment","France",-0.924361894852804,-1.37500057560059,1
"quota","harassment","France",0.19260035592688,1.1163386860071,1
"all_male","harassment","France",0.19260035592688,-0.0183233557253199,1
"quota","harassment","France",0.19260035592688,1.33835386414995,1
"balanced","harassment","France",0.19260035592688,-0.0183233557253199,1
"quota","harassment","Australia",0.19260035592688,-0.0183233557253199,0
"balanced","harassment","France",-0.924361894852804,-0.0183233557253199,0
"quota","harassment","Australia",1.30956260670656,1.33835386414995,0
"balanced","harassment","France",-0.924361894852804,-2.10234360574963,1
"all_male","harassment","France",0.19260035592688,-0.0183233557253199,1
"quota","harassment","France",-0.924361894852804,-1.37500057560059,0
"balanced","harassment","France",-0.924361894852804,-0.647657545451545,1
"all_male","harassment","France",0.19260035592688,-0.0183233557253199,0
"all_male","harassment","France",0.19260035592688,-0.0183233557253199,0
"balanced","harassment","France",-0.924361894852804,-1.37500057560059,1
"all_male","harassment","France",0.19260035592688,-0.0183233557253199,1
"balanced","harassment","France",0.19260035592688,-0.0183233557253199,1
"quota","harassment","Australia",0.19260035592688,-0.0183233557253199,0
"quota","harassment","France",-0.924361894852804,-1.37500057560059,0
"all_male","harassment","France",0.19260035592688,-0.0183233557253199,1
"balanced","harassment","France",0.19260035592688,-0.0183233557253199,0
"balanced","harassment","France",0.19260035592688,-0.0183233557253199,0
"balanced","harassment","France",-0.924361894852804,-1.37500057560059,1
"balanced","harassment","France",1.30956260670656,1.1163386860071,0
"balanced","harassment","France",-0.924361894852804,-0.0183233557253199,0
"all_male","harassment","France",-0.924361894852804,-0.0183233557253199,1
"balanced","harassment","France",0.19260035592688,-0.0183233557253199,1
"balanced","harassment","Australia",1.30956260670656,1.33835386414995,1
"balanced","harassment","France",0.19260035592688,-0.0183233557253199,0
"balanced","harassment","France",-0.924361894852804,-1.37500057560059,0
"balanced","harassment","France",0.19260035592688,-0.0183233557253199,1
"quota","harassment","Australia",0.19260035592688,1.33835386414995,1
"balanced","harassment","France",0.19260035592688,-0.0183233557253199,0
"quota","harassment","France",-0.924361894852804,-1.37500057560059,1
"all_male","harassment","France",-0.924361894852804,-1.37500057560059,0
"all_male","harassment","France",-0.924361894852804,-0.0183233557253199,1
"quota","harassment","France",0.19260035592688,-0.647657545451545,1
"quota","harassment","France",0.19260035592688,-0.0183233557253199,1
"all_male","harassment","France",0.19260035592688,-0.0183233557253199,1
"balanced","harassment","Australia",0.19260035592688,1.33835386414995,1
"all_male","harassment","France",-0.924361894852804,-0.0183233557253199,0
"quota","harassment","France",0.19260035592688,-0.0183233557253199,0
"balanced","harassment","France",0.19260035592688,-0.0183233557253199,1
"quota","harassment","France",0.19260035592688,-0.0183233557253199,0
"balanced","harassment","France",1.30956260670656,1.33835386414995,1
"balanced","harassment","France",0.19260035592688,1.33835386414995,0
"balanced","harassment","Australia",0.19260035592688,-1.4730094160234,1
"quota","harassment","France",1.30956260670656,0.931034852566566,1
"quota","harassment","France",0.19260035592688,-0.0183233557253199,1
"all_male","harassment","France",-2.04132414563249,-1.37500057560059,1
"quota","harassment","France",0.19260035592688,0.203691822417524,0
"balanced","harassment","France",-0.924361894852804,-0.240338533868164,0
"quota","harassment","France",1.30956260670656,1.33835386414995,0
"quota","harassment","France",0.19260035592688,1.1163386860071,1
"quota","harassment","France",0.19260035592688,1.1163386860071,1
"all_male","harassment","Norway",-0.924361894852804,-0.0183233557253199,0
"quota","harassment","France",-0.924361894852804,-1.18969674216005,0
"balanced","harassment","France",0.19260035592688,-0.4256423673087,1
"all_male","harassment","France",-2.04132414563249,-0.0183233557253199,1
"all_male","harassment","France",-0.924361894852804,-0.0183233557253199,0
"all_male","harassment","Australia",0.19260035592688,-0.647657545451545,0
"all_male","harassment","France",0.19260035592688,0.709019674423722,1
"balanced","harassment","France",0.19260035592688,-0.0183233557253199,0
"balanced","harassment","France",0.19260035592688,-0.0183233557253199,1
"balanced","harassment","Australia",-0.924361894852804,-1.37500057560059,0
"balanced","harassment","France",1.30956260670656,-0.0183233557253199,0
"balanced","harassment","France",-0.924361894852804,-1.37500057560059,1
"quota","harassment","France",0.19260035592688,1.1163386860071,1
"quota","harassment","France",0.19260035592688,-0.0183233557253199,0
"balanced","harassment","France",0.19260035592688,-0.0183233557253199,1
"quota","harassment","France",1.30956260670656,1.33835386414995,1
"quota","harassment","France",0.19260035592688,-0.0183233557253199,1
"all_male","harassment","France",-2.04132414563249,-1.15298539745774,1
"all_male","harassment","France",-0.924361894852804,-0.0183233557253199,1
"balanced","harassment","France",0.19260035592688,-0.0183233557253199,0
"all_male","harassment","France",0.19260035592688,-0.0183233557253199,0
"quota","harassment","France",0.19260035592688,-0.0183233557253199,1
"all_male","harassment","France",0.19260035592688,-0.930970219314898,1
"balanced","harassment","France",-0.924361894852804,-1.37500057560059,0
"balanced","harassment","Australia",0.19260035592688,-0.0183233557253199,0
"balanced","harassment","France",0.19260035592688,-0.0183233557253199,0
"all_male","harassment","Australia",0.19260035592688,-0.0183233557253199,1
"all_male","harassment","France",0.19260035592688,0.388995655858061,0
"all_male","harassment","France",0.19260035592688,-0.0183233557253199,0
"balanced","harassment","France",0.19260035592688,-0.0183233557253199,1
"all_male","harassment","France",0.19260035592688,-0.0183233557253199,0
"all_male","harassment","France",-0.924361894852804,-0.647657545451545,1
"all_male","harassment","France",-0.924361894852804,-0.967681564017206,0
"balanced","harassment","France",0.19260035592688,1.1163386860071,1
"quota","harassment","Australia",1.30956260670656,1.33835386414995,1
"all_male","harassment","France",-2.04132414563249,-2.73167779547585,0
"quota","harassment","France",1.30956260670656,1.33835386414995,0
"all_male","harassment","France",-0.924361894852804,-1.37500057560059,0
"all_male","harassment","France",0.19260035592688,-0.0183233557253199,1
"balanced","harassment","France",-0.924361894852804,-0.240338533868164,0
"all_male","harassment","France",0.19260035592688,-0.4256423673087,1
"balanced","harassment","France",0.19260035592688,-1.88032842760678,1
"quota","harassment","France",1.30956260670656,1.33835386414995,0
"quota","harassment","France",-2.04132414563249,-1.37500057560059,1
"all_male","harassment","France",0.19260035592688,-0.0183233557253199,0
"quota","harassment","France",0.19260035592688,-0.0183233557253199,0
"quota","harassment","France",-0.924361894852804,-0.0183233557253199,1
"quota","harassment","France",-0.924361894852804,-2.50966261733301,0
"balanced","harassment","France",0.19260035592688,-0.0183233557253199,0
"all_male","harassment","France",0.19260035592688,-0.0183233557253199,0
"all_male","harassment","France",0.19260035592688,-0.0183233557253199,0
"all_male","harassment","Australia",-2.04132414563249,-2.73167779547585,1
"quota","harassment","France",0.19260035592688,1.1163386860071,1
"quota","harassment","France",0.19260035592688,-0.0183233557253199,0
"quota","harassment","France",0.19260035592688,-0.0183233557253199,1
"quota","harassment","France",0.19260035592688,1.1163386860071,0
"quota","harassment","Australia",1.30956260670656,1.33835386414995,1
"quota","harassment","France",0.19260035592688,-0.0183233557253199,1
"all_male","harassment","France",0.19260035592688,-0.0183233557253199,1
"all_male","harassment","Australia",-0.924361894852804,-1.37500057560059,0
"balanced","harassment","France",0.19260035592688,1.1163386860071,0
"balanced","harassment","France",-0.924361894852804,-1.37500057560059,0
"balanced","harassment","France",0.19260035592688,0.301700662840341,0
"quota","harassment","Australia",0.19260035592688,1.1163386860071,0
"quota","harassment","France",1.30956260670656,1.33835386414995,1
"balanced","harassment","France",1.30956260670656,1.1163386860071,0
"quota","harassment","Norway",0.19260035592688,-0.0183233557253199,1
"quota","harassment","France",1.30956260670656,1.33835386414995,0
"all_male","harassment","France",-2.04132414563249,-1.59701575374343,1
"quota","harassment","France",0.19260035592688,1.33835386414995,0
"all_male","harassment","Australia",0.19260035592688,-0.0183233557253199,0
"balanced","harassment","Australia",0.19260035592688,-2.28764743919016,0
"all_male","harassment","Australia",-0.924361894852804,-0.0183233557253199,1
"all_male","harassment","France",0.19260035592688,-0.0183233557253199,0
"all_male","harassment","France",-0.924361894852804,-1.78231958718397,0
"all_male","harassment","Australia",-0.924361894852804,-1.37500057560059,1
"quota","harassment","France",0.19260035592688,-0.0183233557253199,0
"balanced","harassment","France",-0.924361894852804,-1.37500057560059,0
"all_male","harassment","France",0.19260035592688,0.709019674423722,0
"all_male","harassment","France",-0.924361894852804,-0.745666385874362,0
"quota","harassment","Australia",0.19260035592688,-0.4256423673087,0
"all_male","harassment","Australia",1.30956260670656,1.33835386414995,1
"balanced","harassment","France",0.19260035592688,-0.0183233557253199,0
"quota","harassment","Australia",0.19260035592688,-0.0183233557253199,0
"balanced","harassment","France",0.19260035592688,-0.0183233557253199,0
"balanced","harassment","Australia",0.19260035592688,-1.15298539745774,0
"all_male","harassment","France",-2.04132414563249,-2.50966261733301,0
"quota","harassment","Norway",1.30956260670656,1.33835386414995,0
"quota","harassment","Australia",0.19260035592688,0.203691822417524,1
"all_male","harassment","France",-2.04132414563249,-1.59701575374343,0
"all_male","harassment","Australia",0.19260035592688,-0.0183233557253199,1
"balanced","harassment","France",0.19260035592688,-0.0183233557253199,0
"quota","harassment","Australia",-2.04132414563249,-1.33828923089828,0
"all_male","harassment","France",0.19260035592688,0.894323507864258,0
"quota","harassment","Australia",-0.924361894852804,-1.37500057560059,0
"quota","harassment","France",0.19260035592688,-0.4256423673087,0
"balanced","harassment","Australia",-0.924361894852804,-1.15298539745774,1
"quota","harassment","Australia",-0.924361894852804,-0.0183233557253199,0
"balanced","harassment","France",0.19260035592688,-0.0183233557253199,0
"all_male","harassment","Australia",0.19260035592688,1.33835386414995,1
"balanced","harassment","France",0.19260035592688,-0.0183233557253199,0
"balanced","harassment","Australia",0.19260035592688,-0.0183233557253199,1
"quota","harassment","Australia",0.19260035592688,-0.0183233557253199,1
"quota","harassment","Australia",0.19260035592688,-0.0183233557253199,1
"balanced","harassment","France",0.19260035592688,1.1163386860071,0
"balanced","harassment","France",0.19260035592688,-0.0183233557253199,0
"all_male","harassment","France",-0.924361894852804,1.1163386860071,0
"quota","harassment","France",-0.924361894852804,-1.15298539745774,0
"balanced","harassment","France",0.19260035592688,-0.0183233557253199,0
"balanced","harassment","France",0.19260035592688,-0.0183233557253199,0
"balanced","harassment","France",0.19260035592688,-1.15298539745774,0
"all_male","harassment","Australia",0.19260035592688,-0.0183233557253199,1
"quota","harassment","France",1.30956260670656,-0.0183233557253199,0
"balanced","harassment","Australia",1.30956260670656,1.33835386414995,1
"quota","harassment","France",-0.924361894852804,-0.240338533868164,0
"balanced","harassment","Australia",1.30956260670656,-0.745666385874362,1
"all_male","harassment","France",-0.924361894852804,0.709019674423722,0
"balanced","harassment","Australia",0.19260035592688,-0.0183233557253199,1
"quota","harassment","France",0.19260035592688,-0.0183233557253199,0
"balanced","harassment","France",0.19260035592688,-0.0183233557253199,0
"all_male","harassment","Australia",0.19260035592688,-0.0183233557253199,0
"all_male","harassment","Australia",-0.924361894852804,-0.0183233557253199,1
"all_male","harassment","Norway",-0.924361894852804,1.33835386414995,0
"quota","harassment","Australia",0.19260035592688,-0.0183233557253199,1
"all_male","harassment","Norway",-0.924361894852804,-0.967681564017206,0
"balanced","harassment","Norway",0.19260035592688,1.33835386414995,1
"all_male","harassment","Australia",1.30956260670656,1.33835386414995,1
"quota","harassment","Norway",0.19260035592688,-0.0183233557253199,0
"all_male","harassment","Australia",-0.924361894852804,-0.0183233557253199,1
"balanced","harassment","Australia",0.19260035592688,-0.0183233557253199,0
"quota","harassment","Australia",0.19260035592688,-0.0183233557253199,0
"quota","harassment","Australia",0.19260035592688,-0.4256423673087,1
"balanced","harassment","Australia",0.19260035592688,-0.647657545451545,0
"balanced","harassment","Australia",1.30956260670656,1.1163386860071,1
"all_male","harassment","Australia",-0.924361894852804,0.709019674423722,1
"all_male","harassment","Australia",-0.924361894852804,-1.37500057560059,1
"all_male","harassment","Australia",1.30956260670656,-0.0183233557253199,1
"quota","harassment","Australia",1.30956260670656,-0.0183233557253199,0
"quota","harassment","Australia",0.19260035592688,1.33835386414995,1
"balanced","harassment","Australia",1.30956260670656,-0.745666385874362,0
"balanced","harassment","Norway",0.19260035592688,-0.240338533868164,1
"all_male","harassment","Australia",0.19260035592688,-0.0183233557253199,0
"all_male","harassment","Australia",0.19260035592688,-1.15298539745774,0
"quota","harassment","Australia",1.30956260670656,1.33835386414995,1
"all_male","harassment","Australia",-0.924361894852804,-0.647657545451545,0
"balanced","harassment","Norway",1.30956260670656,-0.0183233557253199,1
"balanced","harassment","Australia",0.19260035592688,-0.0183233557253199,0
"all_male","harassment","Australia",-2.04132414563249,0.166980477715217,0
"quota","harassment","Australia",0.19260035592688,-0.0183233557253199,1
"all_male","harassment","Australia",1.30956260670656,0.203691822417524,0
"all_male","harassment","Australia",1.30956260670656,1.33835386414995,1
"balanced","harassment","Australia",0.19260035592688,-0.4256423673087,1
"quota","harassment","Australia",-2.04132414563249,-1.05497655703493,1
"quota","harassment","Australia",0.19260035592688,-0.0183233557253199,1
"balanced","harassment","Australia",-0.924361894852804,-1.37500057560059,0
"quota","harassment","Australia",0.19260035592688,-0.0183233557253199,0
"quota","harassment","Australia",1.30956260670656,1.33835386414995,1
"all_male","harassment","Australia",0.19260035592688,-0.0183233557253199,1
"quota","harassment","Australia",0.19260035592688,-0.0183233557253199,1
"balanced","harassment","Australia",0.19260035592688,0.931034852566566,0
"quota","harassment","Norway",0.19260035592688,-1.15298539745774,1
"balanced","harassment","Australia",1.30956260670656,1.33835386414995,1
"balanced","harassment","Australia",1.30956260670656,1.33835386414995,1
"all_male","harassment","Australia",-2.04132414563249,-1.37500057560059,1
"balanced","harassment","Australia",1.30956260670656,1.33835386414995,1
"all_male","harassment","Norway",-0.924361894852804,-0.0183233557253199,1
"quota","harassment","Norway",1.30956260670656,1.1163386860071,1
"quota","harassment","Norway",1.30956260670656,1.33835386414995,1
"balanced","harassment","Australia",-2.04132414563249,-2.73167779547585,0
"balanced","harassment","Australia",1.30956260670656,1.33835386414995,1
"all_male","harassment","Australia",-0.924361894852804,-0.0183233557253199,1
"balanced","harassment","Norway",-0.924361894852804,-0.240338533868164,0
"quota","harassment","Australia",-2.04132414563249,-1.15298539745774,0
"all_male","harassment","Norway",-0.924361894852804,-1.15298539745774,1
"balanced","harassment","Norway",0.19260035592688,-2.28764743919016,0
"all_male","harassment","Australia",0.19260035592688,-1.15298539745774,1
"quota","harassment","Australia",-2.04132414563249,1.33835386414995,1
"quota","harassment","Norway",0.19260035592688,-0.338347374290981,1
"all_male","harassment","Australia",0.19260035592688,1.33835386414995,1
"all_male","harassment","Norway",-2.04132414563249,1.33835386414995,0
"all_male","harassment","Australia",1.30956260670656,0.203691822417524,1
"all_male","harassment","Norway",1.30956260670656,1.33835386414995,0
"balanced","harassment","Norway",1.30956260670656,1.33835386414995,1
"balanced","harassment","Australia",0.19260035592688,-0.0183233557253199,0
"all_male","harassment","Norway",-2.04132414563249,-0.0183233557253199,1
"all_male","harassment","Norway",-0.924361894852804,-0.549648705028728,0
"quota","harassment","Norway",1.30956260670656,1.33835386414995,1
"balanced","harassment","Norway",0.19260035592688,-0.4256423673087,1
"quota","harassment","Australia",0.19260035592688,-1.15298539745774,1
"balanced","harassment","Norway",1.30956260670656,0.203691822417524,1
"quota","harassment","Australia",1.30956260670656,1.33835386414995,1
"quota","harassment","Australia",-0.924361894852804,-0.0183233557253199,0
"balanced","harassment","Australia",0.19260035592688,-0.0183233557253199,1
"all_male","harassment","Australia",-2.04132414563249,-0.0183233557253199,1
"balanced","harassment","Norway",1.30956260670656,0.611010834000905,1
"all_male","harassment","Norway",0.19260035592688,0.388995655858061,1
"all_male","harassment","Norway",1.30956260670656,1.1163386860071,1
"balanced","harassment","Australia",0.19260035592688,-0.0183233557253199,1
"balanced","harassment","Norway",-0.924361894852804,-1.37500057560059,1
"all_male","harassment","Norway",0.19260035592688,-0.0183233557253199,1
"quota","harassment","Norway",0.19260035592688,-0.0183233557253199,1
"balanced","harassment","Australia",0.19260035592688,-1.06569040444002,1
"quota","harassment","Norway",1.30956260670656,0.931034852566566,1
"balanced","harassment","Norway",0.19260035592688,0.709019674423722,0
"quota","harassment","Australia",1.30956260670656,0.611010834000905,1
"quota","harassment","Norway",1.30956260670656,1.33835386414995,1
"all_male","harassment","Australia",0.19260035592688,-0.0183233557253199,0
"all_male","harassment","Norway",-2.04132414563249,0.931034852566566,0
"all_male","harassment","Norway",1.30956260670656,0.709019674423722,1
"balanced","harassment","Norway",-0.924361894852804,1.33835386414995,1
"quota","harassment","Australia",0.19260035592688,-0.745666385874362,0
"balanced","harassment","Australia",1.30956260670656,0.388995655858061,1
"balanced","harassment","Australia",0.19260035592688,-0.0183233557253199,0
"balanced","harassment","Australia",0.19260035592688,-0.0183233557253199,0
"quota","harassment","Australia",0.19260035592688,-0.0183233557253199,1
"balanced","harassment","Norway",1.30956260670656,1.33835386414995,0
"balanced","harassment","Australia",1.30956260670656,-0.0183233557253199,1
"all_male","harassment","Australia",0.19260035592688,-0.0183233557253199,1
"balanced","harassment","Norway",0.19260035592688,0.203691822417524,0
"all_male","harassment","Norway",-0.924361894852804,0.388995655858061,0
"quota","harassment","Australia",0.19260035592688,-0.745666385874362,1
"quota","harassment","Norway",0.19260035592688,-1.15298539745774,0
"quota","harassment","Norway",-0.924361894852804,-0.745666385874362,0
"balanced","harassment","Norway",0.19260035592688,-0.745666385874362,1
"all_male","harassment","Norway",-2.04132414563249,-0.240338533868164,1
"all_male","harassment","Australia",-2.04132414563249,-0.0183233557253199,1
"all_male","harassment","Australia",-2.04132414563249,-0.832961378892081,0
"quota","harassment","Norway",0.19260035592688,-0.240338533868164,1
"quota","harassment","Norway",0.19260035592688,-0.0183233557253199,1
"quota","harassment","Norway",0.19260035592688,-1.37500057560059,1
"quota","harassment","Australia",0.19260035592688,-0.0183233557253199,0
"quota","harassment","Norway",-0.924361894852804,-1.37500057560059,0
"quota","harassment","Norway",1.30956260670656,-0.0183233557253199,1
"balanced","harassment","Norway",1.30956260670656,1.33835386414995,1
"all_male","harassment","Norway",-2.04132414563249,-1.15298539745774,1
"all_male","harassment","Norway",-0.924361894852804,0.388995655858061,1
"quota","harassment","Norway",0.19260035592688,-0.0183233557253199,1
"all_male","harassment","Norway",-0.924361894852804,1.33835386414995,1
"quota","harassment","Norway",-0.924361894852804,-1.37500057560059,1
"all_male","harassment","Norway",-0.924361894852804,1.33835386414995,1
"balanced","harassment","Norway",0.19260035592688,-0.0183233557253199,1
"all_male","harassment","Norway",-0.924361894852804,-0.0183233557253199,0
"balanced","harassment","Norway",0.19260035592688,-0.0183233557253199,1
"all_male","harassment","Norway",0.19260035592688,-0.0183233557253199,1
"quota","harassment","Norway",0.19260035592688,-0.0183233557253199,1
"balanced","harassment","Norway",0.19260035592688,-0.0183233557253199,1
"quota","harassment","Norway",1.30956260670656,1.33835386414995,1
"quota","harassment","Norway",-0.924361894852804,-1.37500057560059,0
"all_male","harassment","Norway",-0.924361894852804,0.388995655858061,1
"balanced","harassment","Norway",0.19260035592688,-0.4256423673087,1
"quota","harassment","Norway",0.19260035592688,1.1163386860071,1
"all_male","harassment","Norway",-2.04132414563249,-1.59701575374343,1
"balanced","harassment","Norway",0.19260035592688,0.203691822417524,0
"balanced","harassment","Norway",0.19260035592688,-0.0183233557253199,1
"quota","harassment","Norway",0.19260035592688,-0.0183233557253199,1
"all_male","harassment","Norway",0.19260035592688,1.33835386414995,0
"quota","harassment","France",-0.924361894852804,-1.15298539745774,1
"all_male","harassment","France",-2.04132414563249,-1.69502459416625,0
"balanced","harassment","Norway",1.30956260670656,0.931034852566566,1
"balanced","harassment","Norway",1.30956260670656,1.33835386414995,1
"all_male","harassment","Norway",-2.04132414563249,-2.50966261733301,1
"all_male","harassment","Norway",-0.924361894852804,-0.967681564017206,0
"balanced","harassment","France",0.19260035592688,-0.0183233557253199,0
"quota","harassment","Norway",1.30956260670656,0.931034852566566,1
"balanced","harassment","Norway",0.19260035592688,-0.0183233557253199,0
"balanced","harassment","France",1.30956260670656,1.1163386860071,1
"quota","harassment","Norway",1.30956260670656,-0.0183233557253199,0
"quota","harassment","France",0.19260035592688,-1.15298539745774,0
"all_male","harassment","France",-0.924361894852804,-0.0183233557253199,0
"all_male","harassment","France",-2.04132414563249,-0.0183233557253199,1
"balanced","harassment","France",0.19260035592688,-0.0183233557253199,1
"balanced","harassment","France",-0.924361894852804,-2.50966261733301,1
"quota","harassment","Norway",1.30956260670656,1.33835386414995,1
"quota","harassment","France",0.19260035592688,-1.37500057560059,1
"all_male","harassment","Norway",-0.924361894852804,0.203691822417524,1
"all_male","harassment","France",0.19260035592688,-1.15298539745774,0
"all_male","harassment","France",0.19260035592688,0.116396829399805,0
"balanced","harassment","France",-2.04132414563249,-0.462353712011008,1
"quota","harassment","France",1.30956260670656,0.388995655858061,1
"quota","harassment","France",-0.924361894852804,-2.50966261733301,0
"quota","harassment","France",0.19260035592688,-0.338347374290981,0
"balanced","harassment","France",0.19260035592688,-0.0183233557253199,1
"all_male","harassment","France",0.19260035592688,-0.0183233557253199,1
"quota","harassment","France",0.19260035592688,0.388995655858061,1
"all_male","harassment","France",0.19260035592688,-1.37500057560059,0
"balanced","harassment","France",-0.924361894852804,-1.15298539745774,1
"all_male","harassment","Norway",-0.924361894852804,0.388995655858061,1
"all_male","harassment","France",-2.04132414563249,-1.37500057560059,0
"quota","harassment","France",0.19260035592688,1.33835386414995,1
"all_male","harassment","France",1.30956260670656,1.1163386860071,1
"balanced","harassment","France",0.19260035592688,-0.647657545451545,1
"balanced","harassment","France",-0.924361894852804,-1.88032842760678,1
"balanced","harassment","France",0.19260035592688,-0.0183233557253199,1
"quota","harassment","France",-0.924361894852804,-0.0183233557253199,1
"all_male","harassment","Norway",-0.924361894852804,-0.967681564017206,0
"balanced","harassment","France",1.30956260670656,1.33835386414995,1
"quota","harassment","France",1.30956260670656,0.931034852566566,0
"all_male","harassment","France",-0.924361894852804,-0.0183233557253199,1
"quota","harassment","France",0.19260035592688,-1.15298539745774,0
"balanced","harassment","France",0.19260035592688,-1.88032842760678,0
"all_male","harassment","France",0.19260035592688,-1.33828923089828,0
"all_male","harassment","France",1.30956260670656,1.33835386414995,0
"quota","harassment","France",0.19260035592688,-0.0183233557253199,1
"balanced","harassment","France",-2.04132414563249,-2.06563226104732,1
"quota","harassment","France",-0.924361894852804,-2.73167779547585,1
"balanced","harassment","France",-2.04132414563249,-2.73167779547585,1
"balanced","harassment","France",-0.924361894852804,-0.4256423673087,0
"quota","harassment","Norway",0.19260035592688,0.709019674423722,1
"all_male","harassment","France",0.19260035592688,-1.65831324946394,0
"quota","harassment","France",1.30956260670656,0.931034852566566,1
"quota","harassment","France",0.19260035592688,-0.0183233557253199,1
"quota","harassment","France",1.30956260670656,1.33835386414995,0
"quota","harassment","France",0.19260035592688,-0.0183233557253199,0
"quota","harassment","Norway",0.19260035592688,-0.0183233557253199,1
"all_male","harassment","France",-0.924361894852804,-2.50966261733301,1
"balanced","harassment","France",0.19260035592688,-1.15298539745774,0
"all_male","harassment","Norway",-0.924361894852804,-0.0183233557253199,1
"quota","harassment","France",0.19260035592688,-0.0183233557253199,1
"balanced","harassment","Norway",0.19260035592688,-0.0183233557253199,1
"all_male","harassment","France",0.19260035592688,-0.240338533868164,0
"balanced","harassment","France",-0.924361894852804,-0.240338533868164,1
"balanced","harassment","France",-0.924361894852804,-0.240338533868164,1
"all_male","harassment","France",-2.04132414563249,-0.240338533868164,1
"all_male","harassment","France",-0.924361894852804,-0.647657545451545,0
"balanced","harassment","Norway",1.30956260670656,-0.0183233557253199,1
"quota","harassment","France",0.19260035592688,-0.0183233557253199,0
"quota","harassment","Norway",1.30956260670656,0.931034852566566,0
"balanced","harassment","Norway",1.30956260670656,1.33835386414995,1
"all_male","harassment","Norway",-0.924361894852804,-0.240338533868164,0
"balanced","harassment","Australia",-0.924361894852804,-0.0183233557253199,1
"all_male","harassment","France",0.19260035592688,-1.15298539745774,0
"all_male","harassment","Australia",0.19260035592688,1.1163386860071,1
"balanced","harassment","Australia",0.19260035592688,-0.0183233557253199,1
"quota","harassment","Australia",0.19260035592688,-0.745666385874362,0
"quota","harassment","Norway",1.30956260670656,1.33835386414995,1
"balanced","harassment","Norway",1.30956260670656,1.1163386860071,1
"all_male","harassment","France",0.19260035592688,-0.0183233557253199,0
"quota","harassment","Australia",0.19260035592688,-2.18963859876735,0
"quota","harassment","Australia",0.19260035592688,-0.745666385874362,1
"quota","harassment","Australia",1.30956260670656,1.33835386414995,0
"quota","harassment","Norway",-0.924361894852804,-0.240338533868164,0
"quota","harassment","Norway",0.19260035592688,1.33835386414995,1
"balanced","harassment","Australia",0.19260035592688,1.33835386414995,1
"all_male","harassment","Australia",0.19260035592688,-0.0183233557253199,1
"all_male","harassment","Australia",-0.924361894852804,-0.0183233557253199,1
"balanced","harassment","Norway",0.19260035592688,-0.0183233557253199,0
"quota","harassment","France",1.30956260670656,-0.0183233557253199,1
"quota","harassment","France",-0.924361894852804,-0.647657545451545,1
"all_male","harassment","Norway",-2.04132414563249,-1.37500057560059,1
"all_male","harassment","Norway",-2.04132414563249,1.33835386414995,0
"all_male","harassment","Norway",-2.04132414563249,-0.0183233557253199,0
"balanced","harassment","France",1.30956260670656,1.33835386414995,0
"balanced","harassment","Norway",0.19260035592688,-0.0183233557253199,1
"quota","harassment","Norway",0.19260035592688,-0.647657545451545,1
"all_male","harassment","France",-0.924361894852804,-1.37500057560059,1
"all_male","harassment","Norway",-2.04132414563249,-0.0183233557253199,1
"all_male","harassment","Norway",-0.924361894852804,-1.37500057560059,1
"balanced","harassment","Norway",0.19260035592688,0.931034852566566,1
"all_male","harassment","France",0.19260035592688,-0.0183233557253199,1
"balanced","harassment","Norway",-0.924361894852804,1.33835386414995,1
"all_male","harassment","Norway",-2.04132414563249,-1.37500057560059,1
"balanced","harassment","Norway",1.30956260670656,1.1163386860071,1
"quota","harassment","Norway",0.19260035592688,-0.647657545451545,1
"quota","harassment","Australia",1.30956260670656,-0.0183233557253199,0
"balanced","harassment","France",0.19260035592688,-0.0183233557253199,0
"balanced","harassment","Australia",0.19260035592688,-0.0183233557253199,1
"all_male","harassment","France",-0.924361894852804,-1.37500057560059,1
"quota","harassment","Australia",0.19260035592688,0.709019674423722,1
"quota","harassment","France",-0.924361894852804,-1.37500057560059,1
"quota","harassment","Norway",0.19260035592688,0.301700662840341,1
"all_male","harassment","Australia",-0.924361894852804,-0.647657545451545,0
"all_male","harassment","France",-2.04132414563249,-0.967681564017206,0
"quota","harassment","Australia",0.19260035592688,0.611010834000905,1
"all_male","harassment","France",-0.924361894852804,-0.0183233557253199,1
"balanced","harassment","Norway",1.30956260670656,-0.0183233557253199,0
"quota","harassment","France",0.19260035592688,-0.0183233557253199,1
"balanced","harassment","Australia",0.19260035592688,-0.0183233557253199,1
"balanced","harassment","Australia",1.30956260670656,1.33835386414995,1
"all_male","harassment","Norway",-0.924361894852804,-1.37500057560059,1
"all_male","harassment","Australia",0.19260035592688,-0.0183233557253199,0
"all_male","harassment","Norway",-2.04132414563249,-1.37500057560059,0
"quota","harassment","Norway",-0.924361894852804,-0.0183233557253199,0
"all_male","harassment","Australia",-2.04132414563249,-0.0183233557253199,0
"balanced","harassment","Norway",0.19260035592688,-0.0183233557253199,1
"quota","harassment","Norway",-0.924361894852804,-0.647657545451545,0
"quota","harassment","Australia",0.19260035592688,0.388995655858061,0
"all_male","harassment","Australia",-0.924361894852804,-1.37500057560059,1
"all_male","harassment","Norway",-0.924361894852804,-0.0183233557253199,1
"quota","harassment","Australia",1.30956260670656,1.33835386414995,0
"quota","harassment","Norway",0.19260035592688,-0.0183233557253199,0
"quota","harassment","Norway",1.30956260670656,1.33835386414995,1
"all_male","harassment","Norway",0.19260035592688,1.33835386414995,0
"balanced","harassment","Australia",1.30956260670656,1.33835386414995,1
"balanced","harassment","Norway",1.30956260670656,1.33835386414995,0
"all_male","harassment","Australia",0.19260035592688,0.709019674423722,1
"all_male","harassment","Norway",-2.04132414563249,-0.4256423673087,1
"quota","harassment","Australia",0.19260035592688,0.388995655858061,0
"quota","harassment","Australia",1.30956260670656,1.33835386414995,0
"balanced","harassment","Norway",0.19260035592688,0.931034852566566,1
"all_male","harassment","Australia",-0.924361894852804,-0.0183233557253199,1
"balanced","harassment","Australia",0.19260035592688,-0.0183233557253199,1
"balanced","harassment","Australia",1.30956260670656,1.33835386414995,0
"all_male","harassment","Australia",-0.924361894852804,-1.37500057560059,1
"quota","harassment","Norway",1.30956260670656,0.611010834000905,1
"all_male","harassment","Australia",0.19260035592688,-1.37500057560059,1
"balanced","harassment","Australia",1.30956260670656,1.33835386414995,1
"balanced","harassment","Australia",0.19260035592688,-0.0183233557253199,1
"quota","harassment","Australia",0.19260035592688,-0.0183233557253199,1
"balanced","harassment","Australia",0.19260035592688,1.1163386860071,1
"all_male","harassment","Australia",0.19260035592688,-0.0183233557253199,1
"quota","harassment","Australia",1.30956260670656,1.33835386414995,1
"all_male","harassment","Australia",-2.04132414563249,-0.0183233557253199,0
"all_male","harassment","Australia",1.30956260670656,1.33835386414995,1
"quota","harassment","Norway",-3.15828639641217,-4.08835501535112,1
"balanced","harassment","Australia",1.30956260670656,1.33835386414995,1
"balanced","harassment","Norway",0.19260035592688,-0.0183233557253199,1
"balanced","harassment","France",1.30956260670656,0.203691822417524,1
"all_male","harassment","Norway",-2.04132414563249,-1.27699173517777,1
"quota","harassment","Australia",-0.924361894852804,-0.930970219314898,1
"balanced","harassment","Australia",0.19260035592688,-2.28764743919016,1
"quota","harassment","Australia",0.19260035592688,-0.4256423673087,0
"balanced","harassment","Australia",0.19260035592688,-1.37500057560059,1
"all_male","harassment","Australia",0.19260035592688,1.33835386414995,1
"quota","harassment","Australia",-0.924361894852804,-1.37500057560059,1
"quota","harassment","Australia",-3.15828639641217,0.931034852566566,0
"all_male","harassment","Australia",-2.04132414563249,-2.73167779547585,0
"all_male","harassment","Australia",-0.924361894852804,-0.0183233557253199,1
"quota","harassment","Australia",-0.924361894852804,0.203691822417524,1
"all_male","harassment","Australia",-0.924361894852804,-1.37500057560059,1
"balanced","harassment","Australia",0.19260035592688,-0.0183233557253199,0
"quota","harassment","Australia",0.19260035592688,-0.0183233557253199,0
"all_male","harassment","Australia",0.19260035592688,-0.0183233557253199,0
"balanced","harassment","Australia",-0.924361894852804,-0.967681564017206,0
"quota","harassment","Australia",1.30956260670656,1.33835386414995,1
"all_male","harassment","France",-0.924361894852804,-0.240338533868164,1
"all_male","harassment","Australia",-2.04132414563249,-1.37500057560059,0
"all_male","harassment","Australia",0.19260035592688,-0.0183233557253199,1
"quota","harassment","Norway",-0.924361894852804,-1.59701575374343,1
"quota","harassment","Australia",0.19260035592688,-0.0183233557253199,0
"balanced","harassment","Australia",0.19260035592688,-0.0183233557253199,1
"balanced","harassment","Australia",1.30956260670656,1.33835386414995,1
"quota","harassment","Australia",0.19260035592688,-0.0183233557253199,1
"quota","harassment","Norway",0.19260035592688,-0.0183233557253199,0
"all_male","harassment","Norway",0.19260035592688,-0.745666385874362,1
"balanced","harassment","Norway",0.19260035592688,0.203691822417524,1
"balanced","harassment","Norway",1.30956260670656,1.33835386414995,0
"quota","harassment","Australia",1.30956260670656,0.611010834000905,1
"balanced","harassment","Australia",1.30956260670656,1.33835386414995,1
"quota","harassment","France",0.19260035592688,-0.0183233557253199,1
"balanced","harassment","Australia",0.19260035592688,-0.4256423673087,1
"balanced","harassment","Australia",1.30956260670656,1.33835386414995,0
"all_male","harassment","Australia",0.19260035592688,1.33835386414995,1
"balanced","harassment","Australia",-0.924361894852804,-0.4256423673087,0
"balanced","harassment","Australia",1.30956260670656,-1.25099423788056,0
"quota","harassment","Australia",0.19260035592688,0.203691822417524,0
"quota","harassment","Australia",0.19260035592688,-0.0183233557253199,1
"balanced","harassment","Australia",0.19260035592688,0.709019674423722,1
"all_male","harassment","Australia",0.19260035592688,0.709019674423722,0
"all_male","harassment","Australia",-0.924361894852804,-1.37500057560059,1
"quota","harassment","Australia",0.19260035592688,-0.0183233557253199,1
"balanced","harassment","Australia",0.19260035592688,-0.0183233557253199,1
"all_male","harassment","Australia",-0.924361894852804,1.33835386414995,1
"all_male","harassment","Australia",1.30956260670656,1.33835386414995,0
"all_male","harassment","Australia",0.19260035592688,0.709019674423722,1
"balanced","harassment","Australia",0.19260035592688,-0.4256423673087,1
"balanced","harassment","Australia",1.30956260670656,0.203691822417524,1
"quota","harassment","Australia",0.19260035592688,-0.240338533868164,1
"all_male","harassment","Australia",-2.04132414563249,-1.59701575374343,0
"balanced","harassment","France",1.30956260670656,1.33835386414995,0
"quota","harassment","Australia",0.19260035592688,-0.0183233557253199,1
"all_male","harassment","Australia",1.30956260670656,1.33835386414995,1
"quota","harassment","Australia",0.19260035592688,-0.0183233557253199,1
"quota","harassment","France",1.30956260670656,1.1163386860071,0
"balanced","harassment","France",1.30956260670656,1.33835386414995,0
"balanced","harassment","Australia",0.19260035592688,-0.0183233557253199,1
"quota","harassment","Australia",1.30956260670656,-0.0183233557253199,0
"balanced","harassment","Australia",-0.924361894852804,-0.967681564017206,0
"balanced","harassment","France",0.19260035592688,1.33835386414995,1
"all_male","harassment","France",0.19260035592688,-0.0183233557253199,0
"all_male","harassment","France",0.19260035592688,-0.0183233557253199,0
"quota","harassment","France",1.30956260670656,1.33835386414995,0
"all_male","harassment","France",-2.04132414563249,1.1163386860071,1
"all_male","harassment","France",0.19260035592688,-0.0183233557253199,0
"balanced","harassment","France",1.30956260670656,1.33835386414995,0
"all_male","harassment","France",-0.924361894852804,-1.37500057560059,1
"balanced","harassment","France",0.19260035592688,-0.0183233557253199,1
"all_male","harassment","Australia",0.19260035592688,-0.240338533868164,1
"balanced","harassment","France",0.19260035592688,-0.0183233557253199,1
"balanced","harassment","France",0.19260035592688,-0.0183233557253199,0
"balanced","harassment","France",0.19260035592688,-0.0183233557253199,0
"balanced","harassment","France",0.19260035592688,-0.0183233557253199,0
"all_male","harassment","France",1.30956260670656,-2.06563226104732,0
"all_male","harassment","France",-0.924361894852804,-0.967681564017206,0
"quota","harassment","France",-0.924361894852804,-0.745666385874362,0
"quota","harassment","France",0.19260035592688,-0.0183233557253199,1
"balanced","harassment","Australia",0.19260035592688,-0.0183233557253199,0
"quota","harassment","France",-2.04132414563249,-1.15298539745774,1
"all_male","harassment","Norway",-0.924361894852804,-0.0183233557253199,1
"balanced","harassment","France",1.30956260670656,-0.0183233557253199,0
"balanced","harassment","France",0.19260035592688,-0.4256423673087,0
"balanced","harassment","Norway",-0.924361894852804,-0.462353712011008,0
"all_male","harassment","Norway",0.19260035592688,-0.745666385874362,1
"quota","harassment","France",0.19260035592688,-0.0183233557253199,1
"balanced","harassment","France",0.19260035592688,-0.0183233557253199,0
"all_male","harassment","France",-2.04132414563249,-0.240338533868164,1
"all_male","harassment","France",-2.04132414563249,1.1163386860071,1
"balanced","harassment","France",-0.924361894852804,-1.37500057560059,1
"all_male","harassment","France",0.19260035592688,-0.0183233557253199,0
"quota","harassment","Australia",0.19260035592688,-0.745666385874362,1
"all_male","harassment","France",-2.04132414563249,-2.32435878389247,1
"balanced","harassment","Australia",0.19260035592688,-0.0183233557253199,1
"quota","harassment","France",0.19260035592688,-0.0183233557253199,1
"quota","harassment","France",0.19260035592688,-0.0183233557253199,1
"balanced","harassment","France",1.30956260670656,-0.0183233557253199,0
"all_male","harassment","France",-2.04132414563249,-2.73167779547585,1
"quota","harassment","France",1.30956260670656,0.931034852566566,1
"quota","harassment","France",0.19260035592688,-1.15298539745774,1
"quota","harassment","France",0.19260035592688,-0.0183233557253199,0
"all_male","harassment","France",0.19260035592688,1.33835386414995,1
"all_male","harassment","France",0.19260035592688,-0.0183233557253199,0
"balanced","harassment","France",1.30956260670656,1.33835386414995,0
"all_male","harassment","France",-0.924361894852804,-1.37500057560059,1
"quota","harassment","France",0.19260035592688,-0.0183233557253199,0
"quota","harassment","Norway",1.30956260670656,-0.0183233557253199,1
"all_male","harassment","France",0.19260035592688,-0.0183233557253199,1
"quota","harassment","France",0.19260035592688,1.1163386860071,0
"quota","harassment","France",0.19260035592688,-0.0183233557253199,1
"balanced","harassment","France",-0.924361894852804,-1.37500057560059,0
"quota","harassment","France",1.30956260670656,1.33835386414995,1
"quota","harassment","France",-2.04132414563249,-2.73167779547585,1
"all_male","harassment","Australia",-2.04132414563249,1.33835386414995,1
"balanced","harassment","France",0.19260035592688,-0.0183233557253199,1
"balanced","harassment","Norway",-0.924361894852804,-0.4256423673087,0
"balanced","harassment","France",0.19260035592688,-0.0183233557253199,1
"balanced","harassment","Australia",1.30956260670656,-0.0183233557253199,1
"all_male","harassment","France",-0.924361894852804,-0.967681564017206,0
"quota","harassment","Australia",-0.924361894852804,-0.967681564017206,1
"balanced","harassment","France",0.19260035592688,-0.0183233557253199,0
"quota","harassment","France",0.19260035592688,1.33835386414995,0
"balanced","harassment","France",0.19260035592688,-0.0183233557253199,0
"quota","harassment","Australia",1.30956260670656,1.33835386414995,1
"quota","harassment","France",0.19260035592688,-0.4256423673087,1
"quota","harassment","France",-0.924361894852804,-1.37500057560059,0
"all_male","harassment","France",-2.04132414563249,-2.73167779547585,0
"quota","harassment","France",0.19260035592688,-1.37500057560059,0
"balanced","harassment","France",0.19260035592688,-1.37500057560059,0
"balanced","harassment","Norway",0.19260035592688,-0.203627189165856,1
"balanced","harassment","France",0.19260035592688,-0.0183233557253199,0
"balanced","harassment","France",0.19260035592688,-0.0183233557253199,1
"quota","harassment","Australia",1.30956260670656,1.33835386414995,1
"balanced","harassment","Australia",-0.924361894852804,-1.37500057560059,0
"all_male","harassment","France",-2.04132414563249,-0.4256423673087,1
"quota","harassment","France",0.19260035592688,-0.0183233557253199,0
"quota","harassment","France",0.19260035592688,1.33835386414995,1
"all_male","harassment","France",-0.924361894852804,0.709019674423722,0
"quota","harassment","France",0.19260035592688,-0.0183233557253199,1
"quota","harassment","Australia",0.19260035592688,-0.0183233557253199,0
"all_male","harassment","Australia",0.19260035592688,-0.0183233557253199,1
"all_male","harassment","France",-0.924361894852804,-1.37500057560059,0
"all_male","harassment","Norway",-0.924361894852804,-0.0183233557253199,1
"balanced","harassment","Australia",0.19260035592688,-0.0183233557253199,1
"all_male","harassment","France",-2.04132414563249,-2.73167779547585,0
"balanced","harassment","France",-0.924361894852804,-0.116332196148137,0
"all_male","harassment","Australia",-0.924361894852804,-1.37500057560059,0
"all_male","harassment","France",-0.924361894852804,-1.78231958718397,0
"balanced","harassment","France",0.19260035592688,-0.0183233557253199,1
"quota","harassment","France",0.19260035592688,-0.0183233557253199,0
"balanced","harassment","Australia",1.30956260670656,1.33835386414995,0
"all_male","harassment","Australia",-0.924361894852804,-0.0183233557253199,0
"quota","harassment","Australia",-0.924361894852804,-0.0183233557253199,1
"balanced","harassment","France",0.19260035592688,-0.0183233557253199,0
"quota","harassment","France",1.30956260670656,0.203691822417524,1
"quota","harassment","France",0.19260035592688,-0.0183233557253199,1
"balanced","harassment","France",0.19260035592688,-0.0183233557253199,1
"all_male","harassment","France",-0.924361894852804,-2.32435878389247,0
"all_male","harassment","France",-0.924361894852804,-0.4256423673087,0
"balanced","harassment","France",-0.924361894852804,-1.37500057560059,0
"quota","harassment","France",0.19260035592688,-0.0183233557253199,0
"quota","harassment","Norway",0.19260035592688,-0.0183233557253199,0
"quota","harassment","France",0.19260035592688,-1.15298539745774,0
"balanced","harassment","Australia",1.30956260670656,0.931034852566566,1
"balanced","harassment","Australia",-2.04132414563249,-1.33828923089828,1
"all_male","harassment","France",-0.924361894852804,-1.37500057560059,0
"quota","harassment","France",1.30956260670656,1.33835386414995,1
"all_male","harassment","France",0.19260035592688,-0.0183233557253199,1
"quota","harassment","Australia",-3.15828639641217,-1.56030440904112,0
"quota","harassment","Australia",0.19260035592688,-1.59701575374343,1
"all_male","harassment","Australia",0.19260035592688,-0.0183233557253199,1
"all_male","harassment","France",1.30956260670656,1.33835386414995,1
"quota","harassment","Australia",0.19260035592688,1.1163386860071,0
"quota","harassment","Australia",0.19260035592688,-0.0183233557253199,0
"quota","harassment","France",0.19260035592688,-0.4256423673087,0
"quota","harassment","Norway",0.19260035592688,-0.832961378892081,0
"quota","harassment","France",0.19260035592688,-1.37500057560059,1
"balanced","harassment","France",0.19260035592688,-0.0183233557253199,1
"balanced","harassment","Australia",-0.924361894852804,-0.0183233557253199,1
"all_male","harassment","Australia",0.19260035592688,0.709019674423722,0
"all_male","harassment","Australia",-2.04132414563249,-2.73167779547585,0
"quota","harassment","Australia",0.19260035592688,-0.0183233557253199,0
"balanced","harassment","Australia",0.19260035592688,-1.15298539745774,1
"quota","harassment","Australia",-0.924361894852804,-0.4256423673087,0
"balanced","harassment","France",1.30956260670656,1.33835386414995,0
"balanced","harassment","France",1.30956260670656,-0.116332196148137,0
"all_male","harassment","France",-2.04132414563249,-1.56030440904112,1
"quota","harassment","France",0.19260035592688,-0.0183233557253199,0
"all_male","harassment","Australia",0.19260035592688,-0.0183233557253199,0
"all_male","harassment","France",-0.924361894852804,-0.0183233557253199,0
"all_male","harassment","France",0.19260035592688,-0.0183233557253199,0
"quota","harassment","France",0.19260035592688,-0.0183233557253199,0
"all_male","harassment","Australia",1.30956260670656,1.33835386414995,0
"quota","harassment","France",0.19260035592688,-0.0183233557253199,1
"all_male","harassment","France",-0.924361894852804,-0.0183233557253199,1
"quota","harassment","France",1.30956260670656,-1.37500057560059,1
"balanced","harassment","France",0.19260035592688,-0.0183233557253199,1
"balanced","harassment","France",1.30956260670656,-0.0183233557253199,0
"balanced","harassment","France",0.19260035592688,-0.0183233557253199,1
"balanced","harassment","Australia",0.19260035592688,0.203691822417524,1
"quota","harassment","France",0.19260035592688,-0.0183233557253199,0
"balanced","harassment","France",0.19260035592688,-0.0183233557253199,1
"all_male","harassment","Australia",0.19260035592688,-0.0183233557253199,0
"quota","harassment","Australia",0.19260035592688,-0.0183233557253199,1
"all_male","harassment","France",-0.924361894852804,-1.37500057560059,1
"all_male","harassment","Australia",-0.924361894852804,-1.18969674216005,1
"quota","harassment","France",0.19260035592688,0.709019674423722,1
"balanced","harassment","Australia",0.19260035592688,-1.15298539745774,0
"all_male","harassment","Australia",-0.924361894852804,-0.967681564017206,1
"quota","harassment","Australia",1.30956260670656,1.33835386414995,1
"all_male","harassment","Australia",-0.924361894852804,-1.37500057560059,1
"balanced","harassment","Australia",0.19260035592688,-1.15298539745774,0
"all_male","harassment","France",0.19260035592688,0.709019674423722,1
"quota","harassment","Australia",0.19260035592688,1.33835386414995,1
"balanced","harassment","Norway",-0.924361894852804,-1.37500057560059,1
"balanced","harassment","Australia",0.19260035592688,-2.10234360574963,1
"all_male","harassment","Australia",-0.924361894852804,1.33835386414995,1
"all_male","harassment","France",-2.04132414563249,-0.462353712011008,0
"all_male","harassment","Norway",-2.04132414563249,-2.73167779547585,0
"all_male","harassment","Australia",-0.924361894852804,-0.967681564017206,0
"balanced","harassment","Australia",1.30956260670656,1.33835386414995,1
"quota","harassment","Australia",0.19260035592688,-0.0183233557253199,1
"quota","harassment","Australia",-0.924361894852804,-1.15298539745774,1
"quota","harassment","Australia",1.30956260670656,1.33835386414995,1
"balanced","harassment","Australia",-0.924361894852804,-1.37500057560059,1
"quota","harassment","Australia",-0.924361894852804,-0.745666385874362,0
"all_male","harassment","Australia",-0.924361894852804,1.33835386414995,1
"quota","harassment","Australia",0.19260035592688,1.33835386414995,1
"all_male","harassment","Norway",-0.924361894852804,-1.59701575374343,1
"quota","harassment","Australia",0.19260035592688,1.33835386414995,1
"balanced","harassment","Australia",0.19260035592688,-0.0183233557253199,0
"all_male","harassment","Australia",-2.04132414563249,-2.10234360574963,0
"balanced","harassment","Australia",0.19260035592688,-0.0183233557253199,1
"balanced","harassment","Australia",1.30956260670656,0.611010834000905,1
"all_male","harassment","Australia",-0.924361894852804,-0.0183233557253199,1
"all_male","harassment","Australia",1.30956260670656,1.33835386414995,0
"quota","harassment","Australia",0.19260035592688,-0.0183233557253199,0
"balanced","harassment","Australia",1.30956260670656,1.33835386414995,1
"balanced","harassment","Australia",0.19260035592688,1.1163386860071,0
"balanced","harassment","Australia",1.30956260670656,1.33835386414995,1
"quota","harassment","Australia",1.30956260670656,0.931034852566566,1
"all_male","harassment","Australia",-0.924361894852804,-0.0183233557253199,1
"all_male","harassment","Australia",-0.924361894852804,-1.37500057560059,0
"all_male","harassment","Australia",-0.924361894852804,-0.0183233557253199,0
"balanced","harassment","Australia",0.19260035592688,-0.0183233557253199,0
"quota","harassment","Australia",1.30956260670656,1.33835386414995,0
"balanced","harassment","Australia",0.19260035592688,-0.0183233557253199,1
"balanced","harassment","Australia",-0.924361894852804,-0.0183233557253199,1
"quota","harassment","Norway",1.30956260670656,1.33835386414995,1
"balanced","harassment","Australia",1.30956260670656,1.33835386414995,0
"all_male","harassment","Australia",-0.924361894852804,-0.0183233557253199,0
"quota","harassment","Australia",0.19260035592688,0.931034852566566,1
"all_male","harassment","Norway",-0.924361894852804,-0.0183233557253199,1
"all_male","harassment","Australia",0.19260035592688,-1.56030440904112,0
"quota","harassment","Australia",0.19260035592688,1.33835386414995,1
"balanced","harassment","Norway",0.19260035592688,1.1163386860071,1
"balanced","harassment","Australia",1.30956260670656,1.1163386860071,1
"all_male","harassment","Australia",0.19260035592688,-0.0183233557253199,1
"all_male","harassment","Australia",0.19260035592688,1.1163386860071,0
"quota","harassment","Norway",1.30956260670656,-0.0183233557253199,1
"quota","harassment","Australia",0.19260035592688,-0.0183233557253199,1
"balanced","harassment","Norway",1.30956260670656,-0.0183233557253199,0
"balanced","harassment","Australia",0.19260035592688,-0.0183233557253199,0
"all_male","harassment","Norway",1.30956260670656,-1.59701575374343,1
"quota","harassment","Australia",-0.924361894852804,-1.37500057560059,0
"all_male","harassment","Australia",-0.924361894852804,-1.37500057560059,0
"quota","harassment","Norway",0.19260035592688,-0.0183233557253199,1
"balanced","harassment","Australia",-2.04132414563249,-2.73167779547585,0
"all_male","harassment","Norway",-0.924361894852804,-0.0183233557253199,0
"balanced","harassment","Australia",1.30956260670656,1.33835386414995,0
"all_male","harassment","Australia",0.19260035592688,1.33835386414995,1
"quota","harassment","Australia",0.19260035592688,-0.0183233557253199,1
"balanced","harassment","Australia",0.19260035592688,0.709019674423722,0
"balanced","harassment","Australia",1.30956260670656,1.33835386414995,1
"quota","harassment","Australia",0.19260035592688,-0.967681564017206,1
"all_male","harassment","Australia",-2.04132414563249,-1.59701575374343,0
"balanced","harassment","Norway",0.19260035592688,-2.73167779547585,1
"all_male","harassment","Norway",-0.924361894852804,-0.240338533868164,0
"quota","harassment","Norway",1.30956260670656,1.33835386414995,1
"balanced","harassment","Australia",-0.924361894852804,-1.37500057560059,0
"quota","harassment","Norway",0.19260035592688,-0.0183233557253199,1
"all_male","harassment","Norway",-2.04132414563249,0.487004496280878,0
"balanced","harassment","Norway",1.30956260670656,1.33835386414995,1
"balanced","harassment","Norway",0.19260035592688,-0.0183233557253199,0
"all_male","harassment","Australia",1.30956260670656,-0.0183233557253199,0
"quota","harassment","Norway",-0.924361894852804,-0.647657545451545,1
"all_male","harassment","Norway",-2.04132414563249,1.33835386414995,1
"all_male","harassment","Norway",-0.924361894852804,-0.240338533868164,1
"all_male","harassment","Norway",-2.04132414563249,-1.37500057560059,1
"balanced","harassment","Norway",0.19260035592688,-0.0183233557253199,1
"quota","harassment","Norway",0.19260035592688,-0.0183233557253199,0
"quota","harassment","Australia",-0.924361894852804,-1.15298539745774,0
"quota","harassment","Norway",1.30956260670656,1.33835386414995,1
"balanced","harassment","Norway",1.30956260670656,0.931034852566566,0
"quota","harassment","Norway",1.30956260670656,1.33835386414995,1
"all_male","harassment","Norway",-0.924361894852804,-0.4256423673087,0
"quota","harassment","Norway",0.19260035592688,-0.0183233557253199,0
"all_male","harassment","Norway",-2.04132414563249,-1.37500057560059,1
"balanced","harassment","Norway",1.30956260670656,1.1163386860071,1
"all_male","harassment","Australia",-0.924361894852804,-1.37500057560059,0
"quota","harassment","Norway",1.30956260670656,1.1163386860071,1
"balanced","harassment","Norway",1.30956260670656,-0.0183233557253199,1
"all_male","harassment","Norway",-2.04132414563249,-2.50966261733301,1
"balanced","harassment","Norway",1.30956260670656,1.33835386414995,1
"balanced","harassment","Australia",0.19260035592688,-0.0183233557253199,1
"all_male","harassment","Norway",-0.924361894852804,-0.0183233557253199,1
"balanced","harassment","Australia",-0.924361894852804,-0.240338533868164,1
"quota","harassment","Australia",0.19260035592688,-0.0183233557253199,0
"balanced","harassment","Norway",-2.04132414563249,-0.0183233557253199,1
"balanced","harassment","Norway",1.30956260670656,1.33835386414995,0
"quota","harassment","Norway",0.19260035592688,1.33835386414995,1
"balanced","harassment","Australia",1.30956260670656,1.33835386414995,1
"balanced","harassment","Norway",1.30956260670656,1.33835386414995,1
"quota","harassment","Norway",1.30956260670656,1.33835386414995,0
"quota","harassment","Norway",-0.924361894852804,-0.4256423673087,1
"all_male","harassment","Norway",1.30956260670656,1.33835386414995,1
"quota","harassment","Norway",1.30956260670656,1.33835386414995,1
"balanced","harassment","Norway",1.30956260670656,1.1163386860071,1
"balanced","harassment","Norway",1.30956260670656,1.33835386414995,1
"all_male","harassment","Norway",-0.924361894852804,-0.967681564017206,0
"all_male","harassment","Norway",0.19260035592688,-0.0183233557253199,0
"balanced","harassment","Norway",-2.04132414563249,-2.73167779547585,0
"quota","harassment","Norway",0.19260035592688,-0.0183233557253199,1
"quota","harassment","Norway",0.19260035592688,-0.0183233557253199,1
"quota","harassment","Norway",0.19260035592688,-0.0183233557253199,1
"quota","harassment","Norway",-0.924361894852804,-0.240338533868164,0
"quota","harassment","Norway",-0.924361894852804,-0.4256423673087,0
"balanced","harassment","Norway",0.19260035592688,-0.0183233557253199,1
"balanced","harassment","Norway",0.19260035592688,-0.0183233557253199,0
"all_male","harassment","Norway",-2.04132414563249,-2.32435878389247,1
"all_male","harassment","Norway",0.19260035592688,-0.0183233557253199,0
"all_male","harassment","Norway",0.19260035592688,-1.15298539745774,1
"balanced","harassment","Norway",-0.924361894852804,-1.15298539745774,1
"quota","harassment","Australia",0.19260035592688,-0.0183233557253199,1
"quota","harassment","Norway",1.30956260670656,1.33835386414995,1
"balanced","harassment","Norway",1.30956260670656,-1.15298539745774,0
"all_male","harassment","Norway",1.30956260670656,0.611010834000905,0
"all_male","harassment","Norway",-2.04132414563249,-0.0183233557253199,1
"quota","harassment","Norway",0.19260035592688,-0.0183233557253199,0
"balanced","harassment","Norway",0.19260035592688,-0.0183233557253199,0
"quota","harassment","Norway",0.19260035592688,-0.967681564017206,0
"all_male","harassment","Norway",-2.04132414563249,-0.0183233557253199,1
"balanced","harassment","Norway",0.19260035592688,-1.37500057560059,1
"quota","harassment","Norway",1.30956260670656,1.33835386414995,1
"balanced","harassment","Norway",1.30956260670656,1.33835386414995,1
"all_male","harassment","Norway",-0.924361894852804,1.33835386414995,0
"all_male","harassment","Australia",-0.924361894852804,-0.0183233557253199,1
"balanced","harassment","Norway",1.30956260670656,1.33835386414995,1
"all_male","harassment","Norway",0.19260035592688,-0.0183233557253199,0
"quota","harassment","Norway",0.19260035592688,-0.0183233557253199,1
"balanced","harassment","Norway",0.19260035592688,-0.0183233557253199,1
"quota","harassment","Norway",0.19260035592688,-0.0183233557253199,0
"balanced","harassment","Norway",0.19260035592688,-2.28764743919016,0
"all_male","harassment","Norway",0.19260035592688,1.33835386414995,0
"all_male","harassment","Norway",0.19260035592688,1.33835386414995,1
"balanced","harassment","Norway",0.19260035592688,1.1163386860071,0
"all_male","harassment","Norway",-0.924361894852804,-0.240338533868164,0
"quota","harassment","Norway",1.30956260670656,1.33835386414995,0
"all_male","harassment","Norway",-2.04132414563249,-0.240338533868164,1
"quota","harassment","Norway",1.30956260670656,1.33835386414995,1
"quota","harassment","Norway",1.30956260670656,1.33835386414995,1
"all_male","harassment","Norway",-2.04132414563249,-2.73167779547585,1
"quota","harassment","Norway",1.30956260670656,1.33835386414995,1
"quota","harassment","Australia",-2.04132414563249,-1.56030440904112,0
"all_male","harassment","Norway",-0.924361894852804,-0.0183233557253199,0
"quota","harassment","Norway",0.19260035592688,-0.0183233557253199,1
"balanced","harassment","Norway",0.19260035592688,0.931034852566566,0
"balanced","harassment","Norway",1.30956260670656,-0.0183233557253199,1
"balanced","harassment","Norway",-0.924361894852804,-1.15298539745774,0
"all_male","harassment","Norway",0.19260035592688,-0.0183233557253199,1
"quota","harassment","Norway",1.30956260670656,1.33835386414995,0
"balanced","harassment","Norway",0.19260035592688,-0.0183233557253199,1
"all_male","harassment","Norway",-0.924361894852804,-0.0183233557253199,1
"all_male","harassment","Norway",-0.924361894852804,-0.610946200749237,0
"balanced","harassment","Norway",0.19260035592688,-0.0183233557253199,1
"balanced","harassment","Norway",0.19260035592688,-0.0183233557253199,1
"balanced","harassment","Australia",0.19260035592688,1.33835386414995,0
"balanced","harassment","Australia",0.19260035592688,-0.0183233557253199,0
"all_male","harassment","Australia",-0.924361894852804,-1.56030440904112,1
"quota","harassment","Australia",0.19260035592688,1.33835386414995,1
"quota","harassment","Norway",0.19260035592688,0.388995655858061,1
"balanced","harassment","Norway",1.30956260670656,1.33835386414995,1
"all_male","harassment","Norway",-0.924361894852804,-0.0183233557253199,0
"all_male","harassment","Norway",0.19260035592688,-0.0183233557253199,0
"all_male","harassment","Australia",-0.924361894852804,-1.37500057560059,0
"balanced","harassment","Norway",0.19260035592688,-0.0183233557253199,1
"quota","harassment","Norway",0.19260035592688,-0.0183233557253199,1
"quota","harassment","Norway",0.19260035592688,-0.0183233557253199,1
"all_male","harassment","Norway",1.30956260670656,1.33835386414995,0
"quota","harassment","Norway",1.30956260670656,1.33835386414995,1
"quota","harassment","Norway",1.30956260670656,1.33835386414995,1
"all_male","harassment","Norway",-2.04132414563249,-2.73167779547585,0
"balanced","harassment","Norway",1.30956260670656,1.33835386414995,1
"all_male","harassment","Norway",-0.924361894852804,-0.0183233557253199,0
"balanced","harassment","Norway",1.30956260670656,0.931034852566566,0
"quota","harassment","Norway",0.19260035592688,-0.0183233557253199,0
"quota","harassment","Norway",0.19260035592688,1.1163386860071,1
"all_male","harassment","Norway",-2.04132414563249,-2.28764743919016,0
"balanced","harassment","Norway",0.19260035592688,-0.4256423673087,1
"balanced","harassment","Norway",1.30956260670656,1.33835386414995,1
"quota","harassment","Norway",1.30956260670656,1.33835386414995,1
"all_male","harassment","Norway",1.30956260670656,1.33835386414995,0
"balanced","harassment","Norway",1.30956260670656,1.33835386414995,0
"all_male","harassment","Norway",0.19260035592688,-0.0183233557253199,1
"quota","harassment","Norway",-0.924361894852804,-0.0183233557253199,0
"all_male","harassment","Norway",0.19260035592688,1.33835386414995,1
"balanced","harassment","Norway",-0.924361894852804,-1.37500057560059,1
"quota","harassment","Norway",0.19260035592688,-0.0183233557253199,1
"balanced","harassment","Norway",-0.924361894852804,-1.37500057560059,0
"all_male","harassment","Norway",-0.924361894852804,1.1163386860071,1
"quota","harassment","Norway",0.19260035592688,-0.0183233557253199,1
"balanced","harassment","Norway",-0.924361894852804,0.931034852566566,1
"quota","harassment","Norway",0.19260035592688,-0.0183233557253199,1
"all_male","harassment","Norway",-2.04132414563249,-1.59701575374343,1
"balanced","harassment","Norway",0.19260035592688,-0.0183233557253199,0
"quota","harassment","Norway",-0.924361894852804,-2.50966261733301,0
"quota","harassment","Norway",1.30956260670656,-0.4256423673087,0
"quota","harassment","France",0.19260035592688,-0.0183233557253199,1
"balanced","harassment","France",0.19260035592688,-0.0183233557253199,1
"quota","harassment","France",-0.924361894852804,-0.745666385874362,1
"balanced","harassment","France",0.19260035592688,-0.0183233557253199,0
"all_male","harassment","France",0.19260035592688,1.1163386860071,1
"quota","harassment","France",0.19260035592688,-0.0183233557253199,0
"balanced","harassment","France",0.19260035592688,-0.0183233557253199,1
"balanced","harassment","France",0.19260035592688,0.388995655858061,0
"quota","harassment","France",0.19260035592688,-0.4256423673087,1
"all_male","harassment","Norway",0.19260035592688,-0.0183233557253199,0
"balanced","harassment","France",0.19260035592688,-0.0183233557253199,1
"quota","harassment","France",0.19260035592688,-0.0183233557253199,1
"all_male","harassment","France",0.19260035592688,-0.0183233557253199,1
"quota","harassment","France",0.19260035592688,-0.0183233557253199,1
"quota","harassment","France",0.19260035592688,0.709019674423722,0
"quota","harassment","France",0.19260035592688,-0.0183233557253199,0
"balanced","harassment","Norway",1.30956260670656,1.33835386414995,0
"all_male","harassment","Norway",0.19260035592688,-1.37500057560059,1
"quota","harassment","Norway",0.19260035592688,-0.0183233557253199,1
"balanced","harassment","Norway",-2.04132414563249,0.894323507864258,1
"all_male","harassment","Australia",0.19260035592688,0.301700662840341,1
"balanced","harassment","Norway",-0.924361894852804,-1.78231958718397,0
"all_male","harassment","Norway",-0.924361894852804,-1.15298539745774,1
"balanced","harassment","Australia",0.19260035592688,-0.0183233557253199,0
"balanced","harassment","Australia",1.30956260670656,1.1163386860071,0
"quota","harassment","Australia",1.30956260670656,-1.15298539745774,0
"all_male","harassment","Australia",-0.924361894852804,-2.32435878389247,0
"quota","harassment","Australia",1.30956260670656,1.33835386414995,0
"all_male","harassment","Norway",1.30956260670656,0.672308329721414,1
"balanced","harassment","Norway",-0.924361894852804,0.203691822417524,1
"all_male","harassment","Australia",-2.04132414563249,-2.73167779547585,1
"quota","harassment","Norway",1.30956260670656,1.1163386860071,1
"all_male","harassment","Norway",-2.04132414563249,-0.745666385874362,1
"quota","harassment","Norway",1.30956260670656,1.33835386414995,1
"all_male","harassment","Australia",0.19260035592688,-0.0183233557253199,1
"all_male","harassment","Australia",-0.924361894852804,0.203691822417524,1
"all_male","harassment","Norway",0.19260035592688,-0.0183233557253199,1
"balanced","harassment","Australia",0.19260035592688,-1.37500057560059,0
"quota","harassment","Australia",-2.04132414563249,-0.0183233557253199,1
"quota","harassment","Australia",0.19260035592688,-0.0183233557253199,1
"all_male","harassment","Australia",0.19260035592688,0.709019674423722,1
"balanced","harassment","Norway",0.19260035592688,-0.0183233557253199,1
"quota","harassment","Australia",0.19260035592688,1.33835386414995,1
"balanced","harassment","Australia",1.30956260670656,-0.0183233557253199,0
"balanced","harassment","Australia",1.30956260670656,1.33835386414995,1
"quota","harassment","Norway",1.30956260670656,0.611010834000905,1
"all_male","harassment","Australia",-0.924361894852804,1.33835386414995,1
"quota","harassment","Australia",-0.924361894852804,-1.15298539745774,1
"balanced","harassment","Australia",-0.924361894852804,-0.4256423673087,0
"all_male","harassment","Norway",1.30956260670656,1.1163386860071,1
"all_male","harassment","Australia",1.30956260670656,0.931034852566566,0
"balanced","harassment","Australia",1.30956260670656,1.33835386414995,0
"all_male","harassment","Australia",0.19260035592688,0.203691822417524,0
"quota","harassment","Australia",0.19260035592688,-0.0183233557253199,1
"all_male","harassment","Australia",-0.924361894852804,-0.0183233557253199,0
"quota","harassment","Australia",1.30956260670656,-0.0183233557253199,1
"balanced","harassment","Australia",1.30956260670656,1.33835386414995,0
"all_male","harassment","Australia",-0.924361894852804,-1.28770558258287,1
"balanced","harassment","Australia",1.30956260670656,0.203691822417524,0
"quota","harassment","Australia",0.19260035592688,-0.0183233557253199,1
"balanced","harassment","Australia",1.30956260670656,1.33835386414995,1
"balanced","harassment","Australia",0.19260035592688,-0.0183233557253199,1
"quota","harassment","Australia",-2.04132414563249,-2.50966261733301,0
"balanced","harassment","Australia",0.19260035592688,-0.0183233557253199,1
"balanced","harassment","Australia",1.30956260670656,0.709019674423722,1
"quota","harassment","Norway",-0.924361894852804,-1.37500057560059,1
"all_male","harassment","Australia",-2.04132414563249,-0.647657545451545,1
"all_male","harassment","Australia",-2.04132414563249,-2.73167779547585,1
"quota","harassment","Australia",1.30956260670656,1.33835386414995,1
"balanced","harassment","Australia",0.19260035592688,-0.0183233557253199,1
"balanced","harassment","Norway",0.19260035592688,-0.0183233557253199,1
"quota","harassment","Australia",1.30956260670656,0.203691822417524,0
"balanced","harassment","Norway",0.19260035592688,-0.0183233557253199,0
"all_male","harassment","Australia",1.30956260670656,-0.0183233557253199,1
"quota","harassment","Australia",1.30956260670656,0.203691822417524,0
"all_male","harassment","Norway",-0.924361894852804,-1.37500057560059,1
"quota","harassment","Australia",0.19260035592688,-0.0183233557253199,1
"balanced","harassment","Norway",0.19260035592688,0.388995655858061,1
"all_male","harassment","Norway",1.30956260670656,0.203691822417524,0
"quota","harassment","Norway",1.30956260670656,1.33835386414995,1
"all_male","harassment","Australia",0.19260035592688,-0.0183233557253199,0
"quota","harassment","Norway",1.30956260670656,1.33835386414995,1
"all_male","harassment","Australia",0.19260035592688,-0.0183233557253199,0
"quota","harassment","Norway",-0.924361894852804,-1.15298539745774,1
"balanced","harassment","Australia",0.19260035592688,-1.15298539745774,1
"all_male","harassment","Norway",-0.924361894852804,-0.0183233557253199,1
"all_male","harassment","Norway",0.19260035592688,-1.18969674216005,1
"quota","harassment","Australia",-2.04132414563249,-2.06563226104732,0
"all_male","harassment","Australia",0.19260035592688,1.33835386414995,1
"balanced","harassment","Australia",1.30956260670656,-0.0183233557253199,0
"balanced","harassment","Norway",-0.924361894852804,-1.37500057560059,1
"balanced","harassment","Australia",1.30956260670656,1.33835386414995,1
"balanced","harassment","Australia",0.19260035592688,-0.0183233557253199,1
"quota","harassment","Australia",0.19260035592688,-1.15298539745774,1
"all_male","harassment","Australia",-2.04132414563249,1.1163386860071,1
"balanced","harassment","Australia",-0.924361894852804,-0.0183233557253199,1
"quota","harassment","Australia",0.19260035592688,-0.0183233557253199,1
"quota","harassment","Australia",1.30956260670656,1.33835386414995,1
"quota","harassment","Norway",1.30956260670656,1.33835386414995,1
"all_male","harassment","Norway",-2.04132414563249,-1.37500057560059,1
"all_male","harassment","Norway",1.30956260670656,-0.843675226297178,0
"quota","harassment","Norway",1.30956260670656,1.33835386414995,0
"balanced","harassment","Australia",-2.04132414563249,-1.37500057560059,1
"all_male","harassment","Norway",-2.04132414563249,1.33835386414995,1
"all_male","harassment","Australia",0.19260035592688,-0.4256423673087,0
"all_male","harassment","Norway",1.30956260670656,0.709019674423722,0
"balanced","harassment","Norway",0.19260035592688,-0.967681564017206,1
"balanced","harassment","Norway",0.19260035592688,-0.240338533868164,1
"quota","harassment","Norway",0.19260035592688,-0.240338533868164,0
"balanced","harassment","Australia",-2.04132414563249,-0.930970219314898,1
"all_male","harassment","Norway",0.19260035592688,-0.745666385874362,1
"balanced","harassment","Norway",1.30956260670656,1.33835386414995,1
"quota","harassment","Australia",0.19260035592688,0.203691822417524,0
"all_male","harassment","Australia",0.19260035592688,-0.0183233557253199,1
"balanced","harassment","Norway",-0.924361894852804,-0.967681564017206,1
"balanced","harassment","Australia",1.30956260670656,1.33835386414995,1
"quota","harassment","Australia",1.30956260670656,1.33835386414995,1
"quota","harassment","Norway",0.19260035592688,-0.0183233557253199,1
"balanced","harassment","Australia",1.30956260670656,1.33835386414995,1
"all_male","harassment","Australia",-0.924361894852804,-1.37500057560059,1
"all_male","harassment","Norway",-2.04132414563249,-0.0183233557253199,1
"all_male","harassment","Norway",1.30956260670656,1.33835386414995,0
"balanced","harassment","Norway",0.19260035592688,1.1163386860071,1
"balanced","harassment","Norway",0.19260035592688,0.203691822417524,0
"balanced","harassment","Australia",1.30956260670656,1.33835386414995,0
"quota","harassment","Norway",1.30956260670656,1.33835386414995,1
"balanced","harassment","Norway",0.19260035592688,0.388995655858061,0
"balanced","harassment","Norway",1.30956260670656,1.33835386414995,0
"balanced","harassment","Norway",0.19260035592688,0.931034852566566,1
"quota","harassment","Australia",-2.04132414563249,-2.73167779547585,0
"quota","harassment","Norway",0.19260035592688,-1.56030440904112,1
"all_male","harassment","Norway",-0.924361894852804,0.388995655858061,1
"all_male","harassment","Norway",-0.924361894852804,-0.0183233557253199,1
"balanced","harassment","Australia",0.19260035592688,-0.4256423673087,1
"balanced","harassment","France",1.30956260670656,1.1163386860071,0
"balanced","harassment","France",1.30956260670656,1.33835386414995,1
"balanced","harassment","France",0.19260035592688,-0.0183233557253199,1
"all_male","harassment","France",-0.924361894852804,0.931034852566566,1
"all_male","harassment","France",0.19260035592688,0.388995655858061,1
"balanced","harassment","France",1.30956260670656,-0.0183233557253199,0
"balanced","harassment","France",0.19260035592688,1.1163386860071,1
"balanced","harassment","Norway",-2.04132414563249,-2.28764743919016,1
"quota","harassment","France",0.19260035592688,-0.0183233557253199,1
"quota","harassment","France",-2.04132414563249,-2.00433476532681,0
"quota","harassment","France",1.30956260670656,-0.0183233557253199,0
"quota","harassment","France",0.19260035592688,-0.0183233557253199,1
"quota","harassment","France",-0.924361894852804,-1.37500057560059,0
"quota","harassment","Norway",1.30956260670656,1.33835386414995,1
"all_male","harassment","France",-0.924361894852804,1.1163386860071,1
"all_male","harassment","France",0.19260035592688,-0.0183233557253199,0
"all_male","harassment","France",-2.04132414563249,-1.37500057560059,0
"all_male","harassment","France",0.19260035592688,-1.15298539745774,1
"all_male","harassment","France",0.19260035592688,-0.0183233557253199,1
"balanced","harassment","France",0.19260035592688,1.33835386414995,0
"all_male","harassment","France",-0.924361894852804,-0.4256423673087,1
"quota","harassment","France",-2.04132414563249,1.33835386414995,1
"all_male","harassment","France",-2.04132414563249,-1.59701575374343,1
"balanced","harassment","France",0.19260035592688,-0.0183233557253199,1
"all_male","harassment","France",-0.924361894852804,-0.240338533868164,1
"balanced","harassment","France",0.19260035592688,-0.0183233557253199,1
"all_male","harassment","France",1.30956260670656,1.33835386414995,1
"balanced","harassment","France",0.19260035592688,-0.0183233557253199,0
"balanced","harassment","France",0.19260035592688,-0.0183233557253199,1
"quota","harassment","France",0.19260035592688,1.1163386860071,1
"quota","harassment","France",0.19260035592688,1.1163386860071,0
"quota","harassment","France",-0.924361894852804,-1.37500057560059,1
"quota","harassment","Norway",0.19260035592688,-0.745666385874362,0
"balanced","harassment","France",0.19260035592688,-0.0183233557253199,0
"quota","harassment","France",0.19260035592688,-0.0183233557253199,0
"all_male","harassment","France",-2.04132414563249,-0.240338533868164,1
"balanced","harassment","France",0.19260035592688,-1.37500057560059,1
"quota","harassment","France",-0.924361894852804,-0.240338533868164,1
"quota","harassment","Norway",1.30956260670656,1.33835386414995,1
"balanced","harassment","France",-0.924361894852804,-2.50966261733301,0
"all_male","harassment","France",0.19260035592688,-0.240338533868164,1
"balanced","harassment","France",0.19260035592688,-0.745666385874362,0
"balanced","harassment","France",0.19260035592688,-0.0183233557253199,0
"all_male","harassment","Norway",0.19260035592688,0.611010834000905,0
"all_male","harassment","France",0.19260035592688,0.388995655858061,0
"balanced","harassment","Norway",-0.924361894852804,-1.37500057560059,1
"balanced","harassment","France",-0.924361894852804,-0.4256423673087,0
"all_male","harassment","France",-2.04132414563249,-2.73167779547585,0
"all_male","harassment","Norway",-2.04132414563249,-1.37500057560059,1
"quota","harassment","Norway",0.19260035592688,1.33835386414995,1
"balanced","harassment","Norway",1.30956260670656,0.388995655858061,1
"quota","harassment","Norway",0.19260035592688,1.1163386860071,1
"all_male","harassment","Norway",-0.924361894852804,-0.0183233557253199,1
"all_male","harassment","Norway",-2.04132414563249,-1.37500057560059,1
"balanced","harassment","Norway",-0.924361894852804,-0.203627189165856,0
"all_male","harassment","Norway",0.19260035592688,-0.0183233557253199,0
"quota","harassment","Norway",1.30956260670656,1.33835386414995,1
"balanced","harassment","Norway",-0.924361894852804,-1.78231958718397,0
"all_male","harassment","Norway",-0.924361894852804,-0.240338533868164,0
"all_male","harassment","Norway",1.30956260670656,-2.73167779547585,0
"all_male","harassment","Norway",0.19260035592688,-0.0183233557253199,0
"quota","harassment","Norway",0.19260035592688,-0.967681564017206,0
"all_male","harassment","Australia",0.19260035592688,-0.0183233557253199,0
"balanced","harassment","Norway",0.19260035592688,-1.37500057560059,1
"quota","harassment","Norway",-0.924361894852804,-0.0183233557253199,1
"balanced","harassment","Norway",0.19260035592688,-0.240338533868164,1
"all_male","harassment","Norway",-0.924361894852804,1.1163386860071,1
"balanced","harassment","Norway",-0.924361894852804,-0.967681564017206,0
"quota","harassment","Norway",0.19260035592688,-0.745666385874362,1
"quota","harassment","Norway",-0.924361894852804,-1.37500057560059,1
"all_male","harassment","Norway",0.19260035592688,-0.745666385874362,0
"all_male","harassment","Norway",-2.04132414563249,0.301700662840341,1
"balanced","harassment","Norway",1.30956260670656,1.33835386414995,1
"all_male","harassment","France",-0.924361894852804,-0.0183233557253199,0
"quota","harassment","France",0.19260035592688,-0.0183233557253199,0
"balanced","harassment","France",0.19260035592688,1.1163386860071,1
"quota","harassment","Norway",-0.924361894852804,-2.50966261733301,1
"all_male","harassment","Norway",-2.04132414563249,-0.0183233557253199,1
"all_male","harassment","France",0.19260035592688,-1.15298539745774,1
"balanced","harassment","France",0.19260035592688,-0.745666385874362,1
"quota","harassment","France",0.19260035592688,-0.0183233557253199,1
"quota","harassment","France",0.19260035592688,1.33835386414995,0
"balanced","harassment","Norway",-0.924361894852804,-0.0183233557253199,1
"quota","harassment","Australia",-2.04132414563249,-1.37500057560059,0
"balanced","harassment","Norway",0.19260035592688,1.1163386860071,0
"quota","harassment","Norway",-0.924361894852804,-1.37500057560059,1
"balanced","harassment","Norway",0.19260035592688,-0.4256423673087,1
"all_male","harassment","Australia",-0.924361894852804,-2.10234360574963,1
"quota","harassment","Norway",0.19260035592688,-0.0183233557253199,1
"all_male","harassment","France",-2.04132414563249,-1.37500057560059,0
"balanced","harassment","Australia",1.30956260670656,1.33835386414995,1
"all_male","harassment","France",0.19260035592688,-0.0183233557253199,0
"all_male","harassment","Norway",1.30956260670656,1.33835386414995,1
"balanced","harassment","France",0.19260035592688,-0.0183233557253199,0
"balanced","harassment","Australia",0.19260035592688,-0.0183233557253199,1
"balanced","harassment","Norway",-0.924361894852804,-1.37500057560059,1
"balanced","harassment","Norway",-0.924361894852804,1.1163386860071,0
"quota","harassment","Australia",1.30956260670656,1.33835386414995,1
"balanced","harassment","Australia",0.19260035592688,-0.0183233557253199,0
"quota","harassment","Australia",0.19260035592688,-0.0183233557253199,0
"all_male","harassment","Australia",0.19260035592688,-0.0183233557253199,1
"quota","harassment","Australia",1.30956260670656,1.33835386414995,0
"all_male","harassment","France",0.19260035592688,-0.0183233557253199,0
"all_male","harassment","Norway",0.19260035592688,-1.37500057560059,1
"balanced","harassment","Australia",0.19260035592688,-0.0183233557253199,0
"balanced","harassment","Australia",0.19260035592688,0.203691822417524,0
"quota","harassment","France",1.30956260670656,-0.0183233557253199,0
"balanced","harassment","Norway",-0.924361894852804,-0.240338533868164,1
"quota","harassment","Norway",-0.924361894852804,-0.967681564017206,1
"all_male","harassment","France",-0.924361894852804,-0.240338533868164,0
"balanced","harassment","France",1.30956260670656,1.33835386414995,0
"all_male","harassment","France",-2.04132414563249,1.33835386414995,0
"balanced","harassment","France",0.19260035592688,-0.0183233557253199,1
"quota","harassment","France",0.19260035592688,-0.0183233557253199,0
"quota","harassment","France",0.19260035592688,-0.0183233557253199,0
"all_male","harassment","France",-0.924361894852804,-0.240338533868164,1
"balanced","harassment","France",0.19260035592688,-0.0183233557253199,0
"balanced","harassment","Norway",1.30956260670656,1.33835386414995,1
"quota","harassment","Norway",0.19260035592688,-0.745666385874362,0
"balanced","harassment","Norway",1.30956260670656,1.33835386414995,1
"all_male","harassment","Norway",0.19260035592688,-0.0183233557253199,1
"quota","harassment","France",0.19260035592688,-1.56030440904112,1
"balanced","harassment","France",1.30956260670656,1.1163386860071,0
"balanced","harassment","France",0.19260035592688,0.709019674423722,1
"all_male","harassment","France",-2.04132414563249,-2.10234360574963,1
"all_male","harassment","Norway",-0.924361894852804,-1.37500057560059,1
"quota","harassment","France",1.30956260670656,1.33835386414995,1
"balanced","harassment","France",0.19260035592688,-0.0183233557253199,0
"quota","harassment","Norway",0.19260035592688,-0.967681564017206,1
"all_male","harassment","Norway",0.19260035592688,-0.338347374290981,1
"all_male","harassment","Norway",-2.04132414563249,-2.73167779547585,0
"quota","harassment","Norway",0.19260035592688,-0.0183233557253199,0
"all_male","harassment","Australia",0.19260035592688,-0.0183233557253199,1
"balanced","harassment","Norway",1.30956260670656,1.1163386860071,1
"quota","harassment","Norway",1.30956260670656,1.33835386414995,0
"all_male","harassment","Norway",-0.924361894852804,-0.0183233557253199,0
"balanced","harassment","Norway",-0.924361894852804,-0.240338533868164,0
"quota","harassment","Norway",1.30956260670656,1.33835386414995,0
"balanced","harassment","Norway",0.19260035592688,-0.0183233557253199,0
"all_male","harassment","Norway",1.30956260670656,1.33835386414995,1
"quota","harassment","Norway",0.19260035592688,0.203691822417524,0
"quota","harassment","Norway",0.19260035592688,1.1163386860071,0
"quota","harassment","Norway",1.30956260670656,1.33835386414995,0
"quota","harassment","Norway",1.30956260670656,0.388995655858061,1
"all_male","harassment","Norway",-2.04132414563249,-0.832961378892081,1
"all_male","harassment","Norway",-0.924361894852804,-1.27699173517777,0
"all_male","harassment","Norway",1.30956260670656,1.33835386414995,0
"balanced","harassment","Norway",0.19260035592688,-0.0183233557253199,0
"quota","harassment","Norway",0.19260035592688,-1.88032842760678,0
"all_male","harassment","Norway",-0.924361894852804,1.1163386860071,1
"balanced","harassment","Norway",0.19260035592688,-0.0183233557253199,1
"quota","harassment","Norway",1.30956260670656,1.33835386414995,0
"all_male","harassment","Norway",0.19260035592688,-0.4256423673087,1
"quota","harassment","Norway",-0.924361894852804,-0.0183233557253199,1
"all_male","harassment","Norway",-2.04132414563249,-0.240338533868164,1
"quota","harassment","Norway",0.19260035592688,-0.0183233557253199,0
"all_male","harassment","Norway",1.30956260670656,1.33835386414995,0
"balanced","harassment","Norway",1.30956260670656,-0.0183233557253199,0
"balanced","harassment","Norway",0.19260035592688,-0.0183233557253199,0
"all_male","harassment","Norway",-0.924361894852804,-0.0183233557253199,1
"balanced","harassment","Norway",1.30956260670656,0.203691822417524,1
"balanced","harassment","Norway",0.19260035592688,-0.0183233557253199,0
"all_male","harassment","Norway",-0.924361894852804,-1.37500057560059,1
"quota","harassment","Norway",1.30956260670656,1.33835386414995,0
"all_male","harassment","Norway",-2.04132414563249,1.33835386414995,1
"quota","harassment","Norway",1.30956260670656,-0.0183233557253199,0
"balanced","harassment","Norway",0.19260035592688,-0.4256423673087,0
"balanced","harassment","Norway",0.19260035592688,-0.0183233557253199,0
"all_male","harassment","Australia",-0.924361894852804,1.1163386860071,0
"all_male","harassment","Norway",1.30956260670656,1.33835386414995,0
"balanced","harassment","Norway",0.19260035592688,-0.0183233557253199,0
"all_male","harassment","Norway",1.30956260670656,1.33835386414995,0
"quota","harassment","Norway",1.30956260670656,1.33835386414995,0
"balanced","harassment","Norway",1.30956260670656,1.33835386414995,0
"balanced","harassment","Norway",0.19260035592688,-0.0183233557253199,1
"balanced","harassment","Norway",-0.924361894852804,1.33835386414995,1
"all_male","harassment","Norway",-2.04132414563249,-0.240338533868164,1
"all_male","harassment","Norway",0.19260035592688,-0.0183233557253199,1
"quota","harassment","Norway",0.19260035592688,1.33835386414995,0
"quota","harassment","Norway",0.19260035592688,-0.0183233557253199,0
"balanced","harassment","Norway",1.30956260670656,1.33835386414995,0
"quota","harassment","Norway",0.19260035592688,0.931034852566566,1
"quota","harassment","Norway",0.19260035592688,-1.37500057560059,0
"all_male","harassment","Norway",-0.924361894852804,-0.0183233557253199,1
"balanced","harassment","Norway",0.19260035592688,0.523715840983185,1
"balanced","harassment","Norway",1.30956260670656,1.33835386414995,1
"all_male","harassment","Norway",-2.04132414563249,1.33835386414995,0
"quota","harassment","Norway",0.19260035592688,-0.0183233557253199,0
"all_male","harassment","Norway",-0.924361894852804,-0.0183233557253199,1
"balanced","harassment","Norway",0.19260035592688,-0.0183233557253199,1
"all_male","harassment","Norway",-2.04132414563249,-0.0183233557253199,0
"balanced","harassment","Norway",-0.924361894852804,-0.240338533868164,1
"all_male","harassment","Norway",-2.04132414563249,-1.59701575374343,1
"all_male","harassment","Norway",-2.04132414563249,0.203691822417524,1
"quota","harassment","Australia",0.19260035592688,1.33835386414995,1
"quota","harassment","Norway",0.19260035592688,-1.15298539745774,0
"balanced","harassment","Norway",0.19260035592688,1.1163386860071,0
"all_male","harassment","Norway",0.19260035592688,-0.0183233557253199,0
"balanced","harassment","Norway",0.19260035592688,-0.0183233557253199,1
"all_male","harassment","Norway",-0.924361894852804,1.33835386414995,1
"quota","harassment","Norway",1.30956260670656,1.33835386414995,0
"balanced","harassment","Norway",0.19260035592688,1.33835386414995,0
"balanced","harassment","Norway",1.30956260670656,1.33835386414995,1
"quota","harassment","Norway",1.30956260670656,0.611010834000905,0
"all_male","harassment","Norway",-2.04132414563249,-0.0183233557253199,0
"quota","harassment","Norway",0.19260035592688,-1.15298539745774,1
"all_male","harassment","Norway",-2.04132414563249,-0.647657545451545,1
"all_male","harassment","Norway",-2.04132414563249,1.33835386414995,0
"balanced","harassment","Norway",1.30956260670656,-0.0183233557253199,0
"balanced","harassment","Norway",-0.924361894852804,-0.967681564017206,0
"quota","harassment","Norway",1.30956260670656,-0.0183233557253199,0
"all_male","harassment","Norway",-0.924361894852804,-0.0183233557253199,1
"all_male","harassment","Norway",-2.04132414563249,-1.37500057560059,0
"quota","harassment","Norway",-0.924361894852804,-1.37500057560059,1
"balanced","harassment","Norway",0.19260035592688,-0.4256423673087,0
"quota","harassment","Norway",1.30956260670656,1.33835386414995,0
"balanced","harassment","Norway",0.19260035592688,-0.0183233557253199,0
"quota","harassment","Norway",1.30956260670656,1.33835386414995,1
"balanced","harassment","Norway",1.30956260670656,-0.0183233557253199,0
"all_male","harassment","Norway",-2.04132414563249,-0.0183233557253199,1
"all_male","harassment","Norway",-0.924361894852804,-0.967681564017206,0
"all_male","harassment","Norway",1.30956260670656,1.33835386414995,0
"balanced","harassment","Norway",0.19260035592688,-0.0183233557253199,1
"balanced","harassment","Australia",0.19260035592688,-0.0183233557253199,1
"all_male","harassment","Norway",-2.04132414563249,1.33835386414995,1
"quota","harassment","Norway",1.30956260670656,-0.0183233557253199,1
"quota","harassment","Norway",-2.04132414563249,-2.10234360574963,0
"balanced","harassment","Norway",1.30956260670656,-0.0183233557253199,1
"quota","harassment","Norway",1.30956260670656,1.33835386414995,1
"balanced","harassment","Norway",1.30956260670656,-1.37500057560059,0
"balanced","harassment","Norway",0.19260035592688,-0.0183233557253199,0
"all_male","harassment","Norway",0.19260035592688,1.1163386860071,0
"all_male","harassment","Norway",-0.924361894852804,1.1163386860071,1
"quota","harassment","Norway",0.19260035592688,-0.0183233557253199,0
"all_male","harassment","Norway",1.30956260670656,1.33835386414995,1
"quota","harassment","Norway",0.19260035592688,0.203691822417524,0
"all_male","harassment","Australia",-0.924361894852804,0.388995655858061,1
"all_male","harassment","Norway",1.30956260670656,0.388995655858061,1
"quota","harassment","Australia",1.30956260670656,-0.0183233557253199,0
"all_male","harassment","Norway",0.19260035592688,0.611010834000905,1
"balanced","harassment","Norway",1.30956260670656,-0.0183233557253199,0
"balanced","harassment","Norway",1.30956260670656,1.33835386414995,0
"quota","harassment","Norway",1.30956260670656,0.203691822417524,1
"all_male","harassment","Norway",0.19260035592688,0.388995655858061,1
"all_male","harassment","Australia",0.19260035592688,1.1163386860071,0
"balanced","harassment","Norway",1.30956260670656,1.33835386414995,1
"all_male","harassment","Australia",0.19260035592688,-0.0183233557253199,1
"quota","harassment","Australia",1.30956260670656,0.931034852566566,1
"quota","harassment","Norway",1.30956260670656,1.33835386414995,0
"quota","harassment","Australia",0.19260035592688,0.203691822417524,0
"balanced","harassment","Australia",0.19260035592688,-0.240338533868164,1
"quota","harassment","Norway",1.30956260670656,1.33835386414995,1
"balanced","harassment","Norway",-0.924361894852804,-0.0183233557253199,1
"all_male","harassment","Norway",-2.04132414563249,-2.73167779547585,0
"balanced","harassment","Norway",-0.924361894852804,-1.37500057560059,1
"all_male","harassment","Norway",0.19260035592688,-0.4256423673087,0
"quota","harassment","Norway",0.19260035592688,-0.0183233557253199,1
"all_male","harassment","Norway",-2.04132414563249,-0.0183233557253199,1
"quota","harassment","Norway",1.30956260670656,1.33835386414995,0
"balanced","harassment","Norway",0.19260035592688,1.1163386860071,1
"balanced","harassment","Norway",1.30956260670656,0.203691822417524,0
"quota","harassment","Norway",1.30956260670656,1.33835386414995,1
"all_male","harassment","Norway",-0.924361894852804,1.33835386414995,1
"all_male","harassment","Norway",-0.924361894852804,-0.0183233557253199,0
"all_male","harassment","Norway",-0.924361894852804,-0.967681564017206,1
"all_male","harassment","Norway",0.19260035592688,1.33835386414995,1
"quota","harassment","Norway",1.30956260670656,-0.4256423673087,0
"quota","harassment","Australia",0.19260035592688,1.1163386860071,1
"balanced","harassment","Norway",-0.924361894852804,-1.37500057560059,0
"balanced","harassment","Australia",1.30956260670656,1.33835386414995,0
"all_male","harassment","Norway",1.30956260670656,1.33835386414995,0
"balanced","harassment","Norway",1.30956260670656,1.33835386414995,1
"all_male","harassment","Norway",-0.924361894852804,-0.0183233557253199,0
"all_male","harassment","Australia",-2.04132414563249,-2.32435878389247,1
"balanced","harassment","Norway",1.30956260670656,-0.0183233557253199,1
"quota","harassment","Australia",1.30956260670656,0.203691822417524,1
"balanced","harassment","Norway",0.19260035592688,-0.0183233557253199,1
"quota","harassment","Norway",1.30956260670656,-0.4256423673087,1
"balanced","harassment","Norway",0.19260035592688,-0.0183233557253199,1
"all_male","harassment","Norway",1.30956260670656,1.33835386414995,0
"quota","harassment","Norway",1.30956260670656,1.33835386414995,1
"balanced","harassment","Australia",0.19260035592688,-0.967681564017206,0
"balanced","harassment","Norway",0.19260035592688,-0.0183233557253199,0
"all_male","harassment","Norway",-2.04132414563249,-1.37500057560059,0
"quota","harassment","Norway",0.19260035592688,1.1163386860071,1
"quota","harassment","Norway",-2.04132414563249,-2.50966261733301,0
"all_male","harassment","France",0.19260035592688,-0.0183233557253199,0
"quota","harassment","Norway",0.19260035592688,-0.0183233557253199,0
"balanced","harassment","France",1.30956260670656,1.33835386414995,0
"balanced","harassment","France",0.19260035592688,-0.0183233557253199,0
"all_male","harassment","France",-0.924361894852804,-0.647657545451545,1
"balanced","harassment","France",0.19260035592688,1.1163386860071,1
"quota","harassment","France",0.19260035592688,-1.15298539745774,0
"quota","harassment","France",0.19260035592688,1.33835386414995,1
"balanced","harassment","France",1.30956260670656,-0.0183233557253199,1
"quota","harassment","France",0.19260035592688,-1.15298539745774,0
"all_male","harassment","France",0.19260035592688,-1.15298539745774,0
"all_male","harassment","France",0.19260035592688,-0.0183233557253199,0
"quota","harassment","France",0.19260035592688,-0.930970219314898,0
"balanced","harassment","France",0.19260035592688,1.1163386860071,0
"quota","harassment","France",-0.924361894852804,-0.0183233557253199,1
"all_male","harassment","France",0.19260035592688,-0.0183233557253199,0
"all_male","harassment","France",-2.04132414563249,-2.73167779547585,0
"balanced","harassment","France",-0.924361894852804,-1.37500057560059,0
"balanced","harassment","France",0.19260035592688,0.203691822417524,0
"quota","harassment","France",0.19260035592688,-0.0183233557253199,0
"all_male","harassment","France",-0.924361894852804,1.1163386860071,1
"quota","harassment","France",-0.924361894852804,-1.37500057560059,0
"quota","harassment","France",0.19260035592688,-0.0183233557253199,1
"quota","harassment","France",0.19260035592688,-0.0183233557253199,0
"all_male","harassment","France",1.30956260670656,1.33835386414995,0
"balanced","harassment","France",-0.924361894852804,-2.73167779547585,1
"all_male","harassment","France",0.19260035592688,-0.0183233557253199,0
"quota","harassment","France",0.19260035592688,-0.0183233557253199,0
"all_male","harassment","France",-0.924361894852804,-0.967681564017206,0
"balanced","harassment","Norway",1.30956260670656,-0.0183233557253199,1
"quota","harassment","France",0.19260035592688,-0.0183233557253199,0
"balanced","harassment","France",-0.924361894852804,-2.50966261733301,0
"balanced","harassment","France",0.19260035592688,0.709019674423722,0
"all_male","harassment","France",0.19260035592688,1.1163386860071,0
"all_male","harassment","France",0.19260035592688,-0.0183233557253199,0
"all_male","harassment","France",0.19260035592688,-1.37500057560059,0
"balanced","harassment","France",0.19260035592688,-0.0183233557253199,0
"quota","harassment","France",-0.924361894852804,-1.15298539745774,0
"all_male","harassment","Norway",-0.924361894852804,-1.37500057560059,0
"all_male","harassment","Norway",-0.924361894852804,-0.0183233557253199,1
"quota","harassment","Norway",1.30956260670656,0.388995655858061,0
"quota","harassment","Norway",1.30956260670656,-0.0183233557253199,0
"balanced","harassment","Norway",1.30956260670656,1.33835386414995,1
"all_male","harassment","Norway",0.19260035592688,-0.0183233557253199,1
"quota","harassment","Norway",1.30956260670656,0.203691822417524,1
"all_male","harassment","Norway",-2.04132414563249,1.1163386860071,1
"balanced","harassment","Norway",0.19260035592688,1.33835386414995,0
"quota","harassment","Norway",-0.924361894852804,-2.10234360574963,0
"quota","harassment","Norway",1.30956260670656,1.33835386414995,0
"all_male","harassment","Norway",-2.04132414563249,-1.59701575374343,1
"all_male","harassment","Australia",0.19260035592688,-0.0183233557253199,0
"all_male","harassment","Australia",1.30956260670656,0.931034852566566,0
"balanced","harassment","Australia",-2.04132414563249,-2.50966261733301,0
"quota","harassment","Norway",0.19260035592688,-0.4256423673087,0
"quota","harassment","Norway",0.19260035592688,-1.15298539745774,1
"all_male","harassment","Norway",-2.04132414563249,1.33835386414995,1
"quota","harassment","Australia",1.30956260670656,1.33835386414995,0
"balanced","harassment","Norway",0.19260035592688,1.33835386414995,1
"balanced","harassment","Norway",-2.04132414563249,-2.73167779547585,1
"quota","harassment","Norway",-0.924361894852804,-1.15298539745774,1
"balanced","harassment","Norway",-0.924361894852804,-1.37500057560059,1
"quota","harassment","Norway",0.19260035592688,-0.0183233557253199,0
"quota","harassment","Norway",-0.924361894852804,-0.869672723594389,1
"quota","harassment","Australia",0.19260035592688,0.931034852566566,1
"all_male","harassment","Australia",0.19260035592688,-0.0183233557253199,0
"quota","harassment","Australia",0.19260035592688,-0.0183233557253199,1
"quota","harassment","Australia",0.19260035592688,0.709019674423722,1
"quota","harassment","Australia",0.19260035592688,-0.0183233557253199,1
"balanced","harassment","Australia",0.19260035592688,-1.06569040444002,1
"balanced","harassment","Australia",1.30956260670656,1.33835386414995,1
"all_male","harassment","Norway",-0.924361894852804,1.33835386414995,1
"quota","harassment","Norway",0.19260035592688,-0.240338533868164,1
"balanced","harassment","Australia",0.19260035592688,0.931034852566566,0
"balanced","harassment","Australia",0.19260035592688,-0.0183233557253199,1
"all_male","harassment","Australia",0.19260035592688,0.203691822417524,0
"quota","harassment","Australia",1.30956260670656,1.33835386414995,1
"all_male","harassment","Australia",-0.924361894852804,-0.967681564017206,1
"all_male","harassment","Australia",0.19260035592688,-0.0183233557253199,1
"quota","harassment","Australia",0.19260035592688,-0.0183233557253199,1
"balanced","harassment","Australia",1.30956260670656,1.1163386860071,1
"balanced","harassment","Norway",-0.924361894852804,-0.0183233557253199,0
"quota","harassment","Norway",0.19260035592688,-0.0183233557253199,0
"balanced","harassment","Australia",1.30956260670656,0.388995655858061,0
"all_male","harassment","Norway",1.30956260670656,0.203691822417524,0
"all_male","harassment","Australia",0.19260035592688,-0.967681564017206,1
"all_male","harassment","Norway",-2.04132414563249,-2.73167779547585,0
"quota","harassment","Norway",-0.924361894852804,-1.37500057560059,1
"all_male","harassment","Australia",0.19260035592688,0.388995655858061,0
"all_male","harassment","Australia",0.19260035592688,1.1163386860071,1
"quota","harassment","Australia",0.19260035592688,-0.0183233557253199,1
"balanced","harassment","Australia",0.19260035592688,1.33835386414995,1
"balanced","harassment","Norway",0.19260035592688,1.33835386414995,1
"all_male","harassment","Norway",-0.924361894852804,0.203691822417524,0
"all_male","harassment","Australia",0.19260035592688,-2.06563226104732,1
"balanced","harassment","Australia",1.30956260670656,1.33835386414995,1
"quota","harassment","Australia",1.30956260670656,1.33835386414995,1
"quota","harassment","Norway",-2.04132414563249,0.203691822417524,0
"balanced","harassment","Australia",0.19260035592688,-0.0183233557253199,1
"quota","harassment","Australia",0.19260035592688,-0.0183233557253199,1
"all_male","harassment","Australia",-0.924361894852804,-1.37500057560059,1
"all_male","harassment","Norway",-2.04132414563249,-0.240338533868164,1
"balanced","harassment","Norway",1.30956260670656,1.33835386414995,0
"quota","harassment","Norway",-0.924361894852804,-0.0183233557253199,1
"all_male","harassment","Norway",-2.04132414563249,-2.32435878389247,1
"balanced","harassment","Norway",-0.924361894852804,-0.0183233557253199,0
"all_male","harassment","Norway",0.19260035592688,-0.0183233557253199,0
"quota","harassment","Norway",0.19260035592688,-0.0183233557253199,0
"all_male","harassment","Norway",-0.924361894852804,-1.37500057560059,1
"quota","harassment","Norway",-0.924361894852804,-1.37500057560059,1
"balanced","harassment","Norway",1.30956260670656,1.33835386414995,1
"all_male","harassment","Norway",-0.924361894852804,-0.647657545451545,0
"quota","harassment","Norway",1.30956260670656,-0.240338533868164,1
"balanced","harassment","Norway",0.19260035592688,-1.56030440904112,1
"quota","harassment","Norway",1.30956260670656,1.33835386414995,1
"all_male","harassment","Norway",-2.04132414563249,0.0796854846974969,0
"balanced","harassment","Norway",0.19260035592688,-0.0183233557253199,0
"all_male","harassment","Norway",-2.04132414563249,-1.59701575374343,0
"balanced","harassment","Norway",-0.924361894852804,-1.15298539745774,1
"balanced","harassment","Norway",0.19260035592688,-1.15298539745774,1
"quota","harassment","Norway",1.30956260670656,1.1163386860071,0
"all_male","harassment","Australia",-0.924361894852804,-1.37500057560059,1
"balanced","harassment","Australia",1.30956260670656,1.33835386414995,0
"all_male","harassment","Australia",0.19260035592688,-0.0183233557253199,1
"all_male","harassment","Norway",-0.924361894852804,0.203691822417524,1
"balanced","harassment","Australia",0.19260035592688,-0.4256423673087,1
"quota","harassment","Australia",1.30956260670656,1.33835386414995,1
"quota","harassment","Australia",1.30956260670656,1.33835386414995,1
"quota","harassment","Norway",1.30956260670656,1.33835386414995,1
"all_male","harassment","Norway",0.19260035592688,-0.0183233557253199,0
"all_male","harassment","Australia",0.19260035592688,-1.15298539745774,0
"balanced","harassment","Australia",1.30956260670656,-1.15298539745774,0
"balanced","harassment","Australia",0.19260035592688,-0.0183233557253199,0
"all_male","harassment","Australia",0.19260035592688,-0.0183233557253199,0
"quota","harassment","Australia",0.19260035592688,0.203691822417524,1
"quota","harassment","Australia",-2.04132414563249,-2.73167779547585,0
"balanced","harassment","Australia",-0.924361894852804,-0.4256423673087,0
"quota","harassment","Norway",0.19260035592688,-0.0183233557253199,0
"all_male","harassment","Australia",0.19260035592688,-0.647657545451545,1
"quota","harassment","Norway",0.19260035592688,-0.0183233557253199,0
"balanced","harassment","Australia",0.19260035592688,-0.0183233557253199,0
"all_male","harassment","Norway",0.19260035592688,0.203691822417524,1
"all_male","harassment","Australia",-2.04132414563249,1.33835386414995,0
"all_male","harassment","Australia",0.19260035592688,-0.4256423673087,1
"balanced","harassment","Australia",1.30956260670656,0.203691822417524,1
"all_male","harassment","Norway",1.30956260670656,-0.930970219314898,0
"all_male","harassment","Australia",1.30956260670656,0.116396829399805,0
"quota","harassment","Norway",0.19260035592688,-0.0183233557253199,0
"all_male","harassment","Norway",-0.924361894852804,-0.0183233557253199,0
"all_male","harassment","Norway",-0.924361894852804,-0.0183233557253199,1
"quota","harassment","Australia",0.19260035592688,-0.0183233557253199,0
"quota","harassment","Australia",-2.04132414563249,-1.78231958718397,1
"quota","harassment","Norway",1.30956260670656,-0.0183233557253199,0
"all_male","harassment","Australia",-0.924361894852804,-0.0183233557253199,0
"balanced","harassment","Norway",1.30956260670656,0.931034852566566,1
"balanced","harassment","Norway",0.19260035592688,-0.0183233557253199,1
"all_male","harassment","Australia",-0.924361894852804,1.33835386414995,0
"quota","harassment","Australia",1.30956260670656,1.33835386414995,1
"all_male","harassment","Norway",-2.04132414563249,-0.0183233557253199,1
"quota","harassment","Norway",-0.924361894852804,-2.50966261733301,0
"quota","harassment","Australia",1.30956260670656,1.33835386414995,0
"balanced","harassment","Norway",-0.924361894852804,-0.684368890153853,1
"quota","harassment","Norway",0.19260035592688,-0.967681564017206,0
"all_male","harassment","Norway",1.30956260670656,0.203691822417524,0
"all_male","harassment","Australia",0.19260035592688,-0.0183233557253199,0
"quota","harassment","Australia",-0.924361894852804,-0.4256423673087,0
"balanced","harassment","Australia",1.30956260670656,1.33835386414995,1
"balanced","harassment","Australia",0.19260035592688,1.1163386860071,1
"balanced","harassment","Australia",-0.924361894852804,-0.967681564017206,1
"balanced","harassment","Australia",1.30956260670656,1.1163386860071,1
"balanced","harassment","Norway",1.30956260670656,1.33835386414995,1
"quota","harassment","Norway",1.30956260670656,1.33835386414995,1
"quota","harassment","Australia",-0.924361894852804,-2.50966261733301,0
"quota","harassment","Australia",0.19260035592688,1.1163386860071,1
"all_male","harassment","Norway",-2.04132414563249,-1.37500057560059,1
"all_male","harassment","Australia",1.30956260670656,1.33835386414995,1
"quota","harassment","Australia",-0.924361894852804,-0.967681564017206,1
"all_male","harassment","Australia",0.19260035592688,1.1163386860071,1
"quota","harassment","Australia",0.19260035592688,-0.0183233557253199,1
"all_male","harassment","Norway",-2.04132414563249,1.33835386414995,0
"quota","harassment","Australia",1.30956260670656,1.33835386414995,1
"quota","harassment","Australia",1.30956260670656,-0.0183233557253199,0
"balanced","harassment","Australia",1.30956260670656,-0.4256423673087,0
"quota","harassment","Norway",1.30956260670656,-0.0183233557253199,0
"quota","harassment","Australia",1.30956260670656,1.33835386414995,1
"all_male","harassment","Australia",0.19260035592688,-0.0183233557253199,0
"balanced","harassment","Australia",1.30956260670656,1.33835386414995,1
"all_male","harassment","Australia",0.19260035592688,-0.0183233557253199,0
"quota","harassment","Australia",0.19260035592688,0.203691822417524,0
"all_male","harassment","Australia",0.19260035592688,-0.0183233557253199,0
"all_male","harassment","Australia",1.30956260670656,0.611010834000905,0
"balanced","harassment","Australia",1.30956260670656,-0.0183233557253199,0
"all_male","harassment","Australia",0.19260035592688,0.203691822417524,1
"all_male","harassment","Australia",-0.924361894852804,0.388995655858061,0
"balanced","harassment","Australia",0.19260035592688,-1.15298539745774,1
"quota","harassment","Australia",-2.04132414563249,-0.869672723594389,0
"quota","harassment","Australia",0.19260035592688,-0.0183233557253199,1
"quota","harassment","Australia",1.30956260670656,1.33835386414995,0
"all_male","harassment","Australia",1.30956260670656,1.1163386860071,1
"quota","harassment","Australia",0.19260035592688,1.1163386860071,0
"all_male","harassment","Australia",-0.924361894852804,-0.240338533868164,1
"all_male","harassment","Australia",-0.924361894852804,-0.462353712011008,1
"balanced","harassment","Australia",0.19260035592688,-0.0183233557253199,1
"balanced","harassment","Australia",1.30956260670656,1.33835386414995,0
"balanced","harassment","Australia",-0.924361894852804,-1.37500057560059,1
"balanced","harassment","Australia",0.19260035592688,-0.0183233557253199,1
"all_male","harassment","Australia",0.19260035592688,-0.0183233557253199,1
"balanced","harassment","Norway",0.19260035592688,-0.0183233557253199,1
"quota","harassment","Norway",1.30956260670656,-0.0183233557253199,1
"balanced","harassment","Australia",0.19260035592688,-0.0183233557253199,0
"quota","harassment","Australia",0.19260035592688,1.33835386414995,0
"all_male","harassment","Australia",-0.924361894852804,1.1163386860071,0
"all_male","harassment","Norway",-2.04132414563249,-0.0183233557253199,1
"balanced","harassment","Australia",0.19260035592688,-0.0183233557253199,1
"all_male","harassment","Norway",-2.04132414563249,0.931034852566566,1
"quota","harassment","Norway",1.30956260670656,-0.0183233557253199,1
"balanced","harassment","Australia",1.30956260670656,1.33835386414995,0
"balanced","harassment","Australia",0.19260035592688,0.388995655858061,0
"quota","harassment","Australia",1.30956260670656,1.33835386414995,0
"quota","harassment","Norway",0.19260035592688,-0.0183233557253199,1
"all_male","harassment","Australia",-0.924361894852804,-0.0183233557253199,0
"balanced","harassment","Australia",0.19260035592688,-0.0183233557253199,1
"all_male","harassment","Australia",1.30956260670656,1.33835386414995,0
"balanced","harassment","Norway",0.19260035592688,-0.0183233557253199,1
"balanced","harassment","Australia",-0.924361894852804,-0.967681564017206,0
"all_male","harassment","Australia",0.19260035592688,-0.0183233557253199,0
"balanced","harassment","Australia",1.30956260670656,0.388995655858061,1
"quota","harassment","Norway",0.19260035592688,-1.15298539745774,1
"all_male","harassment","Australia",-2.04132414563249,-0.0183233557253199,1
"quota","harassment","Australia",0.19260035592688,-0.0183233557253199,1
"all_male","harassment","Australia",-2.04132414563249,0.894323507864258,1
"all_male","harassment","Norway",-2.04132414563249,-1.05497655703493,0
"balanced","harassment","Norway",1.30956260670656,1.33835386414995,1
"balanced","harassment","Australia",0.19260035592688,1.1163386860071,1
"quota","harassment","Australia",-0.924361894852804,-1.37500057560059,0
"quota","harassment","Australia",-2.04132414563249,-1.50972076072571,0
"all_male","harassment","Norway",0.19260035592688,-0.0183233557253199,0
"quota","harassment","Norway",1.30956260670656,1.33835386414995,0
"quota","harassment","Norway",0.19260035592688,-0.0183233557253199,1
"balanced","harassment","Norway",-0.924361894852804,-0.967681564017206,1
"all_male","harassment","Norway",-2.04132414563249,-0.0183233557253199,1
"quota","harassment","Norway",-0.924361894852804,-1.37500057560059,1
"balanced","harassment","Norway",0.19260035592688,-0.0183233557253199,1
"all_male","harassment","Norway",-0.924361894852804,-0.0183233557253199,1
"quota","harassment","Norway",0.19260035592688,-1.15298539745774,1
"balanced","harassment","Norway",1.30956260670656,0.203691822417524,0
"quota","harassment","Norway",0.19260035592688,-0.647657545451545,1
"all_male","harassment","Norway",-0.924361894852804,-0.4256423673087,1
"all_male","harassment","Norway",-0.924361894852804,-0.0183233557253199,0
"quota","harassment","Norway",1.30956260670656,0.203691822417524,0
"balanced","harassment","Norway",1.30956260670656,1.33835386414995,1
"all_male","harassment","Norway",-2.04132414563249,-0.0183233557253199,1
"quota","harassment","Norway",0.19260035592688,-0.0183233557253199,1
"balanced","harassment","Norway",0.19260035592688,-1.15298539745774,0
"all_male","harassment","Norway",0.19260035592688,-0.0183233557253199,1
"balanced","harassment","Norway",0.19260035592688,-0.0183233557253199,1
"balanced","harassment","Norway",1.30956260670656,1.33835386414995,0
"quota","harassment","Norway",-0.924361894852804,-0.240338533868164,0
"balanced","harassment","Norway",1.30956260670656,0.931034852566566,0
"all_male","harassment","Norway",-2.04132414563249,1.33835386414995,1
"all_male","harassment","Norway",-0.924361894852804,-0.745666385874362,1
"quota","harassment","Norway",-0.924361894852804,-0.967681564017206,1
"quota","harassment","Norway",1.30956260670656,-0.0183233557253199,0
"quota","harassment","Norway",0.19260035592688,-1.37500057560059,1
"all_male","harassment","Norway",-0.924361894852804,-1.37500057560059,1
"balanced","harassment","Norway",0.19260035592688,-0.0183233557253199,0
"all_male","harassment","Norway",-0.924361894852804,-1.37500057560059,1
"balanced","harassment","Norway",-0.924361894852804,0.203691822417524,1
"all_male","harassment","Norway",1.30956260670656,0.611010834000905,0
"balanced","harassment","Australia",1.30956260670656,1.33835386414995,1
"balanced","harassment","Australia",-0.924361894852804,-0.0183233557253199,1
"all_male","harassment","Australia",-2.04132414563249,-0.240338533868164,1
"quota","harassment","Australia",0.19260035592688,-0.745666385874362,0
"all_male","harassment","Australia",0.19260035592688,-0.0183233557253199,0
"all_male","harassment","Australia",0.19260035592688,0.611010834000905,1
"quota","harassment","Australia",0.19260035592688,-0.0183233557253199,1
"balanced","harassment","Australia",0.19260035592688,1.33835386414995,1
"balanced","harassment","Australia",1.30956260670656,0.388995655858061,1
"quota","harassment","Australia",0.19260035592688,1.33835386414995,1
"quota","harassment","Australia",-0.924361894852804,-0.240338533868164,1
"balanced","harassment","Australia",0.19260035592688,-0.4256423673087,1
"quota","harassment","Australia",0.19260035592688,-0.240338533868164,1
"all_male","harassment","Australia",-0.924361894852804,1.1163386860071,1
"balanced","harassment","Australia",0.19260035592688,-0.0183233557253199,1
"all_male","harassment","Australia",0.19260035592688,-0.4256423673087,0
"all_male","harassment","Australia",0.19260035592688,-1.88032842760678,1
"quota","harassment","Australia",0.19260035592688,1.33835386414995,1
"balanced","harassment","Australia",-0.924361894852804,-0.967681564017206,1
"all_male","harassment","Australia",0.19260035592688,1.1163386860071,0
"all_male","harassment","Australia",-0.924361894852804,-0.0183233557253199,1
"balanced","harassment","Australia",1.30956260670656,1.33835386414995,1
"all_male","harassment","Australia",-0.924361894852804,-1.37500057560059,1
"all_male","harassment","Australia",-0.924361894852804,-0.967681564017206,0
"all_male","harassment","Australia",-0.924361894852804,1.33835386414995,1
"quota","harassment","Australia",0.19260035592688,1.1163386860071,1
"balanced","harassment","Australia",-0.924361894852804,-0.4256423673087,1
"all_male","harassment","Australia",1.30956260670656,0.388995655858061,0
"balanced","harassment","Australia",1.30956260670656,1.33835386414995,1
"quota","harassment","Australia",0.19260035592688,-0.0183233557253199,1
