"season","game_id","game_date","game_type","team","home_away","points","opp_points","win","reg_win_pct","assists","rebounds","turnovers","threes_made"
2022,401391650,"2022-05-06","regular","Fever","away",70,84,0,0.138888888888889,17,42,14,5
2022,401391650,"2022-05-06","regular","Mystics","home",84,70,1,0.611111111111111,20,31,7,4
2022,401391651,"2022-05-06","regular","Sparks","away",98,91,1,0.361111111111111,20,36,20,7
2022,401391651,"2022-05-06","regular","Sky","home",91,98,0,0.702702702702703,28,31,25,7
2022,401391652,"2022-05-06","regular","Aces","away",106,88,1,0.72972972972973,27,38,16,11
2022,401391652,"2022-05-06","regular","Mercury","home",88,106,0,0.416666666666667,20,26,9,6
2022,401391653,"2022-05-06","regular","Lynx","away",74,97,0,0.388888888888889,23,37,17,4
2022,401391653,"2022-05-06","regular","Storm","home",97,74,1,0.611111111111111,26,29,14,12
2022,401391654,"2022-05-07","regular","Sun","away",79,81,0,0.694444444444444,16,34,15,4
2022,401391654,"2022-05-07","regular","Liberty","home",81,79,1,0.444444444444444,17,27,15,10
2022,401391655,"2022-05-07","regular","Dream","away",66,59,1,0.388888888888889,11,47,21,7
2022,401391655,"2022-05-07","regular","Wings","home",59,66,0,0.5,9,39,17,4
2022,401391656,"2022-05-08","regular","Sparks","away",87,77,1,0.361111111111111,18,41,19,1
2022,401391656,"2022-05-08","regular","Fever","home",77,87,0,0.138888888888889,20,33,18,10
2022,401391657,"2022-05-08","regular","Storm","away",74,85,0,0.611111111111111,17,30,10,11
2022,401391657,"2022-05-08","regular","Aces","home",85,74,1,0.72972972972973,18,45,16,7
2022,401391658,"2022-05-08","regular","Mystics","away",78,66,1,0.611111111111111,21,38,15,7
2022,401391658,"2022-05-08","regular","Lynx","home",66,78,0,0.388888888888889,17,36,15,5
2022,401391659,"2022-05-10","regular","Aces","away",76,89,0,0.72972972972973,16,34,16,6
2022,401391659,"2022-05-10","regular","Mystics","home",89,76,1,0.611111111111111,21,38,9,9
2022,401391660,"2022-05-10","regular","Lynx","away",76,82,0,0.388888888888889,23,40,18,4
2022,401391660,"2022-05-10","regular","Fever","home",82,76,1,0.138888888888889,23,34,16,9
2022,401391661,"2022-05-11","regular","Sparks","away",75,77,0,0.361111111111111,16,36,8,6
2022,401391661,"2022-05-11","regular","Dream","home",77,75,1,0.388888888888889,14,39,13,13
2022,401391662,"2022-05-11","regular","Liberty","away",50,83,0,0.444444444444444,16,31,14,2
2022,401391662,"2022-05-11","regular","Sky","home",83,50,1,0.702702702702703,20,36,7,10
2022,401391663,"2022-05-11","regular","Storm","away",77,97,0,0.611111111111111,20,29,15,11
2022,401391663,"2022-05-11","regular","Mercury","home",97,77,1,0.416666666666667,26,37,18,12
2022,401391664,"2022-05-13","regular","Wings","away",94,86,1,0.5,22,29,9,13
2022,401391664,"2022-05-13","regular","Mystics","home",86,94,0,0.611111111111111,23,32,18,13
2022,401391665,"2022-05-13","regular","Aces","away",96,73,1,0.72972972972973,24,31,13,16
2022,401391665,"2022-05-13","regular","Dream","home",73,96,0,0.388888888888889,16,36,19,8
2022,401391666,"2022-05-13","regular","Fever","away",92,86,1,0.138888888888889,12,57,20,7
2022,401391666,"2022-05-13","regular","Liberty","home",86,92,0,0.444444444444444,17,33,17,10
2022,401391667,"2022-05-14","regular","Mercury","away",69,64,1,0.416666666666667,19,42,12,12
2022,401391667,"2022-05-14","regular","Storm","home",64,69,0,0.611111111111111,12,39,10,8
2022,401391668,"2022-05-14","regular","Sparks","away",60,77,0,0.361111111111111,11,21,19,3
2022,401391668,"2022-05-14","regular","Sun","home",77,60,1,0.694444444444444,17,45,19,5
2022,401391669,"2022-05-14","regular","Sky","away",82,78,1,0.702702702702703,23,28,5,8
2022,401391669,"2022-05-14","regular","Lynx","home",78,82,0,0.388888888888889,23,37,15,6
2022,401391670,"2022-05-15","regular","Wings","away",81,71,1,0.5,16,33,14,9
2022,401391670,"2022-05-15","regular","Liberty","home",71,81,0,0.444444444444444,18,28,17,7
2022,401391671,"2022-05-15","regular","Dream","away",85,79,1,0.388888888888889,12,32,19,6
2022,401391671,"2022-05-15","regular","Fever","home",79,85,0,0.138888888888889,19,29,17,11
2022,401391672,"2022-05-17","regular","Sun","away",92,65,1,0.694444444444444,16,26,17,7
2022,401391672,"2022-05-17","regular","Liberty","home",65,92,0,0.444444444444444,13,28,29,7
2022,401391673,"2022-05-17","regular","Dream","away",101,79,1,0.388888888888889,19,35,13,10
2022,401391673,"2022-05-17","regular","Fever","home",79,101,0,0.138888888888889,22,36,12,6
2022,401391674,"2022-05-17","regular","Mystics","away",84,68,1,0.611111111111111,23,37,13,8
2022,401391674,"2022-05-17","regular","Wings","home",68,84,0,0.5,16,27,14,7
2022,401391675,"2022-05-17","regular","Mercury","away",74,86,0,0.416666666666667,19,31,15,8
2022,401391675,"2022-05-17","regular","Aces","home",86,74,1,0.72972972972973,19,29,9,9
2022,401391676,"2022-05-17","regular","Lynx","away",87,84,1,0.388888888888889,19,40,18,9
2022,401391676,"2022-05-17","regular","Sparks","home",84,87,0,0.361111111111111,23,26,14,8
2022,401391677,"2022-05-18","regular","Sky","away",71,74,0,0.702702702702703,26,30,17,6
2022,401391677,"2022-05-18","regular","Storm","home",74,71,1,0.611111111111111,26,35,16,8
2022,401391678,"2022-05-19","regular","Lynx","away",87,93,0,0.388888888888889,21,36,10,6
2022,401391678,"2022-05-19","regular","Aces","home",93,87,1,0.72972972972973,22,32,10,9
2022,401391679,"2022-05-19","regular","Wings","away",94,84,1,0.5,25,38,9,11
2022,401391679,"2022-05-19","regular","Mercury","home",84,94,0,0.416666666666667,15,33,4,5
2022,401391680,"2022-05-20","regular","Fever","away",85,94,0,0.138888888888889,14,25,19,6
2022,401391680,"2022-05-20","regular","Sun","home",94,85,1,0.694444444444444,19,31,15,11
2022,401391681,"2022-05-20","regular","Mystics","away",78,73,1,0.611111111111111,19,33,17,3
2022,401391681,"2022-05-20","regular","Dream","home",73,78,0,0.388888888888889,16,26,14,8
2022,401391682,"2022-05-20","regular","Sparks","away",80,83,0,0.361111111111111,16,31,15,3
2022,401391682,"2022-05-20","regular","Storm","home",83,80,1,0.611111111111111,27,32,10,8
2022,401391683,"2022-05-21","regular","Mercury","away",80,100,0,0.416666666666667,16,33,15,9
2022,401391683,"2022-05-21","regular","Aces","home",100,80,1,0.72972972972973,18,35,9,9
2022,401391684,"2022-05-21","regular","Lynx","away",78,94,0,0.388888888888889,20,24,13,5
2022,401391684,"2022-05-21","regular","Wings","home",94,78,1,0.5,20,39,15,9
2022,401391685,"2022-05-22","regular","Sun","away",92,70,1,0.694444444444444,23,33,12,6
2022,401391685,"2022-05-22","regular","Fever","home",70,92,0,0.138888888888889,16,29,13,3
2022,401391686,"2022-05-22","regular","Sky","away",82,73,1,0.702702702702703,23,37,15,5
2022,401391686,"2022-05-22","regular","Mystics","home",73,82,0,0.611111111111111,21,29,12,9
2022,401391687,"2022-05-23","regular","Sparks","away",76,104,0,0.361111111111111,17,32,5,5
2022,401391687,"2022-05-23","regular","Aces","home",104,76,1,0.72972972972973,27,42,7,18
2022,401391688,"2022-05-24","regular","Wings","away",85,77,1,0.5,17,37,9,7
2022,401391688,"2022-05-24","regular","Sun","home",77,85,0,0.694444444444444,24,33,10,3
2022,401391689,"2022-05-24","regular","Dream","away",50,70,0,0.388888888888889,12,36,23,4
2022,401391689,"2022-05-24","regular","Mystics","home",70,50,1,0.611111111111111,19,30,13,7
2022,401391690,"2022-05-24","regular","Fever","away",90,95,0,0.138888888888889,21,40,16,9
2022,401391690,"2022-05-24","regular","Sky","home",95,90,1,0.702702702702703,23,38,16,6
2022,401391691,"2022-05-24","regular","Liberty","away",78,84,0,0.444444444444444,24,39,13,9
2022,401391691,"2022-05-24","regular","Lynx","home",84,78,1,0.388888888888889,17,45,10,5
2022,401391692,"2022-05-25","regular","Mercury","away",94,99,0,0.416666666666667,21,26,18,7
2022,401391692,"2022-05-25","regular","Sparks","home",99,94,1,0.361111111111111,24,24,14,8
2022,401391693,"2022-05-26","regular","Wings","away",68,99,0,0.5,16,28,19,10
2022,401391693,"2022-05-26","regular","Sun","home",99,68,1,0.694444444444444,24,42,13,6
2022,401391694,"2022-05-27","regular","Sparks","away",96,101,0,0.361111111111111,24,35,13,7
2022,401391694,"2022-05-27","regular","Fever","home",101,96,1,0.138888888888889,23,34,13,11
2022,401391695,"2022-05-27","regular","Liberty","away",71,79,0,0.444444444444444,19,49,21,9
2022,401391695,"2022-05-27","regular","Storm","home",79,71,1,0.611111111111111,16,38,11,7
2022,401391696,"2022-05-28","regular","Aces","away",83,76,1,0.72972972972973,20,50,7,4
2022,401391696,"2022-05-28","regular","Sky","home",76,83,0,0.702702702702703,16,50,10,5
2022,401391697,"2022-05-28","regular","Mystics","away",71,79,0,0.611111111111111,20,19,8,8
2022,401391697,"2022-05-28","regular","Sun","home",79,71,1,0.694444444444444,20,41,18,7
2022,401391698,"2022-05-29","regular","Mercury","away",54,81,0,0.416666666666667,9,29,14,3
2022,401391698,"2022-05-29","regular","Dream","home",81,54,1,0.388888888888889,25,47,23,9
2022,401391699,"2022-05-29","regular","Liberty","away",61,92,0,0.444444444444444,20,32,17,7
2022,401391699,"2022-05-29","regular","Storm","home",92,61,1,0.611111111111111,24,40,11,13
2022,401391700,"2022-05-29","regular","Sparks","away",85,83,1,0.361111111111111,18,25,15,5
2022,401391700,"2022-05-29","regular","Lynx","home",83,85,0,0.388888888888889,12,25,13,4
2022,401391701,"2022-05-31","regular","Mystics","away",87,75,1,0.611111111111111,24,44,15,8
2022,401391701,"2022-05-31","regular","Fever","home",75,87,0,0.138888888888889,20,32,13,9
2022,401391702,"2022-05-31","regular","Mercury","away",70,73,0,0.416666666666667,21,32,10,8
2022,401391702,"2022-05-31","regular","Sky","home",73,70,1,0.702702702702703,18,41,13,5
2022,401391703,"2022-05-31","regular","Sun","away",81,89,0,0.694444444444444,18,37,14,6
2022,401391703,"2022-05-31","regular","Aces","home",89,81,1,0.72972972972973,20,38,14,6
2022,401391704,"2022-05-31","regular","Wings","away",91,93,0,0.5,17,35,9,11
2022,401391704,"2022-05-31","regular","Sparks","home",93,91,1,0.361111111111111,23,29,15,3
2022,401391705,"2022-06-01","regular","Lynx","away",76,84,0,0.388888888888889,16,39,24,7
2022,401391705,"2022-06-01","regular","Dream","home",84,76,1,0.388888888888889,21,30,13,12
2022,401391706,"2022-06-01","regular","Fever","away",74,87,0,0.138888888888889,18,33,8,9
2022,401391706,"2022-06-01","regular","Liberty","home",87,74,1,0.444444444444444,18,39,12,11
2022,401391707,"2022-06-02","regular","Sun","away",97,90,1,0.694444444444444,23,37,9,9
2022,401391707,"2022-06-02","regular","Aces","home",90,97,0,0.72972972972973,20,31,13,10
2022,401391708,"2022-06-03","regular","Liberty","away",74,70,1,0.444444444444444,15,34,12,11
2022,401391708,"2022-06-03","regular","Mystics","home",70,74,0,0.611111111111111,16,39,14,5
2022,401391709,"2022-06-03","regular","Sky","away",73,65,1,0.702702702702703,19,35,16,5
2022,401391709,"2022-06-03","regular","Dream","home",65,73,0,0.388888888888889,15,34,12,6
2022,401391710,"2022-06-03","regular","Sun","away",92,88,1,0.694444444444444,21,35,21,9
2022,401391710,"2022-06-03","regular","Mercury","home",88,92,0,0.416666666666667,22,23,20,10
2022,401391711,"2022-06-03","regular","Wings","away",68,51,1,0.5,18,42,17,9
2022,401391711,"2022-06-03","regular","Storm","home",51,68,0,0.611111111111111,17,31,16,5
2022,401391712,"2022-06-05","regular","Lynx","away",84,77,1,0.388888888888889,15,36,15,7
2022,401391712,"2022-06-05","regular","Liberty","home",77,84,0,0.444444444444444,17,34,11,4
2022,401391713,"2022-06-05","regular","Fever","away",66,75,0,0.138888888888889,17,32,21,6
2022,401391713,"2022-06-05","regular","Dream","home",75,66,1,0.388888888888889,14,37,22,4
2022,401391714,"2022-06-05","regular","Mystics","away",82,91,0,0.611111111111111,22,35,15,8
2022,401391714,"2022-06-05","regular","Sky","home",91,82,1,0.702702702702703,29,32,16,9
2022,401391715,"2022-06-05","regular","Wings","away",78,84,0,0.5,18,50,17,11
2022,401391715,"2022-06-05","regular","Aces","home",84,78,1,0.72972972972973,19,35,10,7
2022,401391716,"2022-06-05","regular","Sparks","away",74,81,0,0.361111111111111,19,28,17,5
2022,401391716,"2022-06-05","regular","Mercury","home",81,74,1,0.416666666666667,17,24,16,9
2022,401391717,"2022-06-05","regular","Sun","away",93,86,1,0.694444444444444,27,36,14,6
2022,401391717,"2022-06-05","regular","Storm","home",86,93,0,0.611111111111111,29,26,14,9
2022,401391718,"2022-06-07","regular","Lynx","away",69,88,0,0.388888888888889,17,36,12,3
2022,401391718,"2022-06-07","regular","Liberty","home",88,69,1,0.444444444444444,21,35,13,12
2022,401391719,"2022-06-07","regular","Dream","away",60,72,0,0.388888888888889,15,37,15,2
2022,401391719,"2022-06-07","regular","Storm","home",72,60,1,0.611111111111111,18,31,19,8
2022,401391720,"2022-06-08","regular","Fever","away",69,88,0,0.138888888888889,20,29,15,3
2022,401391720,"2022-06-08","regular","Sun","home",88,69,1,0.694444444444444,19,41,16,5
2022,401391721,"2022-06-08","regular","Sky","away",82,84,0,0.702702702702703,20,31,13,6
2022,401391721,"2022-06-08","regular","Mystics","home",84,82,1,0.611111111111111,19,34,13,3
2022,401391722,"2022-06-10","regular","Sky","away",83,79,1,0.702702702702703,25,29,12,6
2022,401391722,"2022-06-10","regular","Sun","home",79,83,0,0.694444444444444,20,35,10,4
2022,401391723,"2022-06-10","regular","Liberty","away",97,83,1,0.444444444444444,31,33,12,13
2022,401391723,"2022-06-10","regular","Fever","home",83,97,0,0.138888888888889,19,29,5,4
2022,401391724,"2022-06-10","regular","Storm","away",89,88,1,0.611111111111111,28,34,17,7
2022,401391724,"2022-06-10","regular","Wings","home",88,89,0,0.5,20,26,14,7
2022,401391725,"2022-06-10","regular","Mystics","away",76,59,1,0.611111111111111,18,39,9,10
2022,401391725,"2022-06-10","regular","Lynx","home",59,76,0,0.388888888888889,15,32,17,6
2022,401391726,"2022-06-10","regular","Dream","away",88,90,0,0.388888888888889,16,36,4,10
2022,401391726,"2022-06-10","regular","Mercury","home",90,88,1,0.416666666666667,19,38,9,10
2022,401391727,"2022-06-11","regular","Aces","away",89,72,1,0.72972972972973,19,41,19,7
2022,401391727,"2022-06-11","regular","Sparks","home",72,89,0,0.361111111111111,18,30,13,7
2022,401391728,"2022-06-12","regular","Sky","away",88,86,1,0.702702702702703,28,41,12,6
2022,401391728,"2022-06-12","regular","Liberty","home",86,88,0,0.444444444444444,22,26,14,11
2022,401391729,"2022-06-12","regular","Storm","away",84,79,1,0.611111111111111,23,23,10,10
2022,401391729,"2022-06-12","regular","Wings","home",79,84,0,0.5,18,39,19,6
2022,401391730,"2022-06-12","regular","Mercury","away",99,90,1,0.416666666666667,21,30,15,10
2022,401391730,"2022-06-12","regular","Mystics","home",90,99,0,0.611111111111111,23,42,18,8
2022,401391731,"2022-06-12","regular","Fever","away",84,80,1,0.138888888888889,25,30,11,10
2022,401391731,"2022-06-12","regular","Lynx","home",80,84,0,0.388888888888889,23,36,10,5
2022,401391732,"2022-06-14","regular","Mercury","away",65,83,0,0.416666666666667,21,35,16,10
2022,401391732,"2022-06-14","regular","Mystics","home",83,65,1,0.611111111111111,23,36,9,11
2022,401391733,"2022-06-14","regular","Storm","away",81,79,1,0.611111111111111,24,35,12,12
2022,401391733,"2022-06-14","regular","Lynx","home",79,81,0,0.388888888888889,27,33,15,6
2022,401391734,"2022-06-15","regular","Aces","away",92,84,1,0.72972972972973,17,33,7,6
2022,401391734,"2022-06-15","regular","Wings","home",84,92,0,0.5,20,40,11,10
2022,401391735,"2022-06-15","regular","Dream","away",92,105,0,0.388888888888889,18,37,16,12
2022,401391735,"2022-06-15","regular","Sun","home",105,92,1,0.694444444444444,30,33,11,14
2022,401391736,"2022-06-15","regular","Mercury","away",93,80,1,0.416666666666667,24,33,12,8
2022,401391736,"2022-06-15","regular","Fever","home",80,93,0,0.138888888888889,19,39,13,6
2022,401391737,"2022-06-16","regular","Mystics","away",65,77,0,0.611111111111111,14,37,13,8
2022,401391737,"2022-06-16","regular","Liberty","home",77,65,1,0.444444444444444,21,38,10,6
2022,401391738,"2022-06-17","regular","Storm","away",71,82,0,0.611111111111111,22,26,12,11
2022,401391738,"2022-06-17","regular","Sun","home",82,71,1,0.694444444444444,25,40,14,5
2022,401391739,"2022-06-17","regular","Mercury","away",88,93,0,0.416666666666667,22,24,12,8
2022,401391739,"2022-06-17","regular","Wings","home",93,88,1,0.5,18,31,12,12
2022,401391740,"2022-06-17","regular","Dream","away",100,106,0,0.388888888888889,23,39,15,8
2022,401391740,"2022-06-17","regular","Sky","home",106,100,1,0.702702702702703,24,47,15,14
2022,401391741,"2022-06-19","regular","Storm","away",81,72,1,0.611111111111111,21,38,10,10
2022,401391741,"2022-06-19","regular","Liberty","home",72,81,0,0.444444444444444,20,43,12,10
2022,401391742,"2022-06-19","regular","Sky","away",87,89,0,0.702702702702703,21,27,14,9
2022,401391742,"2022-06-19","regular","Fever","home",89,87,1,0.138888888888889,19,39,15,2
2022,401391743,"2022-06-19","regular","Sun","away",63,71,0,0.694444444444444,15,43,16,6
2022,401391743,"2022-06-19","regular","Mystics","home",71,63,1,0.611111111111111,21,30,10,6
2022,401391744,"2022-06-19","regular","Sparks","away",82,92,0,0.361111111111111,17,42,17,5
2022,401391744,"2022-06-19","regular","Wings","home",92,82,1,0.5,20,39,13,13
2022,401391745,"2022-06-19","regular","Lynx","away",95,96,0,0.388888888888889,26,45,10,11
2022,401391745,"2022-06-19","regular","Aces","home",96,95,1,0.72972972972973,23,33,6,9
2022,401391746,"2022-06-21","regular","Wings","away",75,80,0,0.5,18,31,13,6
2022,401391746,"2022-06-21","regular","Dream","home",80,75,1,0.388888888888889,18,35,22,10
2022,401391747,"2022-06-21","regular","Sky","away",104,95,1,0.702702702702703,34,33,9,12
2022,401391747,"2022-06-21","regular","Aces","home",95,104,0,0.72972972972973,23,35,9,13
2022,401391748,"2022-06-21","regular","Lynx","away",84,71,1,0.388888888888889,24,36,11,10
2022,401391748,"2022-06-21","regular","Mercury","home",71,84,0,0.416666666666667,15,32,16,10
2022,401391749,"2022-06-21","regular","Mystics","away",82,84,0,0.611111111111111,23,32,17,11
2022,401391749,"2022-06-21","regular","Sparks","home",84,82,1,0.361111111111111,21,34,16,6
2022,401391750,"2022-06-22","regular","Liberty","away",81,77,1,0.444444444444444,25,33,11,13
2022,401391750,"2022-06-22","regular","Sun","home",77,81,0,0.694444444444444,16,34,10,5
2022,401391751,"2022-06-23","regular","Fever","away",68,94,0,0.138888888888889,13,33,18,6
2022,401391751,"2022-06-23","regular","Wings","home",94,68,1,0.5,20,35,13,11
2022,401391752,"2022-06-23","regular","Mercury","away",88,100,0,0.416666666666667,16,23,12,9
2022,401391752,"2022-06-23","regular","Lynx","home",100,88,1,0.388888888888889,25,42,16,8
2022,401391753,"2022-06-23","regular","Mystics","away",71,85,0,0.611111111111111,19,43,12,9
2022,401391753,"2022-06-23","regular","Storm","home",85,71,1,0.611111111111111,25,36,7,12
2022,401391754,"2022-06-23","regular","Sky","away",82,59,1,0.702702702702703,26,49,13,7
2022,401391754,"2022-06-23","regular","Sparks","home",59,82,0,0.361111111111111,18,34,9,3
2022,401391755,"2022-06-24","regular","Liberty","away",89,77,1,0.444444444444444,23,39,16,16
2022,401391755,"2022-06-24","regular","Dream","home",77,89,0,0.388888888888889,13,31,10,7
2022,401391756,"2022-06-25","regular","Mercury","away",83,72,1,0.416666666666667,16,38,9,6
2022,401391756,"2022-06-25","regular","Wings","home",72,83,0,0.5,21,38,14,4
2022,401391757,"2022-06-25","regular","Sparks","away",85,77,1,0.361111111111111,26,41,15,8
2022,401391757,"2022-06-25","regular","Storm","home",77,85,0,0.611111111111111,21,26,14,8
2022,401391758,"2022-06-25","regular","Mystics","away",87,86,1,0.611111111111111,24,42,18,11
2022,401391758,"2022-06-25","regular","Aces","home",86,87,0,0.72972972972973,14,38,15,10
2022,401391759,"2022-06-26","regular","Sun","away",72,61,1,0.694444444444444,18,40,20,2
2022,401391759,"2022-06-26","regular","Dream","home",61,72,0,0.388888888888889,17,29,17,5
2022,401391760,"2022-06-26","regular","Lynx","away",85,88,0,0.388888888888889,23,28,17,6
2022,401391760,"2022-06-26","regular","Sky","home",88,85,1,0.702702702702703,25,26,14,8
2022,401391761,"2022-06-27","regular","Fever","away",71,83,0,0.138888888888889,13,36,16,7
2022,401391761,"2022-06-27","regular","Mercury","home",83,71,1,0.416666666666667,19,30,10,13
2022,401391762,"2022-06-27","regular","Aces","away",79,73,1,0.72972972972973,15,37,13,8
2022,401391762,"2022-06-27","regular","Sparks","home",73,79,0,0.361111111111111,23,40,13,7
2022,401391763,"2022-06-28","regular","Dream","away",74,92,0,0.388888888888889,19,26,14,5
2022,401391763,"2022-06-28","regular","Mystics","home",92,74,1,0.611111111111111,24,30,14,15
2022,401391764,"2022-06-28","regular","Wings","away",64,92,0,0.5,10,30,10,5
2022,401391764,"2022-06-28","regular","Lynx","home",92,64,1,0.388888888888889,22,53,13,12
2022,401391765,"2022-06-29","regular","Sun","away",83,91,0,0.694444444444444,22,31,4,6
2022,401391765,"2022-06-29","regular","Sky","home",91,83,1,0.702702702702703,28,33,22,10
2022,401391766,"2022-06-29","regular","Fever","away",78,99,0,0.138888888888889,18,30,10,9
2022,401391766,"2022-06-29","regular","Mercury","home",99,78,1,0.416666666666667,29,32,8,9
2022,401391767,"2022-06-29","regular","Aces","away",78,88,0,0.72972972972973,23,40,17,9
2022,401391767,"2022-06-29","regular","Storm","home",88,78,1,0.611111111111111,24,33,12,14
2022,401391768,"2022-06-30","regular","Dream","away",92,81,1,0.388888888888889,21,41,15,9
2022,401391768,"2022-06-30","regular","Liberty","home",81,92,0,0.444444444444444,19,35,17,10
2022,401391769,"2022-07-01","regular","Sparks","away",97,89,1,0.361111111111111,24,29,10,7
2022,401391769,"2022-07-01","regular","Wings","home",89,97,0,0.5,19,29,13,6
2022,401391770,"2022-07-01","regular","Aces","away",91,85,1,0.72972972972973,25,34,14,9
2022,401391770,"2022-07-01","regular","Lynx","home",85,91,0,0.388888888888889,19,29,13,11
2022,401391771,"2022-07-01","regular","Fever","away",57,73,0,0.138888888888889,13,35,17,4
2022,401391771,"2022-07-01","regular","Storm","home",73,57,1,0.611111111111111,22,39,17,6
2022,401391772,"2022-07-02","regular","Mercury","away",75,91,0,0.416666666666667,15,27,18,5
2022,401391772,"2022-07-02","regular","Sky","home",91,75,1,0.702702702702703,24,37,20,10
2022,401391773,"2022-07-03","regular","Mystics","away",72,74,0,0.611111111111111,16,37,19,4
2022,401391773,"2022-07-03","regular","Sun","home",74,72,1,0.694444444444444,17,38,17,6
2022,401391774,"2022-07-03","regular","Storm","away",76,90,0,0.611111111111111,17,30,14,9
2022,401391774,"2022-07-03","regular","Dream","home",90,76,1,0.388888888888889,24,44,16,7
2022,401391775,"2022-07-03","regular","Aces","away",71,102,0,0.72972972972973,17,25,6,12
2022,401391775,"2022-07-03","regular","Lynx","home",102,71,1,0.388888888888889,26,53,10,12
2022,401391776,"2022-07-03","regular","Liberty","away",74,84,0,0.444444444444444,22,28,17,12
2022,401391776,"2022-07-03","regular","Sparks","home",84,74,1,0.361111111111111,19,37,14,6
2022,401391777,"2022-07-04","regular","Mercury","away",75,78,0,0.416666666666667,21,30,21,8
2022,401391777,"2022-07-04","regular","Sparks","home",78,75,1,0.361111111111111,18,32,20,5
2022,401391778,"2022-07-05","regular","Storm","away",95,73,1,0.611111111111111,20,43,12,6
2022,401391778,"2022-07-05","regular","Fever","home",73,95,0,0.138888888888889,14,36,14,7
2022,401391779,"2022-07-05","regular","Sun","away",71,82,0,0.694444444444444,20,29,13,4
2022,401391779,"2022-07-05","regular","Wings","home",82,71,1,0.5,19,34,9,6
2022,401391780,"2022-07-06","regular","Sky","away",78,81,0,0.702702702702703,24,38,14,10
2022,401391780,"2022-07-06","regular","Lynx","home",81,78,1,0.388888888888889,21,32,15,4
2022,401391781,"2022-07-06","regular","Mystics","away",85,66,1,0.611111111111111,13,31,9,7
2022,401391781,"2022-07-06","regular","Dream","home",66,85,0,0.388888888888889,15,31,12,0
2022,401391782,"2022-07-06","regular","Liberty","away",116,107,1,0.444444444444444,35,35,8,18
2022,401391782,"2022-07-06","regular","Aces","home",107,116,0,0.72972972972973,22,31,7,13
2022,401391783,"2022-07-07","regular","Sky","away",93,84,1,0.702702702702703,25,41,17,5
2022,401391783,"2022-07-07","regular","Fever","home",84,93,0,0.138888888888889,22,27,9,9
2022,401391784,"2022-07-07","regular","Liberty","away",81,84,0,0.444444444444444,20,40,15,7
2022,401391784,"2022-07-07","regular","Mercury","home",84,81,1,0.416666666666667,20,30,9,9
2022,401391785,"2022-07-07","regular","Storm","away",106,69,1,0.611111111111111,30,36,12,8
2022,401391785,"2022-07-07","regular","Sparks","home",69,106,0,0.361111111111111,18,24,12,5
2022,401391786,"2022-07-12","regular","Wings","away",74,83,0,0.5,17,35,13,7
2022,401391786,"2022-07-12","regular","Storm","home",83,74,1,0.611111111111111,22,34,14,7
2022,401391787,"2022-07-12","regular","Aces","away",107,101,1,0.72972972972973,21,36,14,7
2022,401391787,"2022-07-12","regular","Liberty","home",101,107,0,0.444444444444444,24,27,12,15
2022,401391788,"2022-07-12","regular","Dream","away",75,90,0,0.388888888888889,17,33,17,10
2022,401391788,"2022-07-12","regular","Sky","home",90,75,1,0.702702702702703,24,34,13,5
2022,401391789,"2022-07-12","regular","Mercury","away",107,118,0,0.416666666666667,27,44,8,15
2022,401391789,"2022-07-12","regular","Lynx","home",118,107,1,0.388888888888889,27,55,19,11
2022,401391790,"2022-07-12","regular","Mystics","away",94,81,1,0.611111111111111,24,35,12,10
2022,401391790,"2022-07-12","regular","Sparks","home",81,94,0,0.361111111111111,16,23,18,9
2022,401391791,"2022-07-13","regular","Sun","away",89,81,1,0.694444444444444,18,38,17,6
2022,401391791,"2022-07-13","regular","Fever","home",81,89,0,0.138888888888889,21,26,16,6
2022,401391792,"2022-07-14","regular","Aces","away",108,74,1,0.72972972972973,32,40,10,16
2022,401391792,"2022-07-14","regular","Liberty","home",74,108,0,0.444444444444444,18,30,12,8
2022,401391793,"2022-07-14","regular","Wings","away",92,87,1,0.5,25,28,12,7
2022,401391793,"2022-07-14","regular","Lynx","home",87,92,0,0.388888888888889,13,40,14,6
2022,401391794,"2022-07-14","regular","Mystics","away",75,80,0,0.611111111111111,15,42,19,8
2022,401391794,"2022-07-14","regular","Mercury","home",80,75,1,0.416666666666667,16,31,14,10
2022,401391795,"2022-07-14","regular","Sky","away",80,68,1,0.702702702702703,22,37,18,8
2022,401391795,"2022-07-14","regular","Sparks","home",68,80,0,0.361111111111111,19,30,14,7
2022,401391796,"2022-07-15","regular","Lynx","away",87,77,1,0.388888888888889,26,41,15,5
2022,401391796,"2022-07-15","regular","Fever","home",77,87,0,0.138888888888889,20,37,12,5
2022,401391797,"2022-07-15","regular","Sun","away",93,68,1,0.694444444444444,20,39,12,8
2022,401391797,"2022-07-15","regular","Dream","home",68,93,0,0.388888888888889,20,30,18,2
2022,401391798,"2022-07-16","regular","Sky","away",89,81,1,0.702702702702703,25,40,8,5
2022,401391798,"2022-07-16","regular","Wings","home",81,89,0,0.5,14,24,7,7
2022,401391799,"2022-07-17","regular","Aces","away",91,83,1,0.72972972972973,18,30,7,9
2022,401391799,"2022-07-17","regular","Sun","home",83,91,0,0.694444444444444,19,41,22,7
2022,401391800,"2022-07-17","regular","Lynx","away",57,70,0,0.388888888888889,14,46,17,4
2022,401391800,"2022-07-17","regular","Mystics","home",70,57,1,0.611111111111111,21,37,8,7
2022,401391801,"2022-07-17","regular","Dream","away",85,75,1,0.388888888888889,18,43,14,10
2022,401391801,"2022-07-17","regular","Mercury","home",75,85,0,0.416666666666667,18,28,13,8
2022,401391802,"2022-07-17","regular","Fever","away",65,81,0,0.138888888888889,14,37,19,4
2022,401391802,"2022-07-17","regular","Storm","home",81,65,1,0.611111111111111,26,41,15,6
2022,401391803,"2022-07-19","regular","Liberty","away",63,82,0,0.444444444444444,18,26,18,9
2022,401391803,"2022-07-19","regular","Sun","home",82,63,1,0.694444444444444,20,39,12,5
2022,401391804,"2022-07-19","regular","Dream","away",92,76,1,0.388888888888889,24,40,16,15
2022,401391804,"2022-07-19","regular","Aces","home",76,92,0,0.72972972972973,18,29,12,10
2022,401391805,"2022-07-19","regular","Fever","away",79,86,0,0.138888888888889,19,32,24,6
2022,401391805,"2022-07-19","regular","Sparks","home",86,79,1,0.361111111111111,20,27,16,9
2022,401391806,"2022-07-20","regular","Storm","away",74,78,0,0.611111111111111,16,28,14,7
2022,401391806,"2022-07-20","regular","Sky","home",78,74,1,0.702702702702703,20,38,12,5
2022,401391807,"2022-07-21","regular","Liberty","away",69,78,0,0.444444444444444,17,32,15,8
2022,401391807,"2022-07-21","regular","Mystics","home",78,69,1,0.611111111111111,18,35,11,5
2022,401391808,"2022-07-21","regular","Dream","away",78,85,0,0.388888888888889,21,36,21,9
2022,401391808,"2022-07-21","regular","Sparks","home",85,78,1,0.361111111111111,22,25,12,6
2022,401391809,"2022-07-21","regular","Fever","away",77,90,0,0.138888888888889,22,33,17,9
2022,401391809,"2022-07-21","regular","Aces","home",90,77,1,0.72972972972973,23,43,16,8
2022,401391810,"2022-07-22","regular","Sun","away",94,84,1,0.694444444444444,27,22,9,10
2022,401391810,"2022-07-22","regular","Lynx","home",84,94,0,0.388888888888889,24,28,16,5
2022,401391811,"2022-07-22","regular","Wings","away",83,89,0,0.5,24,30,15,4
2022,401391811,"2022-07-22","regular","Sky","home",89,83,1,0.702702702702703,29,30,10,7
2022,401391812,"2022-07-22","regular","Storm","away",78,94,0,0.611111111111111,22,39,10,8
2022,401391812,"2022-07-22","regular","Mercury","home",94,78,1,0.416666666666667,20,34,13,14
2022,401391813,"2022-07-23","regular","Sky","away",80,83,0,0.702702702702703,16,36,8,3
2022,401391813,"2022-07-23","regular","Liberty","home",83,80,1,0.444444444444444,22,41,19,7
2022,401391814,"2022-07-23","regular","Sparks","away",66,84,0,0.361111111111111,12,32,14,2
2022,401391814,"2022-07-23","regular","Aces","home",84,66,1,0.72972972972973,20,38,9,10
2022,401391815,"2022-07-24","regular","Wings","away",96,86,1,0.5,24,30,14,4
2022,401391815,"2022-07-24","regular","Fever","home",86,96,0,0.138888888888889,20,29,17,6
2022,401391816,"2022-07-24","regular","Dream","away",72,82,0,0.388888888888889,21,46,11,6
2022,401391816,"2022-07-24","regular","Storm","home",82,72,1,0.611111111111111,20,39,12,9
2022,401391817,"2022-07-24","regular","Sun","away",86,79,1,0.694444444444444,22,40,18,8
2022,401391817,"2022-07-24","regular","Lynx","home",79,86,0,0.388888888888889,18,28,17,6
2022,401430112,"2022-07-26","regular","Aces","away",93,83,1,0.72972972972973,20,40,15,9
2022,401430112,"2022-07-26","regular","Sky","home",83,93,0,0.702702702702703,24,40,12,6
2022,401391818,"2022-07-28","regular","Lynx","away",92,85,1,0.388888888888889,21,38,16,8
2022,401391818,"2022-07-28","regular","Dream","home",85,92,0,0.388888888888889,13,30,10,5
2022,401391819,"2022-07-28","regular","Storm","away",83,88,0,0.611111111111111,18,28,15,9
2022,401391819,"2022-07-28","regular","Sun","home",88,83,1,0.694444444444444,22,31,16,8
2022,401391820,"2022-07-28","regular","Mystics","away",87,77,1,0.611111111111111,20,26,16,9
2022,401391820,"2022-07-28","regular","Wings","home",77,87,0,0.5,14,37,14,5
2022,401391821,"2022-07-28","regular","Sparks","away",80,90,0,0.361111111111111,18,31,17,3
2022,401391821,"2022-07-28","regular","Mercury","home",90,80,1,0.416666666666667,21,32,18,9
2022,401391822,"2022-07-29","regular","Aces","away",93,72,1,0.72972972972973,22,41,19,9
2022,401391822,"2022-07-29","regular","Fever","home",72,93,0,0.138888888888889,20,28,13,7
2022,401391823,"2022-07-29","regular","Liberty","away",81,89,0,0.444444444444444,22,31,18,7
2022,401391823,"2022-07-29","regular","Sky","home",89,81,1,0.702702702702703,22,33,13,7
2022,401391824,"2022-07-30","regular","Storm","away",82,77,1,0.611111111111111,21,35,13,6
2022,401391824,"2022-07-30","regular","Mystics","home",77,82,0,0.611111111111111,18,37,14,6
2022,401391825,"2022-07-30","regular","Wings","away",81,68,1,0.5,24,32,11,7
2022,401391825,"2022-07-30","regular","Dream","home",68,81,0,0.388888888888889,11,32,19,7
2022,401391826,"2022-07-31","regular","Sky","away",95,92,1,0.702702702702703,29,32,19,5
2022,401391826,"2022-07-31","regular","Sun","home",92,95,0,0.694444444444444,25,41,15,4
2022,401391827,"2022-07-31","regular","Mercury","away",69,89,0,0.416666666666667,20,26,12,6
2022,401391827,"2022-07-31","regular","Liberty","home",89,69,1,0.444444444444444,32,42,16,12
2022,401391828,"2022-07-31","regular","Aces","away",94,69,1,0.72972972972973,23,37,9,6
2022,401391828,"2022-07-31","regular","Fever","home",69,94,0,0.138888888888889,10,39,14,7
2022,401391829,"2022-07-31","regular","Storm","away",75,78,0,0.611111111111111,22,26,10,8
2022,401391829,"2022-07-31","regular","Mystics","home",78,75,1,0.611111111111111,19,34,9,6
2022,401391830,"2022-07-31","regular","Lynx","away",84,77,1,0.388888888888889,23,38,19,6
2022,401391830,"2022-07-31","regular","Sparks","home",77,84,0,0.361111111111111,20,29,7,6
2022,401391831,"2022-08-02","regular","Mercury","away",63,87,0,0.416666666666667,13,33,18,6
2022,401391831,"2022-08-02","regular","Sun","home",87,63,1,0.694444444444444,24,44,11,7
2022,401391832,"2022-08-02","regular","Sparks","away",73,102,0,0.361111111111111,17,26,11,2
2022,401391832,"2022-08-02","regular","Liberty","home",102,73,1,0.444444444444444,25,39,19,11
2022,401391833,"2022-08-02","regular","Aces","away",73,83,0,0.72972972972973,14,30,8,9
2022,401391833,"2022-08-02","regular","Mystics","home",83,73,1,0.611111111111111,25,38,9,9
2022,401391834,"2022-08-02","regular","Wings","away",84,78,1,0.5,21,34,9,3
2022,401391834,"2022-08-02","regular","Sky","home",78,84,0,0.702702702702703,25,33,15,6
2022,401391835,"2022-08-03","regular","Fever","away",81,91,0,0.138888888888889,15,36,18,5
2022,401391835,"2022-08-03","regular","Dream","home",91,81,1,0.388888888888889,27,35,17,8
2022,401391836,"2022-08-03","regular","Sparks","away",61,64,0,0.361111111111111,17,34,16,4
2022,401391836,"2022-08-03","regular","Liberty","home",64,61,1,0.444444444444444,17,39,10,7
2022,401391837,"2022-08-03","regular","Lynx","away",77,89,0,0.388888888888889,25,33,15,6
2022,401391837,"2022-08-03","regular","Storm","home",89,77,1,0.611111111111111,28,33,11,11
2022,401391838,"2022-08-04","regular","Mercury","away",64,77,0,0.416666666666667,18,29,14,9
2022,401391838,"2022-08-04","regular","Sun","home",77,64,1,0.694444444444444,14,54,18,6
2022,401391839,"2022-08-04","regular","Aces","away",80,82,0,0.72972972972973,20,32,9,10
2022,401391839,"2022-08-04","regular","Wings","home",82,80,1,0.5,22,37,8,6
2022,401391840,"2022-08-05","regular","Sparks","away",86,88,0,0.361111111111111,22,31,8,3
2022,401391840,"2022-08-05","regular","Dream","home",88,86,1,0.388888888888889,13,32,15,6
2022,401391841,"2022-08-05","regular","Mystics","away",83,93,0,0.611111111111111,21,32,11,8
2022,401391841,"2022-08-05","regular","Sky","home",93,83,1,0.702702702702703,27,34,7,9
2022,401391842,"2022-08-06","regular","Fever","away",91,95,0,0.138888888888889,18,30,19,6
2022,401391842,"2022-08-06","regular","Wings","home",95,91,1,0.5,17,34,14,7
2022,401391843,"2022-08-06","regular","Liberty","away",62,76,0,0.444444444444444,18,35,12,7
2022,401391843,"2022-08-06","regular","Mercury","home",76,62,1,0.416666666666667,15,40,13,8
2022,401391844,"2022-08-07","regular","Sun","away",91,94,0,0.694444444444444,27,34,13,5
2022,401391844,"2022-08-07","regular","Sky","home",94,91,1,0.702702702702703,27,26,15,10
2022,401391845,"2022-08-07","regular","Sparks","away",79,76,1,0.361111111111111,18,29,7,5
2022,401391845,"2022-08-07","regular","Mystics","home",76,79,0,0.611111111111111,15,40,10,3
2022,401391846,"2022-08-07","regular","Aces","away",89,81,1,0.72972972972973,24,35,5,7
2022,401391846,"2022-08-07","regular","Storm","home",81,89,0,0.611111111111111,21,39,14,8
2022,401391847,"2022-08-07","regular","Dream","away",71,81,0,0.388888888888889,18,32,10,7
2022,401391847,"2022-08-07","regular","Lynx","home",81,71,1,0.388888888888889,26,33,13,12
2022,401391848,"2022-08-08","regular","Liberty","away",77,86,0,0.444444444444444,15,28,14,11
2022,401391848,"2022-08-08","regular","Wings","home",86,77,1,0.5,15,31,10,8
2022,401391849,"2022-08-09","regular","Storm","away",111,100,1,0.611111111111111,37,28,8,11
2022,401391849,"2022-08-09","regular","Sky","home",100,111,0,0.702702702702703,30,30,13,7
2022,401391850,"2022-08-09","regular","Dream","away",90,97,0,0.388888888888889,22,29,10,9
2022,401391850,"2022-08-09","regular","Aces","home",97,90,1,0.72972972972973,22,32,10,14
2022,401391851,"2022-08-09","regular","Sun","away",97,71,1,0.694444444444444,21,41,18,8
2022,401391851,"2022-08-09","regular","Sparks","home",71,97,0,0.361111111111111,15,23,19,6
2022,401391852,"2022-08-10","regular","Liberty","away",91,73,1,0.444444444444444,21,32,12,13
2022,401391852,"2022-08-10","regular","Wings","home",73,91,0,0.5,12,33,9,7
2022,401391853,"2022-08-10","regular","Lynx","away",86,77,1,0.388888888888889,21,38,12,6
2022,401391853,"2022-08-10","regular","Mercury","home",77,86,0,0.416666666666667,20,27,12,13
2022,401391854,"2022-08-11","regular","Sky","away",78,89,0,0.702702702702703,23,35,17,3
2022,401391854,"2022-08-11","regular","Aces","home",89,78,1,0.72972972972973,17,29,9,9
2022,401391855,"2022-08-11","regular","Sun","away",93,69,1,0.694444444444444,25,42,19,7
2022,401391855,"2022-08-11","regular","Sparks","home",69,93,0,0.361111111111111,16,24,17,5
2022,401391856,"2022-08-12","regular","Mystics","away",82,70,1,0.611111111111111,26,39,14,4
2022,401391856,"2022-08-12","regular","Fever","home",70,82,0,0.138888888888889,17,26,14,8
2022,401391857,"2022-08-12","regular","Liberty","away",80,70,1,0.444444444444444,20,37,11,4
2022,401391857,"2022-08-12","regular","Dream","home",70,80,0,0.388888888888889,13,36,12,5
2022,401391858,"2022-08-12","regular","Storm","away",96,69,1,0.611111111111111,29,39,11,12
2022,401391858,"2022-08-12","regular","Lynx","home",69,96,0,0.388888888888889,16,30,14,4
2022,401391859,"2022-08-12","regular","Wings","away",74,86,0,0.5,17,31,16,9
2022,401391859,"2022-08-12","regular","Mercury","home",86,74,1,0.416666666666667,25,25,9,11
2022,401391860,"2022-08-14","regular","Lynx","away",83,90,0,0.388888888888889,15,32,12,11
2022,401391860,"2022-08-14","regular","Sun","home",90,83,1,0.694444444444444,24,36,9,5
2022,401391861,"2022-08-14","regular","Dream","away",83,87,0,0.388888888888889,20,38,10,10
2022,401391861,"2022-08-14","regular","Liberty","home",87,83,1,0.444444444444444,23,34,16,15
2022,401391862,"2022-08-14","regular","Fever","away",83,95,0,0.138888888888889,16,25,19,8
2022,401391862,"2022-08-14","regular","Mystics","home",95,83,1,0.611111111111111,21,24,11,7
2022,401391863,"2022-08-14","regular","Sky","away",82,67,1,0.702702702702703,26,26,12,11
2022,401391863,"2022-08-14","regular","Mercury","home",67,82,0,0.416666666666667,17,35,18,3
2022,401391864,"2022-08-14","regular","Storm","away",100,109,0,0.611111111111111,22,40,18,18
2022,401391864,"2022-08-14","regular","Aces","home",109,100,1,0.72972972972973,26,33,10,11
2022,401391865,"2022-08-14","regular","Wings","away",116,88,1,0.5,33,32,13,11
2022,401391865,"2022-08-14","regular","Sparks","home",88,116,0,0.361111111111111,17,23,8,8
2022,401455627,"2022-08-17","playoff","Liberty","away",98,91,1,0.444444444444444,28,34,8,11
2022,401455627,"2022-08-17","playoff","Sky","home",91,98,0,0.702702702702703,21,37,10,7
2022,401455628,"2022-08-17","playoff","Mercury","away",63,79,0,0.416666666666667,15,38,9,5
2022,401455628,"2022-08-17","playoff","Aces","home",79,63,1,0.72972972972973,16,42,10,9
2022,401455629,"2022-08-18","playoff","Wings","away",68,93,0,0.5,11,28,15,5
2022,401455629,"2022-08-18","playoff","Sun","home",93,68,1,0.694444444444444,25,35,9,5
2022,401455650,"2022-08-18","playoff","Mystics","away",83,86,0,0.611111111111111,16,27,12,7
2022,401455650,"2022-08-18","playoff","Storm","home",86,83,1,0.611111111111111,21,31,13,10
2022,401455651,"2022-08-20","playoff","Liberty","away",62,100,0,0.444444444444444,15,28,19,3
2022,401455651,"2022-08-20","playoff","Sky","home",100,62,1,0.702702702702703,28,45,10,6
2022,401455652,"2022-08-20","playoff","Mercury","away",80,117,0,0.416666666666667,17,31,13,5
2022,401455652,"2022-08-20","playoff","Aces","home",117,80,1,0.72972972972973,31,30,12,23
2022,401455653,"2022-08-21","playoff","Wings","away",89,79,1,0.5,28,35,8,11
2022,401455653,"2022-08-21","playoff","Sun","home",79,89,0,0.694444444444444,21,32,10,4
2022,401455654,"2022-08-21","playoff","Mystics","away",84,97,0,0.611111111111111,25,25,8,14
2022,401455654,"2022-08-21","playoff","Storm","home",97,84,1,0.611111111111111,26,33,8,12
2022,401455657,"2022-08-23","playoff","Sky","away",90,72,1,0.702702702702703,27,39,7,8
2022,401455657,"2022-08-23","playoff","Liberty","home",72,90,0,0.444444444444444,18,33,14,7
2022,401455659,"2022-08-24","playoff","Sun","away",73,58,1,0.694444444444444,14,40,13,4
2022,401455659,"2022-08-24","playoff","Wings","home",58,73,0,0.5,14,31,19,4
2022,401455660,"2022-08-28","playoff","Storm","away",76,73,1,0.611111111111111,23,37,7,5
2022,401455660,"2022-08-28","playoff","Aces","home",73,76,0,0.72972972972973,16,34,11,6
2022,401455661,"2022-08-28","playoff","Sun","away",68,63,1,0.694444444444444,23,47,9,3
2022,401455661,"2022-08-28","playoff","Sky","home",63,68,0,0.702702702702703,20,36,11,8
2022,401455671,"2022-08-31","playoff","Sun","away",77,85,0,0.694444444444444,19,39,12,5
2022,401455671,"2022-08-31","playoff","Sky","home",85,77,1,0.702702702702703,22,29,12,6
2022,401455674,"2022-08-31","playoff","Storm","away",73,78,0,0.611111111111111,18,34,5,6
2022,401455674,"2022-08-31","playoff","Aces","home",78,73,1,0.72972972972973,13,38,8,6
2022,401455675,"2022-09-04","playoff","Sky","away",76,72,1,0.702702702702703,20,35,8,6
2022,401455675,"2022-09-04","playoff","Sun","home",72,76,0,0.694444444444444,19,46,17,5
2022,401455676,"2022-09-04","playoff","Aces","away",110,98,1,0.72972972972973,26,46,8,12
2022,401455676,"2022-09-04","playoff","Storm","home",98,110,0,0.611111111111111,27,31,8,10
2022,401455677,"2022-09-06","playoff","Sky","away",80,104,0,0.702702702702703,23,23,15,8
2022,401455677,"2022-09-06","playoff","Sun","home",104,80,1,0.694444444444444,22,39,13,6
2022,401455678,"2022-09-06","playoff","Aces","away",97,92,1,0.72972972972973,19,34,11,10
2022,401455678,"2022-09-06","playoff","Storm","home",92,97,0,0.611111111111111,18,34,9,11
2022,401455679,"2022-09-08","playoff","Sun","away",72,63,1,0.694444444444444,25,43,23,2
2022,401455679,"2022-09-08","playoff","Sky","home",63,72,0,0.702702702702703,18,28,13,8
2022,401455681,"2022-09-11","playoff","Sun","away",64,67,0,0.694444444444444,18,38,7,5
2022,401455681,"2022-09-11","playoff","Aces","home",67,64,1,0.72972972972973,8,33,10,5
2022,401455682,"2022-09-13","playoff","Sun","away",71,85,0,0.694444444444444,19,34,8,3
2022,401455682,"2022-09-13","playoff","Aces","home",85,71,1,0.72972972972973,21,34,7,6
2022,401455683,"2022-09-15","playoff","Aces","away",76,105,0,0.72972972972973,19,24,14,11
2022,401455683,"2022-09-15","playoff","Sun","home",105,76,1,0.694444444444444,32,38,9,8
2022,401455684,"2022-09-18","playoff","Aces","away",78,71,1,0.72972972972973,18,32,12,10
2022,401455684,"2022-09-18","playoff","Sun","home",71,78,0,0.694444444444444,19,34,15,6
2023,401507130,"2023-05-19","regular","Sun","away",70,61,1,0.675,15,43,16,4
2023,401507130,"2023-05-19","regular","Fever","home",61,70,0,0.325,15,35,19,6
2023,401507131,"2023-05-19","regular","Liberty","away",64,80,0,0.804878048780488,18,40,20,7
2023,401507131,"2023-05-19","regular","Mystics","home",80,64,1,0.475,23,32,12,6
2023,401507132,"2023-05-19","regular","Sky","away",77,66,1,0.45,23,35,12,9
2023,401507132,"2023-05-19","regular","Lynx","home",66,77,0,0.475,16,40,20,6
2023,401507133,"2023-05-19","regular","Mercury","away",71,94,0,0.225,18,34,19,6
2023,401507133,"2023-05-19","regular","Sparks","home",94,71,1,0.425,20,32,6,9
2023,401507134,"2023-05-20","regular","Aces","away",105,64,1,0.829268292682927,22,50,14,11
2023,401507134,"2023-05-20","regular","Storm","home",64,105,0,0.275,12,32,13,5
2023,401507135,"2023-05-20","regular","Dream","away",78,85,0,0.475,18,45,19,9
2023,401507135,"2023-05-20","regular","Wings","home",85,78,1,0.55,13,40,16,9
2023,401507136,"2023-05-21","regular","Mystics","away",74,80,0,0.475,18,38,11,3
2023,401507136,"2023-05-21","regular","Sun","home",80,74,1,0.675,17,46,8,5
2023,401507137,"2023-05-21","regular","Fever","away",73,90,0,0.325,11,35,15,5
2023,401507137,"2023-05-21","regular","Liberty","home",90,73,1,0.804878048780488,28,36,17,14
2023,401507138,"2023-05-21","regular","Sky","away",75,69,1,0.45,19,39,11,6
2023,401507138,"2023-05-21","regular","Mercury","home",69,75,0,0.225,17,29,18,5
2023,401507139,"2023-05-23","regular","Sun","away",88,81,1,0.675,21,30,13,8
2023,401507139,"2023-05-23","regular","Mystics","home",81,88,0,0.475,18,33,14,8
2023,401507140,"2023-05-23","regular","Dream","away",83,77,1,0.475,21,33,16,7
2023,401507140,"2023-05-23","regular","Lynx","home",77,83,0,0.475,23,33,14,6
2023,401507141,"2023-05-25","regular","Aces","away",94,85,1,0.829268292682927,18,37,20,10
2023,401507141,"2023-05-25","regular","Sparks","home",85,94,0,0.425,23,30,11,7
2023,401507142,"2023-05-25","regular","Lynx","away",81,90,0,0.475,17,25,11,3
2023,401507142,"2023-05-25","regular","Mercury","home",90,81,1,0.225,23,33,18,13
2023,401507143,"2023-05-26","regular","Mystics","away",71,69,1,0.475,19,33,15,7
2023,401507143,"2023-05-26","regular","Sky","home",69,71,0,0.45,20,32,21,6
2023,401507144,"2023-05-26","regular","Wings","away",95,91,1,0.55,19,32,13,8
2023,401507144,"2023-05-26","regular","Storm","home",91,95,0,0.275,14,34,13,10
2023,401507145,"2023-05-27","regular","Sun","away",65,81,0,0.675,13,33,14,8
2023,401507145,"2023-05-27","regular","Liberty","home",81,65,1,0.804878048780488,25,39,13,9
2023,401507146,"2023-05-27","regular","Sparks","away",65,93,0,0.425,18,33,19,8
2023,401507146,"2023-05-27","regular","Aces","home",93,65,1,0.829268292682927,25,38,9,9
2023,401507147,"2023-05-28","regular","Fever","away",90,87,1,0.325,20,43,12,11
2023,401507147,"2023-05-28","regular","Dream","home",87,90,0,0.475,16,29,11,8
2023,401507148,"2023-05-28","regular","Wings","away",88,94,0,0.55,16,32,10,9
2023,401507148,"2023-05-28","regular","Sky","home",94,88,1,0.45,24,44,16,6
2023,401507149,"2023-05-28","regular","Lynx","away",73,94,0,0.475,16,40,13,7
2023,401507149,"2023-05-28","regular","Aces","home",94,73,1,0.829268292682927,25,36,10,14
2023,401507150,"2023-05-30","regular","Sky","away",65,83,0,0.45,16,44,15,6
2023,401507150,"2023-05-30","regular","Dream","home",83,65,1,0.475,15,41,9,5
2023,401507151,"2023-05-30","regular","Fever","away",78,81,0,0.325,16,37,10,4
2023,401507151,"2023-05-30","regular","Sun","home",81,78,1,0.675,22,45,11,7
2023,401507152,"2023-05-30","regular","Lynx","away",89,94,0,0.475,21,34,15,9
2023,401507152,"2023-05-30","regular","Wings","home",94,89,1,0.55,22,36,9,8
2023,401507153,"2023-05-30","regular","Liberty","away",86,78,1,0.804878048780488,23,32,13,9
2023,401507153,"2023-05-30","regular","Storm","home",78,86,0,0.275,16,35,7,6
2023,401507154,"2023-06-01","regular","Sun","away",89,84,1,0.675,27,29,11,7
2023,401507154,"2023-06-01","regular","Lynx","home",84,89,0,0.475,16,32,14,8
2023,401507155,"2023-06-02","regular","Wings","away",74,75,0,0.55,18,45,10,9
2023,401507155,"2023-06-02","regular","Mystics","home",75,74,1,0.475,16,40,15,8
2023,401507156,"2023-06-02","regular","Aces","away",92,87,1,0.829268292682927,17,31,11,6
2023,401507156,"2023-06-02","regular","Dream","home",87,92,0,0.475,26,36,15,10
2023,401507157,"2023-06-02","regular","Liberty","away",77,76,1,0.804878048780488,23,28,11,9
2023,401507157,"2023-06-02","regular","Sky","home",76,77,0,0.45,20,38,13,11
2023,401507158,"2023-06-02","regular","Sparks","away",99,93,1,0.425,22,29,13,8
2023,401507158,"2023-06-02","regular","Mercury","home",93,99,0,0.225,21,29,20,8
2023,401507159,"2023-06-03","regular","Lynx","away",80,78,1,0.475,19,39,16,9
2023,401507159,"2023-06-03","regular","Mystics","home",78,80,0,0.475,16,31,8,9
2023,401507160,"2023-06-03","regular","Storm","away",85,92,0,0.275,18,37,16,13
2023,401507160,"2023-06-03","regular","Sparks","home",92,85,1,0.425,24,34,7,7
2023,401507161,"2023-06-04","regular","Wings","away",74,80,0,0.55,17,33,17,9
2023,401507161,"2023-06-04","regular","Sun","home",80,74,1,0.675,21,34,17,5
2023,401507162,"2023-06-04","regular","Sky","away",86,82,1,0.45,19,34,12,9
2023,401507162,"2023-06-04","regular","Liberty","home",82,86,0,0.804878048780488,25,41,16,6
2023,401507163,"2023-06-04","regular","Aces","away",84,80,1,0.829268292682927,21,35,5,4
2023,401507163,"2023-06-04","regular","Fever","home",80,84,0,0.325,17,39,11,11
2023,401507164,"2023-06-06","regular","Aces","away",90,84,1,0.829268292682927,25,31,14,4
2023,401507164,"2023-06-06","regular","Sun","home",84,90,0,0.675,22,34,15,10
2023,401507165,"2023-06-06","regular","Fever","away",103,108,0,0.325,24,35,15,9
2023,401507165,"2023-06-06","regular","Sky","home",108,103,1,0.45,26,25,4,9
2023,401507166,"2023-06-06","regular","Sparks","away",63,66,0,0.425,19,33,21,5
2023,401507166,"2023-06-06","regular","Storm","home",66,63,1,0.275,10,37,13,4
2023,401507168,"2023-06-07","regular","Mercury","away",79,84,0,0.225,25,26,15,7
2023,401507168,"2023-06-07","regular","Wings","home",84,79,1,0.55,13,50,17,4
2023,401507169,"2023-06-08","regular","Aces","away",77,94,0,0.829268292682927,18,26,16,9
2023,401507169,"2023-06-08","regular","Sun","home",94,77,1,0.675,28,34,12,8
2023,401507170,"2023-06-09","regular","Liberty","away",106,83,1,0.804878048780488,23,37,10,14
2023,401507170,"2023-06-09","regular","Dream","home",83,106,0,0.475,17,34,17,9
2023,401507171,"2023-06-09","regular","Mercury","away",77,90,0,0.225,23,31,16,4
2023,401507171,"2023-06-09","regular","Wings","home",90,77,1,0.55,22,41,14,8
2023,401507172,"2023-06-09","regular","Fever","away",71,69,1,0.325,18,34,11,6
2023,401507172,"2023-06-09","regular","Lynx","home",69,71,0,0.475,17,38,13,5
2023,401507173,"2023-06-09","regular","Sky","away",62,77,0,0.45,15,34,16,4
2023,401507173,"2023-06-09","regular","Sparks","home",77,62,1,0.425,16,42,10,3
2023,401507174,"2023-06-09","regular","Mystics","away",73,66,1,0.475,19,41,14,6
2023,401507174,"2023-06-09","regular","Storm","home",66,73,0,0.275,17,30,16,6
2023,401507175,"2023-06-11","regular","Wings","away",93,102,0,0.55,20,37,4,6
2023,401507175,"2023-06-11","regular","Liberty","home",102,93,1,0.804878048780488,31,38,11,13
2023,401507176,"2023-06-11","regular","Sky","away",80,93,0,0.45,19,27,13,7
2023,401507176,"2023-06-11","regular","Aces","home",93,80,1,0.829268292682927,21,33,14,6
2023,401507177,"2023-06-11","regular","Sun","away",89,77,1,0.675,21,34,16,4
2023,401507177,"2023-06-11","regular","Dream","home",77,89,0,0.475,15,37,26,5
2023,401507178,"2023-06-11","regular","Mercury","away",85,82,1,0.225,20,29,10,9
2023,401507178,"2023-06-11","regular","Fever","home",82,85,0,0.325,22,31,11,4
2023,401507179,"2023-06-11","regular","Mystics","away",71,65,1,0.475,14,40,18,11
2023,401507179,"2023-06-11","regular","Storm","home",65,71,0,0.275,18,30,13,5
2023,401507180,"2023-06-11","regular","Sparks","away",86,91,0,0.425,26,26,10,9
2023,401507180,"2023-06-11","regular","Lynx","home",91,86,1,0.475,20,38,12,7
2023,401507181,"2023-06-13","regular","Mystics","away",66,87,0,0.475,16,27,12,7
2023,401507181,"2023-06-13","regular","Fever","home",87,66,1,0.325,17,46,12,4
2023,401507182,"2023-06-13","regular","Dream","away",86,79,1,0.475,15,42,14,8
2023,401507182,"2023-06-13","regular","Liberty","home",79,86,0,0.804878048780488,19,33,13,8
2023,401507183,"2023-06-13","regular","Storm","away",83,69,1,0.275,21,38,9,12
2023,401507183,"2023-06-13","regular","Mercury","home",69,83,0,0.225,19,32,16,6
2023,401507184,"2023-06-14","regular","Sparks","away",79,61,1,0.425,16,29,9,6
2023,401507184,"2023-06-14","regular","Wings","home",61,79,0,0.55,14,38,17,4
2023,401507185,"2023-06-15","regular","Dream","away",92,88,1,0.475,23,38,18,4
2023,401507185,"2023-06-15","regular","Sun","home",88,92,0,0.675,22,30,10,4
2023,401507186,"2023-06-15","regular","Fever","away",92,90,1,0.325,17,26,9,5
2023,401507186,"2023-06-15","regular","Sky","home",90,92,0,0.45,22,28,10,12
2023,401507187,"2023-06-15","regular","Storm","away",63,96,0,0.275,12,28,16,5
2023,401507187,"2023-06-15","regular","Aces","home",96,63,1,0.829268292682927,25,37,11,12
2023,401507188,"2023-06-16","regular","Mercury","away",69,88,0,0.225,20,27,17,7
2023,401507188,"2023-06-16","regular","Mystics","home",88,69,1,0.475,22,34,14,11
2023,401507189,"2023-06-16","regular","Lynx","away",77,72,1,0.475,19,29,14,6
2023,401507189,"2023-06-16","regular","Sparks","home",72,77,0,0.425,18,28,12,9
2023,401507190,"2023-06-17","regular","Storm","away",109,103,1,0.275,22,29,14,17
2023,401507190,"2023-06-17","regular","Wings","home",103,109,0,0.55,23,31,10,10
2023,401507191,"2023-06-18","regular","Mercury","away",71,89,0,0.225,16,27,12,7
2023,401507191,"2023-06-18","regular","Liberty","home",89,71,1,0.804878048780488,25,39,16,9
2023,401507192,"2023-06-18","regular","Sky","away",69,77,0,0.45,19,40,20,6
2023,401507192,"2023-06-18","regular","Mystics","home",77,69,1,0.475,16,25,5,5
2023,401507193,"2023-06-18","regular","Dream","away",100,94,1,0.475,19,31,16,7
2023,401507193,"2023-06-18","regular","Fever","home",94,100,0,0.325,19,34,15,4
2023,401507194,"2023-06-18","regular","Sun","away",83,74,1,0.675,24,29,12,6
2023,401507194,"2023-06-18","regular","Sparks","home",74,83,0,0.425,18,34,15,4
2023,401507195,"2023-06-18","regular","Lynx","away",62,93,0,0.475,12,42,10,4
2023,401507195,"2023-06-18","regular","Aces","home",93,62,1,0.829268292682927,18,39,5,10
2023,401507196,"2023-06-20","regular","Dream","away",73,85,0,0.475,15,33,13,4
2023,401507196,"2023-06-20","regular","Wings","home",85,73,1,0.55,19,46,16,6
2023,401507197,"2023-06-20","regular","Lynx","away",67,61,1,0.475,20,35,10,6
2023,401507197,"2023-06-20","regular","Sparks","home",61,67,0,0.425,14,37,17,8
2023,401507198,"2023-06-20","regular","Sun","away",85,79,1,0.675,25,38,12,5
2023,401507198,"2023-06-20","regular","Storm","home",79,85,0,0.275,18,34,15,8
2023,401507199,"2023-06-21","regular","Aces","away",99,79,1,0.829268292682927,29,32,9,11
2023,401507199,"2023-06-21","regular","Mercury","home",79,99,0,0.225,16,26,10,5
2023,401507200,"2023-06-22","regular","Mystics","away",80,59,1,0.475,20,41,13,6
2023,401507200,"2023-06-22","regular","Sky","home",59,80,0,0.45,14,30,18,4
2023,401507201,"2023-06-22","regular","Sun","away",89,68,1,0.675,14,40,14,12
2023,401507201,"2023-06-22","regular","Lynx","home",68,89,0,0.475,20,37,9,4
2023,401507202,"2023-06-22","regular","Fever","away",80,68,1,0.325,19,47,17,10
2023,401507202,"2023-06-22","regular","Storm","home",68,80,0,0.275,15,29,10,11
2023,401507203,"2023-06-23","regular","Liberty","away",110,80,1,0.804878048780488,29,42,15,17
2023,401507203,"2023-06-23","regular","Dream","home",80,110,0,0.475,15,37,20,5
2023,401507204,"2023-06-23","regular","Wings","away",74,76,0,0.55,11,48,18,5
2023,401507204,"2023-06-23","regular","Sparks","home",76,74,1,0.425,16,32,13,2
2023,401507205,"2023-06-24","regular","Fever","away",88,101,0,0.325,22,31,15,6
2023,401507205,"2023-06-24","regular","Aces","home",101,88,1,0.829268292682927,27,31,12,11
2023,401507206,"2023-06-24","regular","Mercury","away",74,97,0,0.225,15,28,20,4
2023,401507206,"2023-06-24","regular","Storm","home",97,74,1,0.275,23,33,11,13
2023,401507207,"2023-06-25","regular","Sky","away",72,96,0,0.45,23,30,19,4
2023,401507207,"2023-06-25","regular","Sun","home",96,72,1,0.675,30,38,14,8
2023,401507208,"2023-06-25","regular","Mystics","away",88,89,0,0.475,19,29,13,9
2023,401507208,"2023-06-25","regular","Liberty","home",89,88,1,0.804878048780488,19,45,17,12
2023,401507209,"2023-06-25","regular","Wings","away",83,93,0,0.55,20,35,13,6
2023,401507209,"2023-06-25","regular","Sparks","home",93,83,1,0.425,25,32,13,8
2023,401507210,"2023-06-26","regular","Fever","away",80,88,0,0.325,12,39,8,6
2023,401507210,"2023-06-26","regular","Aces","home",88,80,1,0.829268292682927,15,39,15,7
2023,401507211,"2023-06-27","regular","Liberty","away",89,81,1,0.804878048780488,24,38,9,9
2023,401507211,"2023-06-27","regular","Sun","home",81,89,0,0.675,18,34,5,6
2023,401507212,"2023-06-27","regular","Storm","away",93,104,0,0.275,21,33,7,13
2023,401507212,"2023-06-27","regular","Lynx","home",104,93,1,0.475,25,38,8,8
2023,401507213,"2023-06-27","regular","Wings","away",77,62,1,0.55,20,37,17,5
2023,401507213,"2023-06-27","regular","Mercury","home",62,77,0,0.225,18,25,16,3
2023,401507214,"2023-06-28","regular","Sparks","away",63,80,0,0.425,17,34,16,4
2023,401507214,"2023-06-28","regular","Sky","home",80,63,1,0.45,16,35,12,9
2023,401507215,"2023-06-28","regular","Dream","away",86,109,0,0.475,21,32,10,5
2023,401507215,"2023-06-28","regular","Mystics","home",109,86,1,0.475,26,41,14,11
2023,401507216,"2023-06-29","regular","Liberty","away",81,98,0,0.804878048780488,21,31,15,8
2023,401507216,"2023-06-29","regular","Aces","home",98,81,1,0.829268292682927,32,27,7,9
2023,401507217,"2023-06-29","regular","Fever","away",63,85,0,0.325,17,33,16,6
2023,401507217,"2023-06-29","regular","Mercury","home",85,63,1,0.225,28,30,14,6
2023,401507218,"2023-06-29","regular","Lynx","away",99,97,1,0.475,25,36,10,9
2023,401507218,"2023-06-29","regular","Storm","home",97,99,0,0.275,21,48,18,13
2023,401507219,"2023-06-30","regular","Mystics","away",89,94,0,0.475,14,34,14,3
2023,401507219,"2023-06-30","regular","Dream","home",94,89,1,0.475,19,31,10,7
2023,401507220,"2023-06-30","regular","Sparks","away",78,86,0,0.425,16,30,13,4
2023,401507220,"2023-06-30","regular","Sky","home",86,78,1,0.45,28,31,15,7
2023,401507221,"2023-07-01","regular","Sun","away",84,102,0,0.675,22,24,11,6
2023,401507221,"2023-07-01","regular","Aces","home",102,84,1,0.829268292682927,25,42,12,7
2023,401507222,"2023-07-01","regular","Lynx","away",86,76,1,0.475,16,30,12,6
2023,401507222,"2023-07-01","regular","Mercury","home",76,86,0,0.225,19,35,22,6
2023,401507223,"2023-07-02","regular","Sparks","away",84,112,0,0.425,17,33,13,5
2023,401507223,"2023-07-02","regular","Dream","home",112,84,1,0.475,18,40,13,9
2023,401507224,"2023-07-02","regular","Sky","away",89,87,1,0.45,22,31,13,12
2023,401507224,"2023-07-02","regular","Fever","home",87,89,0,0.325,21,35,15,5
2023,401507225,"2023-07-02","regular","Mystics","away",72,89,0,0.475,19,24,9,4
2023,401507225,"2023-07-02","regular","Wings","home",89,72,1,0.55,25,54,18,6
2023,401507226,"2023-07-02","regular","Liberty","away",81,66,1,0.804878048780488,30,37,14,8
2023,401507226,"2023-07-02","regular","Storm","home",66,81,0,0.275,16,33,19,9
2023,401507227,"2023-07-05","regular","Mercury","away",95,99,0,0.225,23,25,15,9
2023,401507227,"2023-07-05","regular","Liberty","home",99,95,1,0.804878048780488,27,30,15,11
2023,401507228,"2023-07-05","regular","Fever","away",83,90,0,0.325,15,30,16,4
2023,401507228,"2023-07-05","regular","Lynx","home",90,83,1,0.475,20,26,18,7
2023,401507229,"2023-07-05","regular","Wings","away",82,89,0,0.55,18,39,8,6
2023,401507229,"2023-07-05","regular","Aces","home",89,82,1,0.829268292682927,17,39,13,9
2023,401507230,"2023-07-05","regular","Dream","away",90,79,1,0.475,30,39,8,10
2023,401507230,"2023-07-05","regular","Sparks","home",79,90,0,0.425,20,33,11,6
2023,401507231,"2023-07-06","regular","Storm","away",73,93,0,0.275,17,31,20,8
2023,401507231,"2023-07-06","regular","Sun","home",93,73,1,0.675,24,30,17,9
2023,401507232,"2023-07-07","regular","Fever","away",88,96,0,0.325,24,28,13,9
2023,401507232,"2023-07-07","regular","Mystics","home",96,88,1,0.475,14,31,7,7
2023,401507233,"2023-07-07","regular","Dream","away",82,68,1,0.475,17,42,16,6
2023,401507233,"2023-07-07","regular","Sky","home",68,82,0,0.45,18,31,12,7
2023,401507234,"2023-07-07","regular","Aces","away",78,80,0,0.829268292682927,14,25,17,10
2023,401507234,"2023-07-07","regular","Wings","home",80,78,1,0.55,21,36,16,3
2023,401507235,"2023-07-07","regular","Mercury","away",64,75,0,0.225,17,30,19,6
2023,401507235,"2023-07-07","regular","Lynx","home",75,64,1,0.475,20,38,15,7
2023,401507236,"2023-07-08","regular","Storm","away",76,80,0,0.275,19,48,15,6
2023,401507236,"2023-07-08","regular","Liberty","home",80,76,1,0.804878048780488,23,30,13,13
2023,401507237,"2023-07-09","regular","Mystics","away",84,92,0,0.475,24,31,17,7
2023,401507237,"2023-07-09","regular","Sun","home",92,84,1,0.675,18,24,11,13
2023,401507238,"2023-07-09","regular","Wings","away",77,76,1,0.55,18,33,13,2
2023,401507238,"2023-07-09","regular","Fever","home",76,77,0,0.325,18,35,17,3
2023,401507239,"2023-07-09","regular","Sparks","away",72,78,0,0.425,15,30,11,8
2023,401507239,"2023-07-09","regular","Mercury","home",78,72,1,0.225,22,37,17,5
2023,401507240,"2023-07-09","regular","Aces","away",113,89,1,0.829268292682927,31,34,11,17
2023,401507240,"2023-07-09","regular","Lynx","home",89,113,0,0.475,24,26,13,9
2023,401507241,"2023-07-09","regular","Dream","away",88,77,1,0.475,24,42,10,6
2023,401507241,"2023-07-09","regular","Sky","home",77,88,0,0.45,20,30,10,6
2023,401507242,"2023-07-11","regular","Storm","away",86,93,0,0.275,18,31,15,12
2023,401507242,"2023-07-11","regular","Mystics","home",93,86,1,0.475,19,31,12,9
2023,401507243,"2023-07-11","regular","Mercury","away",72,98,0,0.225,15,38,9,6
2023,401507243,"2023-07-11","regular","Aces","home",98,72,1,0.829268292682927,24,35,3,9
2023,401507244,"2023-07-12","regular","Liberty","away",95,87,1,0.804878048780488,27,47,19,12
2023,401507244,"2023-07-12","regular","Fever","home",87,95,0,0.325,20,40,13,6
2023,401507245,"2023-07-12","regular","Sun","away",84,72,1,0.675,26,30,10,6
2023,401507245,"2023-07-12","regular","Sky","home",72,84,0,0.45,19,31,16,8
2023,401507246,"2023-07-12","regular","Wings","away",107,67,1,0.55,31,43,7,10
2023,401507246,"2023-07-12","regular","Lynx","home",67,107,0,0.475,16,28,15,6
2023,401507247,"2023-07-12","regular","Storm","away",75,85,0,0.275,21,32,13,7
2023,401507247,"2023-07-12","regular","Dream","home",85,75,1,0.475,18,45,16,4
2023,401507248,"2023-07-12","regular","Aces","away",97,78,1,0.829268292682927,20,34,15,9
2023,401507248,"2023-07-12","regular","Sparks","home",78,97,0,0.425,22,36,16,4
2023,401507249,"2023-07-18","regular","Lynx","away",73,82,0,0.475,12,37,13,6
2023,401507249,"2023-07-18","regular","Dream","home",82,73,1,0.475,24,37,12,13
2023,401507250,"2023-07-18","regular","Sun","away",66,72,0,0.675,14,32,10,6
2023,401507250,"2023-07-18","regular","Mercury","home",72,66,1,0.225,19,33,13,11
2023,401507251,"2023-07-19","regular","Fever","away",82,76,1,0.325,22,32,14,8
2023,401507251,"2023-07-19","regular","Mystics","home",76,82,0,0.475,22,32,15,8
2023,401507252,"2023-07-19","regular","Wings","away",98,88,1,0.55,25,40,2,7
2023,401507252,"2023-07-19","regular","Liberty","home",88,98,0,0.804878048780488,21,36,13,13
2023,401507253,"2023-07-20","regular","Dream","away",71,82,0,0.475,15,39,21,7
2023,401507253,"2023-07-20","regular","Sun","home",82,71,1,0.675,20,33,15,11
2023,401507254,"2023-07-20","regular","Sparks","away",70,73,0,0.425,17,39,18,7
2023,401507254,"2023-07-20","regular","Lynx","home",73,70,1,0.475,19,36,13,6
2023,401507255,"2023-07-20","regular","Sky","away",62,80,0,0.45,15,37,13,2
2023,401507255,"2023-07-20","regular","Mercury","home",80,62,1,0.225,19,40,17,9
2023,401507256,"2023-07-20","regular","Aces","away",79,63,1,0.829268292682927,19,40,14,7
2023,401507256,"2023-07-20","regular","Storm","home",63,79,0,0.275,16,33,18,7
2023,401507257,"2023-07-21","regular","Liberty","away",96,87,1,0.804878048780488,22,48,18,11
2023,401507257,"2023-07-21","regular","Mystics","home",87,96,0,0.475,19,28,10,10
2023,401507258,"2023-07-22","regular","Sun","away",86,78,1,0.675,22,39,13,7
2023,401507258,"2023-07-22","regular","Dream","home",78,86,0,0.475,7,38,9,6
2023,401507259,"2023-07-22","regular","Sky","away",90,75,1,0.45,17,44,20,8
2023,401507259,"2023-07-22","regular","Storm","home",75,90,0,0.275,13,24,19,3
2023,401507260,"2023-07-22","regular","Sparks","away",84,98,0,0.425,20,24,12,8
2023,401507260,"2023-07-22","regular","Wings","home",98,84,1,0.55,26,38,11,6
2023,401507261,"2023-07-22","regular","Aces","away",98,81,1,0.829268292682927,25,34,13,8
2023,401507261,"2023-07-22","regular","Lynx","home",81,98,0,0.475,17,36,15,8
2023,401507262,"2023-07-23","regular","Fever","away",83,101,0,0.325,19,25,15,8
2023,401507262,"2023-07-23","regular","Liberty","home",101,83,1,0.804878048780488,29,35,16,17
2023,401507263,"2023-07-23","regular","Mercury","away",69,84,0,0.225,20,30,19,8
2023,401507263,"2023-07-23","regular","Mystics","home",84,69,1,0.475,18,35,15,7
2023,401507264,"2023-07-25","regular","Mercury","away",65,78,0,0.225,11,33,13,5
2023,401507264,"2023-07-25","regular","Dream","home",78,65,1,0.475,22,35,17,8
2023,401507265,"2023-07-25","regular","Storm","away",82,86,0,0.275,22,35,14,11
2023,401507265,"2023-07-25","regular","Liberty","home",86,82,1,0.804878048780488,26,47,12,10
2023,401507266,"2023-07-25","regular","Aces","away",107,95,1,0.829268292682927,24,35,4,7
2023,401507266,"2023-07-25","regular","Sky","home",95,107,0,0.45,23,34,12,13
2023,401507267,"2023-07-25","regular","Sun","away",88,83,1,0.675,19,31,7,7
2023,401507267,"2023-07-25","regular","Wings","home",83,88,0,0.55,15,44,9,7
2023,401507268,"2023-07-25","regular","Fever","away",78,79,0,0.325,20,35,15,6
2023,401507268,"2023-07-25","regular","Sparks","home",79,78,1,0.425,17,25,11,6
2023,401507269,"2023-07-26","regular","Mystics","away",92,97,0,0.475,18,29,13,8
2023,401507269,"2023-07-26","regular","Lynx","home",97,92,1,0.475,21,33,11,4
2023,401507270,"2023-07-27","regular","Fever","away",68,81,0,0.325,19,30,13,8
2023,401507270,"2023-07-27","regular","Sparks","home",81,68,1,0.425,17,30,12,5
2023,401507271,"2023-07-27","regular","Dream","away",84,95,0,0.475,18,32,7,8
2023,401507271,"2023-07-27","regular","Liberty","home",95,84,1,0.804878048780488,23,39,13,11
2023,401507272,"2023-07-28","regular","Storm","away",83,74,1,0.275,22,46,13,7
2023,401507272,"2023-07-28","regular","Sky","home",74,83,0,0.45,18,26,10,5
2023,401507273,"2023-07-28","regular","Mystics","away",62,90,0,0.475,19,21,8,5
2023,401507273,"2023-07-28","regular","Wings","home",90,62,1,0.55,29,48,20,5
2023,401558197,"2023-07-28","regular","Lynx","away",88,83,1,0.475,20,40,14,9
2023,401558197,"2023-07-28","regular","Liberty","home",83,88,0,0.804878048780488,20,37,10,10
2023,401507274,"2023-07-30","regular","Lynx","away",87,83,1,0.475,23,31,19,6
2023,401507274,"2023-07-30","regular","Sun","home",83,87,0,0.675,22,34,10,3
2023,401507275,"2023-07-30","regular","Mystics","away",73,80,0,0.475,13,33,14,6
2023,401507275,"2023-07-30","regular","Dream","home",80,73,1,0.475,21,33,20,10
2023,401507276,"2023-07-30","regular","Storm","away",85,62,1,0.275,23,28,17,12
2023,401507276,"2023-07-30","regular","Fever","home",62,85,0,0.325,17,27,17,4
2023,401507277,"2023-07-30","regular","Mercury","away",85,104,0,0.225,24,29,16,12
2023,401507277,"2023-07-30","regular","Sky","home",104,85,1,0.45,27,27,7,12
2023,401507278,"2023-07-30","regular","Wings","away",91,104,0,0.55,18,41,16,7
2023,401507278,"2023-07-30","regular","Aces","home",104,91,1,0.829268292682927,17,30,8,13
2023,401507279,"2023-07-30","regular","Liberty","away",87,79,1,0.804878048780488,26,42,17,15
2023,401507279,"2023-07-30","regular","Sparks","home",79,87,0,0.425,17,25,8,5
2023,401507280,"2023-08-01","regular","Lynx","away",69,79,0,0.475,14,30,16,5
2023,401507280,"2023-08-01","regular","Sun","home",79,69,1,0.675,25,32,9,4
2023,401507281,"2023-08-01","regular","Mercury","away",71,72,0,0.225,18,29,18,9
2023,401507281,"2023-08-01","regular","Fever","home",72,71,1,0.325,12,36,20,4
2023,401507282,"2023-08-01","regular","Dream","away",72,93,0,0.475,21,28,15,4
2023,401507282,"2023-08-01","regular","Aces","home",93,72,1,0.829268292682927,17,35,13,11
2023,401507283,"2023-08-01","regular","Liberty","away",76,69,1,0.804878048780488,20,40,12,8
2023,401507283,"2023-08-01","regular","Sparks","home",69,76,0,0.425,18,35,12,6
2023,401507284,"2023-08-02","regular","Wings","away",76,65,1,0.55,17,44,13,8
2023,401507284,"2023-08-02","regular","Storm","home",65,76,0,0.275,15,30,18,6
2023,401507285,"2023-08-03","regular","Dream","away",71,91,0,0.475,16,31,15,2
2023,401507285,"2023-08-03","regular","Mercury","home",91,71,1,0.225,17,40,13,10
2023,401507286,"2023-08-04","regular","Sun","away",88,72,1,0.675,21,32,16,9
2023,401507286,"2023-08-04","regular","Fever","home",72,88,0,0.325,15,25,19,7
2023,401507287,"2023-08-04","regular","Sparks","away",77,79,0,0.425,17,43,16,7
2023,401507287,"2023-08-04","regular","Mystics","home",79,77,1,0.475,22,32,10,5
2023,401507288,"2023-08-04","regular","Sky","away",104,89,1,0.45,24,29,11,14
2023,401507288,"2023-08-04","regular","Wings","home",89,104,0,0.55,26,28,12,7
2023,401507289,"2023-08-04","regular","Liberty","away",76,66,1,0.804878048780488,20,43,12,9
2023,401507289,"2023-08-04","regular","Lynx","home",66,76,0,0.475,21,32,10,3
2023,401507290,"2023-08-05","regular","Storm","away",97,91,1,0.275,18,36,12,8
2023,401507290,"2023-08-05","regular","Mercury","home",91,97,0,0.225,27,27,10,6
2023,401507291,"2023-08-06","regular","Fever","away",73,82,0,0.325,12,33,14,4
2023,401507291,"2023-08-06","regular","Dream","home",82,73,1,0.475,23,28,10,9
2023,401507292,"2023-08-06","regular","Aces","away",61,99,0,0.829268292682927,14,24,10,6
2023,401507292,"2023-08-06","regular","Liberty","home",99,61,1,0.804878048780488,28,48,13,17
2023,401507293,"2023-08-06","regular","Sparks","away",91,83,1,0.425,21,32,15,10
2023,401507293,"2023-08-06","regular","Mystics","home",83,91,0,0.475,19,24,16,7
2023,401507294,"2023-08-06","regular","Sky","away",104,96,1,0.45,19,31,18,12
2023,401507294,"2023-08-06","regular","Wings","home",96,104,0,0.55,20,34,17,4
2023,401507295,"2023-08-08","regular","Sun","away",81,69,1,0.675,21,34,11,7
2023,401507295,"2023-08-08","regular","Storm","home",69,81,0,0.275,19,40,16,5
2023,401507296,"2023-08-08","regular","Sparks","away",87,80,1,0.425,19,31,8,8
2023,401507296,"2023-08-08","regular","Fever","home",80,87,0,0.325,20,39,20,6
2023,401507297,"2023-08-08","regular","Lynx","away",88,79,1,0.475,26,37,16,7
2023,401507297,"2023-08-08","regular","Sky","home",79,88,0,0.45,20,28,11,11
2023,401507298,"2023-08-08","regular","Aces","away",104,84,1,0.829268292682927,27,45,13,16
2023,401507298,"2023-08-08","regular","Wings","home",84,104,0,0.55,23,30,6,9
2023,401507299,"2023-08-08","regular","Mystics","away",72,91,0,0.475,19,26,11,8
2023,401507299,"2023-08-08","regular","Mercury","home",91,72,1,0.225,24,33,14,13
2023,401507300,"2023-08-10","regular","Lynx","away",73,91,0,0.475,17,26,13,10
2023,401507300,"2023-08-10","regular","Fever","home",91,73,1,0.325,23,39,12,10
2023,401507301,"2023-08-10","regular","Sun","away",84,90,0,0.675,17,31,13,7
2023,401507301,"2023-08-10","regular","Mercury","home",90,84,1,0.225,21,26,19,9
2023,401507302,"2023-08-10","regular","Dream","away",67,68,0,0.475,12,45,14,8
2023,401507302,"2023-08-10","regular","Storm","home",68,67,1,0.275,14,45,17,4
2023,401507303,"2023-08-11","regular","Sky","away",73,89,0,0.45,21,33,17,7
2023,401507303,"2023-08-11","regular","Liberty","home",89,73,1,0.804878048780488,28,34,14,13
2023,401507304,"2023-08-11","regular","Mystics","away",89,113,0,0.475,27,35,12,12
2023,401507304,"2023-08-11","regular","Aces","home",113,89,1,0.829268292682927,29,34,7,14
2023,401507305,"2023-08-12","regular","Dream","away",74,85,0,0.475,16,31,14,4
2023,401507305,"2023-08-12","regular","Sparks","home",85,74,1,0.425,20,30,12,5
2023,401507306,"2023-08-12","regular","Sun","away",81,91,0,0.675,18,34,12,8
2023,401507306,"2023-08-12","regular","Wings","home",91,81,1,0.55,22,34,12,6
2023,401507307,"2023-08-13","regular","Sky","away",76,83,0,0.45,17,34,16,8
2023,401507307,"2023-08-13","regular","Mystics","home",83,76,1,0.475,21,32,17,3
2023,401507308,"2023-08-13","regular","Mercury","away",71,81,0,0.225,19,31,8,5
2023,401507308,"2023-08-13","regular","Storm","home",81,71,1,0.275,16,38,16,7
2023,401507309,"2023-08-13","regular","Liberty","away",100,89,1,0.804878048780488,32,35,8,12
2023,401507309,"2023-08-13","regular","Fever","home",89,100,0,0.325,18,32,11,7
2023,401507310,"2023-08-13","regular","Dream","away",65,86,0,0.475,13,43,16,4
2023,401507310,"2023-08-13","regular","Aces","home",86,65,1,0.829268292682927,16,38,9,7
2023,401507376,"2023-08-15","regular","Liberty","away",82,63,1,0.804878048780488,20,49,16,15
2023,401507376,"2023-08-15","regular","Aces","home",63,82,0,0.829268292682927,14,28,9,5
2023,401507311,"2023-08-17","regular","Liberty","away",75,88,0,0.804878048780488,23,28,15,15
2023,401507311,"2023-08-17","regular","Aces","home",88,75,1,0.829268292682927,21,35,8,9
2023,401507312,"2023-08-18","regular","Wings","away",95,75,1,0.55,19,40,12,8
2023,401507312,"2023-08-18","regular","Sun","home",75,95,0,0.675,14,37,12,3
2023,401507313,"2023-08-18","regular","Mystics","away",83,79,1,0.475,16,27,9,12
2023,401507313,"2023-08-18","regular","Fever","home",79,83,0,0.325,16,36,17,8
2023,401507314,"2023-08-18","regular","Sky","away",67,78,0,0.45,14,39,16,5
2023,401507314,"2023-08-18","regular","Dream","home",78,67,1,0.475,23,31,6,4
2023,401507315,"2023-08-18","regular","Liberty","away",85,63,1,0.804878048780488,17,40,12,10
2023,401507315,"2023-08-18","regular","Mercury","home",63,85,0,0.225,16,36,14,4
2023,401507316,"2023-08-18","regular","Lynx","away",78,70,1,0.475,17,36,13,6
2023,401507316,"2023-08-18","regular","Storm","home",70,78,0,0.275,16,33,15,8
2023,401507317,"2023-08-19","regular","Sparks","away",78,72,1,0.425,17,29,22,6
2023,401507317,"2023-08-19","regular","Aces","home",72,78,0,0.829268292682927,17,32,15,8
2023,401507318,"2023-08-20","regular","Wings","away",97,84,1,0.55,23,40,18,9
2023,401507318,"2023-08-20","regular","Mystics","home",84,97,0,0.475,21,31,15,12
2023,401507319,"2023-08-20","regular","Sun","away",79,73,1,0.675,21,33,11,7
2023,401507319,"2023-08-20","regular","Sky","home",73,79,0,0.45,21,25,10,3
2023,401507320,"2023-08-20","regular","Fever","away",83,73,1,0.325,16,29,8,7
2023,401507320,"2023-08-20","regular","Mercury","home",73,83,0,0.225,9,36,13,3
2023,401507321,"2023-08-20","regular","Storm","away",88,74,1,0.275,16,41,9,10
2023,401507321,"2023-08-20","regular","Lynx","home",74,88,0,0.475,15,37,11,4
2023,401507322,"2023-08-22","regular","Aces","away",112,100,1,0.829268292682927,25,34,9,8
2023,401507322,"2023-08-22","regular","Dream","home",100,112,0,0.475,17,30,10,6
2023,401507323,"2023-08-22","regular","Sun","away",68,64,1,0.675,17,28,13,8
2023,401507323,"2023-08-22","regular","Mystics","home",64,68,0,0.475,16,38,20,7
2023,401507324,"2023-08-22","regular","Storm","away",79,102,0,0.275,22,40,12,7
2023,401507324,"2023-08-22","regular","Sky","home",102,79,1,0.45,20,36,4,9
2023,401507325,"2023-08-22","regular","Wings","away",86,91,0,0.55,18,41,20,8
2023,401507325,"2023-08-22","regular","Lynx","home",91,86,1,0.475,26,28,14,11
2023,401507326,"2023-08-23","regular","Mercury","away",62,91,0,0.225,19,28,13,3
2023,401507326,"2023-08-23","regular","Sparks","home",91,62,1,0.425,24,30,7,10
2023,401507327,"2023-08-24","regular","Liberty","away",95,90,1,0.804878048780488,23,43,11,8
2023,401507327,"2023-08-24","regular","Sun","home",90,95,0,0.675,27,35,11,11
2023,401507328,"2023-08-24","regular","Storm","away",86,90,0,0.275,15,31,11,11
2023,401507328,"2023-08-24","regular","Fever","home",90,86,1,0.325,18,35,13,9
2023,401507329,"2023-08-24","regular","Aces","away",94,87,1,0.829268292682927,21,34,14,8
2023,401507329,"2023-08-24","regular","Sky","home",87,94,0,0.45,23,33,16,9
2023,401507330,"2023-08-24","regular","Lynx","away",90,81,1,0.475,21,33,14,7
2023,401507330,"2023-08-24","regular","Wings","home",81,90,0,0.55,21,34,18,2
2023,401507331,"2023-08-25","regular","Sparks","away",83,78,1,0.425,19,27,9,6
2023,401507331,"2023-08-25","regular","Dream","home",78,83,0,0.475,17,29,15,5
2023,401507332,"2023-08-26","regular","Aces","away",62,78,0,0.829268292682927,14,40,17,6
2023,401507332,"2023-08-26","regular","Mystics","home",78,62,1,0.475,22,39,8,7
2023,401507333,"2023-08-26","regular","Liberty","away",111,76,1,0.804878048780488,22,35,6,12
2023,401507333,"2023-08-26","regular","Lynx","home",76,111,0,0.475,19,29,13,8
2023,401507334,"2023-08-27","regular","Sparks","away",68,83,0,0.425,21,26,14,6
2023,401507334,"2023-08-27","regular","Sun","home",83,68,1,0.675,24,38,19,8
2023,401507335,"2023-08-27","regular","Dream","away",80,83,0,0.475,15,37,13,4
2023,401507335,"2023-08-27","regular","Fever","home",83,80,1,0.325,18,31,13,9
2023,401507336,"2023-08-27","regular","Wings","away",77,74,1,0.55,10,34,11,6
2023,401507336,"2023-08-27","regular","Mercury","home",74,77,0,0.225,16,30,13,2
2023,401507337,"2023-08-27","regular","Sky","away",90,85,1,0.45,24,33,10,10
2023,401507337,"2023-08-27","regular","Storm","home",85,90,0,0.275,17,44,14,8
2023,401507338,"2023-08-28","regular","Aces","away",85,94,0,0.829268292682927,21,31,11,9
2023,401507338,"2023-08-28","regular","Liberty","home",94,85,1,0.804878048780488,24,43,13,10
2023,401507339,"2023-08-29","regular","Mercury","away",76,94,0,0.225,22,23,16,4
2023,401507339,"2023-08-29","regular","Dream","home",94,76,1,0.475,27,32,10,7
2023,401507340,"2023-08-29","regular","Lynx","away",72,83,0,0.475,19,34,14,9
2023,401507340,"2023-08-29","regular","Mystics","home",83,72,1,0.475,21,32,14,12
2023,401507341,"2023-08-29","regular","Sky","away",76,75,1,0.45,20,39,14,9
2023,401507341,"2023-08-29","regular","Sparks","home",75,76,0,0.425,23,41,9,7
2023,401507342,"2023-08-31","regular","Mercury","away",74,84,0,0.225,18,25,10,7
2023,401507342,"2023-08-31","regular","Sun","home",84,74,1,0.675,18,30,11,12
2023,401507343,"2023-08-31","regular","Mystics","away",75,84,0,0.475,16,37,10,6
2023,401507343,"2023-08-31","regular","Aces","home",84,75,1,0.829268292682927,19,33,10,10
2023,401507344,"2023-08-31","regular","Storm","away",72,61,1,0.275,14,45,20,5
2023,401507344,"2023-08-31","regular","Sparks","home",61,72,0,0.425,17,26,13,6
2023,401507345,"2023-09-01","regular","Wings","away",110,100,1,0.55,25,35,10,14
2023,401507345,"2023-09-01","regular","Fever","home",100,110,0,0.325,27,29,12,10
2023,401507346,"2023-09-01","regular","Sun","away",58,89,0,0.675,14,27,13,6
2023,401507346,"2023-09-01","regular","Liberty","home",89,58,1,0.804878048780488,21,40,15,8
2023,401507347,"2023-09-01","regular","Dream","away",85,91,0,0.475,20,45,10,5
2023,401507347,"2023-09-01","regular","Lynx","home",91,85,1,0.475,23,50,13,8
2023,401507348,"2023-09-02","regular","Storm","away",77,103,0,0.275,20,38,16,9
2023,401507348,"2023-09-02","regular","Aces","home",103,77,1,0.829268292682927,26,38,8,10
2023,401507349,"2023-09-03","regular","Liberty","away",86,69,1,0.804878048780488,23,40,14,10
2023,401507349,"2023-09-03","regular","Sky","home",69,86,0,0.45,15,31,15,8
2023,401507350,"2023-09-03","regular","Fever","away",97,84,1,0.325,23,41,15,13
2023,401507350,"2023-09-03","regular","Wings","home",84,97,0,0.55,16,39,10,7
2023,401507351,"2023-09-03","regular","Mercury","away",73,86,0,0.225,13,37,12,7
2023,401507351,"2023-09-03","regular","Lynx","home",86,73,1,0.475,28,41,12,9
2023,401507352,"2023-09-03","regular","Mystics","away",64,72,0,0.475,16,31,13,6
2023,401507352,"2023-09-03","regular","Sparks","home",72,64,1,0.425,16,31,11,5
2023,401507353,"2023-09-05","regular","Sparks","away",76,90,0,0.425,17,25,13,8
2023,401507353,"2023-09-05","regular","Sun","home",90,76,1,0.675,22,32,15,8
2023,401507354,"2023-09-05","regular","Sky","away",96,69,1,0.45,25,35,8,14
2023,401507354,"2023-09-05","regular","Fever","home",69,96,0,0.325,17,31,17,5
2023,401507355,"2023-09-05","regular","Liberty","away",94,93,1,0.804878048780488,26,32,12,8
2023,401507355,"2023-09-05","regular","Wings","home",93,94,0,0.55,24,37,12,4
2023,401507356,"2023-09-05","regular","Mystics","away",100,77,1,0.475,26,29,7,13
2023,401507356,"2023-09-05","regular","Mercury","home",77,100,0,0.225,22,31,12,6
2023,401507357,"2023-09-06","regular","Storm","away",68,79,0,0.275,12,30,12,6
2023,401507357,"2023-09-06","regular","Dream","home",79,68,1,0.475,24,37,10,3
2023,401507358,"2023-09-07","regular","Sparks","away",89,96,0,0.425,16,25,11,10
2023,401507358,"2023-09-07","regular","Liberty","home",96,89,1,0.804878048780488,32,31,17,17
2023,401507359,"2023-09-08","regular","Fever","away",59,76,0,0.325,11,27,13,4
2023,401507359,"2023-09-08","regular","Sun","home",76,59,1,0.675,19,37,17,7
2023,401507360,"2023-09-08","regular","Dream","away",80,75,1,0.475,13,47,10,6
2023,401507360,"2023-09-08","regular","Mystics","home",75,80,0,0.475,24,32,7,11
2023,401507361,"2023-09-08","regular","Lynx","away",87,92,0,0.475,24,31,16,7
2023,401507361,"2023-09-08","regular","Sky","home",92,87,1,0.45,25,32,15,11
2023,401507362,"2023-09-08","regular","Storm","away",91,106,0,0.275,22,24,16,11
2023,401507362,"2023-09-08","regular","Wings","home",106,91,1,0.55,30,36,15,8
2023,401507363,"2023-09-08","regular","Aces","away",94,73,1,0.829268292682927,25,38,10,6
2023,401507363,"2023-09-08","regular","Mercury","home",73,94,0,0.225,13,35,10,5
2023,401507364,"2023-09-10","regular","Wings","away",94,77,1,0.55,26,44,16,5
2023,401507364,"2023-09-10","regular","Dream","home",77,94,0,0.475,17,29,13,6
2023,401507365,"2023-09-10","regular","Sky","away",102,91,1,0.45,28,38,17,12
2023,401507365,"2023-09-10","regular","Sun","home",91,102,0,0.675,21,36,10,7
2023,401507366,"2023-09-10","regular","Lynx","away",72,87,0,0.475,13,29,14,5
2023,401507366,"2023-09-10","regular","Fever","home",87,72,1,0.325,13,36,15,8
2023,401507367,"2023-09-10","regular","Mystics","away",90,88,1,0.475,21,32,8,8
2023,401507367,"2023-09-10","regular","Liberty","home",88,90,0,0.804878048780488,19,36,10,12
2023,401507368,"2023-09-10","regular","Mercury","away",85,100,0,0.225,21,32,14,11
2023,401507368,"2023-09-10","regular","Aces","home",100,85,1,0.829268292682927,22,32,9,14
2023,401507369,"2023-09-10","regular","Sparks","away",91,89,1,0.425,25,38,12,5
2023,401507369,"2023-09-10","regular","Storm","home",89,91,0,0.275,25,33,20,12
2023,401578549,"2023-09-13","playoff","Lynx","away",60,90,0,0.475,13,32,19,5
2023,401578549,"2023-09-13","playoff","Sun","home",90,60,1,0.675,28,36,11,16
2023,401578550,"2023-09-13","playoff","Sky","away",59,87,0,0.45,14,43,13,5
2023,401578550,"2023-09-13","playoff","Aces","home",87,59,1,0.829268292682927,20,39,7,7
2023,401578551,"2023-09-15","playoff","Mystics","away",75,90,0,0.475,24,37,7,5
2023,401578551,"2023-09-15","playoff","Liberty","home",90,75,1,0.804878048780488,18,43,10,12
2023,401578552,"2023-09-15","playoff","Dream","away",82,94,0,0.475,18,32,16,13
2023,401578552,"2023-09-15","playoff","Wings","home",94,82,1,0.55,21,44,18,7
2023,401578553,"2023-09-17","playoff","Lynx","away",82,75,1,0.475,22,35,7,9
2023,401578553,"2023-09-17","playoff","Sun","home",75,82,0,0.675,18,30,10,7
2023,401578554,"2023-09-17","playoff","Sky","away",70,92,0,0.45,15,32,15,7
2023,401578554,"2023-09-17","playoff","Aces","home",92,70,1,0.829268292682927,20,46,8,7
2023,401578555,"2023-09-19","playoff","Mystics","away",85,90,0,0.475,20,38,14,8
2023,401578555,"2023-09-19","playoff","Liberty","home",90,85,1,0.804878048780488,21,41,13,4
2023,401578556,"2023-09-19","playoff","Dream","away",74,101,0,0.475,14,28,16,7
2023,401578556,"2023-09-19","playoff","Wings","home",101,74,1,0.55,22,41,13,7
2023,401578557,"2023-09-20","playoff","Sun","away",90,75,1,0.675,24,35,8,9
2023,401578557,"2023-09-20","playoff","Lynx","home",75,90,0,0.475,16,27,10,8
2023,401578561,"2023-09-24","playoff","Sun","away",78,63,1,0.675,20,35,8,8
2023,401578561,"2023-09-24","playoff","Liberty","home",63,78,0,0.804878048780488,17,30,14,8
2023,401578562,"2023-09-24","playoff","Wings","away",83,97,0,0.55,21,29,12,9
2023,401578562,"2023-09-24","playoff","Aces","home",97,83,1,0.829268292682927,18,36,16,10
2023,401578563,"2023-09-26","playoff","Sun","away",77,84,0,0.675,21,31,9,9
2023,401578563,"2023-09-26","playoff","Liberty","home",84,77,1,0.804878048780488,19,37,12,10
2023,401578564,"2023-09-26","playoff","Wings","away",84,91,0,0.55,19,40,8,10
2023,401578564,"2023-09-26","playoff","Aces","home",91,84,1,0.829268292682927,17,39,12,9
2023,401578565,"2023-09-29","playoff","Liberty","away",92,81,1,0.804878048780488,20,35,12,9
2023,401578565,"2023-09-29","playoff","Sun","home",81,92,0,0.675,26,30,10,5
2023,401578566,"2023-09-29","playoff","Aces","away",64,61,1,0.829268292682927,16,39,19,6
2023,401578566,"2023-09-29","playoff","Wings","home",61,64,0,0.55,14,41,12,6
2023,401578567,"2023-10-01","playoff","Liberty","away",87,84,1,0.804878048780488,22,42,12,10
2023,401578567,"2023-10-01","playoff","Sun","home",84,87,0,0.675,21,33,10,11
2023,401578571,"2023-10-08","playoff","Liberty","away",82,99,0,0.804878048780488,17,30,11,9
2023,401578571,"2023-10-08","playoff","Aces","home",99,82,1,0.829268292682927,21,34,11,9
2023,401578572,"2023-10-11","playoff","Liberty","away",76,104,0,0.804878048780488,19,35,10,8
2023,401578572,"2023-10-11","playoff","Aces","home",104,76,1,0.829268292682927,31,40,9,13
2023,401578573,"2023-10-15","playoff","Aces","away",73,87,0,0.829268292682927,13,34,11,7
2023,401578573,"2023-10-15","playoff","Liberty","home",87,73,1,0.804878048780488,28,35,11,13
2023,401578574,"2023-10-18","playoff","Aces","away",70,69,1,0.829268292682927,18,38,13,5
2023,401578574,"2023-10-18","playoff","Liberty","home",69,70,0,0.804878048780488,19,39,13,9
2024,401620178,"2024-05-14","regular","Liberty","away",85,80,1,0.780487804878049,21,36,18,8
2024,401620178,"2024-05-14","regular","Mystics","home",80,85,0,0.35,22,34,12,10
2024,401620219,"2024-05-14","regular","Fever","away",71,92,0,0.5,16,28,25,8
2024,401620219,"2024-05-14","regular","Sun","home",92,71,1,0.7,20,30,15,9
2024,401620220,"2024-05-14","regular","Mercury","away",80,89,0,0.475,21,37,15,15
2024,401620220,"2024-05-14","regular","Aces","home",89,80,1,0.675,17,37,9,6
2024,401620221,"2024-05-14","regular","Lynx","away",83,70,1,0.75609756097561,23,39,17,7
2024,401620221,"2024-05-14","regular","Storm","home",70,83,0,0.625,14,43,17,1
2024,401620222,"2024-05-15","regular","Sky","away",79,87,0,0.325,14,37,12,5
2024,401620222,"2024-05-15","regular","Wings","home",87,79,1,0.225,18,42,15,5
2024,401620223,"2024-05-15","regular","Dream","away",92,81,1,0.375,20,34,13,8
2024,401620223,"2024-05-15","regular","Sparks","home",81,92,0,0.2,24,35,11,12
2024,401620224,"2024-05-16","regular","Liberty","away",102,66,1,0.780487804878049,22,40,10,8
2024,401620224,"2024-05-16","regular","Fever","home",66,102,0,0.5,13,26,13,5
2024,401620225,"2024-05-17","regular","Mystics","away",77,84,0,0.35,22,28,20,9
2024,401620225,"2024-05-17","regular","Sun","home",84,77,1,0.7,16,29,10,2
2024,401620226,"2024-05-17","regular","Storm","away",93,102,0,0.625,19,42,24,5
2024,401620226,"2024-05-17","regular","Lynx","home",102,93,1,0.75609756097561,27,42,27,13
2024,401620227,"2024-05-18","regular","Fever","away",80,91,0,0.5,22,34,15,9
2024,401620227,"2024-05-18","regular","Liberty","home",91,80,1,0.780487804878049,21,32,20,15
2024,401620228,"2024-05-18","regular","Sparks","away",82,89,0,0.2,16,31,17,5
2024,401620228,"2024-05-18","regular","Aces","home",89,82,1,0.675,23,34,12,13
2024,401620229,"2024-05-18","regular","Sky","away",83,74,1,0.325,25,42,17,4
2024,401620229,"2024-05-18","regular","Wings","home",74,83,0,0.225,15,40,25,7
2024,401620230,"2024-05-18","regular","Dream","away",85,88,0,0.375,21,33,13,10
2024,401620230,"2024-05-18","regular","Mercury","home",88,85,1,0.475,17,38,12,6
2024,401620231,"2024-05-19","regular","Storm","away",84,75,1,0.625,10,43,20,5
2024,401620231,"2024-05-19","regular","Mystics","home",75,84,0,0.35,20,29,16,9
2024,401620232,"2024-05-20","regular","Sun","away",88,84,1,0.7,15,33,8,4
2024,401620232,"2024-05-20","regular","Fever","home",84,88,0,0.5,20,36,17,6
2024,401620233,"2024-05-20","regular","Storm","away",63,74,0,0.625,16,34,14,6
2024,401620233,"2024-05-20","regular","Liberty","home",74,63,1,0.780487804878049,18,36,15,3
2024,401620234,"2024-05-21","regular","Wings","away",78,83,0,0.225,17,35,14,2
2024,401620234,"2024-05-21","regular","Dream","home",83,78,1,0.375,17,36,12,7
2024,401620235,"2024-05-21","regular","Mercury","away",98,88,1,0.475,23,39,7,16
2024,401620235,"2024-05-21","regular","Aces","home",88,98,0,0.675,22,39,9,11
2024,401620236,"2024-05-21","regular","Mystics","away",68,70,0,0.35,21,28,18,8
2024,401620236,"2024-05-21","regular","Sparks","home",70,68,1,0.2,21,33,24,8
2024,401620237,"2024-05-22","regular","Fever","away",83,85,0,0.5,18,40,11,6
2024,401620237,"2024-05-22","regular","Storm","home",85,83,1,0.625,20,41,8,6
2024,401620238,"2024-05-23","regular","Lynx","away",82,83,0,0.75609756097561,23,33,17,4
2024,401620238,"2024-05-23","regular","Sun","home",83,82,1,0.7,17,30,16,5
2024,401620239,"2024-05-23","regular","Sky","away",90,81,1,0.325,22,38,9,7
2024,401620239,"2024-05-23","regular","Liberty","home",81,90,0,0.780487804878049,22,35,14,8
2024,401620240,"2024-05-23","regular","Mystics","away",80,83,0,0.35,21,36,17,13
2024,401620240,"2024-05-23","regular","Mercury","home",83,80,1,0.475,20,34,16,10
2024,401620241,"2024-05-24","regular","Fever","away",78,73,1,0.5,22,32,10,7
2024,401620241,"2024-05-24","regular","Sparks","home",73,78,0,0.2,18,35,18,5
2024,401620242,"2024-05-25","regular","Liberty","away",67,84,0,0.780487804878049,18,30,16,7
2024,401620242,"2024-05-25","regular","Lynx","home",84,67,1,0.75609756097561,26,35,16,14
2024,401620243,"2024-05-25","regular","Sun","away",86,82,1,0.7,17,38,17,6
2024,401620243,"2024-05-25","regular","Sky","home",82,86,0,0.325,18,21,11,8
2024,401620244,"2024-05-25","regular","Fever","away",80,99,0,0.5,20,36,12,10
2024,401620244,"2024-05-25","regular","Aces","home",99,80,1,0.675,24,36,8,13
2024,401620245,"2024-05-25","regular","Mystics","away",69,101,0,0.35,13,27,14,7
2024,401620245,"2024-05-25","regular","Storm","home",101,69,1,0.625,27,33,16,12
2024,401620246,"2024-05-25","regular","Wings","away",107,92,1,0.225,23,38,18,10
2024,401620246,"2024-05-25","regular","Mercury","home",92,107,0,0.475,26,25,19,14
2024,401620247,"2024-05-26","regular","Lynx","away",92,79,1,0.75609756097561,23,31,10,13
2024,401620247,"2024-05-26","regular","Dream","home",79,92,0,0.375,23,32,10,6
2024,401620248,"2024-05-26","regular","Wings","away",84,83,1,0.225,22,44,6,2
2024,401620248,"2024-05-26","regular","Sparks","home",83,84,0,0.2,21,37,8,6
2024,401620249,"2024-05-28","regular","Mercury","away",47,70,0,0.475,12,43,20,1
2024,401620249,"2024-05-28","regular","Sun","home",70,47,1,0.7,23,38,9,5
2024,401620250,"2024-05-28","regular","Sparks","away",88,82,1,0.2,17,30,19,14
2024,401620250,"2024-05-28","regular","Fever","home",82,88,0,0.5,17,28,14,10
2024,401620251,"2024-05-28","regular","Storm","away",77,68,1,0.625,17,32,18,5
2024,401620251,"2024-05-28","regular","Sky","home",68,77,0,0.325,19,37,21,4
2024,401620252,"2024-05-29","regular","Mercury","away",78,81,0,0.475,18,34,10,10
2024,401620252,"2024-05-29","regular","Liberty","home",81,78,1,0.780487804878049,19,39,10,9
2024,401620253,"2024-05-29","regular","Dream","away",73,67,1,0.375,19,36,17,6
2024,401620253,"2024-05-29","regular","Mystics","home",67,73,0,0.35,21,31,13,6
2024,401620254,"2024-05-29","regular","Aces","away",80,66,1,0.675,23,41,14,10
2024,401620254,"2024-05-29","regular","Lynx","home",66,80,0,0.75609756097561,18,36,16,8
2024,401620255,"2024-05-30","regular","Storm","away",103,88,1,0.625,29,32,7,8
2024,401620255,"2024-05-30","regular","Fever","home",88,103,0,0.5,21,36,13,10
2024,401620256,"2024-05-30","regular","Sparks","away",73,83,0,0.2,17,33,18,4
2024,401620256,"2024-05-30","regular","Sky","home",83,73,1,0.325,27,35,14,7
2024,401620257,"2024-05-31","regular","Aces","away",74,78,0,0.675,18,34,11,6
2024,401620257,"2024-05-31","regular","Dream","home",78,74,1,0.375,17,38,11,8
2024,401620258,"2024-05-31","regular","Wings","away",72,74,0,0.225,21,30,14,6
2024,401620258,"2024-05-31","regular","Sun","home",74,72,1,0.7,22,28,10,2
2024,401620259,"2024-05-31","regular","Mystics","away",79,90,0,0.35,22,30,14,7
2024,401620259,"2024-05-31","regular","Liberty","home",90,79,1,0.780487804878049,18,34,14,11
2024,401620260,"2024-05-31","regular","Mercury","away",71,95,0,0.475,16,36,16,9
2024,401620260,"2024-05-31","regular","Lynx","home",95,71,1,0.75609756097561,29,36,6,14
2024,401620261,"2024-06-01","regular","Sky","away",70,71,0,0.325,15,43,15,2
2024,401620261,"2024-06-01","regular","Fever","home",71,70,1,0.5,19,33,11,6
2024,401620262,"2024-06-02","regular","Sun","away",69,50,1,0.7,22,45,15,6
2024,401620262,"2024-06-02","regular","Dream","home",50,69,0,0.375,10,33,12,3
2024,401620263,"2024-06-02","regular","Fever","away",68,104,0,0.5,18,28,12,7
2024,401620263,"2024-06-02","regular","Liberty","home",104,68,1,0.780487804878049,30,39,13,11
2024,401620264,"2024-06-02","regular","Wings","away",76,87,0,0.225,20,34,25,4
2024,401620264,"2024-06-02","regular","Lynx","home",87,76,1,0.75609756097561,23,27,15,8
2024,401620265,"2024-06-02","regular","Sparks","away",68,87,0,0.2,18,30,18,9
2024,401620265,"2024-06-02","regular","Mercury","home",87,68,1,0.475,20,33,14,14
2024,401620266,"2024-06-04","regular","Mystics","away",59,76,0,0.35,13,37,16,6
2024,401620266,"2024-06-04","regular","Sun","home",76,59,1,0.7,22,31,12,6
2024,401620267,"2024-06-04","regular","Liberty","away",88,75,1,0.780487804878049,24,42,10,10
2024,401620267,"2024-06-04","regular","Sky","home",75,88,0,0.325,15,42,10,2
2024,401620268,"2024-06-04","regular","Mercury","away",62,80,0,0.475,13,33,13,4
2024,401620268,"2024-06-04","regular","Storm","home",80,62,1,0.625,20,42,14,8
2024,401620269,"2024-06-05","regular","Aces","away",95,81,1,0.675,20,33,12,9
2024,401620269,"2024-06-05","regular","Wings","home",81,95,0,0.225,18,40,13,5
2024,401620270,"2024-06-05","regular","Lynx","away",86,62,1,0.75609756097561,25,37,14,9
2024,401620270,"2024-06-05","regular","Sparks","home",62,86,0,0.2,15,44,16,4
2024,401620271,"2024-06-06","regular","Sky","away",79,71,1,0.325,18,40,13,1
2024,401620271,"2024-06-06","regular","Mystics","home",71,79,0,0.35,20,36,24,4
2024,401620272,"2024-06-06","regular","Liberty","away",78,61,1,0.780487804878049,24,44,13,9
2024,401620272,"2024-06-06","regular","Dream","home",61,78,0,0.375,15,34,12,3
2024,401620273,"2024-06-07","regular","Fever","away",85,83,1,0.5,21,30,15,16
2024,401620273,"2024-06-07","regular","Mystics","home",83,85,0,0.35,22,38,15,13
2024,401620274,"2024-06-07","regular","Storm","away",78,65,1,0.625,19,43,12,6
2024,401620274,"2024-06-07","regular","Aces","home",65,78,0,0.675,13,36,14,7
2024,401620275,"2024-06-07","regular","Wings","away",72,81,0,0.225,14,35,14,2
2024,401620275,"2024-06-07","regular","Sparks","home",81,72,1,0.2,23,36,14,5
2024,401620276,"2024-06-07","regular","Lynx","away",80,81,0,0.75609756097561,24,36,13,15
2024,401620276,"2024-06-07","regular","Mercury","home",81,80,1,0.475,18,39,14,9
2024,401620277,"2024-06-08","regular","Liberty","away",82,75,1,0.780487804878049,27,28,11,9
2024,401620277,"2024-06-08","regular","Sun","home",75,82,0,0.7,17,35,13,4
2024,401620278,"2024-06-08","regular","Dream","away",89,80,1,0.375,22,31,13,6
2024,401620278,"2024-06-08","regular","Sky","home",80,89,0,0.325,17,29,20,3
2024,401620279,"2024-06-09","regular","Mystics","away",88,93,0,0.35,26,22,12,12
2024,401620279,"2024-06-09","regular","Liberty","home",93,88,1,0.780487804878049,24,40,21,12
2024,401620280,"2024-06-09","regular","Mercury","away",97,90,1,0.475,25,29,20,9
2024,401620280,"2024-06-09","regular","Wings","home",90,97,0,0.225,25,36,21,6
2024,401620281,"2024-06-09","regular","Storm","away",64,83,0,0.625,12,34,13,4
2024,401620281,"2024-06-09","regular","Lynx","home",83,64,1,0.75609756097561,25,36,16,12
2024,401620282,"2024-06-09","regular","Aces","away",92,96,0,0.675,17,23,6,11
2024,401620282,"2024-06-09","regular","Sparks","home",96,92,1,0.2,21,36,15,10
2024,401620283,"2024-06-10","regular","Fever","away",72,89,0,0.5,19,26,11,9
2024,401620283,"2024-06-10","regular","Sun","home",89,72,1,0.7,22,41,10,8
2024,401620284,"2024-06-11","regular","Mystics","away",87,68,1,0.35,25,38,11,17
2024,401620284,"2024-06-11","regular","Dream","home",68,87,0,0.375,16,32,8,8
2024,401620285,"2024-06-11","regular","Lynx","away",100,86,1,0.75609756097561,34,28,9,15
2024,401620285,"2024-06-11","regular","Aces","home",86,100,0,0.675,19,35,13,10
2024,401620286,"2024-06-11","regular","Sparks","away",79,95,0,0.2,19,33,11,6
2024,401620286,"2024-06-11","regular","Storm","home",95,79,1,0.625,20,45,9,8
2024,401620287,"2024-06-12","regular","Sun","away",83,75,1,0.7,21,28,14,3
2024,401620287,"2024-06-12","regular","Sky","home",75,83,0,0.325,19,29,17,6
2024,401620288,"2024-06-13","regular","Dream","away",84,91,0,0.375,20,31,11,9
2024,401620288,"2024-06-13","regular","Fever","home",91,84,1,0.5,18,34,14,9
2024,401620289,"2024-06-13","regular","Storm","away",92,84,1,0.625,26,26,11,7
2024,401620289,"2024-06-13","regular","Wings","home",84,92,0,0.225,23,28,19,6
2024,401620290,"2024-06-13","regular","Aces","away",103,99,1,0.675,17,37,14,13
2024,401620290,"2024-06-13","regular","Mercury","home",99,103,0,0.475,26,23,12,8
2024,401620291,"2024-06-14","regular","Sky","away",81,83,0,0.325,16,34,14,4
2024,401620291,"2024-06-14","regular","Mystics","home",83,81,1,0.35,20,36,18,8
2024,401620292,"2024-06-14","regular","Sparks","away",76,81,0,0.2,23,34,21,5
2024,401620292,"2024-06-14","regular","Lynx","home",81,76,1,0.75609756097561,23,28,17,6
2024,401620293,"2024-06-15","regular","Sun","away",85,67,1,0.7,21,38,7,6
2024,401620293,"2024-06-15","regular","Wings","home",67,85,0,0.225,19,29,11,1
2024,401620294,"2024-06-15","regular","Liberty","away",90,82,1,0.780487804878049,21,37,8,12
2024,401620294,"2024-06-15","regular","Aces","home",82,90,0,0.675,23,31,10,11
2024,401620295,"2024-06-16","regular","Storm","away",78,87,0,0.625,18,36,9,5
2024,401620295,"2024-06-16","regular","Mercury","home",87,78,1,0.475,24,37,15,7
2024,401620296,"2024-06-16","regular","Sky","away",83,91,0,0.325,20,32,5,5
2024,401620296,"2024-06-16","regular","Fever","home",91,83,1,0.5,23,38,15,8
2024,401620297,"2024-06-16","regular","Sparks","away",74,87,0,0.2,18,33,12,8
2024,401620297,"2024-06-16","regular","Dream","home",87,74,1,0.375,22,38,10,6
2024,401620298,"2024-06-17","regular","Wings","away",78,90,0,0.225,24,34,16,7
2024,401620298,"2024-06-17","regular","Lynx","home",90,78,1,0.75609756097561,24,28,7,7
2024,401620299,"2024-06-18","regular","Sparks","away",70,79,0,0.2,19,26,22,6
2024,401620299,"2024-06-18","regular","Sun","home",79,70,1,0.7,18,27,10,4
2024,401620300,"2024-06-18","regular","Liberty","away",93,99,0,0.780487804878049,27,37,16,18
2024,401620300,"2024-06-18","regular","Mercury","home",99,93,1,0.475,24,31,17,15
2024,401620301,"2024-06-19","regular","Mystics","away",81,88,0,0.35,26,31,11,11
2024,401620301,"2024-06-19","regular","Fever","home",88,81,1,0.5,21,37,10,8
2024,401620302,"2024-06-19","regular","Dream","away",55,68,0,0.375,16,46,13,4
2024,401620302,"2024-06-19","regular","Lynx","home",68,55,1,0.75609756097561,19,45,9,7
2024,401620303,"2024-06-19","regular","Storm","away",83,94,0,0.625,21,32,15,4
2024,401620303,"2024-06-19","regular","Aces","home",94,83,1,0.675,25,29,14,8
2024,401620304,"2024-06-20","regular","Wings","away",72,83,0,0.225,16,35,15,9
2024,401620304,"2024-06-20","regular","Sky","home",83,72,1,0.325,19,39,13,3
2024,401620305,"2024-06-20","regular","Sparks","away",80,93,0,0.2,18,34,14,7
2024,401620305,"2024-06-20","regular","Liberty","home",93,80,1,0.780487804878049,29,30,11,13
2024,401620306,"2024-06-21","regular","Fever","away",91,79,1,0.5,24,35,14,11
2024,401620306,"2024-06-21","regular","Dream","home",79,91,0,0.375,18,30,11,4
2024,401620307,"2024-06-21","regular","Sun","away",74,85,0,0.7,14,29,10,6
2024,401620307,"2024-06-21","regular","Aces","home",85,74,1,0.675,16,42,12,6
2024,401620308,"2024-06-22","regular","Wings","away",69,97,0,0.225,20,36,21,5
2024,401620308,"2024-06-22","regular","Mystics","home",97,69,1,0.35,26,39,13,11
2024,401620309,"2024-06-22","regular","Sparks","away",88,98,0,0.2,22,27,10,8
2024,401620309,"2024-06-22","regular","Liberty","home",98,88,1,0.780487804878049,31,36,14,16
2024,401620310,"2024-06-22","regular","Mercury","away",60,73,0,0.475,14,31,13,7
2024,401620310,"2024-06-22","regular","Lynx","home",73,60,1,0.75609756097561,18,44,15,8
2024,401620311,"2024-06-23","regular","Liberty","away",96,75,1,0.780487804878049,25,38,12,10
2024,401620311,"2024-06-23","regular","Dream","home",75,96,0,0.375,21,40,10,2
2024,401620312,"2024-06-23","regular","Wings","away",84,92,0,0.225,17,41,14,11
2024,401620312,"2024-06-23","regular","Mystics","home",92,84,1,0.35,27,28,12,14
2024,401620313,"2024-06-23","regular","Fever","away",87,88,0,0.5,28,25,9,13
2024,401620313,"2024-06-23","regular","Sky","home",88,87,1,0.325,25,38,15,4
2024,401620314,"2024-06-23","regular","Sun","away",61,72,0,0.7,13,38,14,2
2024,401620314,"2024-06-23","regular","Storm","home",72,61,1,0.625,23,35,14,4
2024,401677672,"2024-06-25","regular","Lynx","away",94,89,1,0.75609756097561,26,25,10,14
2024,401677672,"2024-06-25","regular","Liberty","home",89,94,0,0.780487804878049,24,43,20,12
2024,401620315,"2024-06-27","regular","Lynx","away",88,94,0,0.75609756097561,27,35,13,11
2024,401620315,"2024-06-27","regular","Wings","home",94,88,1,0.225,21,36,10,9
2024,401620316,"2024-06-27","regular","Sun","away",94,91,1,0.7,20,30,10,9
2024,401620316,"2024-06-27","regular","Mystics","home",91,94,0,0.35,26,31,23,11
2024,401620317,"2024-06-27","regular","Aces","away",95,83,1,0.675,20,35,9,9
2024,401620317,"2024-06-27","regular","Sky","home",83,95,0,0.325,20,38,6,4
2024,401620318,"2024-06-27","regular","Fever","away",77,89,0,0.5,21,44,20,8
2024,401620318,"2024-06-27","regular","Storm","home",89,77,1,0.625,27,27,8,10
2024,401620319,"2024-06-28","regular","Dream","away",78,74,1,0.375,18,32,15,6
2024,401620319,"2024-06-28","regular","Sun","home",74,78,0,0.7,20,26,18,7
2024,401620320,"2024-06-28","regular","Sparks","away",78,92,0,0.2,24,23,15,10
2024,401620320,"2024-06-28","regular","Mercury","home",92,78,1,0.475,19,39,15,7
2024,401620321,"2024-06-29","regular","Aces","away",88,77,1,0.675,20,34,12,9
2024,401620321,"2024-06-29","regular","Mystics","home",77,88,0,0.35,24,29,14,11
2024,401620322,"2024-06-29","regular","Wings","away",76,97,0,0.225,18,32,18,6
2024,401620322,"2024-06-29","regular","Storm","home",97,76,1,0.625,22,35,14,5
2024,401620323,"2024-06-30","regular","Dream","away",75,81,0,0.375,16,37,15,6
2024,401620323,"2024-06-30","regular","Liberty","home",81,75,1,0.780487804878049,25,28,5,13
2024,401620324,"2024-06-30","regular","Lynx","away",70,62,1,0.75609756097561,23,40,18,6
2024,401620324,"2024-06-30","regular","Sky","home",62,70,0,0.325,14,44,14,5
2024,401620325,"2024-06-30","regular","Fever","away",88,82,1,0.5,20,42,14,8
2024,401620325,"2024-06-30","regular","Mercury","home",82,88,0,0.475,18,28,12,8
2024,401620326,"2024-07-01","regular","Sun","away",83,72,1,0.7,17,37,11,5
2024,401620326,"2024-07-01","regular","Mercury","home",72,83,0,0.475,19,18,6,3
2024,401620327,"2024-07-01","regular","Wings","away",71,95,0,0.225,18,31,15,4
2024,401620327,"2024-07-01","regular","Storm","home",95,71,1,0.625,22,33,14,8
2024,401620328,"2024-07-02","regular","Lynx","away",67,76,0,0.75609756097561,23,37,9,8
2024,401620328,"2024-07-02","regular","Liberty","home",76,67,1,0.780487804878049,17,45,8,7
2024,401620329,"2024-07-02","regular","Sky","away",85,77,1,0.325,20,34,10,6
2024,401620329,"2024-07-02","regular","Dream","home",77,85,0,0.375,27,37,18,7
2024,401620330,"2024-07-02","regular","Fever","away",69,88,0,0.5,19,44,15,6
2024,401620330,"2024-07-02","regular","Aces","home",88,69,1,0.675,24,38,10,9
2024,401620331,"2024-07-02","regular","Mystics","away",82,80,1,0.35,22,32,12,12
2024,401620331,"2024-07-02","regular","Sparks","home",80,82,0,0.2,22,32,14,13
2024,401620332,"2024-07-03","regular","Mercury","away",104,96,1,0.475,22,24,9,11
2024,401620332,"2024-07-03","regular","Wings","home",96,104,0,0.225,20,34,10,5
2024,401620333,"2024-07-04","regular","Sun","away",78,73,1,0.7,23,35,14,6
2024,401620333,"2024-07-04","regular","Lynx","home",73,78,0,0.75609756097561,23,28,18,13
2024,401620334,"2024-07-04","regular","Mystics","away",77,98,0,0.35,23,28,15,9
2024,401620334,"2024-07-04","regular","Aces","home",98,77,1,0.675,31,36,18,11
2024,401620335,"2024-07-05","regular","Dream","away",82,85,0,0.375,23,30,28,2
2024,401620335,"2024-07-05","regular","Wings","home",85,82,1,0.225,21,27,18,7
2024,401620336,"2024-07-05","regular","Aces","away",93,98,0,0.675,24,43,11,9
2024,401620336,"2024-07-05","regular","Sparks","home",98,93,1,0.2,23,39,3,11
2024,401620337,"2024-07-05","regular","Sky","away",88,84,1,0.325,21,37,11,5
2024,401620337,"2024-07-05","regular","Storm","home",84,88,0,0.625,24,27,13,3
2024,401620338,"2024-07-06","regular","Liberty","away",78,83,0,0.780487804878049,20,31,9,10
2024,401620338,"2024-07-06","regular","Fever","home",83,78,1,0.5,20,41,10,7
2024,401620339,"2024-07-06","regular","Mystics","away",67,74,0,0.35,19,32,18,7
2024,401620339,"2024-07-06","regular","Lynx","home",74,67,1,0.75609756097561,20,38,13,10
2024,401620340,"2024-07-07","regular","Dream","away",67,80,0,0.375,16,31,10,4
2024,401620340,"2024-07-07","regular","Sun","home",80,67,1,0.7,20,36,7,10
2024,401620341,"2024-07-07","regular","Wings","away",85,104,0,0.225,19,37,13,6
2024,401620341,"2024-07-07","regular","Aces","home",104,85,1,0.675,23,40,9,14
2024,401620342,"2024-07-07","regular","Sky","away",71,84,0,0.325,20,38,10,3
2024,401620342,"2024-07-07","regular","Storm","home",84,71,1,0.625,24,36,10,6
2024,401620343,"2024-07-07","regular","Mercury","away",84,78,1,0.475,16,38,16,7
2024,401620343,"2024-07-07","regular","Sparks","home",78,84,0,0.2,25,29,9,5
2024,401620344,"2024-07-09","regular","Lynx","away",82,67,1,0.75609756097561,23,27,9,9
2024,401620344,"2024-07-09","regular","Sparks","home",67,82,0,0.2,17,29,18,3
2024,401620345,"2024-07-10","regular","Liberty","away",71,68,1,0.780487804878049,22,33,9,3
2024,401620345,"2024-07-10","regular","Sun","home",68,71,0,0.7,19,35,9,6
2024,401620346,"2024-07-10","regular","Mystics","away",89,84,1,0.35,23,31,16,7
2024,401620346,"2024-07-10","regular","Fever","home",84,89,0,0.5,18,29,21,8
2024,401620347,"2024-07-10","regular","Dream","away",69,78,0,0.375,19,36,14,2
2024,401620347,"2024-07-10","regular","Sky","home",78,69,1,0.325,22,43,10,6
2024,401620348,"2024-07-10","regular","Aces","away",84,79,1,0.675,21,38,9,5
2024,401620348,"2024-07-10","regular","Storm","home",79,84,0,0.625,19,40,13,3
2024,401620349,"2024-07-10","regular","Wings","away",84,100,0,0.225,25,26,14,7
2024,401620349,"2024-07-10","regular","Mercury","home",100,84,1,0.475,24,22,11,9
2024,401620350,"2024-07-11","regular","Sky","away",76,91,0,0.325,23,36,12,4
2024,401620350,"2024-07-11","regular","Liberty","home",91,76,1,0.780487804878049,25,30,7,13
2024,401620351,"2024-07-12","regular","Aces","away",84,70,1,0.675,22,36,9,12
2024,401620351,"2024-07-12","regular","Dream","home",70,84,0,0.375,16,47,14,2
2024,401620352,"2024-07-12","regular","Mercury","away",86,95,0,0.475,18,30,11,10
2024,401620352,"2024-07-12","regular","Fever","home",95,86,1,0.5,23,42,16,6
2024,401620353,"2024-07-12","regular","Lynx","away",63,91,0,0.75609756097561,14,31,15,7
2024,401620353,"2024-07-12","regular","Storm","home",91,63,1,0.625,29,39,11,9
2024,401620354,"2024-07-13","regular","Liberty","away",81,67,1,0.780487804878049,21,28,5,11
2024,401620354,"2024-07-13","regular","Sky","home",67,81,0,0.325,15,41,14,7
2024,401620355,"2024-07-13","regular","Sparks","away",87,81,1,0.2,24,29,12,6
2024,401620355,"2024-07-13","regular","Wings","home",81,87,0,0.225,18,33,16,5
2024,401620356,"2024-07-14","regular","Mercury","away",69,96,0,0.475,16,33,15,7
2024,401620356,"2024-07-14","regular","Sun","home",96,69,1,0.7,26,44,7,10
2024,401620357,"2024-07-14","regular","Aces","away",89,77,1,0.675,24,41,12,8
2024,401620357,"2024-07-14","regular","Mystics","home",77,89,0,0.35,21,31,12,12
2024,401620358,"2024-07-14","regular","Dream","away",70,81,0,0.375,18,39,16,3
2024,401620358,"2024-07-14","regular","Storm","home",81,70,1,0.625,27,35,11,5
2024,401620359,"2024-07-14","regular","Fever","away",81,74,1,0.5,19,34,12,8
2024,401620359,"2024-07-14","regular","Lynx","home",74,81,0,0.75609756097561,20,34,14,11
2024,401620360,"2024-07-16","regular","Mercury","away",96,87,1,0.475,22,31,9,8
2024,401620360,"2024-07-16","regular","Mystics","home",87,96,0,0.35,28,33,12,10
2024,401620361,"2024-07-16","regular","Storm","away",89,83,1,0.625,21,35,13,7
2024,401620361,"2024-07-16","regular","Sparks","home",83,89,0,0.2,20,37,15,10
2024,401620362,"2024-07-16","regular","Sun","away",74,82,0,0.7,17,31,13,2
2024,401620362,"2024-07-16","regular","Liberty","home",82,74,1,0.780487804878049,19,30,18,11
2024,401620363,"2024-07-16","regular","Sky","away",93,85,1,0.325,20,35,13,4
2024,401620363,"2024-07-16","regular","Aces","home",85,93,0,0.675,17,26,12,5
2024,401620364,"2024-07-17","regular","Dream","away",79,86,0,0.375,18,33,16,5
2024,401620364,"2024-07-17","regular","Lynx","home",86,79,1,0.75609756097561,25,32,7,11
2024,401620365,"2024-07-17","regular","Fever","away",93,101,0,0.5,26,35,17,6
2024,401620365,"2024-07-17","regular","Wings","home",101,93,1,0.225,28,29,10,9
2024,401620366,"2024-08-15","regular","Mercury","away",85,65,1,0.475,26,34,12,12
2024,401620366,"2024-08-15","regular","Sky","home",65,85,0,0.325,14,33,11,4
2024,401620367,"2024-08-15","regular","Mystics","away",68,79,0,0.35,19,32,16,7
2024,401620367,"2024-08-15","regular","Lynx","home",79,68,1,0.75609756097561,16,40,13,8
2024,401620368,"2024-08-15","regular","Liberty","away",103,68,1,0.780487804878049,31,38,13,15
2024,401620368,"2024-08-15","regular","Sparks","home",68,103,0,0.2,16,29,20,6
2024,401620369,"2024-08-16","regular","Storm","away",81,83,0,0.625,14,27,14,6
2024,401620369,"2024-08-16","regular","Dream","home",83,81,1,0.375,13,37,19,6
2024,401620370,"2024-08-16","regular","Mercury","away",89,98,0,0.475,16,31,11,14
2024,401620370,"2024-08-16","regular","Fever","home",98,89,1,0.5,23,39,10,14
2024,401620371,"2024-08-16","regular","Sun","away",109,91,1,0.7,30,26,15,11
2024,401620371,"2024-08-16","regular","Wings","home",91,109,0,0.225,19,36,20,10
2024,401620372,"2024-08-17","regular","Lynx","away",99,83,1,0.75609756097561,26,31,15,11
2024,401620372,"2024-08-17","regular","Mystics","home",83,99,0,0.35,26,25,17,9
2024,401620373,"2024-08-17","regular","Liberty","away",79,67,1,0.780487804878049,15,46,12,8
2024,401620373,"2024-08-17","regular","Aces","home",67,79,0,0.675,14,30,10,9
2024,401620374,"2024-08-17","regular","Sky","away",90,86,1,0.325,20,42,12,4
2024,401620374,"2024-08-17","regular","Sparks","home",86,90,0,0.2,23,33,8,9
2024,401620375,"2024-08-18","regular","Sun","away",70,82,0,0.7,16,40,17,4
2024,401620375,"2024-08-18","regular","Dream","home",82,70,1,0.375,18,34,11,5
2024,401620376,"2024-08-18","regular","Sparks","away",71,87,0,0.2,16,33,21,6
2024,401620376,"2024-08-18","regular","Aces","home",87,71,1,0.675,14,33,17,8
2024,401620377,"2024-08-18","regular","Storm","away",75,92,0,0.625,15,32,12,7
2024,401620377,"2024-08-18","regular","Fever","home",92,75,1,0.5,22,43,11,15
2024,401620378,"2024-08-18","regular","Sky","away",68,86,0,0.325,20,44,9,0
2024,401620378,"2024-08-18","regular","Mercury","home",86,68,1,0.475,21,41,10,7
2024,401620379,"2024-08-20","regular","Sparks","away",61,69,0,0.2,15,42,21,2
2024,401620379,"2024-08-20","regular","Sun","home",69,61,1,0.7,21,36,10,5
2024,401620380,"2024-08-20","regular","Wings","away",74,94,0,0.225,20,28,18,9
2024,401620380,"2024-08-20","regular","Liberty","home",94,74,1,0.780487804878049,25,47,15,8
2024,401620381,"2024-08-20","regular","Storm","away",83,77,1,0.625,15,38,16,3
2024,401620381,"2024-08-20","regular","Mystics","home",77,83,0,0.35,19,41,22,8
2024,401620382,"2024-08-21","regular","Mercury","away",63,72,0,0.475,15,33,11,6
2024,401620382,"2024-08-21","regular","Dream","home",72,63,1,0.375,17,47,8,9
2024,401620383,"2024-08-21","regular","Lynx","away",98,87,1,0.75609756097561,28,31,10,11
2024,401620383,"2024-08-21","regular","Aces","home",87,98,0,0.675,22,28,9,13
2024,401620384,"2024-08-22","regular","Wings","away",71,79,0,0.225,17,38,14,2
2024,401620384,"2024-08-22","regular","Liberty","home",79,71,1,0.780487804878049,21,46,10,7
2024,401620385,"2024-08-23","regular","Mercury","away",82,80,1,0.475,23,36,12,6
2024,401620385,"2024-08-23","regular","Dream","home",80,82,0,0.375,19,36,8,10
2024,401620386,"2024-08-23","regular","Sky","away",80,82,0,0.325,18,42,16,3
2024,401620386,"2024-08-23","regular","Sun","home",82,80,1,0.7,18,30,10,6
2024,401620387,"2024-08-23","regular","Sparks","away",74,80,0,0.2,18,37,18,6
2024,401620387,"2024-08-23","regular","Mystics","home",80,74,1,0.35,23,36,14,5
2024,401620388,"2024-08-23","regular","Aces","away",74,87,0,0.675,17,17,18,7
2024,401620388,"2024-08-23","regular","Lynx","home",87,74,1,0.75609756097561,22,37,19,10
2024,401620389,"2024-08-24","regular","Sun","away",72,64,1,0.7,20,37,9,2
2024,401620389,"2024-08-24","regular","Liberty","home",64,72,0,0.780487804878049,19,44,18,7
2024,401620390,"2024-08-24","regular","Fever","away",80,90,0,0.5,16,40,15,7
2024,401620390,"2024-08-24","regular","Lynx","home",90,80,1,0.75609756097561,27,27,10,11
2024,401620391,"2024-08-25","regular","Aces","away",77,75,1,0.675,18,44,3,6
2024,401620391,"2024-08-25","regular","Sky","home",75,77,0,0.325,17,47,10,7
2024,401620392,"2024-08-25","regular","Sparks","away",110,113,0,0.2,29,21,13,12
2024,401620392,"2024-08-25","regular","Wings","home",113,110,1,0.225,21,34,9,8
2024,401620393,"2024-08-26","regular","Fever","away",84,79,1,0.5,18,43,13,10
2024,401620393,"2024-08-26","regular","Dream","home",79,84,0,0.375,18,38,10,10
2024,401620394,"2024-08-26","regular","Liberty","away",84,70,1,0.780487804878049,21,32,13,12
2024,401620394,"2024-08-26","regular","Mercury","home",70,84,0,0.475,15,31,20,5
2024,401620395,"2024-08-26","regular","Mystics","away",74,72,1,0.35,17,42,18,9
2024,401620395,"2024-08-26","regular","Storm","home",72,74,0,0.625,20,33,12,7
2024,401620396,"2024-08-27","regular","Aces","away",90,93,0,0.675,15,26,8,5
2024,401620396,"2024-08-27","regular","Wings","home",93,90,1,0.225,22,40,11,6
2024,401620397,"2024-08-28","regular","Sun","away",80,84,0,0.7,19,27,14,8
2024,401620397,"2024-08-28","regular","Fever","home",84,80,1,0.5,20,35,19,13
2024,401620398,"2024-08-28","regular","Mystics","away",74,70,1,0.35,19,25,12,8
2024,401620398,"2024-08-28","regular","Sky","home",70,74,0,0.325,19,36,21,5
2024,401620399,"2024-08-28","regular","Liberty","away",88,94,0,0.780487804878049,25,32,19,10
2024,401620399,"2024-08-28","regular","Sparks","home",94,88,1,0.2,24,28,10,8
2024,401620400,"2024-08-28","regular","Lynx","away",89,76,1,0.75609756097561,25,39,14,11
2024,401620400,"2024-08-28","regular","Mercury","home",76,89,0,0.475,15,37,19,7
2024,401620401,"2024-08-28","regular","Dream","away",81,85,0,0.375,23,36,13,6
2024,401620401,"2024-08-28","regular","Storm","home",85,81,1,0.625,19,37,7,8
2024,401620402,"2024-08-30","regular","Fever","away",100,81,1,0.5,26,31,11,13
2024,401620402,"2024-08-30","regular","Sky","home",81,100,0,0.325,24,42,13,9
2024,401620403,"2024-08-30","regular","Lynx","away",76,94,0,0.75609756097561,20,32,14,10
2024,401620403,"2024-08-30","regular","Wings","home",94,76,1,0.225,21,38,8,7
2024,401620404,"2024-08-30","regular","Dream","away",72,83,0,0.375,16,41,9,11
2024,401620404,"2024-08-30","regular","Aces","home",83,72,1,0.675,19,39,5,10
2024,401620405,"2024-08-30","regular","Liberty","away",98,85,1,0.780487804878049,23,45,16,12
2024,401620405,"2024-08-30","regular","Storm","home",85,98,0,0.625,19,17,5,5
2024,401620406,"2024-08-31","regular","Sun","away",96,85,1,0.7,23,29,16,14
2024,401620406,"2024-08-31","regular","Mystics","home",85,96,0,0.35,23,25,16,14
2024,401620407,"2024-09-01","regular","Storm","away",86,93,0,0.625,22,31,12,4
2024,401620407,"2024-09-01","regular","Sun","home",93,86,1,0.7,19,32,14,3
2024,401620408,"2024-09-01","regular","Sky","away",74,79,0,0.325,15,38,21,2
2024,401620408,"2024-09-01","regular","Lynx","home",79,74,1,0.75609756097561,23,24,10,5
2024,401620409,"2024-09-01","regular","Fever","away",100,93,1,0.5,24,38,20,11
2024,401620409,"2024-09-01","regular","Wings","home",93,100,0,0.225,22,34,13,13
2024,401620410,"2024-09-01","regular","Dream","away",80,62,1,0.375,22,42,9,7
2024,401620410,"2024-09-01","regular","Sparks","home",62,80,0,0.2,14,31,9,3
2024,401620411,"2024-09-01","regular","Aces","away",97,79,1,0.675,32,35,13,11
2024,401620411,"2024-09-01","regular","Mercury","home",79,97,0,0.475,23,24,15,7
2024,401620412,"2024-09-03","regular","Storm","away",71,64,1,0.625,22,31,13,3
2024,401620412,"2024-09-03","regular","Sun","home",64,71,0,0.7,18,30,15,5
2024,401620413,"2024-09-03","regular","Mystics","away",90,86,1,0.35,22,33,9,12
2024,401620413,"2024-09-03","regular","Wings","home",86,90,0,0.225,22,44,13,4
2024,401620414,"2024-09-03","regular","Sky","away",71,90,0,0.325,16,29,17,7
2024,401620414,"2024-09-03","regular","Aces","home",90,71,1,0.675,25,31,12,8
2024,401620415,"2024-09-03","regular","Dream","away",66,74,0,0.375,15,29,13,7
2024,401620415,"2024-09-03","regular","Mercury","home",74,66,1,0.475,18,33,17,6
2024,401620416,"2024-09-04","regular","Sparks","away",86,93,0,0.2,17,28,12,10
2024,401620416,"2024-09-04","regular","Fever","home",93,86,1,0.5,18,40,18,7
2024,401620417,"2024-09-05","regular","Storm","away",70,77,0,0.625,16,33,13,6
2024,401620417,"2024-09-05","regular","Liberty","home",77,70,1,0.780487804878049,24,38,12,12
2024,401620418,"2024-09-05","regular","Mystics","away",90,77,1,0.35,25,30,12,14
2024,401620418,"2024-09-05","regular","Mercury","home",77,90,0,0.475,22,33,17,9
2024,401620419,"2024-09-06","regular","Wings","away",96,107,0,0.225,26,33,18,8
2024,401620419,"2024-09-06","regular","Dream","home",107,96,1,0.375,24,37,9,8
2024,401620420,"2024-09-06","regular","Aces","away",72,67,1,0.675,17,33,14,6
2024,401620420,"2024-09-06","regular","Sun","home",67,72,0,0.7,16,33,18,3
2024,401620421,"2024-09-06","regular","Lynx","away",99,88,1,0.75609756097561,25,37,9,13
2024,401620421,"2024-09-06","regular","Fever","home",88,99,0,0.5,19,36,14,13
2024,401620422,"2024-09-06","regular","Sparks","away",78,92,0,0.2,23,26,13,5
2024,401620422,"2024-09-06","regular","Sky","home",92,78,1,0.325,24,35,13,7
2024,401620423,"2024-09-07","regular","Mercury","away",66,90,0,0.475,20,34,13,10
2024,401620423,"2024-09-07","regular","Storm","home",90,66,1,0.625,26,46,6,12
2024,401620424,"2024-09-08","regular","Lynx","away",78,71,1,0.75609756097561,19,38,16,7
2024,401620424,"2024-09-08","regular","Mystics","home",71,78,0,0.35,19,35,14,11
2024,401620425,"2024-09-08","regular","Dream","away",100,104,0,0.375,19,38,8,9
2024,401620425,"2024-09-08","regular","Fever","home",104,100,1,0.5,23,37,17,10
2024,401620426,"2024-09-08","regular","Aces","away",71,75,0,0.675,18,27,11,15
2024,401620426,"2024-09-08","regular","Liberty","home",75,71,1,0.780487804878049,21,39,11,5
2024,401620427,"2024-09-08","regular","Wings","away",77,92,0,0.225,21,34,14,3
2024,401620427,"2024-09-08","regular","Sky","home",92,77,1,0.325,19,38,12,5
2024,401620428,"2024-09-08","regular","Sun","away",79,67,1,0.7,22,33,11,6
2024,401620428,"2024-09-08","regular","Sparks","home",67,79,0,0.2,15,28,19,7
2024,401620429,"2024-09-10","regular","Lynx","away",76,64,1,0.75609756097561,24,37,10,7
2024,401620429,"2024-09-10","regular","Dream","home",64,76,0,0.375,12,37,10,5
2024,401620430,"2024-09-10","regular","Liberty","away",105,91,1,0.780487804878049,33,30,11,16
2024,401620430,"2024-09-10","regular","Wings","home",91,105,0,0.225,24,28,11,6
2024,401620431,"2024-09-10","regular","Sun","away",86,66,1,0.7,24,33,13,8
2024,401620431,"2024-09-10","regular","Sparks","home",66,86,0,0.2,19,27,15,6
2024,401620432,"2024-09-11","regular","Aces","away",86,75,1,0.675,20,34,8,10
2024,401620432,"2024-09-11","regular","Fever","home",75,86,0,0.5,15,34,14,7
2024,401620433,"2024-09-11","regular","Mystics","away",89,58,1,0.35,28,37,11,9
2024,401620433,"2024-09-11","regular","Sky","home",58,89,0,0.325,17,32,15,1
2024,401620434,"2024-09-11","regular","Storm","away",90,82,1,0.625,22,27,6,6
2024,401620434,"2024-09-11","regular","Sparks","home",82,90,0,0.2,21,38,13,7
2024,401620435,"2024-09-12","regular","Liberty","away",99,67,1,0.780487804878049,25,40,10,12
2024,401620435,"2024-09-12","regular","Wings","home",67,99,0,0.225,17,33,15,4
2024,401620436,"2024-09-13","regular","Mystics","away",72,69,1,0.35,17,33,17,8
2024,401620436,"2024-09-13","regular","Dream","home",69,72,0,0.375,14,41,14,5
2024,401620437,"2024-09-13","regular","Aces","away",78,74,1,0.675,22,31,9,9
2024,401620437,"2024-09-13","regular","Fever","home",74,78,0,0.5,17,35,15,7
2024,401620438,"2024-09-13","regular","Storm","away",83,81,1,0.625,23,32,16,5
2024,401620438,"2024-09-13","regular","Wings","home",81,83,0,0.225,20,42,18,4
2024,401620439,"2024-09-13","regular","Sky","away",66,83,0,0.325,17,34,12,4
2024,401620439,"2024-09-13","regular","Lynx","home",83,66,1,0.75609756097561,25,39,10,8
2024,401620440,"2024-09-13","regular","Sun","away",88,69,1,0.7,23,38,7,8
2024,401620440,"2024-09-13","regular","Mercury","home",69,88,0,0.475,19,33,7,6
2024,401620441,"2024-09-15","regular","Wings","away",109,110,0,0.225,28,33,13,11
2024,401620441,"2024-09-15","regular","Fever","home",110,109,1,0.5,21,26,9,16
2024,401620442,"2024-09-15","regular","Lynx","away",88,79,1,0.75609756097561,26,36,15,9
2024,401620442,"2024-09-15","regular","Liberty","home",79,88,0,0.780487804878049,17,35,11,8
2024,401620443,"2024-09-15","regular","Dream","away",76,73,1,0.375,16,35,15,4
2024,401620443,"2024-09-15","regular","Mystics","home",73,76,0,0.35,14,26,18,10
2024,401620444,"2024-09-15","regular","Mercury","away",93,88,1,0.475,29,30,8,9
2024,401620444,"2024-09-15","regular","Sky","home",88,93,0,0.325,26,37,7,14
2024,401620445,"2024-09-15","regular","Sun","away",71,84,0,0.7,20,34,8,6
2024,401620445,"2024-09-15","regular","Aces","home",84,71,1,0.675,24,33,6,10
2024,401620446,"2024-09-15","regular","Sparks","away",87,90,0,0.2,18,36,16,3
2024,401620446,"2024-09-15","regular","Storm","home",90,87,1,0.625,19,32,15,5
2024,401620447,"2024-09-17","regular","Lynx","away",78,76,1,0.75609756097561,22,31,13,6
2024,401620447,"2024-09-17","regular","Sun","home",76,78,0,0.7,21,31,16,7
2024,401620448,"2024-09-17","regular","Liberty","away",87,71,1,0.780487804878049,24,45,11,8
2024,401620448,"2024-09-17","regular","Mystics","home",71,87,0,0.35,16,29,16,9
2024,401620449,"2024-09-17","regular","Sky","away",70,86,0,0.325,13,29,13,6
2024,401620449,"2024-09-17","regular","Dream","home",86,70,1,0.375,19,35,7,5
2024,401620450,"2024-09-17","regular","Mercury","away",85,81,1,0.475,22,25,10,7
2024,401620450,"2024-09-17","regular","Sparks","home",81,85,0,0.2,16,49,18,9
2024,401620451,"2024-09-17","regular","Aces","away",85,72,1,0.675,18,31,9,9
2024,401620451,"2024-09-17","regular","Storm","home",72,85,0,0.625,21,29,11,2
2024,401620452,"2024-09-19","regular","Sky","away",54,87,0,0.325,16,24,15,6
2024,401620452,"2024-09-19","regular","Sun","home",87,54,1,0.7,24,37,10,6
2024,401620453,"2024-09-19","regular","Dream","away",78,67,1,0.375,22,35,14,5
2024,401620453,"2024-09-19","regular","Liberty","home",67,78,0,0.780487804878049,17,28,17,8
2024,401620454,"2024-09-19","regular","Fever","away",91,92,0,0.5,28,32,16,10
2024,401620454,"2024-09-19","regular","Mystics","home",92,91,1,0.35,23,30,14,12
2024,401620455,"2024-09-19","regular","Sparks","away",68,51,1,0.2,18,36,18,10
2024,401620455,"2024-09-19","regular","Lynx","home",51,68,0,0.75609756097561,11,28,17,7
2024,401620456,"2024-09-19","regular","Wings","away",84,98,0,0.225,17,33,13,9
2024,401620456,"2024-09-19","regular","Aces","home",98,84,1,0.675,22,38,11,15
2024,401620457,"2024-09-19","regular","Storm","away",89,70,1,0.625,27,41,10,13
2024,401620457,"2024-09-19","regular","Mercury","home",70,89,0,0.475,19,33,11,6
2024,401721253,"2024-09-22","playoff","Fever","away",69,93,0,0.5,23,29,13,6
2024,401721253,"2024-09-22","playoff","Sun","home",93,69,1,0.7,27,36,10,9
2024,401721255,"2024-09-22","playoff","Dream","away",69,83,0,0.375,16,36,14,3
2024,401721255,"2024-09-22","playoff","Liberty","home",83,69,1,0.780487804878049,22,37,14,8
2024,401721256,"2024-09-22","playoff","Storm","away",67,78,0,0.625,15,40,13,4
2024,401721256,"2024-09-22","playoff","Aces","home",78,67,1,0.675,16,33,8,7
2024,401721261,"2024-09-22","playoff","Mercury","away",95,102,0,0.475,19,31,11,14
2024,401721261,"2024-09-22","playoff","Lynx","home",102,95,1,0.75609756097561,30,31,10,10
2024,401721258,"2024-09-24","playoff","Dream","away",82,91,0,0.375,22,30,11,7
2024,401721258,"2024-09-24","playoff","Liberty","home",91,82,1,0.780487804878049,24,31,9,8
2024,401721262,"2024-09-24","playoff","Storm","away",76,83,0,0.625,18,30,4,8
2024,401721262,"2024-09-24","playoff","Aces","home",83,76,1,0.675,23,45,15,7
2024,401721254,"2024-09-25","playoff","Fever","away",81,87,0,0.5,21,43,13,8
2024,401721254,"2024-09-25","playoff","Sun","home",87,81,1,0.7,25,29,7,5
2024,401721260,"2024-09-25","playoff","Mercury","away",88,101,0,0.475,25,31,14,8
2024,401721260,"2024-09-25","playoff","Lynx","home",101,88,1,0.75609756097561,28,25,7,10
2024,401724938,"2024-09-29","playoff","Aces","away",77,87,0,0.675,19,22,10,7
2024,401724938,"2024-09-29","playoff","Liberty","home",87,77,1,0.780487804878049,22,31,14,8
2024,401725075,"2024-09-29","playoff","Sun","away",73,70,1,0.7,24,39,9,9
2024,401725075,"2024-09-29","playoff","Lynx","home",70,73,0,0.75609756097561,16,32,11,5
2024,401724939,"2024-10-01","playoff","Aces","away",84,88,0,0.675,23,29,12,12
2024,401724939,"2024-10-01","playoff","Liberty","home",88,84,1,0.780487804878049,19,35,12,9
2024,401725076,"2024-10-01","playoff","Sun","away",70,77,0,0.7,16,32,12,5
2024,401725076,"2024-10-01","playoff","Lynx","home",77,70,1,0.75609756097561,17,35,15,8
2024,401724940,"2024-10-04","playoff","Liberty","away",81,95,0,0.780487804878049,21,35,12,12
2024,401724940,"2024-10-04","playoff","Aces","home",95,81,1,0.675,22,34,9,13
2024,401725077,"2024-10-04","playoff","Lynx","away",90,81,1,0.75609756097561,22,29,10,5
2024,401725077,"2024-10-04","playoff","Sun","home",81,90,0,0.7,21,33,11,3
2024,401724941,"2024-10-06","playoff","Liberty","away",76,62,1,0.780487804878049,14,48,12,10
2024,401724941,"2024-10-06","playoff","Aces","home",62,76,0,0.675,16,27,7,7
2024,401725078,"2024-10-06","playoff","Lynx","away",82,92,0,0.75609756097561,22,27,13,10
2024,401725078,"2024-10-06","playoff","Sun","home",92,82,1,0.7,19,29,9,8
2024,401725079,"2024-10-08","playoff","Sun","away",77,88,0,0.7,11,35,18,8
2024,401725079,"2024-10-08","playoff","Lynx","home",88,77,1,0.75609756097561,23,29,12,10
2024,401726988,"2024-10-10","playoff","Lynx","away",95,93,1,0.75609756097561,20,32,10,9
2024,401726988,"2024-10-10","playoff","Liberty","home",93,95,0,0.780487804878049,21,44,11,13
2024,401726989,"2024-10-13","playoff","Lynx","away",66,80,0,0.75609756097561,20,26,19,6
2024,401726989,"2024-10-13","playoff","Liberty","home",80,66,1,0.780487804878049,17,35,16,11
2024,401726990,"2024-10-16","playoff","Liberty","away",80,77,1,0.780487804878049,18,33,16,10
2024,401726990,"2024-10-16","playoff","Lynx","home",77,80,0,0.75609756097561,20,32,10,9
2024,401726991,"2024-10-18","playoff","Liberty","away",80,82,0,0.780487804878049,18,40,15,9
2024,401726991,"2024-10-18","playoff","Lynx","home",82,80,1,0.75609756097561,20,31,12,9
2024,401726992,"2024-10-20","playoff","Lynx","away",62,67,0,0.75609756097561,16,33,16,3
2024,401726992,"2024-10-20","playoff","Liberty","home",67,62,1,0.780487804878049,15,44,12,2
2025,401736112,"2025-05-16","regular","Dream","away",90,94,0,0.681818181818182,24,37,14,12
2025,401736112,"2025-05-16","regular","Mystics","home",94,90,1,0.363636363636364,18,26,7,9
2025,401736113,"2025-05-16","regular","Lynx","away",99,84,1,0.755555555555556,27,31,13,7
2025,401736113,"2025-05-16","regular","Wings","home",84,99,0,0.227272727272727,15,33,14,5
2025,401736114,"2025-05-16","regular","Sparks","away",84,67,1,0.477272727272727,19,27,11,7
2025,401736114,"2025-05-16","regular","Valkyries","home",67,84,0,0.522727272727273,13,33,20,9
2025,401736115,"2025-05-17","regular","Sky","away",58,93,0,0.227272727272727,17,42,17,6
2025,401736115,"2025-05-17","regular","Fever","home",93,58,1,0.555555555555556,19,46,10,7
2025,401736116,"2025-05-17","regular","Aces","away",78,92,0,0.681818181818182,18,41,10,11
2025,401736116,"2025-05-17","regular","Liberty","home",92,78,1,0.613636363636364,27,43,6,4
2025,401736117,"2025-05-17","regular","Storm","away",59,81,0,0.522727272727273,16,29,12,3
2025,401736117,"2025-05-17","regular","Mercury","home",81,59,1,0.613636363636364,20,38,14,8
2025,401736118,"2025-05-18","regular","Mystics","away",90,85,1,0.363636363636364,17,32,14,5
2025,401736118,"2025-05-18","regular","Sun","home",85,90,0,0.25,17,33,12,3
2025,401736119,"2025-05-18","regular","Lynx","away",89,75,1,0.755555555555556,27,34,8,10
2025,401736119,"2025-05-18","regular","Sparks","home",75,89,0,0.477272727272727,15,29,11,9
2025,401736120,"2025-05-19","regular","Storm","away",79,71,1,0.522727272727273,25,37,11,9
2025,401736120,"2025-05-19","regular","Wings","home",71,79,0,0.227272727272727,19,44,14,4
2025,401736121,"2025-05-20","regular","Aces","away",87,62,1,0.681818181818182,16,41,11,10
2025,401736121,"2025-05-20","regular","Sun","home",62,87,0,0.25,16,34,16,3
2025,401736122,"2025-05-20","regular","Dream","away",91,90,1,0.681818181818182,19,37,11,8
2025,401736122,"2025-05-20","regular","Fever","home",90,91,0,0.555555555555556,18,32,14,8
2025,401736123,"2025-05-21","regular","Wings","away",81,85,0,0.227272727272727,20,27,11,12
2025,401736123,"2025-05-21","regular","Lynx","home",85,81,1,0.755555555555556,27,43,17,9
2025,401736124,"2025-05-21","regular","Mystics","away",74,76,0,0.363636363636364,19,43,17,7
2025,401736124,"2025-05-21","regular","Valkyries","home",76,74,1,0.522727272727273,15,37,11,7
2025,401736125,"2025-05-21","regular","Sparks","away",86,89,0,0.477272727272727,18,37,16,10
2025,401736125,"2025-05-21","regular","Mercury","home",89,86,1,0.613636363636364,22,33,12,11
2025,401736126,"2025-05-22","regular","Fever","away",81,76,1,0.555555555555556,21,41,13,7
2025,401736126,"2025-05-22","regular","Dream","home",76,81,0,0.681818181818182,14,37,12,10
2025,401736127,"2025-05-22","regular","Liberty","away",99,74,1,0.613636363636364,25,28,19,19
2025,401736127,"2025-05-22","regular","Sky","home",74,99,0,0.227272727272727,16,36,23,11
2025,401736128,"2025-05-23","regular","Sun","away",70,76,0,0.25,22,40,21,10
2025,401736128,"2025-05-23","regular","Lynx","home",76,70,1,0.755555555555556,21,31,15,7
2025,401736129,"2025-05-23","regular","Mystics","away",72,75,0,0.363636363636364,18,36,15,10
2025,401736129,"2025-05-23","regular","Aces","home",75,72,1,0.681818181818182,15,32,8,8
2025,401736130,"2025-05-23","regular","Valkyries","away",82,73,1,0.522727272727273,15,34,15,9
2025,401736130,"2025-05-23","regular","Sparks","home",73,82,0,0.477272727272727,18,31,17,9
2025,401736131,"2025-05-23","regular","Mercury","away",70,77,0,0.613636363636364,18,34,19,8
2025,401736131,"2025-05-23","regular","Storm","home",77,70,1,0.522727272727273,21,30,15,5
2025,401736132,"2025-05-24","regular","Liberty","away",90,88,1,0.613636363636364,19,34,12,7
2025,401736132,"2025-05-24","regular","Fever","home",88,90,0,0.555555555555556,20,39,16,7
2025,401736133,"2025-05-24","regular","Wings","away",75,83,0,0.227272727272727,17,38,8,5
2025,401736133,"2025-05-24","regular","Dream","home",83,75,1,0.681818181818182,23,42,13,9
2025,401736134,"2025-05-25","regular","Sun","away",55,79,0,0.25,14,34,9,4
2025,401736134,"2025-05-25","regular","Dream","home",79,55,1,0.681818181818182,20,52,14,10
2025,401736135,"2025-05-25","regular","Sky","away",78,91,0,0.227272727272727,17,34,17,4
2025,401736135,"2025-05-25","regular","Sparks","home",91,78,1,0.477272727272727,24,32,11,13
2025,401736136,"2025-05-25","regular","Mystics","away",62,68,0,0.363636363636364,16,41,27,6
2025,401736136,"2025-05-25","regular","Mercury","home",68,62,1,0.613636363636364,15,26,14,11
2025,401736137,"2025-05-25","regular","Aces","away",82,102,0,0.681818181818182,19,25,12,9
2025,401736137,"2025-05-25","regular","Storm","home",102,82,1,0.522727272727273,32,34,11,8
2025,401736138,"2025-05-27","regular","Wings","away",109,87,1,0.227272727272727,26,35,12,10
2025,401736138,"2025-05-27","regular","Sun","home",87,109,0,0.25,20,27,16,8
2025,401736139,"2025-05-27","regular","Valkyries","away",67,95,0,0.522727272727273,16,34,20,11
2025,401736139,"2025-05-27","regular","Liberty","home",95,67,1,0.613636363636364,30,37,13,14
2025,401736140,"2025-05-27","regular","Storm","away",77,82,0,0.522727272727273,20,34,14,6
2025,401736140,"2025-05-27","regular","Lynx","home",82,77,1,0.755555555555556,18,30,11,7
2025,401736141,"2025-05-27","regular","Dream","away",88,82,1,0.681818181818182,26,32,16,11
2025,401736141,"2025-05-27","regular","Sparks","home",82,88,0,0.477272727272727,23,28,13,8
2025,401736142,"2025-05-27","regular","Sky","away",89,94,0,0.227272727272727,25,42,16,6
2025,401736142,"2025-05-27","regular","Mercury","home",94,89,1,0.613636363636364,26,30,9,16
2025,401736143,"2025-05-28","regular","Fever","away",77,83,0,0.555555555555556,15,33,17,5
2025,401736143,"2025-05-28","regular","Mystics","home",83,77,1,0.363636363636364,20,41,18,4
2025,401736144,"2025-05-29","regular","Valkyries","away",77,82,0,0.522727272727273,25,41,13,10
2025,401736144,"2025-05-29","regular","Liberty","home",82,77,1,0.613636363636364,17,36,13,13
2025,401736145,"2025-05-29","regular","Wings","away",92,97,0,0.227272727272727,23,30,16,8
2025,401736145,"2025-05-29","regular","Sky","home",97,92,1,0.227272727272727,28,34,13,10
2025,401736146,"2025-05-30","regular","Sun","away",85,83,1,0.25,19,25,16,10
2025,401736146,"2025-05-30","regular","Fever","home",83,85,0,0.555555555555556,20,25,14,7
2025,401736147,"2025-05-30","regular","Liberty","away",85,63,1,0.613636363636364,23,46,11,10
2025,401736147,"2025-05-30","regular","Mystics","home",63,85,0,0.363636363636364,13,36,10,4
2025,401736148,"2025-05-30","regular","Sparks","away",81,96,0,0.477272727272727,18,38,18,7
2025,401736148,"2025-05-30","regular","Aces","home",96,81,1,0.681818181818182,22,30,10,12
2025,401736149,"2025-05-30","regular","Lynx","away",74,71,1,0.755555555555556,18,35,15,8
2025,401736149,"2025-05-30","regular","Mercury","home",71,74,0,0.613636363636364,21,38,14,3
2025,401736150,"2025-05-30","regular","Dream","away",94,87,1,0.681818181818182,18,35,11,9
2025,401736150,"2025-05-30","regular","Storm","home",87,94,0,0.522727272727273,17,33,14,3
2025,401736151,"2025-05-31","regular","Sky","away",94,83,1,0.227272727272727,20,39,15,8
2025,401736151,"2025-05-31","regular","Wings","home",83,94,0,0.227272727272727,15,32,14,4
2025,401736152,"2025-06-01","regular","Sun","away",52,100,0,0.25,11,26,19,6
2025,401736152,"2025-06-01","regular","Liberty","home",100,52,1,0.613636363636364,29,32,19,19
2025,401736153,"2025-06-01","regular","Mercury","away",85,80,1,0.613636363636364,22,38,12,12
2025,401736153,"2025-06-01","regular","Sparks","home",80,85,0,0.477272727272727,17,38,13,8
2025,401736154,"2025-06-01","regular","Aces","away",75,70,1,0.681818181818182,17,31,15,10
2025,401736154,"2025-06-01","regular","Storm","home",70,75,0,0.522727272727273,19,32,19,8
2025,401736155,"2025-06-01","regular","Lynx","away",86,75,1,0.755555555555556,22,36,12,11
2025,401736155,"2025-06-01","regular","Valkyries","home",75,86,0,0.522727272727273,15,37,14,9
2025,401736156,"2025-06-03","regular","Mystics","away",76,85,0,0.363636363636364,12,33,15,1
2025,401736156,"2025-06-03","regular","Fever","home",85,76,1,0.555555555555556,21,19,8,11
2025,401736157,"2025-06-03","regular","Mercury","away",65,88,0,0.613636363636364,13,24,10,5
2025,401736157,"2025-06-03","regular","Lynx","home",88,65,1,0.755555555555556,29,37,23,12
2025,401736158,"2025-06-03","regular","Wings","away",77,83,0,0.227272727272727,18,48,14,5
2025,401736158,"2025-06-03","regular","Storm","home",83,77,1,0.522727272727273,22,31,16,8
2025,401736159,"2025-06-05","regular","Liberty","away",86,78,1,0.613636363636364,15,36,13,10
2025,401736159,"2025-06-05","regular","Mystics","home",78,86,0,0.363636363636364,20,39,14,5
2025,401736160,"2025-06-05","regular","Valkyries","away",77,86,0,0.522727272727273,17,29,19,9
2025,401736160,"2025-06-05","regular","Mercury","home",86,77,1,0.613636363636364,15,36,17,11
2025,401736161,"2025-06-06","regular","Dream","away",76,84,0,0.681818181818182,19,29,12,8
2025,401736161,"2025-06-06","regular","Sun","home",84,76,1,0.25,17,27,11,3
2025,401736162,"2025-06-06","regular","Sparks","away",93,79,1,0.477272727272727,24,30,14,9
2025,401736162,"2025-06-06","regular","Wings","home",79,93,0,0.227272727272727,24,35,15,6
2025,401736163,"2025-06-07","regular","Aces","away",68,95,0,0.681818181818182,11,31,13,6
2025,401736163,"2025-06-07","regular","Valkyries","home",95,68,1,0.522727272727273,24,43,12,10
2025,401736164,"2025-06-07","regular","Fever","away",79,52,1,0.555555555555556,20,32,14,11
2025,401736164,"2025-06-07","regular","Sky","home",52,79,0,0.227272727272727,11,30,19,3
2025,401736165,"2025-06-07","regular","Storm","away",89,77,1,0.522727272727273,22,31,11,12
2025,401736165,"2025-06-07","regular","Mercury","home",77,89,0,0.613636363636364,21,29,14,8
2025,401736166,"2025-06-08","regular","Sun","away",67,104,0,0.25,17,22,17,7
2025,401736166,"2025-06-08","regular","Mystics","home",104,67,1,0.363636363636364,24,42,15,6
2025,401736167,"2025-06-08","regular","Lynx","away",81,65,1,0.755555555555556,25,37,6,13
2025,401736167,"2025-06-08","regular","Wings","home",65,81,0,0.227272727272727,14,41,15,8
2025,401736168,"2025-06-09","regular","Valkyries","away",89,81,1,0.522727272727273,20,49,13,5
2025,401736168,"2025-06-09","regular","Sparks","home",81,89,0,0.477272727272727,23,34,13,6
2025,401736169,"2025-06-10","regular","Fever","away",58,77,0,0.555555555555556,13,27,11,5
2025,401736169,"2025-06-10","regular","Dream","home",77,58,1,0.681818181818182,21,44,12,5
2025,401736170,"2025-06-10","regular","Sky","away",66,85,0,0.227272727272727,18,37,22,6
2025,401736170,"2025-06-10","regular","Liberty","home",85,66,1,0.613636363636364,23,29,9,8
2025,401736171,"2025-06-11","regular","Sparks","away",97,89,1,0.477272727272727,24,38,15,9
2025,401736171,"2025-06-11","regular","Aces","home",89,97,0,0.681818181818182,12,28,9,9
2025,401736172,"2025-06-11","regular","Wings","away",80,93,0,0.227272727272727,16,36,14,5
2025,401736172,"2025-06-11","regular","Mercury","home",93,80,1,0.613636363636364,23,28,10,15
2025,401736173,"2025-06-11","regular","Lynx","away",84,94,0,0.755555555555556,25,26,12,12
2025,401736173,"2025-06-11","regular","Storm","home",94,84,1,0.522727272727273,30,34,10,7
2025,401736174,"2025-06-13","regular","Sky","away",70,88,0,0.227272727272727,20,36,12,6
2025,401736174,"2025-06-13","regular","Dream","home",88,70,1,0.681818181818182,21,39,12,12
2025,401736175,"2025-06-13","regular","Wings","away",84,88,0,0.227272727272727,24,29,15,8
2025,401736175,"2025-06-13","regular","Aces","home",88,84,1,0.681818181818182,15,36,18,10
2025,401736176,"2025-06-14","regular","Sparks","away",78,101,0,0.477272727272727,14,36,20,8
2025,401736176,"2025-06-14","regular","Lynx","home",101,78,1,0.755555555555556,30,27,9,12
2025,401736177,"2025-06-14","regular","Liberty","away",88,102,0,0.613636363636364,17,34,11,6
2025,401736177,"2025-06-14","regular","Fever","home",102,88,1,0.555555555555556,25,38,12,17
2025,401736178,"2025-06-14","regular","Storm","away",70,76,0,0.522727272727273,19,20,16,8
2025,401736178,"2025-06-14","regular","Valkyries","home",76,70,1,0.522727272727273,21,33,18,3
2025,401736179,"2025-06-15","regular","Sky","away",78,66,1,0.227272727272727,20,38,12,7
2025,401736179,"2025-06-15","regular","Sun","home",66,78,0,0.25,15,32,12,8
2025,401736180,"2025-06-15","regular","Dream","away",89,56,1,0.681818181818182,24,41,6,18
2025,401736180,"2025-06-15","regular","Mystics","home",56,89,0,0.363636363636364,12,35,13,3
2025,401736181,"2025-06-15","regular","Mercury","away",76,70,1,0.613636363636364,22,36,12,9
2025,401736181,"2025-06-15","regular","Aces","home",70,76,0,0.681818181818182,14,38,19,9
2025,401736182,"2025-06-17","regular","Sun","away",71,88,0,0.25,15,27,12,3
2025,401736182,"2025-06-17","regular","Fever","home",88,71,1,0.555555555555556,19,38,15,11
2025,401736183,"2025-06-17","regular","Dream","away",81,86,0,0.681818181818182,23,31,12,12
2025,401736183,"2025-06-17","regular","Liberty","home",86,81,1,0.613636363636364,19,37,12,7
2025,401736184,"2025-06-17","regular","Mystics","away",79,72,1,0.363636363636364,21,32,16,7
2025,401736184,"2025-06-17","regular","Sky","home",72,79,0,0.227272727272727,21,31,22,3
2025,401736185,"2025-06-17","regular","Valkyries","away",71,80,0,0.522727272727273,17,28,16,7
2025,401736185,"2025-06-17","regular","Wings","home",80,71,1,0.227272727272727,23,39,11,7
2025,401736186,"2025-06-17","regular","Aces","away",62,76,0,0.681818181818182,18,34,17,9
2025,401736186,"2025-06-17","regular","Lynx","home",76,62,1,0.755555555555556,20,40,8,5
2025,401736187,"2025-06-17","regular","Storm","away",98,67,1,0.522727272727273,29,27,10,13
2025,401736187,"2025-06-17","regular","Sparks","home",67,98,0,0.477272727272727,14,42,22,6
2025,401736188,"2025-06-18","regular","Mercury","away",83,75,1,0.613636363636364,18,41,12,8
2025,401736188,"2025-06-18","regular","Sun","home",75,83,0,0.25,20,37,13,8
2025,401736189,"2025-06-19","regular","Mercury","away",89,81,1,0.613636363636364,22,42,13,7
2025,401736189,"2025-06-19","regular","Liberty","home",81,89,0,0.613636363636364,19,32,19,8
2025,401736190,"2025-06-19","regular","Fever","away",77,88,0,0.555555555555556,20,35,16,8
2025,401736190,"2025-06-19","regular","Valkyries","home",88,77,1,0.522727272727273,18,32,7,9
2025,401736191,"2025-06-20","regular","Mystics","away",91,92,0,0.363636363636364,25,33,14,4
2025,401736191,"2025-06-20","regular","Dream","home",92,91,1,0.681818181818182,23,24,9,8
2025,401736192,"2025-06-20","regular","Wings","away",86,83,1,0.227272727272727,23,42,17,4
2025,401736192,"2025-06-20","regular","Sun","home",83,86,0,0.25,19,29,12,6
2025,401736193,"2025-06-20","regular","Storm","away",90,83,1,0.522727272727273,21,37,9,11
2025,401736193,"2025-06-20","regular","Aces","home",83,90,0,0.681818181818182,20,30,14,11
2025,401736194,"2025-06-21","regular","Mercury","away",107,86,1,0.613636363636364,25,34,19,17
2025,401736194,"2025-06-21","regular","Sky","home",86,107,0,0.227272727272727,22,22,20,8
2025,401736195,"2025-06-21","regular","Sparks","away",66,82,0,0.477272727272727,13,26,15,7
2025,401736195,"2025-06-21","regular","Lynx","home",82,66,1,0.755555555555556,21,32,20,11
2025,401736196,"2025-06-22","regular","Sky","away",80,93,0,0.227272727272727,19,38,9,4
2025,401736196,"2025-06-22","regular","Dream","home",93,80,1,0.681818181818182,21,36,9,16
2025,401736197,"2025-06-22","regular","Wings","away",88,91,0,0.227272727272727,16,38,17,8
2025,401736197,"2025-06-22","regular","Mystics","home",91,88,1,0.363636363636364,23,33,16,7
2025,401736198,"2025-06-22","regular","Fever","away",81,89,0,0.555555555555556,23,33,16,6
2025,401736198,"2025-06-22","regular","Aces","home",89,81,1,0.681818181818182,19,31,13,6
2025,401736199,"2025-06-22","regular","Liberty","away",79,89,0,0.613636363636364,21,39,20,8
2025,401736199,"2025-06-22","regular","Storm","home",89,79,1,0.522727272727273,24,32,10,8
2025,401736200,"2025-06-22","regular","Sun","away",63,87,0,0.25,14,35,13,7
2025,401736200,"2025-06-22","regular","Valkyries","home",87,63,1,0.522727272727273,18,51,9,9
2025,401736201,"2025-06-24","regular","Lynx","away",64,68,0,0.755555555555556,15,39,19,3
2025,401736201,"2025-06-24","regular","Mystics","home",68,64,1,0.363636363636364,17,40,14,5
2025,401736202,"2025-06-24","regular","Sparks","away",86,97,0,0.477272727272727,22,27,17,7
2025,401736202,"2025-06-24","regular","Sky","home",97,86,1,0.227272727272727,23,36,11,6
2025,401736203,"2025-06-24","regular","Dream","away",55,68,0,0.681818181818182,10,37,9,7
2025,401736203,"2025-06-24","regular","Wings","home",68,55,1,0.227272727272727,14,44,8,2
2025,401736204,"2025-06-24","regular","Fever","away",94,86,1,0.555555555555556,18,38,15,8
2025,401736204,"2025-06-24","regular","Storm","home",86,94,0,0.522727272727273,17,21,17,8
2025,401736205,"2025-06-25","regular","Liberty","away",81,78,1,0.613636363636364,18,37,8,12
2025,401736205,"2025-06-25","regular","Valkyries","home",78,81,0,0.522727272727273,20,38,10,12
2025,401736206,"2025-06-25","regular","Sun","away",59,85,0,0.25,15,30,12,2
2025,401736206,"2025-06-25","regular","Aces","home",85,59,1,0.681818181818182,18,45,15,11
2025,401736207,"2025-06-26","regular","Sparks","away",85,75,1,0.477272727272727,19,34,19,6
2025,401736207,"2025-06-26","regular","Fever","home",75,85,0,0.555555555555556,13,31,13,7
2025,401736208,"2025-06-26","regular","Mystics","away",94,83,1,0.363636363636364,18,34,8,10
2025,401736208,"2025-06-26","regular","Aces","home",83,94,0,0.681818181818182,21,27,8,6
2025,401736209,"2025-06-27","regular","Lynx","away",96,92,1,0.755555555555556,30,28,16,13
2025,401736209,"2025-06-27","regular","Dream","home",92,96,0,0.681818181818182,21,40,13,4
2025,401736210,"2025-06-27","regular","Fever","away",94,86,1,0.555555555555556,23,32,11,6
2025,401736210,"2025-06-27","regular","Wings","home",86,94,0,0.227272727272727,21,23,8,6
2025,401736211,"2025-06-27","regular","Sky","away",78,83,0,0.227272727272727,15,40,11,13
2025,401736211,"2025-06-27","regular","Valkyries","home",83,78,1,0.522727272727273,16,42,9,11
2025,401736212,"2025-06-27","regular","Liberty","away",91,106,0,0.613636363636364,21,30,12,6
2025,401736212,"2025-06-27","regular","Mercury","home",106,91,1,0.613636363636364,30,36,12,18
2025,401736213,"2025-06-27","regular","Sun","away",81,97,0,0.25,21,28,15,7
2025,401736213,"2025-06-27","regular","Storm","home",97,81,1,0.522727272727273,27,34,11,9
2025,401736214,"2025-06-28","regular","Mystics","away",71,79,0,0.363636363636364,14,26,13,5
2025,401736214,"2025-06-28","regular","Wings","home",79,71,1,0.227272727272727,18,41,19,4
2025,401736215,"2025-06-29","regular","Liberty","away",81,90,0,0.613636363636364,18,30,13,9
2025,401736215,"2025-06-29","regular","Dream","home",90,81,1,0.681818181818182,27,38,13,4
2025,401736216,"2025-06-29","regular","Sky","away",92,85,1,0.227272727272727,22,35,11,11
2025,401736216,"2025-06-29","regular","Sparks","home",85,92,0,0.477272727272727,22,35,13,9
2025,401736217,"2025-06-29","regular","Aces","away",84,81,1,0.681818181818182,20,36,12,9
2025,401736217,"2025-06-29","regular","Mercury","home",81,84,0,0.613636363636364,19,35,11,10
2025,401736218,"2025-06-29","regular","Sun","away",63,102,0,0.25,14,27,14,4
2025,401736218,"2025-06-29","regular","Lynx","home",102,63,1,0.755555555555556,27,41,13,10
2025,401736219,"2025-06-29","regular","Storm","away",57,84,0,0.522727272727273,13,38,11,6
2025,401736219,"2025-06-29","regular","Valkyries","home",84,57,1,0.522727272727273,20,41,16,8
2025,401736430,"2025-07-01","regular","Fever","away",74,59,1,0.555555555555556,20,40,14,8
2025,401736430,"2025-07-01","regular","Lynx","home",59,74,0,0.755555555555556,13,30,16,4
2025,401736220,"2025-07-03","regular","Aces","away",54,81,0,0.681818181818182,12,26,17,3
2025,401736220,"2025-07-03","regular","Fever","home",81,54,1,0.555555555555556,24,37,12,5
2025,401736221,"2025-07-03","regular","Sparks","away",79,89,0,0.477272727272727,22,32,17,5
2025,401736221,"2025-07-03","regular","Liberty","home",89,79,1,0.613636363636364,21,32,13,12
2025,401736222,"2025-07-03","regular","Storm","away",80,79,1,0.522727272727273,17,24,11,10
2025,401736222,"2025-07-03","regular","Dream","home",79,80,0,0.681818181818182,20,46,16,4
2025,401736223,"2025-07-03","regular","Mercury","away",89,98,0,0.613636363636364,21,26,10,8
2025,401736223,"2025-07-03","regular","Wings","home",98,89,1,0.227272727272727,20,38,15,8
2025,401736224,"2025-07-03","regular","Mystics","away",75,92,0,0.363636363636364,15,35,20,3
2025,401736224,"2025-07-03","regular","Lynx","home",92,75,1,0.755555555555556,24,30,6,9
2025,401736225,"2025-07-05","regular","Sparks","away",89,87,1,0.477272727272727,22,30,7,10
2025,401736225,"2025-07-05","regular","Fever","home",87,89,0,0.555555555555556,22,33,9,7
2025,401736226,"2025-07-05","regular","Valkyries","away",71,82,0,0.522727272727273,19,33,10,11
2025,401736226,"2025-07-05","regular","Lynx","home",82,71,1,0.755555555555556,25,31,9,11
2025,401736227,"2025-07-06","regular","Aces","away",86,68,1,0.681818181818182,21,35,14,9
2025,401736227,"2025-07-06","regular","Sun","home",68,86,0,0.25,14,27,14,5
2025,401736228,"2025-07-06","regular","Storm","away",79,70,1,0.522727272727273,21,35,10,5
2025,401736228,"2025-07-06","regular","Liberty","home",70,79,0,0.613636363636364,17,36,15,9
2025,401736229,"2025-07-06","regular","Sky","away",75,80,0,0.227272727272727,21,45,13,10
2025,401736229,"2025-07-06","regular","Lynx","home",80,75,1,0.755555555555556,21,37,8,6
2025,401736230,"2025-07-07","regular","Valkyries","away",81,90,0,0.522727272727273,19,29,21,12
2025,401736230,"2025-07-07","regular","Dream","home",90,81,1,0.681818181818182,24,31,10,11
2025,401736231,"2025-07-07","regular","Wings","away",72,102,0,0.227272727272727,16,44,17,8
2025,401736231,"2025-07-07","regular","Mercury","home",102,72,1,0.613636363636364,29,43,9,14
2025,401736232,"2025-07-08","regular","Sky","away",79,81,0,0.227272727272727,19,39,16,6
2025,401736232,"2025-07-08","regular","Mystics","home",81,79,1,0.363636363636364,18,38,13,4
2025,401736233,"2025-07-08","regular","Aces","away",78,87,0,0.681818181818182,13,32,16,7
2025,401736233,"2025-07-08","regular","Liberty","home",87,78,1,0.613636363636364,21,34,9,7
2025,401736234,"2025-07-09","regular","Storm","away",83,93,0,0.522727272727273,22,31,9,6
2025,401736234,"2025-07-09","regular","Sun","home",93,83,1,0.25,21,38,10,8
2025,401736235,"2025-07-09","regular","Valkyries","away",80,61,1,0.522727272727273,18,47,16,12
2025,401736235,"2025-07-09","regular","Fever","home",61,80,0,0.555555555555556,15,36,14,6
2025,401736236,"2025-07-09","regular","Lynx","away",71,79,0,0.755555555555556,17,36,16,6
2025,401736236,"2025-07-09","regular","Mercury","home",79,71,1,0.613636363636364,17,35,9,1
2025,401736237,"2025-07-09","regular","Wings","away",76,87,0,0.227272727272727,18,31,10,7
2025,401736237,"2025-07-09","regular","Sky","home",87,76,1,0.227272727272727,24,40,15,10
2025,401736238,"2025-07-10","regular","Lynx","away",91,82,1,0.755555555555556,28,32,10,10
2025,401736238,"2025-07-10","regular","Sparks","home",82,91,0,0.477272727272727,24,31,22,13
2025,401736239,"2025-07-10","regular","Aces","away",68,70,0,0.681818181818182,12,31,11,3
2025,401736239,"2025-07-10","regular","Mystics","home",70,68,1,0.363636363636364,20,35,16,2
2025,401736240,"2025-07-11","regular","Dream","away",82,99,0,0.681818181818182,19,29,11,11
2025,401736240,"2025-07-11","regular","Fever","home",99,82,1,0.555555555555556,27,35,11,11
2025,401736241,"2025-07-11","regular","Sun","away",65,79,0,0.25,11,35,15,3
2025,401736241,"2025-07-11","regular","Storm","home",79,65,1,0.522727272727273,22,28,7,6
2025,401736242,"2025-07-12","regular","Lynx","away",81,87,0,0.755555555555556,22,28,9,10
2025,401736242,"2025-07-12","regular","Sky","home",87,81,1,0.227272727272727,17,45,17,4
2025,401736243,"2025-07-12","regular","Valkyries","away",102,104,0,0.522727272727273,23,28,10,12
2025,401736243,"2025-07-12","regular","Aces","home",104,102,1,0.681818181818182,21,30,9,6
2025,401736244,"2025-07-13","regular","Wings","away",83,102,0,0.227272727272727,24,33,17,8
2025,401736244,"2025-07-13","regular","Fever","home",102,83,1,0.555555555555556,30,33,8,8
2025,401736245,"2025-07-13","regular","Dream","away",72,79,0,0.681818181818182,18,47,15,7
2025,401736245,"2025-07-13","regular","Liberty","home",79,72,1,0.613636363636364,24,36,6,9
2025,401736246,"2025-07-13","regular","Sun","away",88,92,0,0.25,15,28,16,9
2025,401736246,"2025-07-13","regular","Sparks","home",92,88,1,0.477272727272727,22,32,12,10
2025,401736247,"2025-07-13","regular","Mystics","away",74,69,1,0.363636363636364,19,36,15,3
2025,401736247,"2025-07-13","regular","Storm","home",69,74,0,0.522727272727273,13,29,15,7
2025,401736248,"2025-07-14","regular","Lynx","away",91,78,1,0.755555555555556,26,34,10,12
2025,401736248,"2025-07-14","regular","Sky","home",78,91,0,0.227272727272727,19,34,18,7
2025,401736249,"2025-07-14","regular","Mercury","away",78,77,1,0.613636363636364,23,35,14,12
2025,401736249,"2025-07-14","regular","Valkyries","home",77,78,0,0.522727272727273,23,36,9,14
2025,401736250,"2025-07-15","regular","Fever","away",85,77,1,0.555555555555556,22,37,12,5
2025,401736250,"2025-07-15","regular","Sun","home",77,85,0,0.25,16,40,8,5
2025,401736251,"2025-07-15","regular","Mystics","away",80,99,0,0.363636363636364,22,35,17,8
2025,401736251,"2025-07-15","regular","Sparks","home",99,80,1,0.477272727272727,28,30,10,9
2025,401736252,"2025-07-16","regular","Dream","away",86,49,1,0.681818181818182,26,42,10,9
2025,401736252,"2025-07-16","regular","Sky","home",49,86,0,0.227272727272727,12,33,13,7
2025,401736253,"2025-07-16","regular","Mercury","away",66,79,0,0.613636363636364,21,39,12,7
2025,401736253,"2025-07-16","regular","Lynx","home",79,66,1,0.755555555555556,22,44,13,10
2025,401736254,"2025-07-16","regular","Valkyries","away",58,67,0,0.522727272727273,13,35,11,7
2025,401736254,"2025-07-16","regular","Storm","home",67,58,1,0.522727272727273,13,33,7,7
2025,401736255,"2025-07-16","regular","Fever","away",77,98,0,0.555555555555556,16,32,12,8
2025,401736255,"2025-07-16","regular","Liberty","home",98,77,1,0.613636363636364,30,29,13,14
2025,401736256,"2025-07-16","regular","Aces","away",90,86,1,0.681818181818182,23,40,15,5
2025,401736256,"2025-07-16","regular","Wings","home",86,90,0,0.227272727272727,32,39,11,10
2025,401736257,"2025-07-22","regular","Sparks","away",93,86,1,0.477272727272727,24,33,16,13
2025,401736257,"2025-07-22","regular","Mystics","home",86,93,0,0.363636363636364,22,26,15,7
2025,401736258,"2025-07-22","regular","Fever","away",84,98,0,0.555555555555556,18,30,19,10
2025,401736258,"2025-07-22","regular","Liberty","home",98,84,1,0.613636363636364,25,34,19,12
2025,401736259,"2025-07-22","regular","Sky","away",68,91,0,0.227272727272727,11,36,21,7
2025,401736259,"2025-07-22","regular","Lynx","home",91,68,1,0.755555555555556,20,31,8,9
2025,401736260,"2025-07-22","regular","Dream","away",72,87,0,0.681818181818182,15,31,19,9
2025,401736260,"2025-07-22","regular","Aces","home",87,72,1,0.681818181818182,20,34,11,6
2025,401736261,"2025-07-22","regular","Wings","away",87,63,1,0.227272727272727,25,48,15,10
2025,401736261,"2025-07-22","regular","Storm","home",63,87,0,0.522727272727273,18,34,9,4
2025,401736262,"2025-07-23","regular","Dream","away",90,79,1,0.681818181818182,25,36,8,10
2025,401736262,"2025-07-23","regular","Mercury","home",79,90,0,0.613636363636364,18,32,8,11
2025,401736263,"2025-07-24","regular","Sparks","away",101,86,1,0.477272727272727,21,39,15,12
2025,401736263,"2025-07-24","regular","Sun","home",86,101,0,0.25,18,34,13,8
2025,401736264,"2025-07-24","regular","Aces","away",70,80,0,0.681818181818182,12,37,14,2
2025,401736264,"2025-07-24","regular","Fever","home",80,70,1,0.555555555555556,17,36,13,11
2025,401736265,"2025-07-24","regular","Storm","away",95,57,1,0.522727272727273,25,39,10,9
2025,401736265,"2025-07-24","regular","Sky","home",57,95,0,0.227272727272727,14,31,19,4
2025,401736266,"2025-07-25","regular","Mercury","away",76,89,0,0.613636363636364,22,33,14,7
2025,401736266,"2025-07-25","regular","Liberty","home",89,76,1,0.613636363636364,22,37,16,10
2025,401736267,"2025-07-25","regular","Aces","away",78,109,0,0.681818181818182,15,30,6,8
2025,401736267,"2025-07-25","regular","Lynx","home",109,78,1,0.755555555555556,22,48,10,10
2025,401736268,"2025-07-25","regular","Wings","away",76,86,0,0.227272727272727,19,29,13,10
2025,401736268,"2025-07-25","regular","Valkyries","home",86,76,1,0.522727272727273,21,39,17,9
2025,401736270,"2025-07-26","regular","Sparks","away",101,99,1,0.477272727272727,24,37,12,11
2025,401736270,"2025-07-26","regular","Liberty","home",99,101,0,0.613636363636364,21,33,10,10
2025,401736271,"2025-07-26","regular","Storm","away",58,69,0,0.522727272727273,16,28,14,5
2025,401736271,"2025-07-26","regular","Mystics","home",69,58,1,0.363636363636364,20,44,17,3
2025,401736269,"2025-07-27","regular","Fever","away",93,78,1,0.555555555555556,26,29,11,11
2025,401736269,"2025-07-27","regular","Sky","home",78,93,0,0.227272727272727,17,32,20,10
2025,401736272,"2025-07-27","regular","Valkyries","away",64,95,0,0.522727272727273,15,24,22,9
2025,401736272,"2025-07-27","regular","Sun","home",95,64,1,0.25,21,32,16,12
2025,401736273,"2025-07-27","regular","Aces","away",106,80,1,0.681818181818182,30,37,10,15
2025,401736273,"2025-07-27","regular","Wings","home",80,106,0,0.227272727272727,15,38,11,4
2025,401736274,"2025-07-27","regular","Mercury","away",88,72,1,0.613636363636364,22,33,13,5
2025,401736274,"2025-07-27","regular","Mystics","home",72,88,0,0.363636363636364,19,32,17,5
2025,401736275,"2025-07-27","regular","Dream","away",90,86,1,0.681818181818182,22,27,16,8
2025,401736275,"2025-07-27","regular","Lynx","home",86,90,0,0.755555555555556,28,22,16,7
2025,401736276,"2025-07-28","regular","Storm","away",101,85,1,0.522727272727273,30,37,15,9
2025,401736276,"2025-07-28","regular","Sun","home",85,101,0,0.25,20,26,13,8
2025,401736277,"2025-07-28","regular","Liberty","away",82,92,0,0.613636363636364,24,33,12,7
2025,401736277,"2025-07-28","regular","Wings","home",92,82,1,0.227272727272727,27,39,10,7
2025,401736278,"2025-07-29","regular","Valkyries","away",77,75,1,0.522727272727273,17,34,13,11
2025,401736278,"2025-07-29","regular","Dream","home",75,77,0,0.681818181818182,18,27,6,11
2025,401736279,"2025-07-29","regular","Sky","away",86,103,0,0.227272727272727,16,37,12,6
2025,401736279,"2025-07-29","regular","Mystics","home",103,86,1,0.363636363636364,25,32,10,10
2025,401736280,"2025-07-29","regular","Aces","away",89,74,1,0.681818181818182,25,36,13,9
2025,401736280,"2025-07-29","regular","Sparks","home",74,89,0,0.477272727272727,16,34,19,4
2025,401736281,"2025-07-30","regular","Mercury","away",101,107,0,0.613636363636364,18,31,17,7
2025,401736281,"2025-07-30","regular","Fever","home",107,101,1,0.555555555555556,19,33,16,11
2025,401736282,"2025-07-30","regular","Dream","away",88,85,1,0.681818181818182,26,32,12,11
2025,401736282,"2025-07-30","regular","Wings","home",85,88,0,0.227272727272727,21,24,8,11
2025,401736283,"2025-07-30","regular","Liberty","away",93,100,0,0.613636363636364,23,31,9,10
2025,401736283,"2025-07-30","regular","Lynx","home",100,93,1,0.755555555555556,28,41,10,15
2025,401736284,"2025-07-31","regular","Valkyries","away",68,67,1,0.522727272727273,21,38,14,11
2025,401736284,"2025-07-31","regular","Mystics","home",67,68,0,0.363636363636364,19,30,6,7
2025,401736285,"2025-08-01","regular","Mercury","away",72,95,0,0.613636363636364,16,27,9,4
2025,401736285,"2025-08-01","regular","Dream","home",95,72,1,0.681818181818182,27,37,7,13
2025,401736286,"2025-08-01","regular","Liberty","away",62,78,0,0.613636363636364,18,29,21,6
2025,401736286,"2025-08-01","regular","Sun","home",78,62,1,0.25,21,42,17,5
2025,401736287,"2025-08-01","regular","Valkyries","away",73,66,1,0.522727272727273,19,32,9,10
2025,401736287,"2025-08-01","regular","Sky","home",66,73,0,0.227272727272727,21,36,10,6
2025,401736288,"2025-08-01","regular","Fever","away",88,78,1,0.555555555555556,25,44,19,12
2025,401736288,"2025-08-01","regular","Wings","home",78,88,0,0.227272727272727,16,30,14,2
2025,401736289,"2025-08-01","regular","Sparks","away",108,106,1,0.477272727272727,23,46,18,7
2025,401736289,"2025-08-01","regular","Storm","home",106,108,0,0.522727272727273,29,42,12,11
2025,401736290,"2025-08-02","regular","Lynx","away",111,58,1,0.755555555555556,32,45,10,17
2025,401736290,"2025-08-02","regular","Aces","home",58,111,0,0.681818181818182,18,22,15,8
2025,401736291,"2025-08-03","regular","Mystics","away",83,99,0,0.363636363636364,19,19,22,3
2025,401736291,"2025-08-03","regular","Dream","home",99,83,1,0.681818181818182,26,33,21,9
2025,401736292,"2025-08-03","regular","Liberty","away",87,78,1,0.613636363636364,24,35,20,4
2025,401736292,"2025-08-03","regular","Sun","home",78,87,0,0.25,14,28,13,5
2025,401736293,"2025-08-03","regular","Mercury","away",83,67,1,0.613636363636364,22,45,9,7
2025,401736293,"2025-08-03","regular","Sky","home",67,83,0,0.227272727272727,19,40,12,5
2025,401736294,"2025-08-03","regular","Valkyries","away",77,101,0,0.522727272727273,19,39,10,10
2025,401736294,"2025-08-03","regular","Aces","home",101,77,1,0.681818181818182,24,46,15,18
2025,401736295,"2025-08-03","regular","Fever","away",78,74,1,0.555555555555556,27,32,16,4
2025,401736295,"2025-08-03","regular","Storm","home",74,78,0,0.522727272727273,20,33,14,2
2025,401736296,"2025-08-05","regular","Wings","away",76,85,0,0.227272727272727,20,45,7,6
2025,401736296,"2025-08-05","regular","Liberty","home",85,76,1,0.613636363636364,25,35,8,12
2025,401736297,"2025-08-05","regular","Mystics","away",64,78,0,0.363636363636364,16,25,11,2
2025,401736297,"2025-08-05","regular","Sky","home",78,64,1,0.227272727272727,22,33,18,4
2025,401736298,"2025-08-05","regular","Fever","away",91,100,0,0.555555555555556,23,27,4,12
2025,401736298,"2025-08-05","regular","Sparks","home",100,91,1,0.477272727272727,25,32,11,13
2025,401736299,"2025-08-05","regular","Sun","away",66,82,0,0.25,16,35,17,5
2025,401736299,"2025-08-05","regular","Mercury","home",82,66,1,0.613636363636364,17,39,18,8
2025,401736300,"2025-08-05","regular","Lynx","away",91,87,1,0.755555555555556,21,34,15,9
2025,401736300,"2025-08-05","regular","Storm","home",87,91,0,0.522727272727273,25,24,14,9
2025,401736301,"2025-08-06","regular","Aces","away",78,72,1,0.681818181818182,15,31,13,5
2025,401736301,"2025-08-06","regular","Valkyries","home",72,78,0,0.522727272727273,9,31,13,4
2025,401736302,"2025-08-07","regular","Dream","away",86,65,1,0.681818181818182,20,37,11,9
2025,401736302,"2025-08-07","regular","Sky","home",65,86,0,0.227272727272727,19,27,13,4
2025,401736303,"2025-08-07","regular","Sun","away",91,102,0,0.25,20,31,9,13
2025,401736303,"2025-08-07","regular","Sparks","home",102,91,1,0.477272727272727,24,32,14,11
2025,401736304,"2025-08-07","regular","Fever","away",60,95,0,0.555555555555556,12,32,20,7
2025,401736304,"2025-08-07","regular","Mercury","home",95,60,1,0.613636363636364,25,44,13,10
2025,401736305,"2025-08-08","regular","Liberty","away",88,77,1,0.613636363636364,24,32,10,10
2025,401736305,"2025-08-08","regular","Wings","home",77,88,0,0.227272727272727,14,40,15,3
2025,401736306,"2025-08-08","regular","Mystics","away",76,80,0,0.363636363636364,23,32,18,10
2025,401736306,"2025-08-08","regular","Lynx","home",80,76,1,0.755555555555556,22,22,14,8
2025,401736307,"2025-08-08","regular","Storm","away",86,90,0,0.522727272727273,21,29,7,6
2025,401736307,"2025-08-08","regular","Aces","home",90,86,1,0.681818181818182,20,38,12,10
2025,401736308,"2025-08-09","regular","Sparks","away",59,72,0,0.477272727272727,15,31,12,8
2025,401736308,"2025-08-09","regular","Valkyries","home",72,59,1,0.522727272727273,20,37,13,12
2025,401736309,"2025-08-09","regular","Sky","away",70,92,0,0.227272727272727,19,40,11,11
2025,401736309,"2025-08-09","regular","Fever","home",92,70,1,0.555555555555556,21,38,7,11
2025,401736310,"2025-08-10","regular","Lynx","away",83,71,1,0.755555555555556,24,32,10,10
2025,401736310,"2025-08-10","regular","Liberty","home",71,83,0,0.613636363636364,21,33,18,8
2025,401736311,"2025-08-10","regular","Mystics","away",91,78,1,0.363636363636364,21,34,17,6
2025,401736311,"2025-08-10","regular","Wings","home",78,91,0,0.227272727272727,18,26,13,8
2025,401736312,"2025-08-10","regular","Storm","away",91,94,0,0.522727272727273,23,32,14,9
2025,401736312,"2025-08-10","regular","Sparks","home",94,91,1,0.477272727272727,25,30,19,14
2025,401736313,"2025-08-10","regular","Dream","away",74,66,1,0.681818181818182,20,38,10,9
2025,401736313,"2025-08-10","regular","Mercury","home",66,74,0,0.613636363636364,16,34,12,6
2025,401736314,"2025-08-10","regular","Sun","away",86,94,0,0.25,22,23,12,12
2025,401736314,"2025-08-10","regular","Aces","home",94,86,1,0.681818181818182,24,40,15,8
2025,401736315,"2025-08-11","regular","Sun","away",57,74,0,0.25,16,35,13,5
2025,401736315,"2025-08-11","regular","Valkyries","home",74,57,1,0.522727272727273,22,32,7,13
2025,401736316,"2025-08-12","regular","Wings","away",81,80,1,0.227272727272727,25,30,14,8
2025,401736316,"2025-08-12","regular","Fever","home",80,81,0,0.555555555555556,15,39,17,9
2025,401736317,"2025-08-12","regular","Liberty","away",105,97,1,0.613636363636364,27,34,11,14
2025,401736317,"2025-08-12","regular","Sparks","home",97,105,0,0.477272727272727,23,34,7,9
2025,401736318,"2025-08-13","regular","Sky","away",62,71,0,0.227272727272727,17,37,19,5
2025,401736318,"2025-08-13","regular","Sun","home",71,62,1,0.25,20,31,5,4
2025,401736319,"2025-08-13","regular","Valkyries","away",88,83,1,0.522727272727273,20,30,13,15
2025,401736319,"2025-08-13","regular","Mystics","home",83,88,0,0.363636363636364,21,26,8,7
2025,401736320,"2025-08-13","regular","Liberty","away",77,83,0,0.613636363636364,18,30,11,7
2025,401736320,"2025-08-13","regular","Aces","home",83,77,1,0.681818181818182,15,39,10,10
2025,401736321,"2025-08-13","regular","Dream","away",85,75,1,0.681818181818182,19,42,14,12
2025,401736321,"2025-08-13","regular","Storm","home",75,85,0,0.522727272727273,20,26,6,6
2025,401736322,"2025-08-15","regular","Mystics","away",88,84,1,0.363636363636364,20,29,13,8
2025,401736322,"2025-08-15","regular","Fever","home",84,88,0,0.555555555555556,21,24,9,7
2025,401736323,"2025-08-15","regular","Valkyries","away",90,59,1,0.522727272727273,19,31,8,14
2025,401736323,"2025-08-15","regular","Sky","home",59,90,0,0.227272727272727,20,28,14,7
2025,401736324,"2025-08-15","regular","Sparks","away",97,96,1,0.477272727272727,23,39,14,11
2025,401736324,"2025-08-15","regular","Wings","home",96,97,0,0.227272727272727,32,28,15,9
2025,401736325,"2025-08-15","regular","Storm","away",80,78,1,0.522727272727273,21,30,6,6
2025,401736325,"2025-08-15","regular","Dream","home",78,80,0,0.681818181818182,16,37,12,2
2025,401736326,"2025-08-15","regular","Aces","away",86,83,1,0.681818181818182,21,39,11,4
2025,401736326,"2025-08-15","regular","Mercury","home",83,86,0,0.613636363636364,23,30,12,10
2025,401736327,"2025-08-16","regular","Liberty","away",80,86,0,0.613636363636364,21,32,13,11
2025,401736327,"2025-08-16","regular","Lynx","home",86,80,1,0.755555555555556,20,33,7,7
2025,401736328,"2025-08-17","regular","Sparks","away",86,95,0,0.477272727272727,23,15,7,8
2025,401736328,"2025-08-17","regular","Mystics","home",95,86,1,0.363636363636364,30,35,14,11
2025,401736329,"2025-08-17","regular","Fever","away",99,93,1,0.555555555555556,23,38,16,7
2025,401736329,"2025-08-17","regular","Sun","home",93,99,0,0.25,25,32,14,7
2025,401736330,"2025-08-17","regular","Wings","away",87,106,0,0.227272727272727,26,37,12,3
2025,401736330,"2025-08-17","regular","Aces","home",106,87,1,0.681818181818182,28,28,8,18
2025,401736331,"2025-08-17","regular","Mercury","away",85,82,1,0.613636363636364,21,34,17,8
2025,401736331,"2025-08-17","regular","Storm","home",82,85,0,0.522727272727273,19,30,12,4
2025,401736332,"2025-08-17","regular","Dream","away",79,63,1,0.681818181818182,24,38,9,9
2025,401736332,"2025-08-17","regular","Valkyries","home",63,79,0,0.522727272727273,14,27,8,7
2025,401736333,"2025-08-19","regular","Lynx","away",75,85,0,0.755555555555556,10,33,10,6
2025,401736333,"2025-08-19","regular","Liberty","home",85,75,1,0.613636363636364,23,37,12,13
2025,401736334,"2025-08-19","regular","Sun","away",80,69,1,0.25,16,38,10,3
2025,401736334,"2025-08-19","regular","Mystics","home",69,80,0,0.363636363636364,21,33,14,5
2025,401736335,"2025-08-19","regular","Storm","away",94,88,1,0.522727272727273,21,32,12,8
2025,401736335,"2025-08-19","regular","Sky","home",88,94,0,0.227272727272727,30,30,12,8
2025,401736336,"2025-08-19","regular","Dream","away",72,74,0,0.681818181818182,16,29,10,8
2025,401736336,"2025-08-19","regular","Aces","home",74,72,1,0.681818181818182,20,32,13,7
2025,401736337,"2025-08-19","regular","Mercury","away",98,91,1,0.613636363636364,22,40,10,11
2025,401736337,"2025-08-19","regular","Valkyries","home",91,98,0,0.522727272727273,20,29,3,12
2025,401736338,"2025-08-20","regular","Wings","away",80,81,0,0.227272727272727,16,32,15,11
2025,401736338,"2025-08-20","regular","Sparks","home",81,80,1,0.477272727272727,21,39,14,10
2025,401736339,"2025-08-21","regular","Mystics","away",56,67,0,0.363636363636364,13,27,16,3
2025,401736339,"2025-08-21","regular","Sun","home",67,56,1,0.25,20,34,10,2
2025,401736340,"2025-08-21","regular","Sky","away",91,85,1,0.227272727272727,17,42,13,4
2025,401736340,"2025-08-21","regular","Liberty","home",85,91,0,0.613636363636364,22,27,13,13
2025,401736341,"2025-08-21","regular","Lynx","away",73,75,0,0.755555555555556,20,42,18,9
2025,401736341,"2025-08-21","regular","Dream","home",75,73,1,0.681818181818182,18,34,9,9
2025,401736342,"2025-08-21","regular","Mercury","away",61,83,0,0.613636363636364,12,43,13,6
2025,401736342,"2025-08-21","regular","Aces","home",83,61,1,0.681818181818182,18,37,4,6
2025,401736343,"2025-08-22","regular","Lynx","away",95,90,1,0.755555555555556,25,30,8,9
2025,401736343,"2025-08-22","regular","Fever","home",90,95,0,0.555555555555556,24,23,13,13
2025,401736344,"2025-08-22","regular","Storm","away",95,60,1,0.522727272727273,25,30,8,8
2025,401736344,"2025-08-22","regular","Wings","home",60,95,0,0.227272727272727,9,36,16,4
2025,401736345,"2025-08-22","regular","Valkyries","away",72,81,0,0.522727272727273,20,31,6,8
2025,401736345,"2025-08-22","regular","Mercury","home",81,72,1,0.613636363636364,25,33,13,14
2025,401736346,"2025-08-23","regular","Liberty","away",62,78,0,0.613636363636364,19,33,13,6
2025,401736346,"2025-08-23","regular","Dream","home",78,62,1,0.681818181818182,20,42,5,10
2025,401736347,"2025-08-23","regular","Aces","away",91,81,1,0.681818181818182,27,34,11,10
2025,401736347,"2025-08-23","regular","Mystics","home",81,91,0,0.363636363636364,21,34,12,4
2025,401736348,"2025-08-23","regular","Sun","away",94,84,1,0.25,24,28,8,8
2025,401736348,"2025-08-23","regular","Sky","home",84,94,0,0.227272727272727,25,32,17,9
2025,401736349,"2025-08-24","regular","Storm","away",84,82,1,0.522727272727273,23,31,11,10
2025,401736349,"2025-08-24","regular","Mystics","home",82,84,0,0.363636363636364,19,34,19,6
2025,401736350,"2025-08-24","regular","Valkyries","away",90,81,1,0.522727272727273,24,41,12,16
2025,401736350,"2025-08-24","regular","Wings","home",81,90,0,0.227272727272727,21,30,3,9
2025,401736351,"2025-08-24","regular","Fever","away",84,97,0,0.555555555555556,21,25,12,8
2025,401736351,"2025-08-24","regular","Lynx","home",97,84,1,0.755555555555556,28,30,14,12
2025,401736352,"2025-08-25","regular","Sun","away",79,81,0,0.25,16,34,12,10
2025,401736352,"2025-08-25","regular","Liberty","home",81,79,1,0.613636363636364,25,30,14,7
2025,401736353,"2025-08-25","regular","Aces","away",79,74,1,0.681818181818182,20,24,12,11
2025,401736353,"2025-08-25","regular","Sky","home",74,79,0,0.227272727272727,20,42,18,5
2025,401736354,"2025-08-26","regular","Storm","away",75,95,0,0.522727272727273,21,21,13,6
2025,401736354,"2025-08-26","regular","Fever","home",95,75,1,0.555555555555556,22,42,11,7
2025,401736355,"2025-08-26","regular","Mercury","away",92,84,1,0.613636363636364,28,32,13,11
2025,401736355,"2025-08-26","regular","Sparks","home",84,92,0,0.477272727272727,19,29,16,7
2025,401736356,"2025-08-27","regular","Aces","away",81,75,1,0.681818181818182,26,32,7,8
2025,401736356,"2025-08-27","regular","Dream","home",75,81,0,0.681818181818182,20,43,9,4
2025,401736357,"2025-08-27","regular","Sun","away",101,95,1,0.25,22,32,12,8
2025,401736357,"2025-08-27","regular","Wings","home",95,101,0,0.227272727272727,24,33,13,6
2025,401736358,"2025-08-28","regular","Mystics","away",63,89,0,0.363636363636364,17,22,10,5
2025,401736358,"2025-08-28","regular","Liberty","home",89,63,1,0.613636363636364,23,35,7,10
2025,401736359,"2025-08-28","regular","Storm","away",93,79,1,0.522727272727273,22,35,9,16
2025,401736359,"2025-08-28","regular","Lynx","home",79,93,0,0.755555555555556,20,37,14,9
2025,401736360,"2025-08-28","regular","Sky","away",79,83,0,0.227272727272727,19,38,20,10
2025,401736360,"2025-08-28","regular","Mercury","home",83,79,1,0.613636363636364,21,34,9,6
2025,401736361,"2025-08-29","regular","Wings","away",78,100,0,0.227272727272727,20,26,11,5
2025,401736361,"2025-08-29","regular","Dream","home",100,78,1,0.681818181818182,32,31,9,15
2025,401736362,"2025-08-29","regular","Fever","away",76,75,1,0.555555555555556,21,40,15,5
2025,401736362,"2025-08-29","regular","Sparks","home",75,76,0,0.477272727272727,17,30,22,8
2025,401736363,"2025-08-30","regular","Lynx","away",94,70,1,0.755555555555556,27,35,7,15
2025,401736363,"2025-08-30","regular","Sun","home",70,94,0,0.25,15,41,15,5
2025,401736364,"2025-08-30","regular","Mystics","away",62,99,0,0.363636363636364,21,20,12,6
2025,401736364,"2025-08-30","regular","Valkyries","home",99,62,1,0.522727272727273,25,31,11,12
2025,401736365,"2025-08-30","regular","Sky","away",69,79,0,0.227272727272727,19,37,19,1
2025,401736365,"2025-08-30","regular","Storm","home",79,69,1,0.522727272727273,18,28,13,7
2025,401736366,"2025-08-30","regular","Liberty","away",63,80,0,0.613636363636364,17,28,16,8
2025,401736366,"2025-08-30","regular","Mercury","home",80,63,1,0.613636363636364,22,30,12,12
2025,401736367,"2025-08-31","regular","Mystics","away",78,81,0,0.363636363636364,20,40,11,9
2025,401736367,"2025-08-31","regular","Sparks","home",81,78,1,0.477272727272727,19,40,13,10
2025,401736368,"2025-08-31","regular","Fever","away",63,75,0,0.555555555555556,15,30,14,6
2025,401736368,"2025-08-31","regular","Valkyries","home",75,63,1,0.522727272727273,19,34,19,12
2025,401736369,"2025-09-01","regular","Dream","away",93,76,1,0.681818181818182,16,33,6,10
2025,401736369,"2025-09-01","regular","Sun","home",76,93,0,0.25,17,26,11,2
2025,401736370,"2025-09-01","regular","Wings","away",71,96,0,0.227272727272727,15,27,13,3
2025,401736370,"2025-09-01","regular","Lynx","home",96,71,1,0.755555555555556,28,32,13,14
2025,401736371,"2025-09-01","regular","Sparks","away",91,85,1,0.477272727272727,22,37,18,4
2025,401736371,"2025-09-01","regular","Storm","home",85,91,0,0.522727272727273,22,23,14,13
2025,401736372,"2025-09-02","regular","Liberty","away",58,66,0,0.613636363636364,15,29,13,7
2025,401736372,"2025-09-02","regular","Valkyries","home",66,58,1,0.522727272727273,15,35,13,7
2025,401736373,"2025-09-02","regular","Fever","away",79,85,0,0.555555555555556,25,40,12,9
2025,401736373,"2025-09-02","regular","Mercury","home",85,79,1,0.613636363636364,24,36,9,6
2025,401736374,"2025-09-03","regular","Sparks","away",75,86,0,0.477272727272727,19,35,11,6
2025,401736374,"2025-09-03","regular","Dream","home",86,75,1,0.681818181818182,24,43,10,11
2025,401736375,"2025-09-03","regular","Sun","away",64,88,0,0.25,14,32,16,5
2025,401736375,"2025-09-03","regular","Sky","home",88,64,1,0.227272727272727,25,33,10,7
2025,401736376,"2025-09-04","regular","Mercury","away",75,69,1,0.613636363636364,22,40,10,13
2025,401736376,"2025-09-04","regular","Mystics","home",69,75,0,0.363636363636364,21,39,8,4
2025,401736377,"2025-09-04","regular","Wings","away",80,84,0,0.227272727272727,21,31,9,5
2025,401736377,"2025-09-04","regular","Valkyries","home",84,80,1,0.522727272727273,22,38,15,7
2025,401736378,"2025-09-04","regular","Lynx","away",87,97,0,0.755555555555556,25,28,12,9
2025,401736378,"2025-09-04","regular","Aces","home",97,87,1,0.681818181818182,25,29,11,11
2025,401736379,"2025-09-05","regular","Sparks","away",85,104,0,0.477272727272727,16,27,8,6
2025,401736379,"2025-09-05","regular","Dream","home",104,85,1,0.681818181818182,28,41,9,19
2025,401736380,"2025-09-05","regular","Sky","away",77,97,0,0.227272727272727,18,31,23,2
2025,401736380,"2025-09-05","regular","Fever","home",97,77,1,0.555555555555556,27,23,9,6
2025,401736381,"2025-09-05","regular","Liberty","away",84,76,1,0.613636363636364,22,36,13,9
2025,401736381,"2025-09-05","regular","Storm","home",76,84,0,0.522727272727273,19,26,9,4
2025,401736382,"2025-09-06","regular","Mercury","away",84,87,0,0.613636363636364,21,33,12,11
2025,401736382,"2025-09-06","regular","Sun","home",87,84,1,0.25,16,39,14,5
2025,401736383,"2025-09-06","regular","Lynx","away",78,72,1,0.755555555555556,17,36,10,12
2025,401736383,"2025-09-06","regular","Valkyries","home",72,78,0,0.522727272727273,16,38,12,9
2025,401736384,"2025-09-07","regular","Fever","away",94,65,1,0.555555555555556,21,29,6,9
2025,401736384,"2025-09-07","regular","Mystics","home",65,94,0,0.363636363636364,13,30,21,4
2025,401736385,"2025-09-07","regular","Wings","away",77,91,0,0.227272727272727,24,46,15,5
2025,401736385,"2025-09-07","regular","Sparks","home",91,77,1,0.477272727272727,23,41,7,10
2025,401736386,"2025-09-07","regular","Sky","away",66,80,0,0.227272727272727,19,40,17,6
2025,401736386,"2025-09-07","regular","Aces","home",80,66,1,0.681818181818182,20,28,10,10
2025,401736387,"2025-09-08","regular","Sun","away",62,87,0,0.25,15,33,14,7
2025,401736387,"2025-09-08","regular","Dream","home",87,62,1,0.681818181818182,23,41,9,8
2025,401736388,"2025-09-09","regular","Mystics","away",66,75,0,0.363636363636364,24,29,8,5
2025,401736388,"2025-09-09","regular","Liberty","home",75,66,1,0.613636363636364,21,36,11,6
2025,401736389,"2025-09-09","regular","Lynx","away",72,83,0,0.755555555555556,21,35,11,2
2025,401736389,"2025-09-09","regular","Fever","home",83,72,1,0.555555555555556,19,34,13,9
2025,401736390,"2025-09-09","regular","Sky","away",61,92,0,0.227272727272727,12,27,12,4
2025,401736390,"2025-09-09","regular","Aces","home",92,61,1,0.681818181818182,26,27,7,15
2025,401736391,"2025-09-09","regular","Sparks","away",88,83,1,0.477272727272727,21,35,9,9
2025,401736391,"2025-09-09","regular","Mercury","home",83,88,0,0.613636363636364,20,39,12,10
2025,401736392,"2025-09-09","regular","Valkyries","away",73,74,0,0.522727272727273,18,35,9,10
2025,401736392,"2025-09-09","regular","Storm","home",74,73,1,0.522727272727273,18,37,13,7
2025,401736393,"2025-09-10","regular","Dream","away",88,72,1,0.681818181818182,26,31,13,10
2025,401736393,"2025-09-10","regular","Sun","home",72,88,0,0.25,14,35,10,3
2025,401736394,"2025-09-11","regular","Liberty","away",91,86,1,0.613636363636364,26,35,10,8
2025,401736394,"2025-09-11","regular","Sky","home",86,91,0,0.227272727272727,25,26,11,12
2025,401736395,"2025-09-11","regular","Mercury","away",76,97,0,0.613636363636364,21,27,18,12
2025,401736395,"2025-09-11","regular","Wings","home",97,76,1,0.227272727272727,24,42,9,8
2025,401736396,"2025-09-11","regular","Valkyries","away",53,72,0,0.522727272727273,15,38,20,3
2025,401736396,"2025-09-11","regular","Lynx","home",72,53,1,0.755555555555556,21,39,17,9
2025,401736397,"2025-09-11","regular","Aces","away",103,75,1,0.681818181818182,35,44,11,22
2025,401736397,"2025-09-11","regular","Sparks","home",75,103,0,0.477272727272727,23,32,14,4
2025,401820272,"2025-09-14","playoff","Valkyries","away",72,101,0,0.522727272727273,17,26,16,9
2025,401820272,"2025-09-14","playoff","Lynx","home",101,72,1,0.755555555555556,25,36,11,10
2025,401820313,"2025-09-14","playoff","Fever","away",68,80,0,0.555555555555556,15,32,12,2
2025,401820313,"2025-09-14","playoff","Dream","home",80,68,1,0.681818181818182,17,36,13,7
2025,401820314,"2025-09-14","playoff","Liberty","away",76,69,1,0.613636363636364,19,48,20,10
2025,401820314,"2025-09-14","playoff","Mercury","home",69,76,0,0.613636363636364,16,31,10,6
2025,401820315,"2025-09-14","playoff","Storm","away",77,102,0,0.522727272727273,15,34,12,7
2025,401820315,"2025-09-14","playoff","Aces","home",102,77,1,0.681818181818182,23,39,9,14
2025,401820316,"2025-09-16","playoff","Dream","away",60,77,0,0.681818181818182,20,27,13,5
2025,401820316,"2025-09-16","playoff","Fever","home",77,60,1,0.555555555555556,16,37,15,8
2025,401820317,"2025-09-16","playoff","Aces","away",83,86,0,0.681818181818182,22,29,11,7
2025,401820317,"2025-09-16","playoff","Storm","home",86,83,1,0.522727272727273,22,32,10,10
2025,401820318,"2025-09-17","playoff","Mercury","away",86,60,1,0.613636363636364,22,39,8,7
2025,401820318,"2025-09-17","playoff","Liberty","home",60,86,0,0.613636363636364,14,36,15,6
2025,401820319,"2025-09-17","playoff","Lynx","away",75,74,1,0.755555555555556,22,29,12,8
2025,401820319,"2025-09-17","playoff","Valkyries","home",74,75,0,0.522727272727273,22,28,12,11
2025,401820320,"2025-09-18","playoff","Fever","away",87,85,1,0.555555555555556,24,34,6,6
2025,401820320,"2025-09-18","playoff","Dream","home",85,87,0,0.681818181818182,21,39,13,6
2025,401820321,"2025-09-18","playoff","Storm","away",73,74,0,0.522727272727273,17,33,16,7
2025,401820321,"2025-09-18","playoff","Aces","home",74,73,1,0.681818181818182,20,27,13,3
2025,401820324,"2025-09-19","playoff","Liberty","away",73,79,0,0.613636363636364,18,33,10,7
2025,401820324,"2025-09-19","playoff","Mercury","home",79,73,1,0.613636363636364,21,49,12,9
2025,401820327,"2025-09-21","playoff","Fever","away",89,73,1,0.555555555555556,17,35,10,5
2025,401820327,"2025-09-21","playoff","Aces","home",73,89,0,0.681818181818182,12,33,12,5
2025,401820328,"2025-09-21","playoff","Mercury","away",69,82,0,0.613636363636364,19,35,10,3
2025,401820328,"2025-09-21","playoff","Lynx","home",82,69,1,0.755555555555556,21,42,12,9
2025,401820330,"2025-09-23","playoff","Mercury","away",89,83,1,0.613636363636364,29,37,14,13
2025,401820330,"2025-09-23","playoff","Lynx","home",83,89,0,0.755555555555556,22,37,17,7
2025,401820331,"2025-09-23","playoff","Fever","away",68,90,0,0.555555555555556,18,30,18,7
2025,401820331,"2025-09-23","playoff","Aces","home",90,68,1,0.681818181818182,22,30,14,5
2025,401820333,"2025-09-26","playoff","Lynx","away",76,84,0,0.755555555555556,18,29,11,6
2025,401820333,"2025-09-26","playoff","Mercury","home",84,76,1,0.613636363636364,19,37,15,6
2025,401820334,"2025-09-26","playoff","Aces","away",84,72,1,0.681818181818182,20,26,14,4
2025,401820334,"2025-09-26","playoff","Fever","home",72,84,0,0.555555555555556,14,39,14,7
2025,401820337,"2025-09-28","playoff","Aces","away",83,90,0,0.681818181818182,22,22,15,9
2025,401820337,"2025-09-28","playoff","Fever","home",90,83,1,0.555555555555556,14,34,14,4
2025,401820338,"2025-09-28","playoff","Lynx","away",81,86,0,0.755555555555556,19,34,6,9
2025,401820338,"2025-09-28","playoff","Mercury","home",86,81,1,0.613636363636364,20,38,12,11
2025,401820340,"2025-09-30","playoff","Fever","away",98,107,0,0.555555555555556,21,40,19,7
2025,401820340,"2025-09-30","playoff","Aces","home",107,98,1,0.681818181818182,26,21,7,11
2025,401820322,"2025-10-03","playoff","Mercury","away",86,89,0,0.613636363636364,20,35,12,14
2025,401820322,"2025-10-03","playoff","Aces","home",89,86,1,0.681818181818182,24,33,5,9
2025,401820325,"2025-10-05","playoff","Mercury","away",78,91,0,0.613636363636364,17,34,11,5
2025,401820325,"2025-10-05","playoff","Aces","home",91,78,1,0.681818181818182,21,43,13,8
2025,401820326,"2025-10-08","playoff","Aces","away",90,88,1,0.681818181818182,21,36,8,9
2025,401820326,"2025-10-08","playoff","Mercury","home",88,90,0,0.613636363636364,17,33,12,7
2025,401820329,"2025-10-10","playoff","Aces","away",97,86,1,0.681818181818182,19,32,7,12
2025,401820329,"2025-10-10","playoff","Mercury","home",86,97,0,0.613636363636364,17,41,18,5
